draw,status,binding_bounds,urea_export
1,OPTIMAL,v2:upper,27.702205412613996
2,OPTIMAL,v2:upper,390.26983659245724
3,OPTIMAL,v1:upper,401.5326990917381
4,OPTIMAL,v2:upper,87.98130238206203
5,OPTIMAL,v2:upper,107.31714088131882
6,OPTIMAL,v2:upper,24.977228261522388
7,OPTIMAL,v2:upper,107.92711409503917
8,OPTIMAL,v2:upper,117.3961589871175
9,OPTIMAL,v2:upper,127.00676820387082
10,OPTIMAL,v2:upper,200.0135946085863
11,OPTIMAL,v2:upper,216.3413799583181
12,OPTIMAL,v2:upper,261.2341943155131
13,OPTIMAL,v2:upper,47.562338936383725
14,OPTIMAL,v2:upper,17.417875528618207
15,OPTIMAL,v2:upper,67.49244200015659
16,OPTIMAL,v2:upper,52.72284921034231
17,OPTIMAL,v1:upper,122.61728095195119
18,OPTIMAL,v2:upper,307.2797969111549
19,OPTIMAL,v2:upper,196.3669177873135
20,OPTIMAL,v2:upper,52.518256309926265
21,OPTIMAL,v2:upper,40.922755458262536
22,OPTIMAL,v2:upper,70.93385323330314
23,OPTIMAL,v2:upper,155.94975460548446
24,OPTIMAL,v2:upper,261.6837021073655
25,OPTIMAL,v2:upper,234.95162178839178
26,OPTIMAL,v2:upper,116.5039885495872
27,OPTIMAL,v2:upper,475.5634459408925
28,OPTIMAL,v2:upper,75.57964472718452
29,OPTIMAL,v2:upper,133.79761594078704
30,OPTIMAL,v2:upper,328.4885917558314
31,OPTIMAL,v2:upper,86.7954172642881
32,OPTIMAL,v2:upper,247.54437646611035
33,OPTIMAL,v2:upper,350.5664984421757
34,OPTIMAL,v2:upper,378.3984817609464
35,OPTIMAL,v2:upper,116.43689639404205
36,OPTIMAL,v2:upper,340.73859468781507
37,OPTIMAL,v2:upper,111.98107756026775
38,OPTIMAL,v2:upper,112.50028335456093
39,OPTIMAL,v2:upper,18.659937217143504
40,OPTIMAL,v2:upper,830.2539979370672
41,OPTIMAL,v2:upper,8.83797562539965
42,OPTIMAL,v2:upper,75.04814001767853
43,OPTIMAL,v2:upper,57.71491396812815
44,OPTIMAL,v2:upper,106.85475467859509
45,OPTIMAL,v2:upper,140.46437129448384
46,OPTIMAL,v2:upper,247.66144041200954
47,OPTIMAL,v2:upper,24.553682361917545
48,OPTIMAL,v2:upper,243.6271304298642
49,OPTIMAL,v2:upper,70.5030405563415
50,OPTIMAL,v2:upper,57.963507248876105
51,OPTIMAL,v2:upper,232.80387874414856
52,OPTIMAL,v2:upper,89.03876821767771
53,OPTIMAL,v2:upper,206.87285440477808
54,OPTIMAL,v2:upper,123.24958390414156
55,OPTIMAL,v1:upper,134.65979895686573
56,OPTIMAL,v2:upper,532.1102899235103
57,OPTIMAL,v1:upper,215.5632181914726
58,OPTIMAL,v2:upper,127.41636642872636
59,OPTIMAL,v1:upper,151.49849715855316
60,OPTIMAL,v2:upper,296.61288558828517
61,OPTIMAL,v2:upper,19.213613057719467
62,OPTIMAL,v2:upper,139.74053846596937
63,OPTIMAL,v2:upper,307.14350565739664
64,OPTIMAL,v2:upper,22.52825069031694
65,OPTIMAL,b1:lower;b2:lower;b3:upper;b4:upper;b5:lower;b6:upper;b7:upper;b8:upper;b14:lower,1000.0
66,OPTIMAL,v2:upper,202.7750846903297
67,OPTIMAL,v2:upper,113.70542330633909
68,OPTIMAL,v2:upper,85.70422281357361
69,OPTIMAL,v2:upper,170.45300030635872
70,OPTIMAL,v2:upper,154.19565070406568
71,OPTIMAL,v2:upper,77.24578779532293
72,OPTIMAL,v2:upper,48.66609804563938
73,OPTIMAL,v2:upper,259.57958680096846
74,OPTIMAL,v2:upper,150.17945477477193
75,OPTIMAL,v2:upper,23.761691862753615
76,OPTIMAL,v2:upper,288.7193257739509
77,OPTIMAL,v2:upper,89.46273768936388
78,OPTIMAL,v2:upper,147.61037455375873
79,OPTIMAL,v2:upper,418.0141385911735
80,OPTIMAL,v2:upper,159.9815216168869
81,OPTIMAL,v2:upper,137.5451510465077
82,OPTIMAL,v2:upper,167.82204028856992
83,OPTIMAL,v1:upper,860.2662457222742
84,OPTIMAL,v2:upper,236.68723740622826
85,OPTIMAL,v2:upper,148.2671321734188
86,OPTIMAL,v2:upper,187.5942777929777
87,OPTIMAL,v2:upper,111.36118499781658
88,OPTIMAL,v2:upper,36.69300183303759
89,OPTIMAL,v2:upper,21.31305571537015
90,OPTIMAL,v2:upper,38.782440544109484
91,OPTIMAL,v2:upper,59.28640819049509
92,OPTIMAL,v2:upper,48.25075482206397
93,OPTIMAL,v2:upper,279.6471928228898
94,OPTIMAL,v2:upper,21.045126212083225
95,OPTIMAL,v2:upper,104.48730765600548
96,OPTIMAL,v1:upper,137.67528203425707
97,OPTIMAL,v2:upper,261.25163022303343
98,OPTIMAL,v2:upper,52.209116335387606
99,OPTIMAL,v2:upper,40.60205596856979
100,OPTIMAL,v2:upper,59.908631522956924
101,OPTIMAL,v2:upper,93.85318856944124
102,OPTIMAL,v2:upper,356.00407579696935
103,OPTIMAL,v2:upper,53.18562020061979
104,OPTIMAL,v2:upper,56.76390940363851
105,OPTIMAL,v2:upper,64.97170514412068
106,OPTIMAL,v2:upper,36.13441266884537
107,OPTIMAL,v2:upper,389.58257498066666
108,OPTIMAL,v2:upper,80.53745246035388
109,OPTIMAL,v2:upper,48.32124939429702
110,OPTIMAL,v2:upper,98.81906131704757
111,OPTIMAL,v2:upper,277.9859212017811
112,OPTIMAL,v2:upper,45.04793323712366
113,OPTIMAL,v2:upper,41.15973616863061
114,OPTIMAL,v2:upper,211.1493355140736
115,OPTIMAL,v2:upper,227.10195986204508
116,OPTIMAL,v2:upper,355.80213361306744
117,OPTIMAL,v2:upper,196.39202145866588
118,OPTIMAL,v2:upper,136.3316426718393
119,OPTIMAL,v2:upper,52.59796044041157
120,OPTIMAL,v2:upper,52.301069902709756
121,OPTIMAL,v2:upper,47.83728662889112
122,OPTIMAL,v2:upper,194.95069106719296
123,OPTIMAL,v2:upper,124.44414336825683
124,OPTIMAL,v1:upper,114.74101136080562
125,OPTIMAL,v2:upper,119.9713862778391
126,OPTIMAL,v2:upper,276.66307271412944
127,OPTIMAL,v1:upper,916.8202872824041
128,OPTIMAL,v1:upper,77.1861255710634
129,OPTIMAL,v2:upper,183.5835007618787
130,OPTIMAL,v2:upper,285.5661179677455
131,OPTIMAL,v2:upper,178.6265487926726
132,OPTIMAL,v1:upper,495.24306255377
133,OPTIMAL,v2:upper,49.01822235892201
134,OPTIMAL,v2:upper,279.8272705371289
135,OPTIMAL,v2:upper,55.984349219911735
136,OPTIMAL,b1:lower;b2:lower;b3:upper;b4:upper;b5:lower;b6:upper;b7:upper;b8:upper;b14:lower,1000.0
137,OPTIMAL,v2:upper,37.473380436130455
138,OPTIMAL,v2:upper,34.70925078498508
139,OPTIMAL,v2:upper,68.22378392150716
140,OPTIMAL,v2:upper,131.10404602889932
141,OPTIMAL,v2:upper,284.1722602912884
142,OPTIMAL,v2:upper,231.1915724816995
143,OPTIMAL,v2:upper,72.12139564358357
144,OPTIMAL,v2:upper,72.85596790546035
145,OPTIMAL,v2:upper,41.196943621538345
146,OPTIMAL,v2:upper,79.86772850638773
147,OPTIMAL,v2:upper,159.9167120402622
148,OPTIMAL,v2:upper,227.11594375330287
149,OPTIMAL,v2:upper,71.3002745193882
150,OPTIMAL,v2:upper,138.00668591078275
151,OPTIMAL,v1:upper,73.46271738398484
152,OPTIMAL,v2:upper,61.106084333421286
153,OPTIMAL,v2:upper,168.3048231045073
154,OPTIMAL,v2:upper,196.549471548391
155,OPTIMAL,v2:upper,52.498054586772355
156,OPTIMAL,v2:upper,54.7610619832322
157,OPTIMAL,v2:upper,72.69504139972821
158,OPTIMAL,v2:upper,275.51982062826636
159,OPTIMAL,v1:upper,205.35070754999145
160,OPTIMAL,v2:upper,189.45439823496451
161,OPTIMAL,v2:upper,149.21803932965562
162,OPTIMAL,v2:upper,211.54696259883124
163,OPTIMAL,v2:upper,108.11245842462257
164,OPTIMAL,v2:upper,36.744083052131884
165,OPTIMAL,v2:upper,115.08259852729935
166,OPTIMAL,v2:upper,169.72299768393185
167,OPTIMAL,v2:upper,14.279572716366141
168,OPTIMAL,v2:upper,217.71852341645618
169,OPTIMAL,v2:upper,38.85552516006821
170,OPTIMAL,v2:upper,65.4741250036744
171,OPTIMAL,v2:upper,71.78114177003626
172,OPTIMAL,v2:upper,52.881603101464165
173,OPTIMAL,v2:upper,88.43258082124467
174,OPTIMAL,v1:upper,208.18580119461714
175,OPTIMAL,v2:upper,169.561914136048
176,OPTIMAL,v2:upper,48.54562584038345
177,OPTIMAL,v2:upper,179.85023078645116
178,OPTIMAL,v2:upper,122.84620935359052
179,OPTIMAL,v2:upper,56.199990635058526
180,OPTIMAL,v2:upper,97.31890664694505
181,OPTIMAL,v2:upper,188.48254262816266
182,OPTIMAL,v2:upper,124.57668807780763
183,OPTIMAL,v1:upper,311.88080734884704
184,OPTIMAL,v2:upper,140.86553804814417
185,OPTIMAL,v2:upper,36.76943046915391
186,OPTIMAL,v1:upper,718.0714673636745
187,OPTIMAL,v2:upper,52.83121430488778
188,OPTIMAL,v1:upper,261.34661391483525
189,OPTIMAL,v2:upper,116.9695814880922
190,OPTIMAL,v2:upper,183.3019485231581
191,OPTIMAL,v1:upper,246.16697315192746
192,OPTIMAL,v2:upper,169.55057701963
193,OPTIMAL,v2:upper,229.6817365561001
194,OPTIMAL,v2:upper,32.340796911327594
195,OPTIMAL,v2:upper,42.368031360219476
196,OPTIMAL,v2:upper,93.20258595902078
197,OPTIMAL,v2:upper,72.99011753224279
198,OPTIMAL,v2:upper,321.8050595422147
199,OPTIMAL,v2:upper,238.28963695417917
200,OPTIMAL,v2:upper,75.13288986218477
201,OPTIMAL,v2:upper,166.6514731730565
202,OPTIMAL,v1:upper,90.60881943119661
203,OPTIMAL,v1:upper,32.273606414775486
204,OPTIMAL,v2:upper,174.9830066149684
205,OPTIMAL,v1:upper,432.2729027761985
206,OPTIMAL,v2:upper,60.017789369724134
207,OPTIMAL,v2:upper,265.47088555506764
208,OPTIMAL,v2:upper,34.03586328897953
209,OPTIMAL,v2:upper,71.36858021132842
210,OPTIMAL,v2:upper,61.91306898683912
211,OPTIMAL,v2:upper,58.92637588932566
212,OPTIMAL,v2:upper,65.85368669490799
213,OPTIMAL,v2:upper,364.3902626157804
214,OPTIMAL,v2:upper,355.5101344852281
215,OPTIMAL,v2:upper,58.11693872172431
216,OPTIMAL,b1:lower;b2:lower;b3:upper;b4:upper;b5:lower;b6:upper;b7:upper;b8:upper;b14:lower,1000.0
217,OPTIMAL,v2:upper,29.657109767742696
218,OPTIMAL,v1:upper,190.20385242707746
219,OPTIMAL,v2:upper,221.73462837838085
220,OPTIMAL,v2:upper,401.5239891576932
221,OPTIMAL,v2:upper,145.62954180856346
222,OPTIMAL,v1:upper,44.389842448480124
223,OPTIMAL,v2:upper,129.59870064177204
224,OPTIMAL,v2:upper,160.76201012911875
225,OPTIMAL,v2:upper,16.787238459546405
226,OPTIMAL,v2:upper,84.51102665876765
227,OPTIMAL,v2:upper,253.27713447014887
228,OPTIMAL,v1:upper,169.7718837288851
229,OPTIMAL,v2:upper,36.22185062532126
230,OPTIMAL,v2:upper,6.395366456509683
231,OPTIMAL,v2:upper,68.68161235970251
232,OPTIMAL,v2:upper,90.50676489654917
233,OPTIMAL,v2:upper,24.815844216196037
234,OPTIMAL,v2:upper,19.430306138072424
235,OPTIMAL,v2:upper,408.9045606300884
236,OPTIMAL,v2:upper,71.56795249507991
237,OPTIMAL,v2:upper,65.5992682555319
238,OPTIMAL,v2:upper,103.5315304533019
239,OPTIMAL,v2:upper,53.84009532991681
240,OPTIMAL,v2:upper,75.16804246893147
241,OPTIMAL,v2:upper,56.050728594898224
242,OPTIMAL,v2:upper,219.3724952963357
243,OPTIMAL,v2:upper,302.26871385236933
244,OPTIMAL,v2:upper,69.48260060946726
245,OPTIMAL,v2:upper,121.54955732277156
246,OPTIMAL,v2:upper,58.686103977104445
247,OPTIMAL,v2:upper,201.30141835505628
248,OPTIMAL,v2:upper,117.77368537947115
249,OPTIMAL,v2:upper,171.64326042850422
250,OPTIMAL,v2:upper,179.46094123372785
251,OPTIMAL,v2:upper,604.3788423938105
252,OPTIMAL,v2:upper,157.9627763286795
253,OPTIMAL,v2:upper,86.79009631192982
254,OPTIMAL,v2:upper,24.335177661292775
255,OPTIMAL,v2:upper,201.52735622201575
256,OPTIMAL,v2:upper,291.42159471153616
257,OPTIMAL,v2:upper,156.59787303867225
258,OPTIMAL,v2:upper,123.24542652036273
259,OPTIMAL,v2:upper,66.67966539123564
260,OPTIMAL,v2:upper,94.96547012928909
261,OPTIMAL,v2:upper,166.25475467283155
262,OPTIMAL,v2:upper,32.67879151016477
263,OPTIMAL,v1:upper,26.455938454748445
264,OPTIMAL,v2:upper,60.65081673360251
265,OPTIMAL,v1:upper,161.3555658096161
266,OPTIMAL,v2:upper,250.7087781563559
267,OPTIMAL,v2:upper,49.99451785587585
268,OPTIMAL,v1:upper,42.54809120660467
269,OPTIMAL,v2:upper,111.50649714454784
270,OPTIMAL,v2:upper,85.63707399319314
271,OPTIMAL,v2:upper,10.83606972333814
272,OPTIMAL,v2:upper,183.23862345381067
273,OPTIMAL,v2:upper,539.954211698706
274,OPTIMAL,v2:upper,22.039279517247966
275,OPTIMAL,v2:upper,80.0259737445822
276,OPTIMAL,v2:upper,177.6555878875398
277,OPTIMAL,v2:upper,148.8048891444313
278,OPTIMAL,v2:upper,18.034809262369617
279,OPTIMAL,v2:upper,961.7627986429219
280,OPTIMAL,v2:upper,345.74711704529386
281,OPTIMAL,v2:upper,93.97183738933047
282,OPTIMAL,v1:upper,271.74687242214446
283,OPTIMAL,v2:upper,704.204895317785
284,OPTIMAL,v1:upper,30.20402502075784
285,OPTIMAL,v2:upper,101.99659615651747
286,OPTIMAL,v2:upper,17.935480202288936
287,OPTIMAL,v2:upper,330.9385852854062
288,OPTIMAL,v2:upper,76.73094329996067
289,OPTIMAL,v2:upper,286.2190670108485
290,OPTIMAL,v2:upper,165.30694437825088
291,OPTIMAL,v2:upper,62.30699643090539
292,OPTIMAL,v2:upper,119.96177876167636
293,OPTIMAL,v2:upper,95.77959515641244
294,OPTIMAL,v2:upper,191.8659365956769
295,OPTIMAL,v2:upper,84.84514687945305
296,OPTIMAL,v2:upper,9.343133522977476
297,OPTIMAL,v2:upper,87.72223453652363
298,OPTIMAL,v2:upper,662.1459137614335
299,OPTIMAL,v2:upper,69.61827073036125
300,OPTIMAL,v2:upper,240.14112599494814
301,OPTIMAL,v2:upper,174.01428609882126
302,OPTIMAL,v2:upper,62.19564962986256
303,OPTIMAL,v2:upper,49.652761763302664
304,OPTIMAL,v2:upper,94.13042801187596
305,OPTIMAL,v1:upper,364.975644522479
306,OPTIMAL,v2:upper,113.05885681905394
307,OPTIMAL,v2:upper,273.7824022063681
308,OPTIMAL,v2:upper,27.345146127735113
309,OPTIMAL,v2:upper,58.45867372814456
310,OPTIMAL,v2:upper,269.33398997831205
311,OPTIMAL,v2:upper,131.5900350269444
312,OPTIMAL,v2:upper,533.5457137264989
313,OPTIMAL,v2:upper,107.21004692535493
314,OPTIMAL,v1:upper,292.5675241301872
315,OPTIMAL,v2:upper,96.30568262228441
316,OPTIMAL,v2:upper,62.160011726694925
317,OPTIMAL,v2:upper,289.4368946460346
318,OPTIMAL,v2:upper,12.994721041581448
319,OPTIMAL,v2:upper,141.59300593731217
320,OPTIMAL,v2:upper,329.8684947606774
321,OPTIMAL,v2:upper,277.51161148727994
322,OPTIMAL,v2:upper,61.404936824338606
323,OPTIMAL,v2:upper,318.82947680432284
324,OPTIMAL,v2:upper,68.28357713160156
325,OPTIMAL,v2:upper,275.91202099976186
326,OPTIMAL,v2:upper,137.67371090172907
327,OPTIMAL,v1:upper,50.34718995545184
328,OPTIMAL,v1:upper,55.906348845293145
329,OPTIMAL,v2:upper,102.73094511232193
330,OPTIMAL,v2:upper,43.70121582223261
331,OPTIMAL,v1:upper,85.90095581741556
332,OPTIMAL,v2:upper,170.06872391138012
333,OPTIMAL,v2:upper,198.30197574503666
334,OPTIMAL,v1:upper,202.55044259557675
335,OPTIMAL,v2:upper,28.338201754353776
336,OPTIMAL,v2:upper,126.21036057620216
337,OPTIMAL,v2:upper,102.98595180162239
338,OPTIMAL,v2:upper,174.4314661232313
339,OPTIMAL,v1:upper,225.77086674831423
340,OPTIMAL,v1:upper,401.6143359887708
341,OPTIMAL,v1:upper,127.37928314901025
342,OPTIMAL,v2:upper,130.13609791567632
343,OPTIMAL,v2:upper,18.63435559967138
344,OPTIMAL,b1:lower;b2:lower;b3:upper;b4:upper;b5:lower;b6:upper;b7:upper;b8:upper;b14:lower,1000.0
345,OPTIMAL,v2:upper,51.71903448631192
346,OPTIMAL,v2:upper,94.78175283349637
347,OPTIMAL,v2:upper,214.30771385453042
348,OPTIMAL,v2:upper,183.14123412981192
349,OPTIMAL,v2:upper,156.26490853079264
350,OPTIMAL,v2:upper,182.21300481478494
351,OPTIMAL,v2:upper,32.895577907316486
352,OPTIMAL,v2:upper,330.9828966129001
353,OPTIMAL,v2:upper,147.35494915443192
354,OPTIMAL,v2:upper,208.0258469932363
355,OPTIMAL,v2:upper,57.39462067411406
356,OPTIMAL,v2:upper,259.1740471972178
357,OPTIMAL,v2:upper,83.3966248329532
358,OPTIMAL,v2:upper,276.4357240856074
359,OPTIMAL,v2:upper,5.227590163450096
360,OPTIMAL,v2:upper,19.490295013188074
361,OPTIMAL,v2:upper,106.96022832698603
362,OPTIMAL,v2:upper,127.60425684579405
363,OPTIMAL,v2:upper,127.43558319686215
364,OPTIMAL,v2:upper,85.8352010142418
365,OPTIMAL,v2:upper,40.26464181593652
366,OPTIMAL,v2:upper,233.71521172832556
367,OPTIMAL,v2:upper,19.068072348852713
368,OPTIMAL,v1:upper,54.05376909426204
369,OPTIMAL,v1:upper,125.11442724257739
370,OPTIMAL,v1:upper,173.45142510455096
371,OPTIMAL,v1:upper,153.08519347994874
372,OPTIMAL,v2:upper,97.59076068131469
373,OPTIMAL,v2:upper,234.96631011743466
374,OPTIMAL,v2:upper,190.91371314550221
375,OPTIMAL,v2:upper,150.3505100804211
376,OPTIMAL,v2:upper,51.54042839703976
377,OPTIMAL,v1:upper,46.85552698860382
378,OPTIMAL,v2:upper,326.02043817476834
379,OPTIMAL,v2:upper,188.7659194945376
380,OPTIMAL,v2:upper,35.93274096059087
381,OPTIMAL,v2:upper,53.53211397712377
382,OPTIMAL,v1:upper,150.29603800602666
383,OPTIMAL,v2:upper,93.4946262415574
384,OPTIMAL,v1:upper,189.78970681567512
385,OPTIMAL,v2:upper,16.288502595681717
386,OPTIMAL,v1:upper,189.276634831488
387,OPTIMAL,v2:upper,62.94145763244766
388,OPTIMAL,v2:upper,129.4986810749511
389,OPTIMAL,v2:upper,714.4199645422772
390,OPTIMAL,v2:upper,46.49821364686621
391,OPTIMAL,v1:upper,267.11703697105685
392,OPTIMAL,v2:upper,17.662051158484154
393,OPTIMAL,v2:upper,103.24490595341398
394,OPTIMAL,v2:upper,78.05863463651224
395,OPTIMAL,v2:upper,298.29209810112013
396,OPTIMAL,v2:upper,59.11795791275719
397,OPTIMAL,v2:upper,192.11207575481265
398,OPTIMAL,v2:upper,219.7008772021895
399,OPTIMAL,v2:upper,18.31339720489452
400,OPTIMAL,v2:upper,601.6029583541876
401,OPTIMAL,v2:upper,163.8746314599324
402,OPTIMAL,v2:upper,493.4991699984382
403,OPTIMAL,v2:upper,168.46884504168344
404,OPTIMAL,v2:upper,250.68433030471468
405,OPTIMAL,v2:upper,35.665152626736436
406,OPTIMAL,v2:upper,527.1728316514212
407,OPTIMAL,v2:upper,17.597262513040864
408,OPTIMAL,v2:upper,161.36544799203165
409,OPTIMAL,v2:upper,216.1341111283332
410,OPTIMAL,v2:upper,69.29582270848675
411,OPTIMAL,v2:upper,36.25631816034607
412,OPTIMAL,v2:upper,21.49532221391759
413,OPTIMAL,v2:upper,107.77099936944296
414,OPTIMAL,v2:upper,348.8398262933737
415,OPTIMAL,v2:upper,111.94318761816629
416,OPTIMAL,v2:upper,118.58953246544355
417,OPTIMAL,v2:upper,125.54476130113139
418,OPTIMAL,v2:upper,80.55583429749227
419,OPTIMAL,v1:upper,42.72084305384795
420,OPTIMAL,v1:upper,380.7686097863145
421,OPTIMAL,v2:upper,79.69667207359232
422,OPTIMAL,v2:upper,152.6373461499039
423,OPTIMAL,v2:upper,35.369572244526594
424,OPTIMAL,v2:upper,583.8354540482272
425,OPTIMAL,v2:upper,68.47183581084597
426,OPTIMAL,v2:upper,84.79132180059958
427,OPTIMAL,v1:upper,106.66875170172072
428,OPTIMAL,v2:upper,96.56622759447048
429,OPTIMAL,v2:upper,64.70084239522144
430,OPTIMAL,v2:upper,37.222073967244526
431,OPTIMAL,v2:upper,37.722225441743795
432,OPTIMAL,v2:upper,72.58179987787864
433,OPTIMAL,v2:upper,112.39031677936023
434,OPTIMAL,v2:upper,227.3285094741344
435,OPTIMAL,v2:upper,116.68234365748532
436,OPTIMAL,v2:upper,66.95195788277677
437,OPTIMAL,v2:upper,179.48066585434387
438,OPTIMAL,v2:upper,676.4313960715085
439,OPTIMAL,v2:upper,236.02752600779263
440,OPTIMAL,v2:upper,82.00900945471976
441,OPTIMAL,v1:upper,79.93842786982259
442,OPTIMAL,v2:upper,103.89067540253802
443,OPTIMAL,v2:upper,74.74645781054427
444,OPTIMAL,v2:upper,85.75758344771758
445,OPTIMAL,v2:upper,96.40971505751608
446,OPTIMAL,v2:upper,140.71978759961226
447,OPTIMAL,v2:upper,171.5875629473288
448,OPTIMAL,v2:upper,243.7924135064582
449,OPTIMAL,v2:upper,155.60684615478888
450,OPTIMAL,v2:upper,48.965213488141224
451,OPTIMAL,v1:upper,111.23498214806516
452,OPTIMAL,v2:upper,146.35260288524478
453,OPTIMAL,v2:upper,61.62291498508693
454,OPTIMAL,v2:upper,16.92563583141864
455,OPTIMAL,v2:upper,469.99447359345015
456,OPTIMAL,v2:upper,353.6111930629155
457,OPTIMAL,v2:upper,90.82754964377298
458,OPTIMAL,v2:upper,28.0898645276142
459,OPTIMAL,v2:upper,79.28303618352449
460,OPTIMAL,v2:upper,77.17871567090381
461,OPTIMAL,v2:upper,35.24540152436754
462,OPTIMAL,v2:upper,102.21867767742756
463,OPTIMAL,v2:upper,282.6812468090877
464,OPTIMAL,v2:upper,84.83975017886611
465,OPTIMAL,v2:upper,129.76596017669024
466,OPTIMAL,v2:upper,49.656681350700325
467,OPTIMAL,v2:upper,54.764077262118256
468,OPTIMAL,v2:upper,408.5505358507694
469,OPTIMAL,v2:upper,392.43422875081103
470,OPTIMAL,v2:upper,37.245652091103366
471,OPTIMAL,v1:upper,456.58562579817965
472,OPTIMAL,v2:upper,59.70293091427841
473,OPTIMAL,v1:upper,233.11968617767636
474,OPTIMAL,v2:upper,375.4627093151461
475,OPTIMAL,v2:upper,45.54847147202807
476,OPTIMAL,v2:upper,50.60458584176328
477,OPTIMAL,v2:upper,46.44542642104682
478,OPTIMAL,v2:upper,71.5172278993821
479,OPTIMAL,v1:upper,67.99243719257741
480,OPTIMAL,v2:upper,202.02020604801513
481,OPTIMAL,v2:upper,90.45350200017107
482,OPTIMAL,v2:upper,68.92538870504949
483,OPTIMAL,v2:upper,666.0064607986302
484,OPTIMAL,v2:upper,17.120673071389714
485,OPTIMAL,v2:upper,37.566999004196234
486,OPTIMAL,v2:upper,102.09591225050491
487,OPTIMAL,v2:upper,115.34238134010593
488,OPTIMAL,v2:upper,83.61043972164842
489,OPTIMAL,v2:upper,76.30054394555496
490,OPTIMAL,v2:upper,365.91629867330977
491,OPTIMAL,v1:upper,42.90505366326565
492,OPTIMAL,v2:upper,50.19681833607486
493,OPTIMAL,b1:lower;b2:lower;b3:upper;b4:upper;b5:lower;b6:upper;b7:upper;b8:upper;b14:lower,1000.0
494,OPTIMAL,v2:upper,108.32681222134498
495,OPTIMAL,v2:upper,140.28551105259876
496,OPTIMAL,v2:upper,42.757751312273726
497,OPTIMAL,v2:upper,410.57907986429063
498,OPTIMAL,v2:upper,24.44772613396119
499,OPTIMAL,v2:upper,35.582845514795075
500,OPTIMAL,v1:upper,202.23330417779795
501,OPTIMAL,v1:upper,294.99270629433425
502,OPTIMAL,v2:upper,411.31403651499846
503,OPTIMAL,v2:upper,22.193511534860527
504,OPTIMAL,v2:upper,219.52018598353013
505,OPTIMAL,v2:upper,94.77578325113565
506,OPTIMAL,v2:upper,513.2232326363336
507,OPTIMAL,v2:upper,67.48727179240981
508,OPTIMAL,v2:upper,106.1697626605783
509,OPTIMAL,v2:upper,41.81782903028623
510,OPTIMAL,v2:upper,142.25954179286745
511,OPTIMAL,v2:upper,67.13892700820891
512,OPTIMAL,v2:upper,56.50150998647401
513,OPTIMAL,v2:upper,14.039598767555162
514,OPTIMAL,v2:upper,393.8985704510049
515,OPTIMAL,v1:upper,44.62063556716205
516,OPTIMAL,v2:upper,62.817234897872325
517,OPTIMAL,v2:upper,10.507298844180147
518,OPTIMAL,v2:upper,89.9683359419417
519,OPTIMAL,v2:upper,138.10955836125635
520,OPTIMAL,v2:upper,136.2357100550448
521,OPTIMAL,v2:upper,68.0963444543291
522,OPTIMAL,v2:upper,53.01666385299619
523,OPTIMAL,v2:upper,39.30437666980496
524,OPTIMAL,v2:upper,74.42888569858081
525,OPTIMAL,v2:upper,23.559779181663
526,OPTIMAL,v2:upper,304.3363136247756
527,OPTIMAL,v1:upper,119.86124814207547
528,OPTIMAL,v2:upper,94.55723927619346
529,OPTIMAL,v2:upper,24.130876114748336
530,OPTIMAL,v2:upper,390.40364802468844
531,OPTIMAL,v2:upper,53.75524826819236
532,OPTIMAL,v2:upper,26.952261428633836
533,OPTIMAL,v2:upper,266.30719496151545
534,OPTIMAL,v2:upper,855.8971688031734
535,OPTIMAL,v2:upper,36.063230216583
536,OPTIMAL,v2:upper,607.0987382871012
537,OPTIMAL,v2:upper,52.82882691091323
538,OPTIMAL,v2:upper,138.28722480731264
539,OPTIMAL,b1:lower;b2:lower;b3:upper;b4:upper;b5:lower;b6:upper;b7:upper;b8:upper;b14:lower,1000.0
540,OPTIMAL,v2:upper,100.98085312103129
541,OPTIMAL,v2:upper,32.519182491118585
542,OPTIMAL,v2:upper,815.8372016594694
543,OPTIMAL,v2:upper,39.434830205078086
544,OPTIMAL,v1:upper,79.88890983188908
545,OPTIMAL,v2:upper,109.41757514679544
546,OPTIMAL,b1:lower;b2:lower;b3:upper;b4:upper;b5:lower;b6:upper;b7:upper;b8:upper;b14:lower,1000.0
547,OPTIMAL,v2:upper,19.003335781594256
548,OPTIMAL,v2:upper,161.9413795375037
549,OPTIMAL,v2:upper,119.36027830410313
550,OPTIMAL,v1:upper,64.25089981122804
551,OPTIMAL,v2:upper,38.14669465539632
552,OPTIMAL,v2:upper,73.00109528780764
553,OPTIMAL,v1:upper,91.60465045742963
554,OPTIMAL,v2:upper,131.64497129412996
555,OPTIMAL,v1:upper,206.78556085276065
556,OPTIMAL,v2:upper,334.00968392686883
557,OPTIMAL,v2:upper,650.5736266310092
558,OPTIMAL,v1:upper,72.30288652074084
559,OPTIMAL,v2:upper,27.627689832809043
560,OPTIMAL,v2:upper,184.93857601527353
561,OPTIMAL,v1:upper,103.76813228353843
562,OPTIMAL,v2:upper,345.64024522670354
563,OPTIMAL,v2:upper,39.57726701978742
564,OPTIMAL,v2:upper,19.856971745660193
565,OPTIMAL,v2:upper,129.4011498438562
566,OPTIMAL,v2:upper,58.14220094553623
567,OPTIMAL,v2:upper,83.54259559479749
568,OPTIMAL,v2:upper,99.1112883812514
569,OPTIMAL,v2:upper,94.52188333748121
570,OPTIMAL,v2:upper,118.5794590353892
571,OPTIMAL,v2:upper,301.91123709930423
572,OPTIMAL,v2:upper,148.56789232382388
573,OPTIMAL,v2:upper,81.3123075492061
574,OPTIMAL,v2:upper,143.00736449684825
575,OPTIMAL,v2:upper,158.19215488090234
576,OPTIMAL,v2:upper,413.1602704929024
577,OPTIMAL,v2:upper,95.0756899783497
578,OPTIMAL,v2:upper,369.2693385441036
579,OPTIMAL,v2:upper,91.9240180996319
580,OPTIMAL,v2:upper,105.63634648815734
581,OPTIMAL,v2:upper,57.748975205675634
582,OPTIMAL,v2:upper,161.54539218645004
583,OPTIMAL,v2:upper,173.4151981341423
584,OPTIMAL,v2:upper,44.174696437528425
585,OPTIMAL,v2:upper,205.74569139470444
586,OPTIMAL,v2:upper,121.2412245822878
587,OPTIMAL,v2:upper,47.26687196041155
588,OPTIMAL,v2:upper,200.19399879822916
589,OPTIMAL,v2:upper,12.866313739267916
590,OPTIMAL,v2:upper,22.24197891507391
591,OPTIMAL,v2:upper,233.24227705454805
592,OPTIMAL,v2:upper,299.6642146235853
593,OPTIMAL,v2:upper,28.450024942156958
594,OPTIMAL,v2:upper,218.4602135296316
595,OPTIMAL,v2:upper,48.1795631851254
596,OPTIMAL,v1:upper,260.2447641298037
597,OPTIMAL,v2:upper,194.3366369054764
598,OPTIMAL,v2:upper,56.45158709954092
599,OPTIMAL,v2:upper,156.08082222295243
600,OPTIMAL,v2:upper,166.03341938106757
601,OPTIMAL,v1:upper,91.05509109595222
602,OPTIMAL,v2:upper,104.23064489370228
603,OPTIMAL,v2:upper,125.47522502672793
604,OPTIMAL,v2:upper,106.62869145493868
605,OPTIMAL,v2:upper,33.478354713919984
606,OPTIMAL,v2:upper,46.20512316951753
607,OPTIMAL,v2:upper,117.90511216533703
608,OPTIMAL,v2:upper,42.094441099515045
609,OPTIMAL,v2:upper,105.21768751918673
610,OPTIMAL,v2:upper,111.73803782127203
611,OPTIMAL,v2:upper,610.6045545394155
612,OPTIMAL,v2:upper,322.69915302920595
613,OPTIMAL,v2:upper,273.69891123962367
614,OPTIMAL,v2:upper,7.302943599692375
615,OPTIMAL,v2:upper,125.79989388563878
616,OPTIMAL,v2:upper,59.838693280368716
617,OPTIMAL,v2:upper,76.48393211649133
618,OPTIMAL,v2:upper,356.69534212837283
619,OPTIMAL,v2:upper,261.9777448492329
620,OPTIMAL,v2:upper,130.4548115421848
621,OPTIMAL,v2:upper,8.295354560003535
622,OPTIMAL,v2:upper,368.9769130262493
623,OPTIMAL,v2:upper,91.3981072499194
624,OPTIMAL,v2:upper,72.0890426405264
625,OPTIMAL,v2:upper,71.90563464126133
626,OPTIMAL,v2:upper,95.53195391230543
627,OPTIMAL,v2:upper,22.89406366123541
628,OPTIMAL,v2:upper,102.39810657889127
629,OPTIMAL,v2:upper,57.01876695545854
630,OPTIMAL,v1:upper,125.53428763610555
631,OPTIMAL,v2:upper,18.560292719806053
632,OPTIMAL,v2:upper,47.872268032266405
633,OPTIMAL,v2:upper,121.99104959341895
634,OPTIMAL,v2:upper,87.27944204924222
635,OPTIMAL,v2:upper,28.414935094734926
636,OPTIMAL,v2:upper,122.5486442148392
637,OPTIMAL,v2:upper,40.100800017103175
638,OPTIMAL,v2:upper,54.38045078300781
639,OPTIMAL,v2:upper,51.17781817492305
640,OPTIMAL,v2:upper,361.67179550979654
641,OPTIMAL,v2:upper,132.68896355691123
642,OPTIMAL,v2:upper,25.005424890660276
643,OPTIMAL,v1:upper,140.2718114892859
644,OPTIMAL,v2:upper,176.45078161278985
645,OPTIMAL,v2:upper,43.99199728210334
646,OPTIMAL,v2:upper,161.52439821420862
647,OPTIMAL,v2:upper,238.38135584190573
648,OPTIMAL,v2:upper,286.57903910518195
649,OPTIMAL,v2:upper,197.3765039985144
650,OPTIMAL,v2:upper,788.3010787650327
651,OPTIMAL,v1:upper,76.40572346752526
652,OPTIMAL,v2:upper,22.386858441129505
653,OPTIMAL,v2:upper,80.8715197196279
654,OPTIMAL,v2:upper,202.73118306982192
655,OPTIMAL,v2:upper,39.643259166991754
656,OPTIMAL,v2:upper,109.76663737369468
657,OPTIMAL,v2:upper,128.9774323596603
658,OPTIMAL,v1:upper,139.0406967668279
659,OPTIMAL,v1:upper,87.94250691412861
660,OPTIMAL,v2:upper,84.34268117683058
661,OPTIMAL,v2:upper,164.36972305096663
662,OPTIMAL,v2:upper,139.98756342029057
663,OPTIMAL,v2:upper,49.04946249598435
664,OPTIMAL,v2:upper,187.22356111755175
665,OPTIMAL,v2:upper,253.0313969872103
666,OPTIMAL,v2:upper,204.44533583076756
667,OPTIMAL,v2:upper,192.13972504755085
668,OPTIMAL,v2:upper,16.031235451457558
669,OPTIMAL,v2:upper,128.6767896712458
670,OPTIMAL,v2:upper,109.67216093374005
671,OPTIMAL,v1:upper,125.80064615431958
672,OPTIMAL,v2:upper,44.8805191258513
673,OPTIMAL,v2:upper,211.1607083551241
674,OPTIMAL,v2:upper,580.0070341271212
675,OPTIMAL,v2:upper,137.78192034010797
676,OPTIMAL,v2:upper,196.1595970997705
677,OPTIMAL,v2:upper,121.4547765605788
678,OPTIMAL,v1:upper,377.99837805070996
679,OPTIMAL,v1:upper,275.7349879485536
680,OPTIMAL,v2:upper,227.08779980989524
681,OPTIMAL,v2:upper,344.151629059633
682,OPTIMAL,v2:upper,95.60500220248278
683,OPTIMAL,v2:upper,153.34575440239198
684,OPTIMAL,v2:upper,105.50158921642301
685,OPTIMAL,v2:upper,42.85864205966143
686,OPTIMAL,v2:upper,221.61815719140301
687,OPTIMAL,v2:upper,310.5478070000842
688,OPTIMAL,v2:upper,50.98355646259545
689,OPTIMAL,v2:upper,43.74854355289056
690,OPTIMAL,v2:upper,38.977503492932755
691,OPTIMAL,v2:upper,53.50415258197844
692,OPTIMAL,v2:upper,196.62566946246326
693,OPTIMAL,v2:upper,76.69098995270204
694,OPTIMAL,v2:upper,399.0740822897482
695,OPTIMAL,v2:upper,359.9076750202359
696,OPTIMAL,v2:upper,187.72084073316552
697,OPTIMAL,v2:upper,277.2954050763971
698,OPTIMAL,v2:upper,256.5476329594233
699,OPTIMAL,v1:upper,160.05501161035548
700,OPTIMAL,v2:upper,58.575199723807685
701,OPTIMAL,v2:upper,66.3375467619575
702,OPTIMAL,v2:upper,903.5177815297252
703,OPTIMAL,v2:upper,268.21618608129444
704,OPTIMAL,v2:upper,153.47278619432385
705,OPTIMAL,v2:upper,142.07341352661356
706,OPTIMAL,v2:upper,75.21350953294281
707,OPTIMAL,v1:upper,149.90835374179863
708,OPTIMAL,v2:upper,461.15811031131057
709,OPTIMAL,v1:upper,110.88182250349519
710,OPTIMAL,v2:upper,101.14018907383844
711,OPTIMAL,v2:upper,17.103623798450375
712,OPTIMAL,v2:upper,66.42318818751009
713,OPTIMAL,v2:upper,181.28671989397589
714,OPTIMAL,v2:upper,33.05479964341989
715,OPTIMAL,v2:upper,63.86285625515109
716,OPTIMAL,v2:upper,163.48000381957218
717,OPTIMAL,v2:upper,26.538414897029575
718,OPTIMAL,v2:upper,53.91247470604469
719,OPTIMAL,v1:upper,110.07758760081764
720,OPTIMAL,v2:upper,17.323356335601012
721,OPTIMAL,v2:upper,105.60405653618709
722,OPTIMAL,v2:upper,30.61592108405741
723,OPTIMAL,v2:upper,312.5105187264959
724,OPTIMAL,v2:upper,204.73731632806775
725,OPTIMAL,v2:upper,59.99608028028754
726,OPTIMAL,v1:upper,104.1073722968752
727,OPTIMAL,v2:upper,37.33396120408348
728,OPTIMAL,v2:upper,87.45597550830959
729,OPTIMAL,v1:upper,230.17558402795947
730,OPTIMAL,v2:upper,93.4911821956301
731,OPTIMAL,v2:upper,304.219553507035
732,OPTIMAL,v2:upper,140.63901526976179
733,OPTIMAL,v1:upper,192.2312917476712
734,OPTIMAL,v1:upper,74.78500082222304
735,OPTIMAL,v2:upper,99.40929625958834
736,OPTIMAL,v2:upper,52.255917562594924
737,OPTIMAL,v2:upper,36.94499874019323
738,OPTIMAL,v2:upper,25.832599522176537
739,OPTIMAL,v2:upper,134.3479664817727
740,OPTIMAL,v2:upper,412.0765334496853
741,OPTIMAL,v2:upper,38.59869499458139
742,OPTIMAL,v2:upper,57.59638273530795
743,OPTIMAL,v2:upper,254.76465858488447
744,OPTIMAL,v2:upper,97.88870722198965
745,OPTIMAL,v2:upper,56.1444893370333
746,OPTIMAL,v2:upper,77.67717974374322
747,OPTIMAL,v2:upper,86.70087178822143
748,OPTIMAL,v2:upper,191.58891943582134
749,OPTIMAL,v1:upper,64.25180371127979
750,OPTIMAL,v2:upper,150.16752123630755
751,OPTIMAL,v1:upper,248.9777669797887
752,OPTIMAL,v2:upper,29.57382104923824
753,OPTIMAL,v2:upper,10.175076452277336
754,OPTIMAL,b1:lower;b2:lower;b3:upper;b4:upper;b5:lower;b6:upper;b7:upper;b8:upper;b14:lower,1000.0
755,OPTIMAL,v2:upper,96.15849525154056
756,OPTIMAL,v2:upper,25.088172322332063
757,OPTIMAL,v2:upper,121.20432505534608
758,OPTIMAL,v2:upper,71.64641763234678
759,OPTIMAL,v2:upper,140.93448448113236
760,OPTIMAL,v1:upper,80.76597926290282
761,OPTIMAL,v2:upper,131.82331805111858
762,OPTIMAL,v2:upper,232.62025100961304
763,OPTIMAL,v2:upper,509.1003940127237
764,OPTIMAL,v1:upper,272.1155122568993
765,OPTIMAL,v2:upper,171.18176583098372
766,OPTIMAL,v2:upper,34.60047936982135
767,OPTIMAL,v2:upper,89.43508485677353
768,OPTIMAL,v2:upper,18.82279272338132
769,OPTIMAL,v2:upper,95.3865872077857
770,OPTIMAL,v1:upper,72.4429818913942
771,OPTIMAL,v2:upper,145.47984367748734
772,OPTIMAL,v2:upper,28.141269849717315
773,OPTIMAL,v2:upper,11.51638332654527
774,OPTIMAL,v1:upper,148.53775218713076
775,OPTIMAL,v2:upper,18.874495639287513
776,OPTIMAL,v1:upper,132.9595115077022
777,OPTIMAL,v2:upper,55.25574318376271
778,OPTIMAL,v2:upper,69.73733173799532
779,OPTIMAL,v2:upper,175.76398605115327
780,OPTIMAL,v2:upper,112.69952701702547
781,OPTIMAL,v2:upper,51.50138575317856
782,OPTIMAL,v2:upper,214.35359344598797
783,OPTIMAL,v1:upper,139.47235579282784
784,OPTIMAL,v2:upper,236.5757571274035
785,OPTIMAL,v2:upper,65.0171027100885
786,OPTIMAL,v2:upper,234.7545920878405
787,OPTIMAL,v2:upper,106.3722800963619
788,OPTIMAL,v2:upper,19.222717588501474
789,OPTIMAL,v2:upper,68.569560958586
790,OPTIMAL,v2:upper,207.34744812021074
791,OPTIMAL,v2:upper,41.393674817035006
792,OPTIMAL,v2:upper,113.21291864810483
793,OPTIMAL,v2:upper,46.45401081677676
794,OPTIMAL,v2:upper,131.8361849952477
795,OPTIMAL,v2:upper,97.37788968559678
796,OPTIMAL,v2:upper,883.9798480668248
797,OPTIMAL,v2:upper,77.41843886339774
798,OPTIMAL,v2:upper,145.5540979929192
799,OPTIMAL,v2:upper,43.57617515020254
800,OPTIMAL,v1:upper,221.92186655756979
801,OPTIMAL,v2:upper,48.351909387361324
802,OPTIMAL,v2:upper,37.33128141012841
803,OPTIMAL,v2:upper,421.930186152323
804,OPTIMAL,v2:upper,20.35594284464807
805,OPTIMAL,v2:upper,448.07401164390006
806,OPTIMAL,v2:upper,383.1167279735456
807,OPTIMAL,v2:upper,299.45739880729093
808,OPTIMAL,v2:upper,75.97350908494506
809,OPTIMAL,v2:upper,60.477169294287755
810,OPTIMAL,v2:upper,44.11062773767342
811,OPTIMAL,v1:upper,67.61741469356362
812,OPTIMAL,v1:upper,89.60984826853554
813,OPTIMAL,v2:upper,126.57740998280778
814,OPTIMAL,v2:upper,148.75830960005817
815,OPTIMAL,v2:upper,40.10178366315128
816,OPTIMAL,v2:upper,96.62524329688964
817,OPTIMAL,v2:upper,147.86329757617457
818,OPTIMAL,v2:upper,80.73244748212
819,OPTIMAL,v2:upper,19.02834247414096
820,OPTIMAL,v2:upper,179.3007436894391
821,OPTIMAL,v2:upper,109.56895442925801
822,OPTIMAL,v2:upper,118.40841355884199
823,OPTIMAL,v2:upper,238.033984980395
824,OPTIMAL,v2:upper,925.8139161388242
825,OPTIMAL,v2:upper,264.0044417073673
826,OPTIMAL,v2:upper,116.97928232754494
827,OPTIMAL,v2:upper,30.919011081682246
828,OPTIMAL,v2:upper,74.67286997095033
829,OPTIMAL,v2:upper,96.58827291063035
830,OPTIMAL,v2:upper,90.11245582603028
831,OPTIMAL,v2:upper,189.8986124716915
832,OPTIMAL,v2:upper,244.62432590871717
833,OPTIMAL,v2:upper,312.55802818044174
834,OPTIMAL,v2:upper,59.105681888302016
835,OPTIMAL,v2:upper,50.480618462001786
836,OPTIMAL,v2:upper,336.8129043683013
837,OPTIMAL,v2:upper,116.74639014958706
838,OPTIMAL,v2:upper,156.41965187885097
839,OPTIMAL,v2:upper,81.23091328530299
840,OPTIMAL,v1:upper,158.38373586440937
841,OPTIMAL,v2:upper,60.7065935811743
842,OPTIMAL,v2:upper,46.58173488419244
843,OPTIMAL,v2:upper,49.22229678833121
844,OPTIMAL,v1:upper,80.4385852552315
845,OPTIMAL,v2:upper,53.02497729241292
846,OPTIMAL,v1:upper,240.93545473256847
847,OPTIMAL,v2:upper,50.42599787013052
848,OPTIMAL,v2:upper,543.142734021842
849,OPTIMAL,v2:upper,18.86024283433366
850,OPTIMAL,v1:upper,333.09644642477934
851,OPTIMAL,v2:upper,52.53414144965969
852,OPTIMAL,v2:upper,839.8729858322583
853,OPTIMAL,v2:upper,44.330894350912054
854,OPTIMAL,v2:upper,66.38183080365451
855,OPTIMAL,v2:upper,64.12376698707341
856,OPTIMAL,v2:upper,51.6046141792795
857,OPTIMAL,v2:upper,215.9838092102269
858,OPTIMAL,v2:upper,111.87044712579721
859,OPTIMAL,v2:upper,131.7650297533992
860,OPTIMAL,v2:upper,61.884852357218705
861,OPTIMAL,v2:upper,66.06400083302013
862,OPTIMAL,v2:upper,41.89366768733323
863,OPTIMAL,v2:upper,57.23862122500709
864,OPTIMAL,v2:upper,291.0410244257048
865,OPTIMAL,v2:upper,10.5707251689043
866,OPTIMAL,v2:upper,7.096481936102942
867,OPTIMAL,v2:upper,330.91558716211665
868,OPTIMAL,v2:upper,148.39339848291593
869,OPTIMAL,v2:upper,64.41068419486375
870,OPTIMAL,v2:upper,125.63089904720258
871,OPTIMAL,v1:upper,118.59289270775153
872,OPTIMAL,v2:upper,327.8944192341102
873,OPTIMAL,v2:upper,286.70713516119736
874,OPTIMAL,v2:upper,79.58846082437273
875,OPTIMAL,v2:upper,92.29874056512985
876,OPTIMAL,v2:upper,79.11384720789972
877,OPTIMAL,v2:upper,214.33102368518382
878,OPTIMAL,v2:upper,24.84473355211794
879,OPTIMAL,v2:upper,57.82721315565183
880,OPTIMAL,v2:upper,169.20480321816652
881,OPTIMAL,v2:upper,39.09299590330851
882,OPTIMAL,v2:upper,87.46530151183484
883,OPTIMAL,v2:upper,63.89266180543276
884,OPTIMAL,v1:upper,273.41980133615255
885,OPTIMAL,v2:upper,44.980029462751844
886,OPTIMAL,v2:upper,98.09686985112262
887,OPTIMAL,v2:upper,207.17543746239875
888,OPTIMAL,v2:upper,79.29015174601203
889,OPTIMAL,v2:upper,19.153619188606605
890,OPTIMAL,v2:upper,126.80742368181276
891,OPTIMAL,v1:upper,72.59820742168822
892,OPTIMAL,v2:upper,61.409747375854245
893,OPTIMAL,v2:upper,125.37419598087307
894,OPTIMAL,v2:upper,205.9215379155887
895,OPTIMAL,v2:upper,77.19588781139909
896,OPTIMAL,v2:upper,66.06346593468618
897,OPTIMAL,v2:upper,270.9494810261404
898,OPTIMAL,v2:upper,84.31989028818218
899,OPTIMAL,v2:upper,95.1478057201252
900,OPTIMAL,v1:upper,615.3126008293476
901,OPTIMAL,v2:upper,70.46552546639751
902,OPTIMAL,v2:upper,44.04208657588858
903,OPTIMAL,v2:upper,341.1546032712754
904,OPTIMAL,v2:upper,207.40020545373778
905,OPTIMAL,v2:upper,33.11862908656425
906,OPTIMAL,v2:upper,37.038493064509304
907,OPTIMAL,v2:upper,182.23078784910723
908,OPTIMAL,v2:upper,263.0106679823947
909,OPTIMAL,v1:upper,109.89340035073953
910,OPTIMAL,v2:upper,251.0944500130735
911,OPTIMAL,v2:upper,36.05259569381879
912,OPTIMAL,v2:upper,34.5340794495327
913,OPTIMAL,v2:upper,185.56477981504898
914,OPTIMAL,v2:upper,51.46774858327989
915,OPTIMAL,b1:lower;b2:lower;b3:upper;b4:upper;b5:lower;b6:upper;b7:upper;b8:upper;b14:lower,1000.0
916,OPTIMAL,v1:upper,67.47641817287138
917,OPTIMAL,v2:upper,444.99505225728745
918,OPTIMAL,v2:upper,71.20579608894047
919,OPTIMAL,v2:upper,24.418872491812763
920,OPTIMAL,v2:upper,33.7453729321933
921,OPTIMAL,v1:upper,153.1320264735358
922,OPTIMAL,v2:upper,127.33733477778748
923,OPTIMAL,v2:upper,286.12505622902006
924,OPTIMAL,v2:upper,37.193410345599204
925,OPTIMAL,v2:upper,54.35512434312022
926,OPTIMAL,v1:upper,829.7083621323353
927,OPTIMAL,v2:upper,231.7612172723994
928,OPTIMAL,v2:upper,159.07195521508845
929,OPTIMAL,v2:upper,46.23588668538294
930,OPTIMAL,v2:upper,60.83861633463217
931,OPTIMAL,v2:upper,74.36142978865864
932,OPTIMAL,v2:upper,21.453453884549795
933,OPTIMAL,v2:upper,395.9774215001827
934,OPTIMAL,v2:upper,337.7477307305632
935,OPTIMAL,v2:upper,250.12492235701424
936,OPTIMAL,v2:upper,87.43622139685466
937,OPTIMAL,v1:upper,267.2676497358745
938,OPTIMAL,v2:upper,79.66051434588796
939,OPTIMAL,v2:upper,190.36449380720637
940,OPTIMAL,v2:upper,118.31909365614887
941,OPTIMAL,v2:upper,195.9311156837313
942,OPTIMAL,v2:upper,140.6837322306996
943,OPTIMAL,v2:upper,82.53742821037004
944,OPTIMAL,v2:upper,56.55005262373726
945,OPTIMAL,v2:upper,77.4497958497876
946,OPTIMAL,v2:upper,45.98437867473634
947,OPTIMAL,v2:upper,64.63735842866731
948,OPTIMAL,v2:upper,87.97315274933632
949,OPTIMAL,v1:upper,152.81890466894987
950,OPTIMAL,v2:upper,51.10122195133548
951,OPTIMAL,v2:upper,173.6599038025119
952,OPTIMAL,v2:upper,50.287679893493625
953,OPTIMAL,v1:upper,38.68119139878273
954,OPTIMAL,v2:upper,87.07439007408638
955,OPTIMAL,v2:upper,45.27198122051714
956,OPTIMAL,v2:upper,75.45697330851127
957,OPTIMAL,v2:upper,91.8260617561126
958,OPTIMAL,v2:upper,152.99154945594051
959,OPTIMAL,v2:upper,130.5693710633017
960,OPTIMAL,v2:upper,9.028364317773239
961,OPTIMAL,v1:upper,232.1997666040842
962,OPTIMAL,v2:upper,101.57271308132292
963,OPTIMAL,v2:upper,118.27504114498261
964,OPTIMAL,v2:upper,19.75905322773987
965,OPTIMAL,v2:upper,104.8705680874232
966,OPTIMAL,v2:upper,245.03369556581148
967,OPTIMAL,v2:upper,234.38319115649017
968,OPTIMAL,v2:upper,634.4356497236781
969,OPTIMAL,v2:upper,22.683777635056504
970,OPTIMAL,v2:upper,56.36158639363901
971,OPTIMAL,v2:upper,123.07422608877505
972,OPTIMAL,v2:upper,72.28737505612615
973,OPTIMAL,v2:upper,97.01942330852012
974,OPTIMAL,v2:upper,72.24919362962721
975,OPTIMAL,v2:upper,332.68207911441726
976,OPTIMAL,v1:upper,74.70802137676148
977,OPTIMAL,v2:upper,173.48735076225805
978,OPTIMAL,v2:upper,34.614799927325535
979,OPTIMAL,v1:upper,64.79393084477415
980,OPTIMAL,v2:upper,91.12774349174039
981,OPTIMAL,v2:upper,143.63178808027126
982,OPTIMAL,v2:upper,117.56879679578454
983,OPTIMAL,v2:upper,69.00958934717785
984,OPTIMAL,v2:upper,101.0947036952053
985,OPTIMAL,v2:upper,268.37179885930544
986,OPTIMAL,v2:upper,52.54893522239568
987,OPTIMAL,v2:upper,118.38211519527648
988,OPTIMAL,v2:upper,111.88092947894721
989,OPTIMAL,v2:upper,95.58734203609362
990,OPTIMAL,v2:upper,24.592394201226785
991,OPTIMAL,v2:upper,65.55373820621969
992,OPTIMAL,v2:upper,142.46845824336287
993,OPTIMAL,v2:upper,26.256837687557933
994,OPTIMAL,v2:upper,193.69449916439373
995,OPTIMAL,v2:upper,287.26691110030146
996,OPTIMAL,v2:upper,135.78840654384047
997,OPTIMAL,v2:upper,227.83039044047695
998,OPTIMAL,v2:upper,141.93768014430978
999,OPTIMAL,v2:upper,207.12989536991893
1000,OPTIMAL,v2:upper,114.67189865519134
1001,OPTIMAL,v2:upper,151.19997115504611
1002,OPTIMAL,v2:upper,24.90008689139694
1003,OPTIMAL,v2:upper,326.6724927048183
1004,OPTIMAL,v2:upper,127.60772327324032
1005,OPTIMAL,v2:upper,305.46661079031804
1006,OPTIMAL,v2:upper,296.1051329712474
1007,OPTIMAL,v2:upper,298.81528307657896
1008,OPTIMAL,v2:upper,217.58042379028618
1009,OPTIMAL,v2:upper,285.22914509195687
1010,OPTIMAL,v2:upper,122.21324267461212
1011,OPTIMAL,v1:upper,56.2567251491109
1012,OPTIMAL,v2:upper,36.03591496910775
1013,OPTIMAL,v2:upper,169.16304108798917
1014,OPTIMAL,v2:upper,44.56631241128645
1015,OPTIMAL,v2:upper,73.70311677895045
1016,OPTIMAL,v2:upper,77.27994788914965
1017,OPTIMAL,v2:upper,29.782362794418958
1018,OPTIMAL,v2:upper,26.57902380211807
1019,OPTIMAL,v2:upper,44.380385295239435
1020,OPTIMAL,v2:upper,225.98084322167395
1021,OPTIMAL,v2:upper,20.899298807283913
1022,OPTIMAL,v2:upper,90.9468292126518
1023,OPTIMAL,v2:upper,120.70750966640577
1024,OPTIMAL,v2:upper,29.54108899968905
1025,OPTIMAL,v2:upper,215.84803540537865
1026,OPTIMAL,v2:upper,31.650682857294584
1027,OPTIMAL,v2:upper,40.717832642787045
1028,OPTIMAL,v2:upper,47.865213747016675
1029,OPTIMAL,v2:upper,220.79970703296837
1030,OPTIMAL,v2:upper,341.2784864466311
1031,OPTIMAL,v2:upper,29.3631333612012
1032,OPTIMAL,v2:upper,75.69473198111254
1033,OPTIMAL,v1:upper,446.22131461697876
1034,OPTIMAL,v2:upper,82.91551800437212
1035,OPTIMAL,v2:upper,98.49278605915396
1036,OPTIMAL,v2:upper,48.9829694917266
1037,OPTIMAL,v1:upper,48.376633465644666
1038,OPTIMAL,v2:upper,47.35965285828701
1039,OPTIMAL,v2:upper,44.997600933539196
1040,OPTIMAL,v2:upper,119.69542535146924
1041,OPTIMAL,v2:upper,40.326943024219034
1042,OPTIMAL,v2:upper,292.0437027262231
1043,OPTIMAL,v2:upper,52.93966679865924
1044,OPTIMAL,v2:upper,34.32109202666944
1045,OPTIMAL,v2:upper,195.15994451604936
1046,OPTIMAL,v2:upper,233.3730810017116
1047,OPTIMAL,v2:upper,117.79470105821923
1048,OPTIMAL,v2:upper,52.06637766810427
1049,OPTIMAL,v2:upper,27.64885846454664
1050,OPTIMAL,v2:upper,173.4344168294773
1051,OPTIMAL,v2:upper,23.11899635182446
1052,OPTIMAL,v2:upper,25.996386078379835
1053,OPTIMAL,v2:upper,35.23940309914645
1054,OPTIMAL,v1:upper,602.6478633509527
1055,OPTIMAL,v2:upper,88.17828912271953
1056,OPTIMAL,v1:upper,324.81323221620727
1057,OPTIMAL,v1:upper,208.72709220348813
1058,OPTIMAL,v2:upper,126.49136509719914
1059,OPTIMAL,v2:upper,114.73514035520306
1060,OPTIMAL,v2:upper,44.65319210518301
1061,OPTIMAL,v2:upper,92.61890588929752
1062,OPTIMAL,v2:upper,75.71727440791537
1063,OPTIMAL,v2:upper,40.96737070462579
1064,OPTIMAL,v2:upper,55.71006275991937
1065,OPTIMAL,v2:upper,630.6754224057939
1066,OPTIMAL,v2:upper,24.090069587621624
1067,OPTIMAL,v2:upper,63.74028168522148
1068,OPTIMAL,v2:upper,592.0725742075946
1069,OPTIMAL,v2:upper,42.77094737633031
1070,OPTIMAL,v2:upper,279.82441801741516
1071,OPTIMAL,v2:upper,438.5871466239579
1072,OPTIMAL,v2:upper,35.505712512490604
1073,OPTIMAL,v2:upper,54.79808866577074
1074,OPTIMAL,v2:upper,291.93960494132693
1075,OPTIMAL,v2:upper,30.857340646716402
1076,OPTIMAL,v2:upper,143.4717441806298
1077,OPTIMAL,v2:upper,147.96149418939552
1078,OPTIMAL,v2:upper,91.6876664086092
1079,OPTIMAL,v2:upper,67.51446669480852
1080,OPTIMAL,v2:upper,532.6917258945178
1081,OPTIMAL,v1:upper,171.02388822322365
1082,OPTIMAL,v2:upper,43.763705057644344
1083,OPTIMAL,v2:upper,34.34819685767599
1084,OPTIMAL,v2:upper,340.70520552596736
1085,OPTIMAL,v2:upper,138.47900374923097
1086,OPTIMAL,v2:upper,40.405544504576376
1087,OPTIMAL,v1:upper,136.53434775529928
1088,OPTIMAL,v2:upper,326.52869591808445
1089,OPTIMAL,v2:upper,171.1377237515105
1090,OPTIMAL,v2:upper,236.49738544790577
1091,OPTIMAL,v1:upper,64.38332261471707
1092,OPTIMAL,v2:upper,159.43946548985946
1093,OPTIMAL,v1:upper,233.47136772799524
1094,OPTIMAL,v2:upper,714.4005347438775
1095,OPTIMAL,v1:upper,73.70831548501968
1096,OPTIMAL,v2:upper,486.3487295344172
1097,OPTIMAL,v2:upper,368.4416023239897
1098,OPTIMAL,v2:upper,179.02580583116972
1099,OPTIMAL,v2:upper,272.29108798420765
1100,OPTIMAL,v2:upper,143.90927310716208
1101,OPTIMAL,v2:upper,98.07092119565465
1102,OPTIMAL,v2:upper,298.81885266584624
1103,OPTIMAL,v2:upper,86.14965199176254
1104,OPTIMAL,v2:upper,439.6854739921609
1105,OPTIMAL,v2:upper,102.37764510615064
1106,OPTIMAL,v1:upper,134.3302660339421
1107,OPTIMAL,v2:upper,35.97450060911024
1108,OPTIMAL,v2:upper,130.06865666335628
1109,OPTIMAL,v2:upper,84.15708361867732
1110,OPTIMAL,v2:upper,122.86823127236941
1111,OPTIMAL,v2:upper,42.78925547890234
1112,OPTIMAL,v2:upper,340.07297642795606
1113,OPTIMAL,v2:upper,93.72706203799493
1114,OPTIMAL,v2:upper,242.12339754924395
1115,OPTIMAL,v2:upper,269.07567527644466
1116,OPTIMAL,v1:upper,117.84971468877248
1117,OPTIMAL,v2:upper,74.86733626354453
1118,OPTIMAL,v2:upper,19.984244970264367
1119,OPTIMAL,v1:upper,162.18034972468666
1120,OPTIMAL,v2:upper,575.9329369071569
1121,OPTIMAL,v2:upper,234.11162168203438
1122,OPTIMAL,v2:upper,89.3586118064947
1123,OPTIMAL,v2:upper,75.15505186065185
1124,OPTIMAL,v2:upper,109.04923327755303
1125,OPTIMAL,v2:upper,92.78273331011349
1126,OPTIMAL,v2:upper,334.2263110148433
1127,OPTIMAL,v1:upper,21.71792661853376
1128,OPTIMAL,v2:upper,301.82588060108736
1129,OPTIMAL,v2:upper,8.848659088570157
1130,OPTIMAL,v1:upper,275.24646338850255
1131,OPTIMAL,v2:upper,90.20315255784101
1132,OPTIMAL,v2:upper,36.54649669688956
1133,OPTIMAL,v2:upper,161.47291653283395
1134,OPTIMAL,v2:upper,70.30764391767505
1135,OPTIMAL,v2:upper,20.72347912407532
1136,OPTIMAL,v2:upper,68.38102924778444
1137,OPTIMAL,v2:upper,141.50980515001876
1138,OPTIMAL,v2:upper,34.97169741067268
1139,OPTIMAL,v2:upper,86.49179692299202
1140,OPTIMAL,v2:upper,86.47508450114626
1141,OPTIMAL,v1:upper,272.625568025315
1142,OPTIMAL,v2:upper,53.36524793002228
1143,OPTIMAL,v2:upper,217.94889725277713
1144,OPTIMAL,v2:upper,129.8223543421659
1145,OPTIMAL,v2:upper,140.01229803986496
1146,OPTIMAL,v2:upper,227.37993429749162
1147,OPTIMAL,v1:upper,404.78590394705543
1148,OPTIMAL,v2:upper,278.9026426747085
1149,OPTIMAL,v2:upper,36.23511457881035
1150,OPTIMAL,v2:upper,29.01672922601342
1151,OPTIMAL,v2:upper,97.89076912018713
1152,OPTIMAL,v2:upper,260.92723223951634
1153,OPTIMAL,v2:upper,66.2758646370211
1154,OPTIMAL,v2:upper,414.80327419511536
1155,OPTIMAL,v2:upper,214.30388086360148
1156,OPTIMAL,v2:upper,170.8519632045373
1157,OPTIMAL,v2:upper,334.4834977045943
1158,OPTIMAL,v2:upper,285.5861603936912
1159,OPTIMAL,v2:upper,189.9720697053978
1160,OPTIMAL,v1:upper,108.56665651177555
1161,OPTIMAL,v2:upper,125.03946883985171
1162,OPTIMAL,v2:upper,236.04416245480448
1163,OPTIMAL,v2:upper,208.3420420040362
1164,OPTIMAL,b1:lower;b2:lower;b3:upper;b4:upper;b5:lower;b6:upper;b7:upper;b8:upper;b14:lower,1000.0
1165,OPTIMAL,v2:upper,329.103943696625
1166,OPTIMAL,v2:upper,111.21244048925986
1167,OPTIMAL,v2:upper,270.0363603128566
1168,OPTIMAL,v2:upper,41.99191290700448
1169,OPTIMAL,v2:upper,46.98853287275407
1170,OPTIMAL,v1:upper,180.03517371699067
1171,OPTIMAL,v2:upper,84.60389087042604
1172,OPTIMAL,v2:upper,569.6102860001979
1173,OPTIMAL,v2:upper,338.9747359771959
1174,OPTIMAL,v2:upper,97.80502645063635
1175,OPTIMAL,v1:upper,307.6761780694082
1176,OPTIMAL,v2:upper,72.34958650681418
1177,OPTIMAL,v2:upper,51.491390508473
1178,OPTIMAL,v2:upper,204.12538252846426
1179,OPTIMAL,v2:upper,34.285281356393504
1180,OPTIMAL,v2:upper,24.230415574051698
1181,OPTIMAL,v2:upper,439.87452695844223
1182,OPTIMAL,v2:upper,52.93887451017686
1183,OPTIMAL,v2:upper,75.32266327547796
1184,OPTIMAL,v1:upper,57.364955485877324
1185,OPTIMAL,v2:upper,56.87485389744689
1186,OPTIMAL,v1:upper,740.9991668342856
1187,OPTIMAL,v2:upper,237.57219380717194
1188,OPTIMAL,v2:upper,111.43213254845844
1189,OPTIMAL,v2:upper,93.2087967112627
1190,OPTIMAL,v2:upper,233.0518784318522
1191,OPTIMAL,v2:upper,113.95044215208573
1192,OPTIMAL,v2:upper,127.58676156228832
1193,OPTIMAL,v1:upper,164.2904284566312
1194,OPTIMAL,v2:upper,78.75157483509895
1195,OPTIMAL,v2:upper,69.04702513620973
1196,OPTIMAL,v2:upper,22.840562256188786
1197,OPTIMAL,v1:upper,664.5205872343267
1198,OPTIMAL,v1:upper,80.60405094680942
1199,OPTIMAL,v2:upper,58.19086615273296
1200,OPTIMAL,v2:upper,236.62667132661363
1201,OPTIMAL,v2:upper,253.7005274122199
1202,OPTIMAL,v2:upper,146.38590611229733
1203,OPTIMAL,v2:upper,232.12548585489904
1204,OPTIMAL,v2:upper,181.74322894253308
1205,OPTIMAL,v2:upper,169.1870109449998
1206,OPTIMAL,v2:upper,155.41147168702526
1207,OPTIMAL,v2:upper,114.06504452842913
1208,OPTIMAL,v2:upper,85.8902159874944
1209,OPTIMAL,v2:upper,175.3030363099414
1210,OPTIMAL,v1:upper,233.33350736515422
1211,OPTIMAL,v2:upper,133.70560333713937
1212,OPTIMAL,v2:upper,105.16114605783554
1213,OPTIMAL,v2:upper,24.54563726063982
1214,OPTIMAL,v1:upper,302.22677416663595
1215,OPTIMAL,v2:upper,137.40718341362765
1216,OPTIMAL,v2:upper,63.741963482593285
1217,OPTIMAL,v2:upper,331.67926042330726
1218,OPTIMAL,v2:upper,127.6076369151791
1219,OPTIMAL,v2:upper,196.74621885805286
1220,OPTIMAL,v2:upper,414.96108394595035
1221,OPTIMAL,v2:upper,188.31021081134776
1222,OPTIMAL,v1:upper,679.5925292971536
1223,OPTIMAL,v2:upper,127.23953948801272
1224,OPTIMAL,v2:upper,240.32077042877222
1225,OPTIMAL,v2:upper,123.30186812711638
1226,OPTIMAL,v2:upper,111.9628986526435
1227,OPTIMAL,v2:upper,92.28441642589485
1228,OPTIMAL,v2:upper,33.1527213922149
1229,OPTIMAL,v2:upper,116.92975891169925
1230,OPTIMAL,v2:upper,211.729412773912
1231,OPTIMAL,v2:upper,221.5091293225409
1232,OPTIMAL,v1:upper,122.51533214303197
1233,OPTIMAL,v1:upper,277.297995569167
1234,OPTIMAL,v2:upper,170.0797963705903
1235,OPTIMAL,v2:upper,47.19063155767571
1236,OPTIMAL,v2:upper,212.04910664544246
1237,OPTIMAL,v2:upper,74.14480942561664
1238,OPTIMAL,v1:upper,331.6832217749054
1239,OPTIMAL,v2:upper,29.00469510834663
1240,OPTIMAL,v2:upper,13.08240577878323
1241,OPTIMAL,v1:upper,100.86288863757292
1242,OPTIMAL,v2:upper,105.09347879413161
1243,OPTIMAL,v2:upper,79.35953362012265
1244,OPTIMAL,v1:upper,161.70006886230476
1245,OPTIMAL,v2:upper,29.705204136673018
1246,OPTIMAL,v2:upper,59.78653503999895
1247,OPTIMAL,v2:upper,98.47997985367446
1248,OPTIMAL,v2:upper,57.70590290371179
1249,OPTIMAL,v2:upper,46.004590971150414
1250,OPTIMAL,v2:upper,198.58370102419184
1251,OPTIMAL,v2:upper,101.14617016554047
1252,OPTIMAL,v2:upper,147.34345749619746
1253,OPTIMAL,v2:upper,97.74616169267286
1254,OPTIMAL,v2:upper,411.8578096720339
1255,OPTIMAL,v2:upper,85.41910781021785
1256,OPTIMAL,v2:upper,576.4359399134061
1257,OPTIMAL,v2:upper,165.28960832585562
1258,OPTIMAL,v2:upper,136.6774807086671
1259,OPTIMAL,v2:upper,45.30598526036277
1260,OPTIMAL,v2:upper,478.51486743529404
1261,OPTIMAL,v2:upper,131.3684095432266
1262,OPTIMAL,v2:upper,157.2438114893861
1263,OPTIMAL,v2:upper,223.42839955827702
1264,OPTIMAL,v2:upper,44.32490023396179
1265,OPTIMAL,v2:upper,20.885577548088605
1266,OPTIMAL,v2:upper,125.66289826830399
1267,OPTIMAL,v2:upper,172.6069132826278
1268,OPTIMAL,v2:upper,496.4029770490063
1269,OPTIMAL,v2:upper,421.0753017259207
1270,OPTIMAL,v2:upper,75.7666260549407
1271,OPTIMAL,v2:upper,110.3716236149791
1272,OPTIMAL,v2:upper,182.99636780939713
1273,OPTIMAL,v2:upper,99.62639608277955
1274,OPTIMAL,v2:upper,237.97815103152143
1275,OPTIMAL,v2:upper,164.32121876747362
1276,OPTIMAL,v2:upper,19.16366767625596
1277,OPTIMAL,v2:upper,316.3226814612902
1278,OPTIMAL,v1:upper,71.31729493959438
1279,OPTIMAL,v2:upper,135.24438938237026
1280,OPTIMAL,v1:upper,62.908890777961005
1281,OPTIMAL,v2:upper,133.97520400189856
1282,OPTIMAL,v2:upper,129.47903895040736
1283,OPTIMAL,v2:upper,177.0706752777974
1284,OPTIMAL,v2:upper,362.5226232282902
1285,OPTIMAL,v2:upper,411.721462722076
1286,OPTIMAL,v2:upper,656.347059456328
1287,OPTIMAL,b1:lower;b2:lower;b3:upper;b4:upper;b5:lower;b6:upper;b7:upper;b8:upper;b14:lower,1000.0
1288,OPTIMAL,v2:upper,75.36442656410296
1289,OPTIMAL,v2:upper,113.94992254308367
1290,OPTIMAL,v1:upper,192.74925471099462
1291,OPTIMAL,v2:upper,150.9070954227272
1292,OPTIMAL,v2:upper,95.508040369883
1293,OPTIMAL,v2:upper,207.5193679996753
1294,OPTIMAL,v2:upper,70.28803233475061
1295,OPTIMAL,v2:upper,44.197771382510645
1296,OPTIMAL,v2:upper,516.3624045581103
1297,OPTIMAL,v2:upper,153.09963140448292
1298,OPTIMAL,v2:upper,13.384137231019885
1299,OPTIMAL,v2:upper,42.95859069998568
1300,OPTIMAL,v2:upper,67.22443417822836
1301,OPTIMAL,v2:upper,703.2220167589592
1302,OPTIMAL,v1:upper,120.54295526798649
1303,OPTIMAL,v2:upper,592.0709601522306
1304,OPTIMAL,v2:upper,31.39931964695424
1305,OPTIMAL,v2:upper,24.45545391690746
1306,OPTIMAL,v2:upper,177.0929724288535
1307,OPTIMAL,v2:upper,42.893191982611164
1308,OPTIMAL,v2:upper,88.33300847178006
1309,OPTIMAL,v2:upper,117.52869542030831
1310,OPTIMAL,v1:upper,134.4910890823364
1311,OPTIMAL,v2:upper,12.174132034656312
1312,OPTIMAL,v2:upper,93.06397427179827
1313,OPTIMAL,v2:upper,437.52280023326364
1314,OPTIMAL,v1:upper,198.4631629066115
1315,OPTIMAL,v2:upper,73.26815182438497
1316,OPTIMAL,v2:upper,31.557521183152904
1317,OPTIMAL,v2:upper,110.12619729169585
1318,OPTIMAL,v1:upper,111.30624565157471
1319,OPTIMAL,v2:upper,91.92284349166626
1320,OPTIMAL,v2:upper,126.7386141961375
1321,OPTIMAL,v2:upper,12.940762018250751
1322,OPTIMAL,v2:upper,62.14106338458372
1323,OPTIMAL,v2:upper,209.85059557646755
1324,OPTIMAL,v2:upper,310.3093743683332
1325,OPTIMAL,v2:upper,214.84191726990585
1326,OPTIMAL,v2:upper,68.25207502219106
1327,OPTIMAL,v2:upper,105.28710304751334
1328,OPTIMAL,v1:upper,404.0348170440644
1329,OPTIMAL,v1:upper,327.57807341735577
1330,OPTIMAL,v2:upper,167.91471742191456
1331,OPTIMAL,v2:upper,178.99867999611044
1332,OPTIMAL,v2:upper,128.02033328295252
1333,OPTIMAL,v2:upper,179.66151848635707
1334,OPTIMAL,v2:upper,393.6531473844447
1335,OPTIMAL,v2:upper,62.27347491436758
1336,OPTIMAL,v2:upper,222.72159577854114
1337,OPTIMAL,v2:upper,37.30162761945868
1338,OPTIMAL,v2:upper,160.07793972711136
1339,OPTIMAL,v2:upper,41.32264688281071
1340,OPTIMAL,v2:upper,151.1964020694281
1341,OPTIMAL,v2:upper,97.68834419965779
1342,OPTIMAL,v2:upper,10.7111147061643
1343,OPTIMAL,v2:upper,91.06008917182898
1344,OPTIMAL,v2:upper,536.1352903695448
1345,OPTIMAL,v2:upper,80.83787504170635
1346,OPTIMAL,v2:upper,52.70346382753287
1347,OPTIMAL,v1:upper,131.11570912609832
1348,OPTIMAL,v2:upper,600.8977595113697
1349,OPTIMAL,v2:upper,17.446410596985245
1350,OPTIMAL,v2:upper,136.9863367366696
1351,OPTIMAL,v2:upper,195.38340702728084
1352,OPTIMAL,v2:upper,155.3711256959772
1353,OPTIMAL,v2:upper,39.51050464991945
1354,OPTIMAL,v2:upper,87.46950629177883
1355,OPTIMAL,v2:upper,12.468198558523849
1356,OPTIMAL,v2:upper,421.780382459182
1357,OPTIMAL,v2:upper,107.27087531313924
1358,OPTIMAL,v2:upper,146.31422099561522
1359,OPTIMAL,v2:upper,82.76065875823514
1360,OPTIMAL,v2:upper,27.38447564822251
1361,OPTIMAL,v2:upper,35.759943938103525
1362,OPTIMAL,v2:upper,202.53458627111624
1363,OPTIMAL,v2:upper,23.67345781930161
1364,OPTIMAL,v1:upper,370.70881492786475
1365,OPTIMAL,v2:upper,45.066345546605014
1366,OPTIMAL,v2:upper,337.7440703973933
1367,OPTIMAL,v2:upper,179.02572874186885
1368,OPTIMAL,v1:upper,172.40823946151295
1369,OPTIMAL,v2:upper,147.7193865452593
1370,OPTIMAL,v2:upper,237.24240294621387
1371,OPTIMAL,v2:upper,11.649756933799495
1372,OPTIMAL,v2:upper,119.69544462189253
1373,OPTIMAL,v1:upper,106.58058351631944
1374,OPTIMAL,v1:upper,29.027869431965343
1375,OPTIMAL,v2:upper,222.8222043065226
1376,OPTIMAL,v2:upper,460.1551983738236
1377,OPTIMAL,v2:upper,459.1418193574696
1378,OPTIMAL,v2:upper,690.0596452609279
1379,OPTIMAL,v1:upper,335.71687818298216
1380,OPTIMAL,v2:upper,447.23028911374564
1381,OPTIMAL,v2:upper,251.02019416827306
1382,OPTIMAL,v2:upper,78.03267791386402
1383,OPTIMAL,v2:upper,168.2049557838047
1384,OPTIMAL,v2:upper,51.895041527763695
1385,OPTIMAL,v2:upper,87.98213924348771
1386,OPTIMAL,v2:upper,301.2868081443886
1387,OPTIMAL,v2:upper,102.2218523215629
1388,OPTIMAL,v2:upper,59.1803306377462
1389,OPTIMAL,v2:upper,368.5720049288368
1390,OPTIMAL,v2:upper,116.14195894905116
1391,OPTIMAL,v2:upper,136.19791849201243
1392,OPTIMAL,v2:upper,182.70264938111671
1393,OPTIMAL,v2:upper,312.2990688949002
1394,OPTIMAL,v2:upper,120.60566720635165
1395,OPTIMAL,v1:upper,39.20007452558114
1396,OPTIMAL,v2:upper,119.79032449543841
1397,OPTIMAL,v2:upper,119.7681930990006
1398,OPTIMAL,v2:upper,31.594834969082513
1399,OPTIMAL,v2:upper,225.0354988646521
1400,OPTIMAL,v1:upper,305.11946614466325
1401,OPTIMAL,v2:upper,30.360227922570527
1402,OPTIMAL,v2:upper,33.57095048376441
1403,OPTIMAL,v2:upper,28.738813641681762
1404,OPTIMAL,v2:upper,105.809887876221
1405,OPTIMAL,v1:upper,335.6612375979806
1406,OPTIMAL,v2:upper,104.48636053446964
1407,OPTIMAL,v2:upper,89.45312753788166
1408,OPTIMAL,v2:upper,221.95136220708747
1409,OPTIMAL,v1:upper,157.5861777990381
1410,OPTIMAL,v2:upper,81.00768474331021
1411,OPTIMAL,v1:upper,371.46584095331366
1412,OPTIMAL,v2:upper,267.3933184276441
1413,OPTIMAL,b1:lower;b2:lower;b3:upper;b4:upper;b5:lower;b6:upper;b7:upper;b8:upper;b14:lower,1000.0
1414,OPTIMAL,v2:upper,584.9854936520549
1415,OPTIMAL,v2:upper,75.73155374112963
1416,OPTIMAL,v2:upper,403.38649084050195
1417,OPTIMAL,v2:upper,405.5443279682924
1418,OPTIMAL,v2:upper,442.7837603135438
1419,OPTIMAL,v2:upper,305.68672245677624
1420,OPTIMAL,v2:upper,137.19086767153613
1421,OPTIMAL,v2:upper,177.9212845412574
1422,OPTIMAL,v1:upper,128.33556493924905
1423,OPTIMAL,v2:upper,163.01104236797082
1424,OPTIMAL,v2:upper,146.46671521113862
1425,OPTIMAL,v1:upper,133.2661180677404
1426,OPTIMAL,v2:upper,56.90625885460699
1427,OPTIMAL,v2:upper,532.2012401093699
1428,OPTIMAL,v2:upper,276.00222462347324
1429,OPTIMAL,v2:upper,52.55691546638127
1430,OPTIMAL,b1:lower;b2:lower;b3:upper;b4:upper;b5:lower;b6:upper;b7:upper;b8:upper;b14:lower,1000.0
1431,OPTIMAL,v1:upper,156.7674543652628
1432,OPTIMAL,v2:upper,72.84819985242834
1433,OPTIMAL,v2:upper,193.9902661020003
1434,OPTIMAL,v2:upper,69.38944333485175
1435,OPTIMAL,v2:upper,78.04659540446526
1436,OPTIMAL,v2:upper,66.21442811052817
1437,OPTIMAL,v2:upper,51.374193288397926
1438,OPTIMAL,v2:upper,181.21657303731752
1439,OPTIMAL,v2:upper,184.6405478809875
1440,OPTIMAL,v2:upper,116.33198144881403
1441,OPTIMAL,v2:upper,31.227162784500468
1442,OPTIMAL,v2:upper,119.33910972018666
1443,OPTIMAL,v2:upper,28.794838374148828
1444,OPTIMAL,v2:upper,119.19734450205027
1445,OPTIMAL,v2:upper,92.48252821916907
1446,OPTIMAL,v2:upper,49.22872225970733
1447,OPTIMAL,v2:upper,46.84935992536716
1448,OPTIMAL,v2:upper,84.87724543064606
1449,OPTIMAL,v2:upper,101.82395512387494
1450,OPTIMAL,v1:upper,342.048639922885
1451,OPTIMAL,v2:upper,131.50300919933764
1452,OPTIMAL,v1:upper,457.67776740990865
1453,OPTIMAL,v2:upper,136.62202279627238
1454,OPTIMAL,v2:upper,156.61112517452528
1455,OPTIMAL,v2:upper,62.862854567475694
1456,OPTIMAL,v1:upper,28.7576157494958
1457,OPTIMAL,v2:upper,73.38857624163336
1458,OPTIMAL,v2:upper,20.483447275620676
1459,OPTIMAL,v2:upper,34.61923049765404
1460,OPTIMAL,v2:upper,37.71955675778901
1461,OPTIMAL,v2:upper,114.77902831101535
1462,OPTIMAL,v2:upper,50.92576177895782
1463,OPTIMAL,v2:upper,170.27951553441724
1464,OPTIMAL,v2:upper,175.96579933678106
1465,OPTIMAL,v2:upper,15.123786232395167
1466,OPTIMAL,v2:upper,132.02552906819093
1467,OPTIMAL,v2:upper,115.2511534914776
1468,OPTIMAL,v2:upper,112.94453906269706
1469,OPTIMAL,v2:upper,30.366547402143443
1470,OPTIMAL,v2:upper,107.23135825987981
1471,OPTIMAL,v2:upper,107.2444250049424
1472,OPTIMAL,v2:upper,27.814500706600192
1473,OPTIMAL,v2:upper,52.68974212342482
1474,OPTIMAL,v2:upper,611.5841973960727
1475,OPTIMAL,v2:upper,50.99559655944504
1476,OPTIMAL,v1:upper,72.19564822104887
1477,OPTIMAL,v2:upper,163.69669805235293
1478,OPTIMAL,v1:upper,120.41718641939946
1479,OPTIMAL,v2:upper,303.46355172151294
1480,OPTIMAL,v2:upper,331.75053531622666
1481,OPTIMAL,v2:upper,599.916513401478
1482,OPTIMAL,v2:upper,79.65538609874271
1483,OPTIMAL,v2:upper,784.3607349511549
1484,OPTIMAL,v2:upper,121.68598724570556
1485,OPTIMAL,v1:upper,150.6433022364895
1486,OPTIMAL,b1:lower;b2:lower;b3:upper;b4:upper;b5:lower;b6:upper;b7:upper;b8:upper;b14:lower,1000.0
1487,OPTIMAL,v2:upper,82.55806551210124
1488,OPTIMAL,v2:upper,293.3872107631211
1489,OPTIMAL,v2:upper,45.901753908792344
1490,OPTIMAL,v2:upper,76.59428905491094
1491,OPTIMAL,v2:upper,248.6783158292311
1492,OPTIMAL,v2:upper,9.375574100423147
1493,OPTIMAL,v2:upper,50.86241521476225
1494,OPTIMAL,v1:upper,182.73084202828232
1495,OPTIMAL,v1:upper,904.9084246403193
1496,OPTIMAL,v2:upper,166.01025301502017
1497,OPTIMAL,v2:upper,317.6580778777771
1498,OPTIMAL,v1:upper,88.50394343823547
1499,OPTIMAL,v2:upper,59.93335571934007
1500,OPTIMAL,v2:upper,29.31869223551455
1501,OPTIMAL,v2:upper,51.45735434321015
1502,OPTIMAL,v2:upper,96.47644112563417
1503,OPTIMAL,v2:upper,37.14657237806668
1504,OPTIMAL,v1:upper,165.9105674533868
1505,OPTIMAL,v2:upper,266.54913493301603
1506,OPTIMAL,v2:upper,9.098240667233085
1507,OPTIMAL,v2:upper,312.042289821639
1508,OPTIMAL,v2:upper,54.14040309866194
1509,OPTIMAL,v2:upper,90.66539959465382
1510,OPTIMAL,v2:upper,85.03015846693266
1511,OPTIMAL,v2:upper,201.45804636430316
1512,OPTIMAL,v1:upper,86.40198125065865
1513,OPTIMAL,v2:upper,118.80664445019696
1514,OPTIMAL,v2:upper,11.558371539650981
1515,OPTIMAL,v2:upper,66.17800650953893
1516,OPTIMAL,v2:upper,740.676572649204
1517,OPTIMAL,v2:upper,490.4087555407781
1518,OPTIMAL,v2:upper,84.80114190764591
1519,OPTIMAL,v2:upper,265.46715649468894
1520,OPTIMAL,v2:upper,44.74197118478309
1521,OPTIMAL,v2:upper,314.7935165995255
1522,OPTIMAL,v2:upper,35.761748380218926
1523,OPTIMAL,v2:upper,132.87301367878217
1524,OPTIMAL,v2:upper,697.2727048099565
1525,OPTIMAL,v2:upper,446.6874565957767
1526,OPTIMAL,v2:upper,12.362251088855526
1527,OPTIMAL,v2:upper,54.57885940219961
1528,OPTIMAL,v2:upper,55.25565886753921
1529,OPTIMAL,v2:upper,29.87588273338399
1530,OPTIMAL,v2:upper,488.31086913298554
1531,OPTIMAL,v2:upper,117.5868050238886
1532,OPTIMAL,v2:upper,21.7461273181141
1533,OPTIMAL,v2:upper,79.33078642138004
1534,OPTIMAL,v2:upper,226.6774846569085
1535,OPTIMAL,v2:upper,373.84625763071404
1536,OPTIMAL,v2:upper,399.22877823652743
1537,OPTIMAL,v1:upper,324.32033233380605
1538,OPTIMAL,v2:upper,55.491638270894825
1539,OPTIMAL,v2:upper,129.12371275655602
1540,OPTIMAL,v2:upper,114.21316128845964
1541,OPTIMAL,v2:upper,77.16419995146039
1542,OPTIMAL,v2:upper,128.64510828518664
1543,OPTIMAL,v2:upper,130.85562335578982
1544,OPTIMAL,v2:upper,300.2715870540172
1545,OPTIMAL,v1:upper,573.2316934460813
1546,OPTIMAL,v2:upper,671.7084103481624
1547,OPTIMAL,v1:upper,99.32226026226716
1548,OPTIMAL,v2:upper,448.8872076451568
1549,OPTIMAL,v1:upper,111.49937297871011
1550,OPTIMAL,v2:upper,135.2813139695326
1551,OPTIMAL,v2:upper,196.28547558782597
1552,OPTIMAL,v2:upper,112.51286059009601
1553,OPTIMAL,v2:upper,153.82319868978627
1554,OPTIMAL,v2:upper,80.38605237994572
1555,OPTIMAL,v2:upper,113.33449105401152
1556,OPTIMAL,v2:upper,106.26955159021163
1557,OPTIMAL,v2:upper,151.2835836752174
1558,OPTIMAL,v2:upper,263.8711176826473
1559,OPTIMAL,v1:upper,16.263659514831136
1560,OPTIMAL,v2:upper,18.13425406969919
1561,OPTIMAL,v2:upper,222.77040907164562
1562,OPTIMAL,v2:upper,24.923131876275644
1563,OPTIMAL,v2:upper,83.68227813744204
1564,OPTIMAL,v2:upper,36.62093487813432
1565,OPTIMAL,v2:upper,25.499163779797374
1566,OPTIMAL,v2:upper,124.55235572322152
1567,OPTIMAL,v2:upper,33.24860137937306
1568,OPTIMAL,v1:upper,146.16889952253842
1569,OPTIMAL,v2:upper,11.98472485639283
1570,OPTIMAL,v2:upper,245.57539661266512
1571,OPTIMAL,v2:upper,115.98839263815837
1572,OPTIMAL,v2:upper,19.899126473095176
1573,OPTIMAL,v2:upper,17.203365750275516
1574,OPTIMAL,v2:upper,69.29226570264339
1575,OPTIMAL,v1:upper,60.38005994167811
1576,OPTIMAL,v2:upper,154.65715083622297
1577,OPTIMAL,v2:upper,99.19802040222145
1578,OPTIMAL,v2:upper,24.129420063914342
1579,OPTIMAL,v1:upper,50.21208562798081
1580,OPTIMAL,v2:upper,118.70872393918626
1581,OPTIMAL,v2:upper,252.30533538738513
1582,OPTIMAL,v1:upper,105.52203063202617
1583,OPTIMAL,v2:upper,125.98614028223348
1584,OPTIMAL,v2:upper,234.1978003569577
1585,OPTIMAL,v2:upper,36.29822236486625
1586,OPTIMAL,v2:upper,16.972197890390802
1587,OPTIMAL,v2:upper,39.37295710618695
1588,OPTIMAL,v2:upper,33.04081583747131
1589,OPTIMAL,v2:upper,143.2307079868831
1590,OPTIMAL,v2:upper,85.2452431811936
1591,OPTIMAL,v2:upper,100.26874544605174
1592,OPTIMAL,v1:upper,79.52140788802664
1593,OPTIMAL,v2:upper,25.028741429412943
1594,OPTIMAL,v2:upper,293.6312751474502
1595,OPTIMAL,v2:upper,53.99229366444818
1596,OPTIMAL,v2:upper,22.158191065290303
1597,OPTIMAL,v2:upper,610.9036131465065
1598,OPTIMAL,v2:upper,253.1362182208753
1599,OPTIMAL,v2:upper,57.851468298458734
1600,OPTIMAL,v2:upper,68.06824377854201
1601,OPTIMAL,v2:upper,264.2984437941153
1602,OPTIMAL,v2:upper,172.88210510525337
1603,OPTIMAL,v2:upper,78.15497944332887
1604,OPTIMAL,v2:upper,306.9492587711884
1605,OPTIMAL,v2:upper,272.5081624253927
1606,OPTIMAL,v2:upper,81.58929808432374
1607,OPTIMAL,v2:upper,174.9060399552331
1608,OPTIMAL,v2:upper,323.3866961106043
1609,OPTIMAL,v2:upper,25.77876950453309
1610,OPTIMAL,v2:upper,111.11976822873939
1611,OPTIMAL,v1:upper,225.99731833746222
1612,OPTIMAL,v2:upper,504.9393643801793
1613,OPTIMAL,v2:upper,73.7930192433883
1614,OPTIMAL,v2:upper,90.0642227577438
1615,OPTIMAL,v2:upper,37.09073313970015
1616,OPTIMAL,v2:upper,412.0486911440978
1617,OPTIMAL,v2:upper,89.56554215885028
1618,OPTIMAL,v1:upper,145.803164708313
1619,OPTIMAL,v2:upper,178.49490307915502
1620,OPTIMAL,v2:upper,58.79689641947377
1621,OPTIMAL,v2:upper,12.343484641381252
1622,OPTIMAL,b1:lower;b2:lower;b3:upper;b4:upper;b5:lower;b6:upper;b7:upper;b8:upper;b14:lower,1000.0
1623,OPTIMAL,v2:upper,51.04310253355309
1624,OPTIMAL,v2:upper,240.79979281510026
1625,OPTIMAL,v1:upper,277.184206340649
1626,OPTIMAL,v2:upper,57.71249454410181
1627,OPTIMAL,v2:upper,96.23969381431333
1628,OPTIMAL,v2:upper,35.87577890394814
1629,OPTIMAL,v2:upper,90.75713521135422
1630,OPTIMAL,v2:upper,82.35766161294373
1631,OPTIMAL,v1:upper,289.89864779061116
1632,OPTIMAL,v2:upper,222.23851196241
1633,OPTIMAL,v2:upper,140.97990277975066
1634,OPTIMAL,v1:upper,60.85631336611015
1635,OPTIMAL,v2:upper,267.03017241501215
1636,OPTIMAL,v2:upper,41.3474709500961
1637,OPTIMAL,v2:upper,399.69380288131333
1638,OPTIMAL,v1:upper,11.320845496769042
1639,OPTIMAL,v2:upper,429.998088385693
1640,OPTIMAL,v2:upper,7.170738067530237
1641,OPTIMAL,v2:upper,555.0820628574927
1642,OPTIMAL,v2:upper,33.68158055875702
1643,OPTIMAL,v2:upper,119.77027465937282
1644,OPTIMAL,v2:upper,309.4337063047334
1645,OPTIMAL,v2:upper,44.307601057957065
1646,OPTIMAL,v2:upper,108.63548453130777
1647,OPTIMAL,v2:upper,175.42077245762684
1648,OPTIMAL,v2:upper,114.35307041219667
1649,OPTIMAL,v2:upper,601.126550411025
1650,OPTIMAL,v2:upper,67.93283241250832
1651,OPTIMAL,v2:upper,49.92097849864991
1652,OPTIMAL,v2:upper,79.84237110113014
1653,OPTIMAL,v2:upper,443.7109381269812
1654,OPTIMAL,v1:upper,77.43161847017008
1655,OPTIMAL,v1:upper,71.66865357489745
1656,OPTIMAL,v2:upper,178.88455853417824
1657,OPTIMAL,v2:upper,112.75006851098388
1658,OPTIMAL,v1:upper,26.430426785082258
1659,OPTIMAL,v2:upper,66.27092020509538
1660,OPTIMAL,v2:upper,171.0039474751871
1661,OPTIMAL,v2:upper,105.27830524303722
1662,OPTIMAL,v1:upper,192.46668202553033
1663,OPTIMAL,v2:upper,81.62517603339653
1664,OPTIMAL,v2:upper,123.31893010516863
1665,OPTIMAL,v1:upper,124.78427092134329
1666,OPTIMAL,v2:upper,289.13050934303743
1667,OPTIMAL,v2:upper,324.63073927120195
1668,OPTIMAL,v2:upper,56.28520845157768
1669,OPTIMAL,v2:upper,111.32152185876815
1670,OPTIMAL,v2:upper,254.64315942553338
1671,OPTIMAL,v2:upper,113.16618796687041
1672,OPTIMAL,v1:upper,115.65622647362567
1673,OPTIMAL,v2:upper,21.188984610003338
1674,OPTIMAL,v2:upper,64.68042992050412
1675,OPTIMAL,v2:upper,878.7793483844417
1676,OPTIMAL,v2:upper,444.0785765875513
1677,OPTIMAL,v2:upper,22.490716578660756
1678,OPTIMAL,v2:upper,114.97964213212542
1679,OPTIMAL,v2:upper,342.6178991226232
1680,OPTIMAL,v2:upper,672.3145499385114
1681,OPTIMAL,v2:upper,157.77768524029892
1682,OPTIMAL,v2:upper,194.6750295475749
1683,OPTIMAL,v2:upper,232.95319264512915
1684,OPTIMAL,v2:upper,71.05099644931053
1685,OPTIMAL,v2:upper,460.5390832109653
1686,OPTIMAL,v2:upper,15.228640205194155
1687,OPTIMAL,v2:upper,217.470387282841
1688,OPTIMAL,v2:upper,62.02500732962196
1689,OPTIMAL,v2:upper,122.81087463062994
1690,OPTIMAL,v2:upper,262.97439410799825
1691,OPTIMAL,v2:upper,269.7604426247364
1692,OPTIMAL,v2:upper,95.33427309339464
1693,OPTIMAL,v2:upper,53.952536868493
1694,OPTIMAL,v2:upper,479.641524775752
1695,OPTIMAL,v2:upper,63.264935287833815
1696,OPTIMAL,v2:upper,75.25497391839421
1697,OPTIMAL,v2:upper,53.3688962010238
1698,OPTIMAL,v2:upper,128.08589245372866
1699,OPTIMAL,v2:upper,35.18204615603474
1700,OPTIMAL,v2:upper,32.28903346711306
1701,OPTIMAL,v2:upper,94.33174830992685
1702,OPTIMAL,v2:upper,149.64671394144673
1703,OPTIMAL,v2:upper,77.16152087767975
1704,OPTIMAL,v2:upper,389.47142754638816
1705,OPTIMAL,v2:upper,15.647725417039549
1706,OPTIMAL,v2:upper,70.79426898630004
1707,OPTIMAL,v2:upper,94.82092988071044
1708,OPTIMAL,v2:upper,120.56636541493295
1709,OPTIMAL,v2:upper,31.88730806246437
1710,OPTIMAL,v2:upper,146.84606697072203
1711,OPTIMAL,v2:upper,35.301679419309565
1712,OPTIMAL,v2:upper,195.72804127448637
1713,OPTIMAL,v2:upper,74.90270455847734
1714,OPTIMAL,v2:upper,204.2464404042816
1715,OPTIMAL,v2:upper,68.02831550713049
1716,OPTIMAL,v1:upper,214.57326215038856
1717,OPTIMAL,v2:upper,211.3799161947363
1718,OPTIMAL,v1:upper,63.80064710553708
1719,OPTIMAL,v2:upper,18.718503545450112
1720,OPTIMAL,v2:upper,212.07303615693138
1721,OPTIMAL,v2:upper,28.309839175950867
1722,OPTIMAL,v2:upper,214.7752936267468
1723,OPTIMAL,v2:upper,58.62994111359853
1724,OPTIMAL,v2:upper,14.035577551078537
1725,OPTIMAL,v2:upper,123.96842691407409
1726,OPTIMAL,v2:upper,108.0700284093994
1727,OPTIMAL,v2:upper,205.21786008598517
1728,OPTIMAL,v2:upper,703.9650012771552
1729,OPTIMAL,v2:upper,499.62841663366004
1730,OPTIMAL,v2:upper,76.87686617816655
1731,OPTIMAL,v2:upper,51.47502030530699
1732,OPTIMAL,v2:upper,20.842360007870354
1733,OPTIMAL,v2:upper,23.052259577697356
1734,OPTIMAL,v2:upper,70.40229702953344
1735,OPTIMAL,v1:upper,92.78726558639578
1736,OPTIMAL,v2:upper,34.82306340768464
1737,OPTIMAL,v2:upper,112.77381004466054
1738,OPTIMAL,v2:upper,130.28635073730408
1739,OPTIMAL,v2:upper,56.74848846962126
1740,OPTIMAL,v2:upper,63.17292078049889
1741,OPTIMAL,v2:upper,198.81210136497728
1742,OPTIMAL,v1:upper,318.93518621063686
1743,OPTIMAL,v2:upper,83.64979230704624
1744,OPTIMAL,v2:upper,131.74304985685347
1745,OPTIMAL,v2:upper,223.4193367741293
1746,OPTIMAL,v2:upper,111.34558817210365
1747,OPTIMAL,v2:upper,399.9967366485855
1748,OPTIMAL,v2:upper,65.8918024519045
1749,OPTIMAL,v2:upper,23.776026307491335
1750,OPTIMAL,v1:upper,53.480715264503274
1751,OPTIMAL,b1:lower;b2:lower;b3:upper;b4:upper;b5:lower;b6:upper;b7:upper;b8:upper;b14:lower,1000.0
1752,OPTIMAL,v2:upper,276.5058897611906
1753,OPTIMAL,v2:upper,519.785872623004
1754,OPTIMAL,v2:upper,593.0827203787759
1755,OPTIMAL,v1:upper,205.8534627673853
1756,OPTIMAL,v2:upper,185.40313345310656
1757,OPTIMAL,v1:upper,92.39688127748171
1758,OPTIMAL,v2:upper,63.44023826951357
1759,OPTIMAL,v2:upper,50.14675618847681
1760,OPTIMAL,v2:upper,125.13683531981934
1761,OPTIMAL,v2:upper,112.63745351172832
1762,OPTIMAL,v2:upper,54.587805898088924
1763,OPTIMAL,v2:upper,68.96518971353045
1764,OPTIMAL,v2:upper,59.350787819144074
1765,OPTIMAL,v2:upper,32.671482045773544
1766,OPTIMAL,v2:upper,52.59017472697775
1767,OPTIMAL,v1:upper,256.84542779301273
1768,OPTIMAL,v2:upper,233.19843768513803
1769,OPTIMAL,v2:upper,101.0136315982492
1770,OPTIMAL,v2:upper,47.21058699855752
1771,OPTIMAL,v2:upper,75.45636250336031
1772,OPTIMAL,v2:upper,203.96967414185823
1773,OPTIMAL,v2:upper,158.5787892735109
1774,OPTIMAL,v1:upper,438.47095178793757
1775,OPTIMAL,v2:upper,58.00856925046366
1776,OPTIMAL,v2:upper,90.19697431776652
1777,OPTIMAL,v2:upper,59.02283077108231
1778,OPTIMAL,v2:upper,82.57674394350997
1779,OPTIMAL,v1:upper,61.916857150545624
1780,OPTIMAL,v2:upper,357.2178060315608
1781,OPTIMAL,v2:upper,44.1389718764387
1782,OPTIMAL,v2:upper,141.76618616432845
1783,OPTIMAL,v2:upper,91.47815401427687
1784,OPTIMAL,v2:upper,43.6536920563734
1785,OPTIMAL,v2:upper,128.28518961901588
1786,OPTIMAL,v2:upper,929.3647019118871
1787,OPTIMAL,v2:upper,483.9509016917154
1788,OPTIMAL,v2:upper,102.12598819455609
1789,OPTIMAL,v2:upper,25.14767997739416
1790,OPTIMAL,v2:upper,31.405855270294474
1791,OPTIMAL,v2:upper,75.2425196571576
1792,OPTIMAL,v2:upper,44.55494130122724
1793,OPTIMAL,v2:upper,32.32095916801918
1794,OPTIMAL,v2:upper,374.49020878097673
1795,OPTIMAL,v2:upper,348.72323580428986
1796,OPTIMAL,v2:upper,295.1828958111852
1797,OPTIMAL,v2:upper,61.58175012279331
1798,OPTIMAL,v2:upper,98.77573423704288
1799,OPTIMAL,v2:upper,93.58161980937005
1800,OPTIMAL,v1:upper,52.5086031668972
1801,OPTIMAL,v1:upper,94.70341846380384
1802,OPTIMAL,v2:upper,23.853179544974484
1803,OPTIMAL,v2:upper,48.62661835140244
1804,OPTIMAL,v2:upper,118.44964366997739
1805,OPTIMAL,v2:upper,198.59872677078909
1806,OPTIMAL,v2:upper,237.3858553014071
1807,OPTIMAL,v2:upper,189.6206323915589
1808,OPTIMAL,v2:upper,33.66882496636801
1809,OPTIMAL,v2:upper,71.36063378713776
1810,OPTIMAL,v1:upper,121.42545658707179
1811,OPTIMAL,v2:upper,67.28521049482238
1812,OPTIMAL,v1:upper,233.47514092671128
1813,OPTIMAL,v2:upper,54.64730570634807
1814,OPTIMAL,v1:upper,53.835977232829826
1815,OPTIMAL,v2:upper,25.769508514383347
1816,OPTIMAL,v1:upper,145.06392867565404
1817,OPTIMAL,v2:upper,50.61736843465301
1818,OPTIMAL,v2:upper,83.50071885082203
1819,OPTIMAL,v2:upper,113.31609692544107
1820,OPTIMAL,v2:upper,76.98814407696625
1821,OPTIMAL,v2:upper,164.96763269574566
1822,OPTIMAL,v2:upper,404.1061269243662
1823,OPTIMAL,v2:upper,64.11872647454985
1824,OPTIMAL,v2:upper,170.0467814943252
1825,OPTIMAL,v2:upper,76.39761037538659
1826,OPTIMAL,v2:upper,127.68885812480951
1827,OPTIMAL,v2:upper,336.32615185738405
1828,OPTIMAL,v2:upper,274.5081340759167
1829,OPTIMAL,v2:upper,188.6956655244349
1830,OPTIMAL,v2:upper,192.3421664721477
1831,OPTIMAL,v2:upper,90.5681913227019
1832,OPTIMAL,v2:upper,48.40222422886856
1833,OPTIMAL,v2:upper,190.49470400987354
1834,OPTIMAL,v2:upper,165.76056439812345
1835,OPTIMAL,v2:upper,207.16725175110545
1836,OPTIMAL,v2:upper,44.131043163128695
1837,OPTIMAL,v2:upper,38.30931376222895
1838,OPTIMAL,v2:upper,46.12403447791347
1839,OPTIMAL,v2:upper,27.849394557731543
1840,OPTIMAL,v2:upper,40.79982286520582
1841,OPTIMAL,v2:upper,441.8237070552942
1842,OPTIMAL,v2:upper,4.222541044366942
1843,OPTIMAL,v2:upper,33.80986050249585
1844,OPTIMAL,v2:upper,66.50831801468726
1845,OPTIMAL,v2:upper,27.239221456097606
1846,OPTIMAL,v2:upper,221.23025104728742
1847,OPTIMAL,v2:upper,126.14491398882333
1848,OPTIMAL,v1:upper,292.07421223583856
1849,OPTIMAL,v2:upper,138.2580096822461
1850,OPTIMAL,v2:upper,72.98788732442131
1851,OPTIMAL,v2:upper,32.87931129137362
1852,OPTIMAL,v1:upper,459.6427876783003
1853,OPTIMAL,v2:upper,64.51011727358893
1854,OPTIMAL,v2:upper,254.54604881286133
1855,OPTIMAL,v2:upper,122.76781875544945
1856,OPTIMAL,v2:upper,208.609814429535
1857,OPTIMAL,v2:upper,234.72576482951757
1858,OPTIMAL,v2:upper,47.14912912890088
1859,OPTIMAL,v2:upper,199.3384283865923
1860,OPTIMAL,v2:upper,232.86707432286096
1861,OPTIMAL,v2:upper,109.45490964502011
1862,OPTIMAL,v2:upper,66.22884872264878
1863,OPTIMAL,v2:upper,133.94902079243283
1864,OPTIMAL,v2:upper,238.7715479798897
1865,OPTIMAL,v2:upper,460.9463971215861
1866,OPTIMAL,v2:upper,265.29259238106005
1867,OPTIMAL,v1:upper,92.30020034147641
1868,OPTIMAL,v2:upper,285.528691905911
1869,OPTIMAL,v2:upper,105.09508872868642
1870,OPTIMAL,v2:upper,65.15315526758502
1871,OPTIMAL,v1:upper,77.66644850313763
1872,OPTIMAL,v2:upper,837.5958966817801
1873,OPTIMAL,v2:upper,119.56011491433424
1874,OPTIMAL,v2:upper,195.37775253821601
1875,OPTIMAL,v2:upper,596.763659663673
1876,OPTIMAL,v2:upper,307.9643948063484
1877,OPTIMAL,v2:upper,102.80264225426691
1878,OPTIMAL,v1:upper,113.34937408486182
1879,OPTIMAL,v2:upper,245.02470802498812
1880,OPTIMAL,v1:upper,166.4759561939216
1881,OPTIMAL,v1:upper,167.6304578354771
1882,OPTIMAL,v2:upper,37.92733748738426
1883,OPTIMAL,v2:upper,76.03929541703788
1884,OPTIMAL,v2:upper,87.87670442627103
1885,OPTIMAL,v2:upper,435.1504250180058
1886,OPTIMAL,v1:upper,102.45358693836366
1887,OPTIMAL,v2:upper,116.96030963481248
1888,OPTIMAL,v2:upper,272.345902275545
1889,OPTIMAL,v2:upper,73.0093151893727
1890,OPTIMAL,v2:upper,67.65492696569834
1891,OPTIMAL,v2:upper,30.86312071945243
1892,OPTIMAL,v2:upper,9.541515621689227
1893,OPTIMAL,v2:upper,33.11620522832442
1894,OPTIMAL,v2:upper,103.89810794586215
1895,OPTIMAL,v2:upper,80.61317491428456
1896,OPTIMAL,v1:upper,338.903085500369
1897,OPTIMAL,v2:upper,504.18204213008914
1898,OPTIMAL,v2:upper,213.357199684891
1899,OPTIMAL,v2:upper,274.3113837524317
1900,OPTIMAL,v2:upper,570.8658178672066
1901,OPTIMAL,v2:upper,117.23741200598006
1902,OPTIMAL,v2:upper,51.56760384053212
1903,OPTIMAL,v2:upper,36.40306203451687
1904,OPTIMAL,v1:upper,72.8793541993659
1905,OPTIMAL,v2:upper,80.64414526740963
1906,OPTIMAL,v2:upper,132.08061702929385
1907,OPTIMAL,v2:upper,63.00734741424448
1908,OPTIMAL,v2:upper,185.54734474123583
1909,OPTIMAL,v1:upper,104.31967593026235
1910,OPTIMAL,v2:upper,127.90321464195979
1911,OPTIMAL,v2:upper,40.36876652549883
1912,OPTIMAL,v2:upper,124.14104590418907
1913,OPTIMAL,v2:upper,61.964304990886625
1914,OPTIMAL,v2:upper,257.25285585768563
1915,OPTIMAL,v2:upper,141.32795691763778
1916,OPTIMAL,v2:upper,60.78719410965952
1917,OPTIMAL,v2:upper,71.27869118268853
1918,OPTIMAL,v2:upper,125.57442052704425
1919,OPTIMAL,v1:upper,79.9757824425068
1920,OPTIMAL,v2:upper,110.41683979904901
1921,OPTIMAL,v2:upper,14.427262362598462
1922,OPTIMAL,v2:upper,127.98838606306661
1923,OPTIMAL,v2:upper,331.2027764676022
1924,OPTIMAL,v2:upper,88.98304765954408
1925,OPTIMAL,v2:upper,134.41969315633858
1926,OPTIMAL,v2:upper,170.05280637154348
1927,OPTIMAL,v2:upper,93.98616635486269
1928,OPTIMAL,v2:upper,179.57092257007784
1929,OPTIMAL,v2:upper,97.19596713480455
1930,OPTIMAL,v2:upper,32.8929578232768
1931,OPTIMAL,v2:upper,129.59767105016627
1932,OPTIMAL,v2:upper,527.5247646165567
1933,OPTIMAL,v2:upper,76.31169729805795
1934,OPTIMAL,v2:upper,577.9329138322956
1935,OPTIMAL,v2:upper,21.93382069533376
1936,OPTIMAL,v2:upper,179.96001020754807
1937,OPTIMAL,v1:upper,183.97692057027112
1938,OPTIMAL,v2:upper,98.97497211327031
1939,OPTIMAL,v2:upper,242.13123001890705
1940,OPTIMAL,v2:upper,156.01167415180834
1941,OPTIMAL,v2:upper,165.09707895998807
1942,OPTIMAL,v1:upper,108.41453259702435
1943,OPTIMAL,v2:upper,63.86848195563071
1944,OPTIMAL,v2:upper,58.55768582363657
1945,OPTIMAL,v2:upper,185.02311332834935
1946,OPTIMAL,v2:upper,77.54775597531139
1947,OPTIMAL,v2:upper,108.14349677207754
1948,OPTIMAL,v2:upper,29.60437502096256
1949,OPTIMAL,v2:upper,113.32661782147122
1950,OPTIMAL,v1:upper,126.45016942716683
1951,OPTIMAL,v2:upper,300.89200956864016
1952,OPTIMAL,v2:upper,18.381987835120015
1953,OPTIMAL,v2:upper,53.148279809721785
1954,OPTIMAL,v2:upper,80.19982747911277
1955,OPTIMAL,v2:upper,24.28823786264743
1956,OPTIMAL,v2:upper,200.83827847289223
1957,OPTIMAL,v2:upper,156.93910643423325
1958,OPTIMAL,v2:upper,16.503769781000933
1959,OPTIMAL,v2:upper,66.6549641213177
1960,OPTIMAL,v2:upper,83.20781430578995
1961,OPTIMAL,v2:upper,58.33438402754735
1962,OPTIMAL,v2:upper,112.78003657250613
1963,OPTIMAL,v2:upper,72.5112891578941
1964,OPTIMAL,v2:upper,44.113530687612524
1965,OPTIMAL,v2:upper,166.64569606319452
1966,OPTIMAL,v2:upper,100.92134744624016
1967,OPTIMAL,v1:upper,271.07986780500664
1968,OPTIMAL,v2:upper,125.10676147318698
1969,OPTIMAL,v2:upper,80.99087413101965
1970,OPTIMAL,v2:upper,384.55765324805463
1971,OPTIMAL,v2:upper,206.5306153507619
1972,OPTIMAL,v2:upper,186.39658746704623
1973,OPTIMAL,v2:upper,574.8961411209849
1974,OPTIMAL,v2:upper,276.9291219835935
1975,OPTIMAL,v2:upper,116.55673808686319
1976,OPTIMAL,v2:upper,105.61098274437899
1977,OPTIMAL,v2:upper,47.73705983094819
1978,OPTIMAL,v1:upper,446.26393774219343
1979,OPTIMAL,v2:upper,169.78597361531777
1980,OPTIMAL,v1:upper,313.4965687060936
1981,OPTIMAL,v2:upper,219.54130619694726
1982,OPTIMAL,v2:upper,113.00919145362994
1983,OPTIMAL,v2:upper,70.67275273732825
1984,OPTIMAL,v2:upper,143.33139750585272
1985,OPTIMAL,v2:upper,23.930156446056902
1986,OPTIMAL,v2:upper,59.73270659111503
1987,OPTIMAL,v2:upper,9.569552498020466
1988,OPTIMAL,v2:upper,189.8044711574957
1989,OPTIMAL,v2:upper,60.388019467292686
1990,OPTIMAL,v2:upper,51.599125837517946
1991,OPTIMAL,v2:upper,34.256928269608224
1992,OPTIMAL,v2:upper,701.6396412888105
1993,OPTIMAL,v2:upper,555.9648581164324
1994,OPTIMAL,v2:upper,219.8955468143259
1995,OPTIMAL,v2:upper,291.15393223770576
1996,OPTIMAL,v2:upper,32.679919071670945
1997,OPTIMAL,v2:upper,85.75067984663988
1998,OPTIMAL,v2:upper,36.08552139441654
1999,OPTIMAL,v2:upper,157.25129087302733
2000,OPTIMAL,v2:upper,23.480711477617948
2001,OPTIMAL,v2:upper,55.39833992653203
2002,OPTIMAL,v2:upper,534.4413157854481
2003,OPTIMAL,v2:upper,72.11393897300499
2004,OPTIMAL,v2:upper,419.7308648498395
2005,OPTIMAL,v2:upper,49.10715128254328
2006,OPTIMAL,v2:upper,116.08547034704841
2007,OPTIMAL,v1:upper,154.68769206903806
2008,OPTIMAL,v2:upper,116.2939844809876
2009,OPTIMAL,v2:upper,818.1843035997989
2010,OPTIMAL,v2:upper,50.94314889824257
2011,OPTIMAL,v2:upper,106.57965995123702
2012,OPTIMAL,v2:upper,118.63875493508723
2013,OPTIMAL,v2:upper,21.96380551980242
2014,OPTIMAL,v2:upper,221.9610393853384
2015,OPTIMAL,v1:upper,554.2868354394963
2016,OPTIMAL,v2:upper,75.470801117699
2017,OPTIMAL,v2:upper,145.20207870888095
2018,OPTIMAL,v2:upper,222.2361180776715
2019,OPTIMAL,v2:upper,121.38922647800106
2020,OPTIMAL,v2:upper,67.71416081292787
2021,OPTIMAL,v2:upper,46.96318420333779
2022,OPTIMAL,v2:upper,89.19212931169523
2023,OPTIMAL,v2:upper,103.16422471537827
2024,OPTIMAL,v2:upper,283.19154901698624
2025,OPTIMAL,v2:upper,104.239730286008
2026,OPTIMAL,v2:upper,136.15410276745308
2027,OPTIMAL,v2:upper,6.33802892923238
2028,OPTIMAL,v1:upper,300.9313430818939
2029,OPTIMAL,v2:upper,282.38286511015326
2030,OPTIMAL,v1:upper,89.37330314421192
2031,OPTIMAL,v2:upper,159.84839957334412
2032,OPTIMAL,v2:upper,112.20259462175305
2033,OPTIMAL,v2:upper,201.66246780403355
2034,OPTIMAL,v2:upper,52.38986799090814
2035,OPTIMAL,v1:upper,572.5764144158378
2036,OPTIMAL,v2:upper,24.2616254082737
2037,OPTIMAL,v2:upper,91.32658294918504
2038,OPTIMAL,v2:upper,27.599944464464325
2039,OPTIMAL,v2:upper,92.67942329244056
2040,OPTIMAL,v2:upper,224.19943770390628
2041,OPTIMAL,v2:upper,75.95707043917596
2042,OPTIMAL,v2:upper,82.07548431749905
2043,OPTIMAL,v2:upper,181.65981148998424
2044,OPTIMAL,v2:upper,83.63822166461848
2045,OPTIMAL,v2:upper,919.4600359266874
2046,OPTIMAL,v2:upper,263.34907216336546
2047,OPTIMAL,v2:upper,66.18396524747575
2048,OPTIMAL,v2:upper,182.36904080607343
2049,OPTIMAL,v2:upper,328.5718719308431
2050,OPTIMAL,v2:upper,198.04628158697338
2051,OPTIMAL,v2:upper,164.9832916911303
2052,OPTIMAL,v2:upper,294.96958164351014
2053,OPTIMAL,v2:upper,33.75499701605825
2054,OPTIMAL,v2:upper,48.55006271181538
2055,OPTIMAL,v2:upper,24.297196670031873
2056,OPTIMAL,v2:upper,117.40940212068251
2057,OPTIMAL,v1:upper,293.57632042927077
2058,OPTIMAL,v2:upper,51.972315741579514
2059,OPTIMAL,v2:upper,92.98415921480158
2060,OPTIMAL,v2:upper,456.1513143337016
2061,OPTIMAL,v2:upper,36.106998517992544
2062,OPTIMAL,v2:upper,56.49266512011362
2063,OPTIMAL,v2:upper,167.3804275203467
2064,OPTIMAL,v2:upper,80.781370452318
2065,OPTIMAL,v2:upper,227.13483681700592
2066,OPTIMAL,v2:upper,288.1333217350308
2067,OPTIMAL,v2:upper,114.75827533302221
2068,OPTIMAL,v2:upper,70.31677483512786
2069,OPTIMAL,v2:upper,54.89745093121146
2070,OPTIMAL,v2:upper,122.1727682070948
2071,OPTIMAL,v2:upper,32.74550011644472
2072,OPTIMAL,v2:upper,38.04362147745789
2073,OPTIMAL,v2:upper,216.17159887725106
2074,OPTIMAL,v1:upper,41.48283373132866
2075,OPTIMAL,v2:upper,178.3064253334319
2076,OPTIMAL,v2:upper,875.9575955649598
2077,OPTIMAL,v2:upper,488.42881265498124
2078,OPTIMAL,v2:upper,56.71400136326588
2079,OPTIMAL,v2:upper,74.24208663801012
2080,OPTIMAL,v2:upper,16.101184910532883
2081,OPTIMAL,v2:upper,94.5008153131383
2082,OPTIMAL,v2:upper,292.36865859836035
2083,OPTIMAL,v2:upper,29.148859845523397
2084,OPTIMAL,v2:upper,202.0635933973766
2085,OPTIMAL,v2:upper,236.04894570868439
2086,OPTIMAL,v1:upper,191.334454011211
2087,OPTIMAL,v2:upper,706.8810781782253
2088,OPTIMAL,v2:upper,42.950919276053106
2089,OPTIMAL,v2:upper,81.89130770677438
2090,OPTIMAL,v2:upper,248.95751238534586
2091,OPTIMAL,v2:upper,253.34598720696667
2092,OPTIMAL,v2:upper,102.05202831032945
2093,OPTIMAL,v2:upper,179.46760514389146
2094,OPTIMAL,v2:upper,294.82653584659494
2095,OPTIMAL,v2:upper,61.96750998282749
2096,OPTIMAL,v2:upper,100.72227249640581
2097,OPTIMAL,v2:upper,143.51277564479267
2098,OPTIMAL,v2:upper,62.17507939470656
2099,OPTIMAL,v2:upper,51.271024013279614
2100,OPTIMAL,v1:upper,68.31461166995624
2101,OPTIMAL,v2:upper,186.39532777131637
2102,OPTIMAL,v2:upper,195.37230634615017
2103,OPTIMAL,v2:upper,164.8408700779863
2104,OPTIMAL,v2:upper,144.2799942373246
2105,OPTIMAL,v2:upper,234.62178439449997
2106,OPTIMAL,v2:upper,79.67183392296707
2107,OPTIMAL,v2:upper,156.62625692247786
2108,OPTIMAL,v2:upper,38.66889681386082
2109,OPTIMAL,v2:upper,103.98389488407301
2110,OPTIMAL,v2:upper,140.06623518220613
2111,OPTIMAL,v1:upper,85.62185195864028
2112,OPTIMAL,v2:upper,149.4418487779924
2113,OPTIMAL,v1:upper,252.45493143945006
2114,OPTIMAL,v2:upper,33.20790440997422
2115,OPTIMAL,v2:upper,37.441094959502315
2116,OPTIMAL,v2:upper,262.7925961712163
2117,OPTIMAL,v2:upper,26.476403890233467
2118,OPTIMAL,v2:upper,74.74985581586132
2119,OPTIMAL,v2:upper,100.0281344839882
2120,OPTIMAL,v2:upper,31.827217111738648
2121,OPTIMAL,v2:upper,42.011244053316666
2122,OPTIMAL,v1:upper,152.77122939941862
2123,OPTIMAL,v2:upper,101.33179051081841
2124,OPTIMAL,v2:upper,156.3705653910819
2125,OPTIMAL,v2:upper,72.2000261573803
2126,OPTIMAL,v2:upper,26.00359165471505
2127,OPTIMAL,v2:upper,83.33143081307267
2128,OPTIMAL,v2:upper,417.0174825143651
2129,OPTIMAL,v2:upper,126.3972967428002
2130,OPTIMAL,v2:upper,160.33156592731126
2131,OPTIMAL,v2:upper,115.62513995279264
2132,OPTIMAL,v1:upper,71.74329185755163
2133,OPTIMAL,v2:upper,157.40310004658303
2134,OPTIMAL,v2:upper,335.85275819327535
2135,OPTIMAL,v2:upper,271.4765563585478
2136,OPTIMAL,v1:upper,30.2632946088038
2137,OPTIMAL,v2:upper,20.812488710209884
2138,OPTIMAL,v2:upper,113.09396507747613
2139,OPTIMAL,v2:upper,135.54123598941874
2140,OPTIMAL,v2:upper,122.86008218700647
2141,OPTIMAL,v2:upper,11.903417885231573
2142,OPTIMAL,v2:upper,179.5306072063915
2143,OPTIMAL,v2:upper,56.006649068791404
2144,OPTIMAL,v2:upper,52.576091064910806
2145,OPTIMAL,v2:upper,251.83839384930005
2146,OPTIMAL,v2:upper,42.62262624087295
2147,OPTIMAL,v2:upper,62.49885912458794
2148,OPTIMAL,v2:upper,348.5314542965995
2149,OPTIMAL,v2:upper,96.11400027534161
2150,OPTIMAL,v2:upper,136.41637716701777
2151,OPTIMAL,v2:upper,117.35971131511967
2152,OPTIMAL,v2:upper,54.06411596404005
2153,OPTIMAL,v2:upper,274.39053519703504
2154,OPTIMAL,v2:upper,102.37381613247913
2155,OPTIMAL,v1:upper,151.17837355542056
2156,OPTIMAL,v2:upper,76.8651655637191
2157,OPTIMAL,v2:upper,18.61915493537463
2158,OPTIMAL,v2:upper,388.547125995656
2159,OPTIMAL,v1:upper,45.90298038815461
2160,OPTIMAL,v2:upper,65.06049285550563
2161,OPTIMAL,v2:upper,177.1371975483655
2162,OPTIMAL,v2:upper,280.53090052654824
2163,OPTIMAL,v2:upper,95.75007423981558
2164,OPTIMAL,v2:upper,566.3447018513775
2165,OPTIMAL,v2:upper,18.87757372613888
2166,OPTIMAL,v2:upper,324.7707969429542
2167,OPTIMAL,v2:upper,84.62838237943313
2168,OPTIMAL,v2:upper,64.8958637873456
2169,OPTIMAL,v2:upper,568.7438234926475
2170,OPTIMAL,v2:upper,236.5201510806989
2171,OPTIMAL,v2:upper,148.1808688246079
2172,OPTIMAL,v2:upper,122.17642532799276
2173,OPTIMAL,v2:upper,79.41387991936865
2174,OPTIMAL,v2:upper,417.9266830813039
2175,OPTIMAL,v2:upper,16.677342116709696
2176,OPTIMAL,v2:upper,245.14184454239157
2177,OPTIMAL,v2:upper,98.35664959385802
2178,OPTIMAL,v2:upper,132.1544637456177
2179,OPTIMAL,v2:upper,394.5373079598277
2180,OPTIMAL,v2:upper,42.29931184035499
2181,OPTIMAL,v2:upper,465.24327543823927
2182,OPTIMAL,v2:upper,10.034610436933
2183,OPTIMAL,v2:upper,59.58130919269926
2184,OPTIMAL,v2:upper,128.02748342029525
2185,OPTIMAL,v1:upper,338.90433276022
2186,OPTIMAL,v1:upper,180.13088219126877
2187,OPTIMAL,v1:upper,137.81624747207962
2188,OPTIMAL,v2:upper,70.96154468444823
2189,OPTIMAL,v2:upper,69.10897714913189
2190,OPTIMAL,v2:upper,46.613722617039286
2191,OPTIMAL,v1:upper,303.4632214366938
2192,OPTIMAL,v2:upper,97.51840855204159
2193,OPTIMAL,v2:upper,71.44872445447274
2194,OPTIMAL,v2:upper,49.97619638152796
2195,OPTIMAL,v2:upper,85.32994934416853
2196,OPTIMAL,v2:upper,35.477450601613334
2197,OPTIMAL,v1:upper,210.9625206058759
2198,OPTIMAL,v2:upper,26.41572756247332
2199,OPTIMAL,v2:upper,243.35160773563652
2200,OPTIMAL,v2:upper,51.99896440299495
2201,OPTIMAL,v2:upper,17.146399411607902
2202,OPTIMAL,v2:upper,94.59056126675449
2203,OPTIMAL,v2:upper,489.8307600479687
2204,OPTIMAL,v2:upper,69.35390468847811
2205,OPTIMAL,v2:upper,491.45671872694317
2206,OPTIMAL,v1:upper,255.76224048751888
2207,OPTIMAL,v2:upper,252.10699134459372
2208,OPTIMAL,v2:upper,242.58316571165864
2209,OPTIMAL,v2:upper,73.60643736604118
2210,OPTIMAL,v2:upper,106.2414359945253
2211,OPTIMAL,v2:upper,212.53142313075065
2212,OPTIMAL,v2:upper,167.242402213056
2213,OPTIMAL,v2:upper,151.23928987895226
2214,OPTIMAL,v2:upper,85.36014464954788
2215,OPTIMAL,v2:upper,480.01312476632955
2216,OPTIMAL,v2:upper,256.77611578344965
2217,OPTIMAL,v2:upper,95.67561035745926
2218,OPTIMAL,v2:upper,36.70585011059286
2219,OPTIMAL,v2:upper,228.55000161197592
2220,OPTIMAL,v2:upper,385.9662614794923
2221,OPTIMAL,v2:upper,206.62364038436516
2222,OPTIMAL,v2:upper,52.63632083708757
2223,OPTIMAL,v2:upper,92.19745248051882
2224,OPTIMAL,v2:upper,82.42668173065398
2225,OPTIMAL,v2:upper,91.11302247129537
2226,OPTIMAL,v2:upper,80.26707873994738
2227,OPTIMAL,v2:upper,291.49485760980815
2228,OPTIMAL,v2:upper,45.33569758416656
2229,OPTIMAL,v2:upper,74.1462866493613
2230,OPTIMAL,v2:upper,141.21643358520535
2231,OPTIMAL,v2:upper,140.75258585900858
2232,OPTIMAL,v1:upper,103.94680265825951
2233,OPTIMAL,v2:upper,103.20614412079189
2234,OPTIMAL,v2:upper,31.87237480407521
2235,OPTIMAL,v2:upper,71.72845400177667
2236,OPTIMAL,v2:upper,89.49381294346807
2237,OPTIMAL,v2:upper,89.86558401303635
2238,OPTIMAL,v2:upper,145.49115945724716
2239,OPTIMAL,v2:upper,210.16329765719416
2240,OPTIMAL,v2:upper,254.9770261667462
2241,OPTIMAL,v2:upper,131.12083632004877
2242,OPTIMAL,v2:upper,33.40292180597496
2243,OPTIMAL,v2:upper,60.30589221060642
2244,OPTIMAL,v2:upper,100.07597930660565
2245,OPTIMAL,v2:upper,164.3794883447029
2246,OPTIMAL,v1:upper,72.07937161859749
2247,OPTIMAL,v2:upper,464.27793544839085
2248,OPTIMAL,v1:upper,41.80941067932946
2249,OPTIMAL,v2:upper,64.77464350112507
2250,OPTIMAL,v2:upper,184.61262266791826
2251,OPTIMAL,v2:upper,291.84507244761585
2252,OPTIMAL,v2:upper,23.23067298594245
2253,OPTIMAL,v2:upper,108.3069815580671
2254,OPTIMAL,v2:upper,195.03314390890043
2255,OPTIMAL,v2:upper,413.6348112148959
2256,OPTIMAL,v2:upper,84.4895440759724
2257,OPTIMAL,v2:upper,46.160187038786304
2258,OPTIMAL,v2:upper,52.44062996445244
2259,OPTIMAL,v2:upper,149.5501522274501
2260,OPTIMAL,v2:upper,35.84166684065293
2261,OPTIMAL,v2:upper,120.049966157118
2262,OPTIMAL,v2:upper,52.28658756263007
2263,OPTIMAL,v2:upper,128.8130394633266
2264,OPTIMAL,v2:upper,58.86334259862952
2265,OPTIMAL,v2:upper,136.06742408770646
2266,OPTIMAL,v2:upper,87.56741850532208
2267,OPTIMAL,v2:upper,210.57888865496855
2268,OPTIMAL,v2:upper,90.2678388511007
2269,OPTIMAL,v2:upper,75.51362599547156
2270,OPTIMAL,v2:upper,61.309549847182794
2271,OPTIMAL,v1:upper,149.30907870347843
2272,OPTIMAL,v2:upper,22.084624223031707
2273,OPTIMAL,v2:upper,311.98281785364816
2274,OPTIMAL,v2:upper,71.1296520968131
2275,OPTIMAL,v2:upper,33.92957663732136
2276,OPTIMAL,v2:upper,186.38058389664815
2277,OPTIMAL,v2:upper,629.1326677890555
2278,OPTIMAL,v2:upper,85.18682894412422
2279,OPTIMAL,v2:upper,232.00103293126128
2280,OPTIMAL,v1:upper,478.1293017408117
2281,OPTIMAL,v2:upper,47.24969722079436
2282,OPTIMAL,v2:upper,186.64899228236666
2283,OPTIMAL,v2:upper,51.51344239909461
2284,OPTIMAL,v2:upper,16.743339421234367
2285,OPTIMAL,v2:upper,33.63188466484006
2286,OPTIMAL,v2:upper,82.59326488112404
2287,OPTIMAL,v1:upper,189.0188893034448
2288,OPTIMAL,v2:upper,51.72844912213499
2289,OPTIMAL,v2:upper,170.1477838955436
2290,OPTIMAL,v2:upper,60.21473340146336
2291,OPTIMAL,v2:upper,127.31196616706998
2292,OPTIMAL,v2:upper,236.48147993659887
2293,OPTIMAL,v1:upper,133.44073193578944
2294,OPTIMAL,v2:upper,52.25831814109971
2295,OPTIMAL,v2:upper,77.51494983602694
2296,OPTIMAL,v1:upper,134.17126527564642
2297,OPTIMAL,v2:upper,374.8821566779214
2298,OPTIMAL,v2:upper,126.32606692202931
2299,OPTIMAL,v2:upper,152.5696117814905
2300,OPTIMAL,v2:upper,329.7409207576609
2301,OPTIMAL,v2:upper,75.1056809753118
2302,OPTIMAL,v1:upper,65.22254649282469
2303,OPTIMAL,v2:upper,239.6207400733095
2304,OPTIMAL,v2:upper,320.45764769988
2305,OPTIMAL,v2:upper,186.20772531572885
2306,OPTIMAL,v2:upper,76.12324110985128
2307,OPTIMAL,v2:upper,112.67404275135198
2308,OPTIMAL,v2:upper,155.41469823783206
2309,OPTIMAL,v2:upper,105.51932223781101
2310,OPTIMAL,v2:upper,542.4245978130841
2311,OPTIMAL,v2:upper,61.727429198558426
2312,OPTIMAL,v2:upper,90.68629440893473
2313,OPTIMAL,v2:upper,9.096703550115027
2314,OPTIMAL,v1:upper,425.47407876516826
2315,OPTIMAL,v2:upper,467.5930697595124
2316,OPTIMAL,v2:upper,73.32057187355561
2317,OPTIMAL,v2:upper,356.37267015383134
2318,OPTIMAL,v1:upper,187.14315822825927
2319,OPTIMAL,v2:upper,132.92099001755994
2320,OPTIMAL,v1:upper,312.52438135075585
2321,OPTIMAL,v2:upper,40.11318731177899
2322,OPTIMAL,v1:upper,53.51952013523136
2323,OPTIMAL,v2:upper,52.94022858875405
2324,OPTIMAL,v2:upper,112.00108115499945
2325,OPTIMAL,v2:upper,42.077804464151846
2326,OPTIMAL,v1:upper,60.62444420281545
2327,OPTIMAL,v2:upper,41.65100136777451
2328,OPTIMAL,v2:upper,107.05956376796192
2329,OPTIMAL,v2:upper,133.0882964250902
2330,OPTIMAL,v2:upper,191.25999422274086
2331,OPTIMAL,v2:upper,172.73401199359608
2332,OPTIMAL,v2:upper,146.36671024534374
2333,OPTIMAL,v2:upper,296.69358387619104
2334,OPTIMAL,v2:upper,333.88082485510796
2335,OPTIMAL,v2:upper,12.959824813495292
2336,OPTIMAL,v2:upper,142.19752740615138
2337,OPTIMAL,v2:upper,24.58321971455056
2338,OPTIMAL,v2:upper,16.837135001244402
2339,OPTIMAL,v2:upper,146.94258151370772
2340,OPTIMAL,v2:upper,70.16060797867232
2341,OPTIMAL,v2:upper,38.67238690750708
2342,OPTIMAL,v2:upper,68.17222362853826
2343,OPTIMAL,v2:upper,159.18867595515272
2344,OPTIMAL,v2:upper,68.91486024123783
2345,OPTIMAL,v2:upper,17.172696186411446
2346,OPTIMAL,v2:upper,338.4431977096573
2347,OPTIMAL,v2:upper,29.273183749953873
2348,OPTIMAL,v2:upper,17.15351591807074
2349,OPTIMAL,v2:upper,260.2720794972473
2350,OPTIMAL,v2:upper,14.777952854725369
2351,OPTIMAL,v2:upper,172.72070710222027
2352,OPTIMAL,v2:upper,85.65870746626945
2353,OPTIMAL,v2:upper,90.87984746850765
2354,OPTIMAL,v2:upper,85.51307052460116
2355,OPTIMAL,v2:upper,76.54976456512071
2356,OPTIMAL,v2:upper,60.26892641138118
2357,OPTIMAL,v1:upper,235.6237377126765
2358,OPTIMAL,v2:upper,354.6454919399245
2359,OPTIMAL,v2:upper,21.19164504768941
2360,OPTIMAL,v2:upper,66.89821323706126
2361,OPTIMAL,v2:upper,28.790467901008512
2362,OPTIMAL,v1:upper,146.1920575086159
2363,OPTIMAL,v2:upper,37.05191426080393
2364,OPTIMAL,v2:upper,15.153005171624317
2365,OPTIMAL,v2:upper,79.35773071638799
2366,OPTIMAL,v2:upper,205.00022573526957
2367,OPTIMAL,v2:upper,226.4431070798918
2368,OPTIMAL,v1:upper,114.71404221661903
2369,OPTIMAL,v2:upper,97.50869773157804
2370,OPTIMAL,v2:upper,254.80535670582998
2371,OPTIMAL,v1:upper,216.11962552348342
2372,OPTIMAL,v1:upper,23.30038261797266
2373,OPTIMAL,v2:upper,247.84969288618365
2374,OPTIMAL,v2:upper,286.95431038677236
2375,OPTIMAL,v2:upper,166.42471935710515
2376,OPTIMAL,v2:upper,136.17864019296016
2377,OPTIMAL,v2:upper,424.65976372498017
2378,OPTIMAL,v1:upper,434.79305508002636
2379,OPTIMAL,v2:upper,124.21463659402949
2380,OPTIMAL,v1:upper,31.828833545019943
2381,OPTIMAL,v2:upper,71.85405039828979
2382,OPTIMAL,v2:upper,360.5865940576114
2383,OPTIMAL,v2:upper,71.39876823032547
2384,OPTIMAL,v1:upper,145.61613989727664
2385,OPTIMAL,v2:upper,26.630117843882505
2386,OPTIMAL,v2:upper,78.72230948198248
2387,OPTIMAL,v2:upper,195.8649027122129
2388,OPTIMAL,v2:upper,105.7515769922214
2389,OPTIMAL,v2:upper,238.8726147843015
2390,OPTIMAL,v2:upper,60.63710726704387
2391,OPTIMAL,v2:upper,370.50972360326875
2392,OPTIMAL,v2:upper,90.51574730617531
2393,OPTIMAL,v2:upper,108.21222701612638
2394,OPTIMAL,v2:upper,213.46397653055874
2395,OPTIMAL,v2:upper,58.69266145754093
2396,OPTIMAL,v2:upper,557.3851574812402
2397,OPTIMAL,v2:upper,125.93182330433544
2398,OPTIMAL,v2:upper,116.37482679976843
2399,OPTIMAL,v2:upper,11.007958410112455
2400,OPTIMAL,v2:upper,138.33337087277627
2401,OPTIMAL,v2:upper,369.8449874533068
2402,OPTIMAL,v2:upper,53.18620723135087
2403,OPTIMAL,v2:upper,89.98610007886064
2404,OPTIMAL,v2:upper,248.71926316508004
2405,OPTIMAL,v1:upper,159.7877464571218
2406,OPTIMAL,v2:upper,122.15587563526172
2407,OPTIMAL,v2:upper,516.9474251943672
2408,OPTIMAL,v2:upper,126.4984856636452
2409,OPTIMAL,v2:upper,34.32406221561065
2410,OPTIMAL,v2:upper,84.1290945164528
2411,OPTIMAL,v2:upper,91.87496456022085
2412,OPTIMAL,v2:upper,54.09872685784997
2413,OPTIMAL,v2:upper,138.2039074330612
2414,OPTIMAL,v1:upper,500.84892271244536
2415,OPTIMAL,v2:upper,87.03336960243169
2416,OPTIMAL,v2:upper,79.3297300192337
2417,OPTIMAL,v2:upper,54.367484720152255
2418,OPTIMAL,v1:upper,69.17762551274642
2419,OPTIMAL,v2:upper,138.88888186077693
2420,OPTIMAL,v2:upper,280.3912770225171
2421,OPTIMAL,v2:upper,224.42855539736976
2422,OPTIMAL,v2:upper,107.76799638144178
2423,OPTIMAL,v2:upper,26.8086588721536
2424,OPTIMAL,v2:upper,51.97416037091093
2425,OPTIMAL,v2:upper,69.43252454473323
2426,OPTIMAL,v2:upper,193.1615742529141
2427,OPTIMAL,v2:upper,81.0150372002582
2428,OPTIMAL,v2:upper,106.9866503645008
2429,OPTIMAL,v1:upper,263.1295436064489
2430,OPTIMAL,v2:upper,46.812283062492064
2431,OPTIMAL,v2:upper,193.68815387206422
2432,OPTIMAL,v2:upper,166.0320131842648
2433,OPTIMAL,v1:upper,200.3027288064211
2434,OPTIMAL,v2:upper,109.0656682044772
2435,OPTIMAL,v2:upper,34.210167369380315
2436,OPTIMAL,v2:upper,125.4110048382071
2437,OPTIMAL,v2:upper,36.13634629688765
2438,OPTIMAL,v2:upper,31.455044855545697
2439,OPTIMAL,v2:upper,78.80116823464793
2440,OPTIMAL,v2:upper,134.21280183818791
2441,OPTIMAL,v2:upper,42.838942804580434
2442,OPTIMAL,v2:upper,46.4960945867627
2443,OPTIMAL,v2:upper,787.4838039713471
2444,OPTIMAL,v1:upper,254.2275887196005
2445,OPTIMAL,v2:upper,119.04938271690668
2446,OPTIMAL,v2:upper,248.13312115166408
2447,OPTIMAL,v1:upper,193.76944147767904
2448,OPTIMAL,v2:upper,79.3101626962319
2449,OPTIMAL,v2:upper,43.23184133177786
2450,OPTIMAL,v2:upper,112.56532334935027
2451,OPTIMAL,v2:upper,130.9887107764427
2452,OPTIMAL,v2:upper,59.58114606479215
2453,OPTIMAL,v2:upper,40.934950478707094
2454,OPTIMAL,v2:upper,55.091839755951426
2455,OPTIMAL,v2:upper,86.72561540385517
2456,OPTIMAL,v2:upper,40.118395207574835
2457,OPTIMAL,v2:upper,31.3514920901553
2458,OPTIMAL,v2:upper,92.90330271876697
2459,OPTIMAL,v2:upper,283.80549930323986
2460,OPTIMAL,v2:upper,305.54365880049806
2461,OPTIMAL,v2:upper,44.91346346636522
2462,OPTIMAL,v1:upper,297.72050578661106
2463,OPTIMAL,v1:upper,74.20572422167137
2464,OPTIMAL,v2:upper,35.864091687029855
2465,OPTIMAL,v2:upper,23.569561420046075
2466,OPTIMAL,v2:upper,42.39236621945252
2467,OPTIMAL,v2:upper,156.0519612867701
2468,OPTIMAL,v1:upper,275.0136034479059
2469,OPTIMAL,v2:upper,235.65675100035602
2470,OPTIMAL,v2:upper,47.11516335158438
2471,OPTIMAL,v2:upper,720.5456134907553
2472,OPTIMAL,v2:upper,236.61536882137105
2473,OPTIMAL,v2:upper,108.25385634119591
2474,OPTIMAL,v2:upper,28.81231549941919
2475,OPTIMAL,v2:upper,79.45377955673105
2476,OPTIMAL,v1:upper,101.83637197179833
2477,OPTIMAL,v1:upper,79.09595919566407
2478,OPTIMAL,v2:upper,92.67171071477925
2479,OPTIMAL,v2:upper,93.31590564979388
2480,OPTIMAL,v2:upper,22.05075286073415
2481,OPTIMAL,v2:upper,27.72633715239118
2482,OPTIMAL,v2:upper,232.47729456035873
2483,OPTIMAL,v2:upper,160.58110262224787
2484,OPTIMAL,v2:upper,274.52615712070656
2485,OPTIMAL,v2:upper,20.07742233222795
2486,OPTIMAL,v2:upper,252.8923488152646
2487,OPTIMAL,v2:upper,125.53215181371989
2488,OPTIMAL,v2:upper,291.4015008110356
2489,OPTIMAL,v2:upper,41.114325485455545
2490,OPTIMAL,v2:upper,251.754602617705
2491,OPTIMAL,v2:upper,223.39362788075235
2492,OPTIMAL,v2:upper,107.1932305547963
2493,OPTIMAL,v2:upper,154.91969381116056
2494,OPTIMAL,v2:upper,47.65451217714083
2495,OPTIMAL,v2:upper,77.36413588627995
2496,OPTIMAL,v2:upper,152.65603733256245
2497,OPTIMAL,v2:upper,24.590030067472053
2498,OPTIMAL,v2:upper,67.16038901327713
2499,OPTIMAL,v2:upper,27.403417215977154
2500,OPTIMAL,v2:upper,40.65836494564238
2501,OPTIMAL,v2:upper,48.43697036520126
2502,OPTIMAL,v2:upper,155.8510069770952
2503,OPTIMAL,v1:upper,218.00464148354592
2504,OPTIMAL,v2:upper,36.04188183381206
2505,OPTIMAL,v2:upper,43.08140281878122
2506,OPTIMAL,v2:upper,22.08541836220811
2507,OPTIMAL,v2:upper,141.58631655549672
2508,OPTIMAL,v2:upper,177.21606982065882
2509,OPTIMAL,v2:upper,19.806508451355082
2510,OPTIMAL,v2:upper,367.1105965607619
2511,OPTIMAL,v2:upper,20.074453134577812
2512,OPTIMAL,v2:upper,21.92450952926756
2513,OPTIMAL,v2:upper,21.046370420894664
2514,OPTIMAL,v2:upper,78.23783405712362
2515,OPTIMAL,v2:upper,55.00111916263823
2516,OPTIMAL,v2:upper,290.5819248511382
2517,OPTIMAL,v2:upper,44.35722386348065
2518,OPTIMAL,v2:upper,144.2481838668688
2519,OPTIMAL,v2:upper,487.7495688749621
2520,OPTIMAL,v2:upper,138.7933851900878
2521,OPTIMAL,v2:upper,65.96349427012845
2522,OPTIMAL,v2:upper,474.6999004625042
2523,OPTIMAL,v2:upper,90.49843304475898
2524,OPTIMAL,v2:upper,82.81602710714759
2525,OPTIMAL,v2:upper,70.92252260362565
2526,OPTIMAL,v1:upper,509.4415568586653
2527,OPTIMAL,v2:upper,82.59902604723975
2528,OPTIMAL,v2:upper,26.875233009900658
2529,OPTIMAL,v1:upper,47.710261829353676
2530,OPTIMAL,v2:upper,36.40174579970176
2531,OPTIMAL,v2:upper,329.1060262363014
2532,OPTIMAL,v1:upper,182.91985896177584
2533,OPTIMAL,v2:upper,113.17596907980375
2534,OPTIMAL,v2:upper,121.36925073737953
2535,OPTIMAL,v2:upper,245.38464749710684
2536,OPTIMAL,v2:upper,90.45812483659961
2537,OPTIMAL,v2:upper,142.89538586209684
2538,OPTIMAL,v2:upper,79.50393910287451
2539,OPTIMAL,v2:upper,296.6329436091437
2540,OPTIMAL,v2:upper,149.61378718358657
2541,OPTIMAL,v2:upper,84.36937986024148
2542,OPTIMAL,v2:upper,94.3420961337864
2543,OPTIMAL,v2:upper,292.5673997459082
2544,OPTIMAL,v1:upper,125.78963814848768
2545,OPTIMAL,v2:upper,44.582271066475606
2546,OPTIMAL,v2:upper,39.33898986511566
2547,OPTIMAL,v2:upper,216.80380064925046
2548,OPTIMAL,v2:upper,147.8876727894335
2549,OPTIMAL,v2:upper,26.25061156597914
2550,OPTIMAL,v2:upper,99.01629773479895
2551,OPTIMAL,v1:upper,59.82042649918738
2552,OPTIMAL,v1:upper,118.33386541093576
2553,OPTIMAL,v2:upper,209.26601532144875
2554,OPTIMAL,v2:upper,13.687104506626508
2555,OPTIMAL,v2:upper,58.25846444657906
2556,OPTIMAL,v2:upper,352.4855298933503
2557,OPTIMAL,v2:upper,233.48579576743504
2558,OPTIMAL,v2:upper,42.489308925829285
2559,OPTIMAL,v2:upper,160.14005199690737
2560,OPTIMAL,v2:upper,141.65747263045805
2561,OPTIMAL,b1:lower;b2:lower;b3:upper;b4:upper;b5:lower;b6:upper;b7:upper;b8:upper;b14:lower,1000.0
2562,OPTIMAL,v2:upper,38.256618271432814
2563,OPTIMAL,v2:upper,44.708123864834896
2564,OPTIMAL,v2:upper,159.43471252235508
2565,OPTIMAL,v2:upper,133.78200906307768
2566,OPTIMAL,v2:upper,228.25126625279148
2567,OPTIMAL,v2:upper,188.23396434833154
2568,OPTIMAL,v2:upper,125.5499069756791
2569,OPTIMAL,v2:upper,42.01611191400161
2570,OPTIMAL,v2:upper,276.6938108147867
2571,OPTIMAL,v2:upper,167.97526090713407
2572,OPTIMAL,v2:upper,34.15648494271506
2573,OPTIMAL,v2:upper,322.98445423678334
2574,OPTIMAL,v2:upper,287.43885242952206
2575,OPTIMAL,v1:upper,29.370068831336948
2576,OPTIMAL,v1:upper,163.09125371108715
2577,OPTIMAL,v2:upper,248.7215001882869
2578,OPTIMAL,v2:upper,282.7861395479512
2579,OPTIMAL,v2:upper,94.33716109469599
2580,OPTIMAL,v2:upper,58.968019338630555
2581,OPTIMAL,v1:upper,156.80701536564425
2582,OPTIMAL,v2:upper,242.20677371036518
2583,OPTIMAL,v1:upper,177.33486237893965
2584,OPTIMAL,v1:upper,573.8527050091718
2585,OPTIMAL,v2:upper,158.40896706546826
2586,OPTIMAL,v2:upper,227.15679768909845
2587,OPTIMAL,v2:upper,35.51631670929427
2588,OPTIMAL,v2:upper,16.702653611810547
2589,OPTIMAL,v2:upper,131.38248117563253
2590,OPTIMAL,v2:upper,33.73134652763304
2591,OPTIMAL,v2:upper,20.197773030399315
2592,OPTIMAL,v2:upper,302.00965687338027
2593,OPTIMAL,v2:upper,59.530092944876785
2594,OPTIMAL,v2:upper,40.8835130426736
2595,OPTIMAL,v2:upper,60.414634691248956
2596,OPTIMAL,v2:upper,72.3362988236115
2597,OPTIMAL,v2:upper,99.79014147757705
2598,OPTIMAL,v2:upper,275.44457923536936
2599,OPTIMAL,v2:upper,57.97973275138068
2600,OPTIMAL,v2:upper,237.34065521596852
2601,OPTIMAL,v2:upper,189.6823841279287
2602,OPTIMAL,v2:upper,100.55824429819205
2603,OPTIMAL,v1:upper,84.66525533971432
2604,OPTIMAL,v2:upper,236.61114147647595
2605,OPTIMAL,v2:upper,50.95915039734472
2606,OPTIMAL,v2:upper,194.62470654902523
2607,OPTIMAL,v2:upper,30.259005012315242
2608,OPTIMAL,v2:upper,177.21217898485037
2609,OPTIMAL,v2:upper,94.13632393998468
2610,OPTIMAL,v2:upper,92.1253820130192
2611,OPTIMAL,v2:upper,115.22531520698807
2612,OPTIMAL,v2:upper,64.79751939039028
2613,OPTIMAL,v2:upper,23.096348693608583
2614,OPTIMAL,v2:upper,547.6629554917556
2615,OPTIMAL,v2:upper,47.60242514783008
2616,OPTIMAL,v2:upper,144.16893318589953
2617,OPTIMAL,v2:upper,123.77583256849053
2618,OPTIMAL,v2:upper,203.58656615883137
2619,OPTIMAL,v2:upper,342.01254696982227
2620,OPTIMAL,v2:upper,65.01214511663797
2621,OPTIMAL,v2:upper,190.81046379987202
2622,OPTIMAL,v2:upper,173.87724168006784
2623,OPTIMAL,v2:upper,56.42688146407747
2624,OPTIMAL,v2:upper,83.506222718527
2625,OPTIMAL,v2:upper,180.20997644735633
2626,OPTIMAL,v2:upper,130.8342964053259
2627,OPTIMAL,v2:upper,61.77068976625794
2628,OPTIMAL,v2:upper,243.2090343504406
2629,OPTIMAL,v2:upper,80.80939121761226
2630,OPTIMAL,v2:upper,348.84192707598254
2631,OPTIMAL,v2:upper,342.09237772250833
2632,OPTIMAL,v2:upper,78.54373587167936
2633,OPTIMAL,v2:upper,104.61414998104624
2634,OPTIMAL,v2:upper,100.51930293238432
2635,OPTIMAL,v2:upper,135.98793375964235
2636,OPTIMAL,v2:upper,389.3106565938628
2637,OPTIMAL,v2:upper,211.58531708990154
2638,OPTIMAL,v2:upper,22.70152758817214
2639,OPTIMAL,v2:upper,178.0335678177658
2640,OPTIMAL,v2:upper,21.72006435646007
2641,OPTIMAL,v2:upper,120.87450353422942
2642,OPTIMAL,v2:upper,297.54856784313296
2643,OPTIMAL,b1:lower;b2:lower;b3:upper;b4:upper;b5:lower;b6:upper;b7:upper;b8:upper;b14:lower,1000.0
2644,OPTIMAL,v2:upper,203.57662656387663
2645,OPTIMAL,v1:upper,83.27938955865164
2646,OPTIMAL,v2:upper,111.67477332079035
2647,OPTIMAL,v2:upper,216.68125994136412
2648,OPTIMAL,v2:upper,73.05973010769165
2649,OPTIMAL,v2:upper,14.058559653924636
2650,OPTIMAL,v2:upper,100.81672829886439
2651,OPTIMAL,v2:upper,448.7934658993679
2652,OPTIMAL,v2:upper,21.498716486051865
2653,OPTIMAL,v2:upper,37.23493227650325
2654,OPTIMAL,v1:upper,130.62375693241177
2655,OPTIMAL,v1:upper,164.7559710436354
2656,OPTIMAL,v1:upper,50.72784656004136
2657,OPTIMAL,v2:upper,55.79937839469293
2658,OPTIMAL,v1:upper,39.861706884994526
2659,OPTIMAL,v2:upper,635.248527365122
2660,OPTIMAL,v2:upper,127.57639728660367
2661,OPTIMAL,v2:upper,53.9633638215694
2662,OPTIMAL,v2:upper,545.0711467308583
2663,OPTIMAL,v2:upper,237.8234288457332
2664,OPTIMAL,v2:upper,652.8850145145036
2665,OPTIMAL,v1:upper,288.652217334737
2666,OPTIMAL,v2:upper,177.35890004101935
2667,OPTIMAL,v2:upper,291.0113033602142
2668,OPTIMAL,v1:upper,149.12389390659692
2669,OPTIMAL,v2:upper,57.67677575753206
2670,OPTIMAL,v2:upper,146.81454478038873
2671,OPTIMAL,v2:upper,184.80241870158036
2672,OPTIMAL,v1:upper,161.55460848829782
2673,OPTIMAL,v2:upper,66.61368502197601
2674,OPTIMAL,v2:upper,142.53968120663373
2675,OPTIMAL,v1:upper,131.98328539934496
2676,OPTIMAL,v2:upper,74.52426763096489
2677,OPTIMAL,v2:upper,40.40696869584249
2678,OPTIMAL,v2:upper,244.27710390153217
2679,OPTIMAL,v2:upper,87.79589160539986
2680,OPTIMAL,v2:upper,61.89878912869592
2681,OPTIMAL,v1:upper,133.50573821458298
2682,OPTIMAL,v2:upper,32.855201634113016
2683,OPTIMAL,v1:upper,79.32868361734289
2684,OPTIMAL,v1:upper,192.47114660164831
2685,OPTIMAL,v2:upper,65.54040554251199
2686,OPTIMAL,v1:upper,872.1554676423926
2687,OPTIMAL,v2:upper,281.00897102335597
2688,OPTIMAL,v2:upper,266.10959338244925
2689,OPTIMAL,v2:upper,32.32153895086533
2690,OPTIMAL,v2:upper,114.05585080175314
2691,OPTIMAL,v1:upper,173.7125463448462
2692,OPTIMAL,v1:upper,412.58462806344886
2693,OPTIMAL,v1:upper,310.60547024422874
2694,OPTIMAL,v2:upper,213.48276971151006
2695,OPTIMAL,v2:upper,584.5177700682275
2696,OPTIMAL,v2:upper,15.250831776132863
2697,OPTIMAL,v1:upper,258.10800027683695
2698,OPTIMAL,v2:upper,110.99733536787275
2699,OPTIMAL,v2:upper,250.56150364129556
2700,OPTIMAL,v2:upper,849.3572353032654
2701,OPTIMAL,v2:upper,84.13045570294561
2702,OPTIMAL,v2:upper,20.50757838381674
2703,OPTIMAL,v2:upper,69.43048245990832
2704,OPTIMAL,v2:upper,70.20689994360471
2705,OPTIMAL,v2:upper,39.04874164876916
2706,OPTIMAL,v2:upper,92.37805078048623
2707,OPTIMAL,v2:upper,427.64176200121227
2708,OPTIMAL,v2:upper,72.62945033906549
2709,OPTIMAL,v2:upper,23.56591138221577
2710,OPTIMAL,v2:upper,873.4231504262706
2711,OPTIMAL,v1:upper,86.99799828478089
2712,OPTIMAL,v2:upper,167.74759810100002
2713,OPTIMAL,v2:upper,280.4791499308417
2714,OPTIMAL,v2:upper,433.79872471229396
2715,OPTIMAL,v2:upper,25.00211491293431
2716,OPTIMAL,v2:upper,260.9240930451894
2717,OPTIMAL,v2:upper,23.69738513997561
2718,OPTIMAL,v2:upper,172.07023989133714
2719,OPTIMAL,v2:upper,48.57334846712706
2720,OPTIMAL,v2:upper,145.47232538801504
2721,OPTIMAL,v2:upper,45.90421887918058
2722,OPTIMAL,v2:upper,203.14452243971664
2723,OPTIMAL,v2:upper,77.1614327588013
2724,OPTIMAL,v1:upper,201.09155667690038
2725,OPTIMAL,v2:upper,44.957018845351406
2726,OPTIMAL,v2:upper,69.1370479103616
2727,OPTIMAL,v2:upper,36.46592769521212
2728,OPTIMAL,v1:upper,493.8939852292647
2729,OPTIMAL,v2:upper,65.01197443778317
2730,OPTIMAL,v2:upper,78.51771346388503
2731,OPTIMAL,v2:upper,383.41226914113673
2732,OPTIMAL,v2:upper,400.38951783497015
2733,OPTIMAL,v2:upper,381.26935477113443
2734,OPTIMAL,v2:upper,89.5011475887155
2735,OPTIMAL,v1:upper,251.90398828152306
2736,OPTIMAL,v2:upper,58.03397385654651
2737,OPTIMAL,v2:upper,160.31819716351316
2738,OPTIMAL,v2:upper,114.07345375907161
2739,OPTIMAL,v2:upper,206.89803323296158
2740,OPTIMAL,v2:upper,69.15957945343207
2741,OPTIMAL,v2:upper,78.80001948119235
2742,OPTIMAL,v2:upper,285.6823091610676
2743,OPTIMAL,v2:upper,90.4352340924949
2744,OPTIMAL,v2:upper,57.53414294817286
2745,OPTIMAL,v2:upper,41.88452151796965
2746,OPTIMAL,v2:upper,137.19828948095102
2747,OPTIMAL,v2:upper,81.3515157375684
2748,OPTIMAL,v2:upper,194.47610340298564
2749,OPTIMAL,v1:upper,112.90709511220957
2750,OPTIMAL,v2:upper,75.81237734647102
2751,OPTIMAL,v2:upper,123.65589577350949
2752,OPTIMAL,v2:upper,218.81268052204274
2753,OPTIMAL,v2:upper,100.91868283966845
2754,OPTIMAL,v2:upper,84.8810307632158
2755,OPTIMAL,v2:upper,38.715444098708225
2756,OPTIMAL,v2:upper,69.90512341144132
2757,OPTIMAL,v2:upper,48.20318406567967
2758,OPTIMAL,v1:upper,800.0969987976915
2759,OPTIMAL,v2:upper,21.842183047730284
2760,OPTIMAL,v2:upper,77.53862568047263
2761,OPTIMAL,v2:upper,537.9671256080977
2762,OPTIMAL,v2:upper,19.199363449765713
2763,OPTIMAL,v2:upper,119.80815187281631
2764,OPTIMAL,v2:upper,194.221917208877
2765,OPTIMAL,v2:upper,6.762703956208757
2766,OPTIMAL,v2:upper,38.60222470494031
2767,OPTIMAL,v1:upper,339.07863855130955
2768,OPTIMAL,v2:upper,28.752661993380094
2769,OPTIMAL,v2:upper,77.53240653455012
2770,OPTIMAL,b1:lower;b2:lower;b3:upper;b4:upper;b5:lower;b6:upper;b7:upper;b8:upper;b14:lower,1000.0
2771,OPTIMAL,v2:upper,74.32134434275896
2772,OPTIMAL,v2:upper,16.328121147076168
2773,OPTIMAL,v2:upper,123.38952411402067
2774,OPTIMAL,v2:upper,101.11766742354698
2775,OPTIMAL,v2:upper,33.35286864741352
2776,OPTIMAL,v2:upper,202.0157275334088
2777,OPTIMAL,v2:upper,110.6265166738125
2778,OPTIMAL,v2:upper,229.95889939555835
2779,OPTIMAL,v2:upper,22.39946364956614
2780,OPTIMAL,v2:upper,39.53408175986185
2781,OPTIMAL,v1:upper,96.88503248354928
2782,OPTIMAL,v2:upper,205.04445809857
2783,OPTIMAL,v1:upper,45.94474249351024
2784,OPTIMAL,v1:upper,151.80333013431317
2785,OPTIMAL,b1:lower;b2:lower;b3:upper;b4:upper;b5:lower;b6:upper;b7:upper;b8:upper;b14:lower,1000.0
2786,OPTIMAL,v2:upper,34.45634861152243
2787,OPTIMAL,v2:upper,21.219961355295343
2788,OPTIMAL,v2:upper,149.9044910418005
2789,OPTIMAL,b1:lower;b2:lower;b3:upper;b4:upper;b5:lower;b6:upper;b7:upper;b8:upper;b14:lower,1000.0
2790,OPTIMAL,v2:upper,43.04470483263736
2791,OPTIMAL,v2:upper,69.57947388750303
2792,OPTIMAL,v2:upper,25.671511831255565
2793,OPTIMAL,v2:upper,331.4523735972206
2794,OPTIMAL,v1:upper,253.76069784410637
2795,OPTIMAL,v2:upper,127.8975801386735
2796,OPTIMAL,v2:upper,221.617106314451
2797,OPTIMAL,v1:upper,529.3642775431929
2798,OPTIMAL,v2:upper,91.16613644592704
2799,OPTIMAL,v2:upper,107.18242507790399
2800,OPTIMAL,v1:upper,70.48968465004327
2801,OPTIMAL,v2:upper,128.0109191910969
2802,OPTIMAL,v2:upper,300.014602270102
2803,OPTIMAL,v2:upper,91.83359879685165
2804,OPTIMAL,v2:upper,198.49914985098414
2805,OPTIMAL,v2:upper,54.148170516250254
2806,OPTIMAL,v2:upper,288.2355620326337
2807,OPTIMAL,v2:upper,180.02614857594307
2808,OPTIMAL,v2:upper,255.49096332389172
2809,OPTIMAL,v2:upper,68.56718343337947
2810,OPTIMAL,v2:upper,98.01305405087558
2811,OPTIMAL,v2:upper,192.0545402919161
2812,OPTIMAL,v2:upper,102.563631127088
2813,OPTIMAL,v2:upper,309.2423508539427
2814,OPTIMAL,v2:upper,119.7831181630308
2815,OPTIMAL,v2:upper,40.7872302898291
2816,OPTIMAL,v2:upper,128.99156871987003
2817,OPTIMAL,v2:upper,134.55474116825854
2818,OPTIMAL,v2:upper,44.36635575382947
2819,OPTIMAL,v2:upper,138.19466259083404
2820,OPTIMAL,v2:upper,26.681232174018092
2821,OPTIMAL,v2:upper,5.168929288988053
2822,OPTIMAL,v2:upper,133.6634935634861
2823,OPTIMAL,v2:upper,93.31306964157557
2824,OPTIMAL,v2:upper,34.98959983582975
2825,OPTIMAL,v2:upper,658.5998689293384
2826,OPTIMAL,v2:upper,29.543285480932866
2827,OPTIMAL,v2:upper,829.2256984148181
2828,OPTIMAL,v2:upper,147.06887177913563
2829,OPTIMAL,v2:upper,305.88263971444115
2830,OPTIMAL,v2:upper,374.66020306827846
2831,OPTIMAL,v1:upper,248.87303568427396
2832,OPTIMAL,v2:upper,272.67842605811336
2833,OPTIMAL,v1:upper,386.87720532269947
2834,OPTIMAL,v2:upper,294.0445352309444
2835,OPTIMAL,v2:upper,28.065184003556034
2836,OPTIMAL,v2:upper,14.387185093905256
2837,OPTIMAL,v2:upper,32.61943110565491
2838,OPTIMAL,v2:upper,185.95836953598473
2839,OPTIMAL,v2:upper,45.7026075912743
2840,OPTIMAL,v2:upper,150.29559866082656
2841,OPTIMAL,v2:upper,49.011129185237714
2842,OPTIMAL,v2:upper,124.1988998022574
2843,OPTIMAL,v2:upper,118.46648060166623
2844,OPTIMAL,v2:upper,100.92168968296764
2845,OPTIMAL,v2:upper,60.60192381244763
2846,OPTIMAL,v2:upper,75.85133203383609
2847,OPTIMAL,v1:upper,107.86944546040729
2848,OPTIMAL,v2:upper,60.31063565945876
2849,OPTIMAL,v2:upper,70.94912987207901
2850,OPTIMAL,v1:upper,125.44218628168818
2851,OPTIMAL,v2:upper,241.7761668012611
2852,OPTIMAL,v2:upper,91.30981741489214
2853,OPTIMAL,v2:upper,200.5993109159404
2854,OPTIMAL,v2:upper,146.62549196607654
2855,OPTIMAL,v2:upper,288.1537757058097
2856,OPTIMAL,v2:upper,85.06653829843255
2857,OPTIMAL,v2:upper,269.5931010075224
2858,OPTIMAL,v2:upper,48.86384561619731
2859,OPTIMAL,v1:upper,193.61902028725885
2860,OPTIMAL,v2:upper,77.08946188715603
2861,OPTIMAL,v2:upper,154.97087199823468
2862,OPTIMAL,v2:upper,247.82301505633242
2863,OPTIMAL,v2:upper,68.89981051333781
2864,OPTIMAL,v2:upper,38.68175835987224
2865,OPTIMAL,v2:upper,34.17874276594195
2866,OPTIMAL,v2:upper,214.48689225380616
2867,OPTIMAL,v1:upper,136.92672077442595
2868,OPTIMAL,v2:upper,324.1568943007102
2869,OPTIMAL,v2:upper,45.628410283022234
2870,OPTIMAL,v2:upper,79.00938746062336
2871,OPTIMAL,v2:upper,215.28072883902217
2872,OPTIMAL,v2:upper,199.8558996346026
2873,OPTIMAL,v2:upper,263.98660724578036
2874,OPTIMAL,v2:upper,119.82149204858011
2875,OPTIMAL,v2:upper,111.07881865684445
2876,OPTIMAL,v2:upper,140.80882292680556
2877,OPTIMAL,v2:upper,30.67764083157642
2878,OPTIMAL,v2:upper,65.98173720006332
2879,OPTIMAL,v2:upper,137.3753663608974
2880,OPTIMAL,v2:upper,44.05499840415266
2881,OPTIMAL,v2:upper,193.0356180167571
2882,OPTIMAL,v2:upper,354.70289478056924
2883,OPTIMAL,v2:upper,77.5152963776182
2884,OPTIMAL,v2:upper,461.4385745477136
2885,OPTIMAL,v2:upper,64.87328378733652
2886,OPTIMAL,v2:upper,57.0048861978615
2887,OPTIMAL,v2:upper,42.72384060781371
2888,OPTIMAL,v2:upper,89.60477261172956
2889,OPTIMAL,v2:upper,20.125745829303025
2890,OPTIMAL,v2:upper,34.555796323271906
2891,OPTIMAL,v2:upper,136.0572059015038
2892,OPTIMAL,v2:upper,47.48529742959559
2893,OPTIMAL,v1:upper,91.88483837500621
2894,OPTIMAL,v2:upper,31.350887862728463
2895,OPTIMAL,v2:upper,286.44533149329067
2896,OPTIMAL,v2:upper,39.809982073317336
2897,OPTIMAL,v2:upper,42.47031476284072
2898,OPTIMAL,v2:upper,93.38595299071699
2899,OPTIMAL,v2:upper,70.64320900238874
2900,OPTIMAL,v1:upper,116.8004261009934
2901,OPTIMAL,v2:upper,156.24980662278034
2902,OPTIMAL,v2:upper,92.95722019855644
2903,OPTIMAL,v2:upper,98.66789370751209
2904,OPTIMAL,v2:upper,177.9178417165228
2905,OPTIMAL,v2:upper,181.84010017755043
2906,OPTIMAL,v2:upper,107.54671077724379
2907,OPTIMAL,v2:upper,207.70177458153947
2908,OPTIMAL,v2:upper,123.3781754556479
2909,OPTIMAL,v2:upper,177.7539195248983
2910,OPTIMAL,v1:upper,220.93896333092715
2911,OPTIMAL,v2:upper,292.075706879193
2912,OPTIMAL,v2:upper,56.49242573911274
2913,OPTIMAL,v2:upper,28.196266621831597
2914,OPTIMAL,v2:upper,310.5138887634749
2915,OPTIMAL,v2:upper,346.81059950257304
2916,OPTIMAL,v1:upper,314.67574102913676
2917,OPTIMAL,v2:upper,54.28530346686277
2918,OPTIMAL,v1:upper,300.75052324742575
2919,OPTIMAL,b1:lower;b2:lower;b3:upper;b4:upper;b5:lower;b6:upper;b7:upper;b8:upper;b14:lower,1000.0
2920,OPTIMAL,v2:upper,147.6672527240386
2921,OPTIMAL,v2:upper,91.58089277333737
2922,OPTIMAL,v1:upper,30.840329501198195
2923,OPTIMAL,v2:upper,653.1802903771414
2924,OPTIMAL,v2:upper,242.15856657803343
2925,OPTIMAL,v2:upper,98.23361964164503
2926,OPTIMAL,v2:upper,44.42342954681697
2927,OPTIMAL,v1:upper,111.2892743826063
2928,OPTIMAL,v2:upper,162.39670564724543
2929,OPTIMAL,v2:upper,235.86298501024484
2930,OPTIMAL,v2:upper,105.57161902526575
2931,OPTIMAL,v2:upper,65.05272312625242
2932,OPTIMAL,v2:upper,43.493409651476576
2933,OPTIMAL,v2:upper,76.6325240745487
2934,OPTIMAL,v1:upper,73.47407037529129
2935,OPTIMAL,v2:upper,103.62682511530556
2936,OPTIMAL,v2:upper,39.94708830052869
2937,OPTIMAL,v2:upper,174.71892355267826
2938,OPTIMAL,v1:upper,706.7419840147179
2939,OPTIMAL,v1:upper,58.10514401656501
2940,OPTIMAL,v2:upper,249.41439213004386
2941,OPTIMAL,v1:upper,76.28676575525544
2942,OPTIMAL,v2:upper,77.29456376422542
2943,OPTIMAL,v2:upper,285.201670809067
2944,OPTIMAL,v2:upper,125.92779885095639
2945,OPTIMAL,b1:lower;b2:lower;b3:upper;b4:upper;b5:lower;b6:upper;b7:upper;b8:upper;b14:lower,1000.0
2946,OPTIMAL,v1:upper,151.5187948728816
2947,OPTIMAL,v2:upper,111.2518487550052
2948,OPTIMAL,v2:upper,162.18021926548738
2949,OPTIMAL,b1:lower;b2:lower;b3:upper;b4:upper;b5:lower;b6:upper;b7:upper;b8:upper;b14:lower,1000.0
2950,OPTIMAL,v2:upper,173.46435755233907
2951,OPTIMAL,v2:upper,358.8342726298959
2952,OPTIMAL,v2:upper,59.765420085960365
2953,OPTIMAL,v1:upper,324.97711227395064
2954,OPTIMAL,v2:upper,157.21897709954143
2955,OPTIMAL,v2:upper,192.12356899431109
2956,OPTIMAL,v2:upper,64.70619577034776
2957,OPTIMAL,v2:upper,194.3988716618141
2958,OPTIMAL,v2:upper,392.442685783212
2959,OPTIMAL,v2:upper,331.3161874966143
2960,OPTIMAL,v2:upper,137.24773385333694
2961,OPTIMAL,v2:upper,352.31708192909923
2962,OPTIMAL,v2:upper,86.48108740655643
2963,OPTIMAL,v2:upper,97.41884794762144
2964,OPTIMAL,v2:upper,34.905293763733916
2965,OPTIMAL,v2:upper,118.53588047721209
2966,OPTIMAL,v2:upper,91.93584112303452
2967,OPTIMAL,v2:upper,171.68108398667542
2968,OPTIMAL,v1:upper,354.3528253798054
2969,OPTIMAL,v2:upper,26.99254235775269
2970,OPTIMAL,v2:upper,31.180982425037712
2971,OPTIMAL,v2:upper,81.37456956127899
2972,OPTIMAL,v2:upper,16.501577413472823
2973,OPTIMAL,v2:upper,326.564065342209
2974,OPTIMAL,v2:upper,70.81903451282926
2975,OPTIMAL,v1:upper,188.77378558608532
2976,OPTIMAL,v2:upper,239.0595898967206
2977,OPTIMAL,v2:upper,41.40363660905453
2978,OPTIMAL,v2:upper,135.14874005549993
2979,OPTIMAL,v2:upper,128.0370013503645
2980,OPTIMAL,v1:upper,980.9762463193746
2981,OPTIMAL,v2:upper,216.8523383606742
2982,OPTIMAL,v1:upper,34.9587753145168
2983,OPTIMAL,v2:upper,151.9817060082972
2984,OPTIMAL,v1:upper,65.92821135466163
2985,OPTIMAL,v2:upper,40.54998778029959
2986,OPTIMAL,v2:upper,48.742069989552476
2987,OPTIMAL,v1:upper,400.7958988334787
2988,OPTIMAL,v2:upper,75.96408402687533
2989,OPTIMAL,v2:upper,416.16292157354724
2990,OPTIMAL,v2:upper,176.22657747693393
2991,OPTIMAL,v1:upper,72.90893238645086
2992,OPTIMAL,v2:upper,179.39921434367554
2993,OPTIMAL,v2:upper,65.0435739797102
2994,OPTIMAL,v2:upper,146.52336068181157
2995,OPTIMAL,v2:upper,96.64984791115417
2996,OPTIMAL,v2:upper,96.70460302823359
2997,OPTIMAL,v2:upper,152.10665818485458
2998,OPTIMAL,v2:upper,106.12993406992773
2999,OPTIMAL,v2:upper,250.27690031044457
3000,OPTIMAL,v2:upper,44.29687277034
3001,OPTIMAL,v2:upper,314.1018448600647
3002,OPTIMAL,v2:upper,27.078750726961708
3003,OPTIMAL,v1:upper,142.61588003473204
3004,OPTIMAL,v2:upper,47.85341488132062
3005,OPTIMAL,v2:upper,357.5273265033761
3006,OPTIMAL,v2:upper,82.19152073735205
3007,OPTIMAL,v1:upper,350.5612630380379
3008,OPTIMAL,v2:upper,41.09694249494435
3009,OPTIMAL,v1:upper,119.53029028854382
3010,OPTIMAL,v2:upper,140.20483867230644
3011,OPTIMAL,v2:upper,34.54951874872395
3012,OPTIMAL,v1:upper,73.81702930257562
3013,OPTIMAL,v2:upper,32.74593426931764
3014,OPTIMAL,v2:upper,220.5776620558709
3015,OPTIMAL,v2:upper,156.90682182862815
3016,OPTIMAL,v2:upper,112.49519802835968
3017,OPTIMAL,v2:upper,170.79230903656511
3018,OPTIMAL,v2:upper,155.93918144382195
3019,OPTIMAL,v2:upper,518.6835141967181
3020,OPTIMAL,v2:upper,298.5429626565849
3021,OPTIMAL,v2:upper,67.72168106430793
3022,OPTIMAL,v2:upper,352.82370858866426
3023,OPTIMAL,v2:upper,91.68086827167991
3024,OPTIMAL,v1:upper,136.37540572958304
3025,OPTIMAL,v2:upper,86.41715912451784
3026,OPTIMAL,v2:upper,26.65771384286269
3027,OPTIMAL,v2:upper,174.42115324575667
3028,OPTIMAL,v2:upper,169.2524523032749
3029,OPTIMAL,v2:upper,87.4658232480276
3030,OPTIMAL,v2:upper,194.0289067397277
3031,OPTIMAL,v1:upper,102.3667561847538
3032,OPTIMAL,v2:upper,77.29180500339201
3033,OPTIMAL,v1:upper,211.93575231297635
3034,OPTIMAL,v2:upper,243.47551007987693
3035,OPTIMAL,v2:upper,192.90128709744224
3036,OPTIMAL,v2:upper,62.372898733948574
3037,OPTIMAL,v2:upper,196.5628240350735
3038,OPTIMAL,v2:upper,10.045810643117973
3039,OPTIMAL,v2:upper,166.10771208768728
3040,OPTIMAL,v2:upper,141.04132122693156
3041,OPTIMAL,v2:upper,199.07556070804975
3042,OPTIMAL,v2:upper,137.15773898849693
3043,OPTIMAL,v2:upper,56.56046003255322
3044,OPTIMAL,v2:upper,25.826418081495916
3045,OPTIMAL,v2:upper,16.582139164697853
3046,OPTIMAL,v2:upper,17.734451225762253
3047,OPTIMAL,v2:upper,24.275532851394992
3048,OPTIMAL,v2:upper,392.5414387721048
3049,OPTIMAL,v2:upper,68.67213282988004
3050,OPTIMAL,v2:upper,81.29714728936938
3051,OPTIMAL,v2:upper,190.04432625938506
3052,OPTIMAL,v2:upper,285.8726993666019
3053,OPTIMAL,v2:upper,103.42710283579467
3054,OPTIMAL,v1:upper,798.964117583037
3055,OPTIMAL,v2:upper,378.24971459000517
3056,OPTIMAL,v1:upper,302.6584319638641
3057,OPTIMAL,b1:lower;b2:lower;b3:upper;b4:upper;b5:lower;b6:upper;b7:upper;b8:upper;b14:lower,1000.0
3058,OPTIMAL,v2:upper,62.65578220197532
3059,OPTIMAL,v1:upper,623.5973839253813
3060,OPTIMAL,v2:upper,119.65320099415942
3061,OPTIMAL,v2:upper,249.34306455372433
3062,OPTIMAL,v2:upper,46.86328271353749
3063,OPTIMAL,v2:upper,83.17342217709633
3064,OPTIMAL,v2:upper,94.26659835970811
3065,OPTIMAL,v2:upper,110.79720465059279
3066,OPTIMAL,v2:upper,18.600115548352093
3067,OPTIMAL,v2:upper,64.1082395738399
3068,OPTIMAL,v1:upper,73.67560746818423
3069,OPTIMAL,v2:upper,198.40730221130346
3070,OPTIMAL,v2:upper,18.322176243654724
3071,OPTIMAL,v2:upper,37.971407367969654
3072,OPTIMAL,v2:upper,127.16053471602117
3073,OPTIMAL,v2:upper,26.39084237966076
3074,OPTIMAL,v2:upper,452.9960759517219
3075,OPTIMAL,v2:upper,139.63346487634266
3076,OPTIMAL,v2:upper,164.6500751356735
3077,OPTIMAL,v2:upper,285.7303304447859
3078,OPTIMAL,v2:upper,41.77882376422906
3079,OPTIMAL,v2:upper,36.12626931940949
3080,OPTIMAL,v2:upper,34.80563809228809
3081,OPTIMAL,v2:upper,256.89974552739017
3082,OPTIMAL,v2:upper,428.4550554983484
3083,OPTIMAL,v2:upper,73.23485505807243
3084,OPTIMAL,v2:upper,188.1435330552409
3085,OPTIMAL,v2:upper,144.22105055487827
3086,OPTIMAL,v2:upper,52.98450883167873
3087,OPTIMAL,v2:upper,27.969748312688175
3088,OPTIMAL,v2:upper,410.1499140147917
3089,OPTIMAL,v2:upper,101.1504412992302
3090,OPTIMAL,v2:upper,89.31432286139903
3091,OPTIMAL,v2:upper,28.951073027847972
3092,OPTIMAL,v2:upper,99.467546809793
3093,OPTIMAL,v2:upper,37.72661994013675
3094,OPTIMAL,v2:upper,141.15039189828522
3095,OPTIMAL,v2:upper,43.404374992350654
3096,OPTIMAL,v2:upper,830.4261429819904
3097,OPTIMAL,v1:upper,433.9627140960262
3098,OPTIMAL,v2:upper,33.65058876663719
3099,OPTIMAL,v2:upper,47.73273484970953
3100,OPTIMAL,v2:upper,559.0786813926372
3101,OPTIMAL,v2:upper,90.35026316438974
3102,OPTIMAL,b1:lower;b2:lower;b3:upper;b4:upper;b5:lower;b6:upper;b7:upper;b8:upper;b14:lower,1000.0
3103,OPTIMAL,v2:upper,42.4371933265207
3104,OPTIMAL,v2:upper,135.57480876021856
3105,OPTIMAL,v2:upper,181.65647287523058
3106,OPTIMAL,v2:upper,52.6512069011362
3107,OPTIMAL,v2:upper,226.68892285371226
3108,OPTIMAL,v2:upper,54.323140622648516
3109,OPTIMAL,v2:upper,323.1886655105844
3110,OPTIMAL,v2:upper,53.996247935078244
3111,OPTIMAL,v2:upper,419.96391354970274
3112,OPTIMAL,v2:upper,151.7618384118948
3113,OPTIMAL,v2:upper,258.5833258248278
3114,OPTIMAL,v2:upper,68.49165831326646
3115,OPTIMAL,v2:upper,191.24396972887882
3116,OPTIMAL,v2:upper,26.386178502380346
3117,OPTIMAL,v2:upper,207.7848049372622
3118,OPTIMAL,v2:upper,17.39359505867749
3119,OPTIMAL,v1:upper,359.88641416056885
3120,OPTIMAL,v2:upper,13.00309166034928
3121,OPTIMAL,v1:upper,86.6599253126328
3122,OPTIMAL,v2:upper,28.054097871361137
3123,OPTIMAL,v2:upper,52.81828913277394
3124,OPTIMAL,v2:upper,13.506649000126965
3125,OPTIMAL,v2:upper,18.961827602542503
3126,OPTIMAL,b1:lower;b2:lower;b3:upper;b4:upper;b5:lower;b6:upper;b7:upper;b8:upper;b14:lower,1000.0
3127,OPTIMAL,v2:upper,66.80256068686056
3128,OPTIMAL,v2:upper,395.2955885953489
3129,OPTIMAL,v2:upper,64.15232067369207
3130,OPTIMAL,v2:upper,415.18448225499986
3131,OPTIMAL,v2:upper,45.59850903949611
3132,OPTIMAL,v2:upper,38.64898987720694
3133,OPTIMAL,v2:upper,133.74578661816335
3134,OPTIMAL,v2:upper,86.12976496790994
3135,OPTIMAL,v1:upper,53.60543847193713
3136,OPTIMAL,v2:upper,90.45846074449423
3137,OPTIMAL,v2:upper,141.27293520680666
3138,OPTIMAL,v2:upper,22.469298281657288
3139,OPTIMAL,v2:upper,40.18367616207972
3140,OPTIMAL,v2:upper,36.163257318994624
3141,OPTIMAL,v2:upper,366.41664420772855
3142,OPTIMAL,v2:upper,42.47717722959485
3143,OPTIMAL,v2:upper,48.27243001825118
3144,OPTIMAL,v2:upper,122.69970699053161
3145,OPTIMAL,v2:upper,87.74116826730845
3146,OPTIMAL,v1:upper,121.15909229989117
3147,OPTIMAL,v2:upper,116.20605401557464
3148,OPTIMAL,v2:upper,222.09377970751467
3149,OPTIMAL,v2:upper,70.81005796530125
3150,OPTIMAL,v2:upper,166.46689623245356
3151,OPTIMAL,v2:upper,24.432432276421522
3152,OPTIMAL,v2:upper,76.17467627846659
3153,OPTIMAL,v2:upper,74.99292754260392
3154,OPTIMAL,v2:upper,86.3783750681285
3155,OPTIMAL,v2:upper,121.49278698817034
3156,OPTIMAL,v2:upper,37.073519674052
3157,OPTIMAL,v2:upper,42.38170940250533
3158,OPTIMAL,v2:upper,65.02382794004261
3159,OPTIMAL,v2:upper,322.34032820118387
3160,OPTIMAL,v2:upper,339.25173545805745
3161,OPTIMAL,v2:upper,17.10262146551692
3162,OPTIMAL,v2:upper,453.297986289885
3163,OPTIMAL,v2:upper,659.3662684068802
3164,OPTIMAL,v2:upper,141.0756237781782
3165,OPTIMAL,v2:upper,78.80365435964555
3166,OPTIMAL,v2:upper,43.68824725724771
3167,OPTIMAL,v2:upper,85.54830130208947
3168,OPTIMAL,v2:upper,213.29720685284826
3169,OPTIMAL,v2:upper,54.0095289503895
3170,OPTIMAL,v2:upper,148.79762046928496
3171,OPTIMAL,v2:upper,87.00881834027597
3172,OPTIMAL,v1:upper,224.85859872052288
3173,OPTIMAL,v2:upper,274.1432103930567
3174,OPTIMAL,v2:upper,91.77178178618044
3175,OPTIMAL,v1:upper,138.67614738844222
3176,OPTIMAL,v2:upper,65.01644722754547
3177,OPTIMAL,v2:upper,156.71756324014132
3178,OPTIMAL,v2:upper,204.1503413953975
3179,OPTIMAL,v2:upper,235.1902674146373
3180,OPTIMAL,v1:upper,190.76151181390176
3181,OPTIMAL,v2:upper,156.40830143959832
3182,OPTIMAL,v2:upper,103.10983393545605
3183,OPTIMAL,v1:upper,216.56029650948403
3184,OPTIMAL,v2:upper,61.361181625296325
3185,OPTIMAL,v2:upper,95.86691501983827
3186,OPTIMAL,v2:upper,138.38843049089715
3187,OPTIMAL,v2:upper,75.78969456156135
3188,OPTIMAL,v2:upper,101.3422897727524
3189,OPTIMAL,v2:upper,142.66848328722207
3190,OPTIMAL,v2:upper,187.6818973945447
3191,OPTIMAL,v2:upper,51.30056866675521
3192,OPTIMAL,v2:upper,160.5585064649607
3193,OPTIMAL,v2:upper,40.498260136999804
3194,OPTIMAL,v2:upper,100.37032678776241
3195,OPTIMAL,b1:lower;b2:lower;b3:upper;b4:upper;b5:lower;b6:upper;b7:upper;b8:upper;b14:lower,1000.0
3196,OPTIMAL,v2:upper,280.82623507465695
3197,OPTIMAL,v2:upper,159.24579327411104
3198,OPTIMAL,v2:upper,315.1909584197616
3199,OPTIMAL,v2:upper,177.19975636507323
3200,OPTIMAL,v2:upper,103.03151574614704
3201,OPTIMAL,v2:upper,102.89504216746937
3202,OPTIMAL,v2:upper,42.656330340689756
3203,OPTIMAL,v2:upper,200.61370857936132
3204,OPTIMAL,v2:upper,480.9885360587092
3205,OPTIMAL,v2:upper,53.441657574883735
3206,OPTIMAL,v2:upper,11.250912551274281
3207,OPTIMAL,v2:upper,166.22918005143154
3208,OPTIMAL,v2:upper,112.92539464480532
3209,OPTIMAL,v2:upper,425.82092271214265
3210,OPTIMAL,v2:upper,142.2484617387882
3211,OPTIMAL,v2:upper,63.944673929462546
3212,OPTIMAL,v2:upper,189.58779394935334
3213,OPTIMAL,v2:upper,169.7353591792292
3214,OPTIMAL,v2:upper,123.02109962479237
3215,OPTIMAL,v2:upper,44.122948167710575
3216,OPTIMAL,v2:upper,83.53540242579378
3217,OPTIMAL,v2:upper,171.17999847864695
3218,OPTIMAL,v2:upper,29.3714492568323
3219,OPTIMAL,v2:upper,80.68591403057725
3220,OPTIMAL,v2:upper,95.55309606199985
3221,OPTIMAL,v2:upper,151.16667638530689
3222,OPTIMAL,v2:upper,24.33389381953504
3223,OPTIMAL,v2:upper,136.54695356227325
3224,OPTIMAL,v2:upper,104.45288948080815
3225,OPTIMAL,v2:upper,71.6031398542346
3226,OPTIMAL,v2:upper,79.80125581059468
3227,OPTIMAL,v2:upper,72.47118984425381
3228,OPTIMAL,v2:upper,32.41117122886103
3229,OPTIMAL,v2:upper,329.04723013690716
3230,OPTIMAL,v2:upper,82.92201896542572
3231,OPTIMAL,v1:upper,164.71649865960632
3232,OPTIMAL,v2:upper,218.8693578988764
3233,OPTIMAL,v2:upper,158.72741293138913
3234,OPTIMAL,v2:upper,156.05263262205995
3235,OPTIMAL,v2:upper,65.73357897820192
3236,OPTIMAL,v2:upper,31.643657472573075
3237,OPTIMAL,v2:upper,133.4287085815906
3238,OPTIMAL,v2:upper,155.60070953665107
3239,OPTIMAL,v2:upper,58.051519004737074
3240,OPTIMAL,v2:upper,100.04627477918729
3241,OPTIMAL,v2:upper,197.68523318915877
3242,OPTIMAL,v2:upper,137.41637610228415
3243,OPTIMAL,v2:upper,81.06243818700554
3244,OPTIMAL,v2:upper,139.73341311278233
3245,OPTIMAL,v1:upper,199.42754896195882
3246,OPTIMAL,v2:upper,57.27919962556225
3247,OPTIMAL,v2:upper,127.38508577093755
3248,OPTIMAL,v2:upper,31.574344301335856
3249,OPTIMAL,v2:upper,118.76436195187522
3250,OPTIMAL,v2:upper,157.7328157435225
3251,OPTIMAL,v2:upper,113.55315888519074
3252,OPTIMAL,v2:upper,42.084682393071446
3253,OPTIMAL,v2:upper,140.13670130449557
3254,OPTIMAL,v2:upper,127.53369389989594
3255,OPTIMAL,v2:upper,357.58701390726696
3256,OPTIMAL,v2:upper,98.2799128269097
3257,OPTIMAL,v2:upper,297.0085643440666
3258,OPTIMAL,v2:upper,149.86628705921305
3259,OPTIMAL,v2:upper,60.14647795638514
3260,OPTIMAL,v2:upper,17.171739919670706
3261,OPTIMAL,v1:upper,25.20856475476955
3262,OPTIMAL,v2:upper,37.78327454577716
3263,OPTIMAL,v1:upper,287.1659003451407
3264,OPTIMAL,v2:upper,120.3126985037358
3265,OPTIMAL,v2:upper,134.5552477985727
3266,OPTIMAL,v2:upper,110.23450541128179
3267,OPTIMAL,v2:upper,33.083431413257486
3268,OPTIMAL,v2:upper,112.9107438892051
3269,OPTIMAL,v2:upper,239.07924900663383
3270,OPTIMAL,v2:upper,99.01808580426338
3271,OPTIMAL,v2:upper,20.140367355869174
3272,OPTIMAL,v2:upper,387.0256373131823
3273,OPTIMAL,v1:upper,86.81996266638292
3274,OPTIMAL,v1:upper,114.9295691767902
3275,OPTIMAL,v1:upper,134.85142631409084
3276,OPTIMAL,v2:upper,42.6105313848545
3277,OPTIMAL,v2:upper,252.89517315717134
3278,OPTIMAL,v2:upper,97.51748175437035
3279,OPTIMAL,v2:upper,40.16895382251249
3280,OPTIMAL,v2:upper,75.0057140085941
3281,OPTIMAL,v2:upper,39.62756710113605
3282,OPTIMAL,v2:upper,80.15633931006973
3283,OPTIMAL,v2:upper,87.66266189310524
3284,OPTIMAL,v2:upper,182.01191967218037
3285,OPTIMAL,v2:upper,136.42249431326738
3286,OPTIMAL,v2:upper,79.34887487780307
3287,OPTIMAL,v2:upper,25.241904049931044
3288,OPTIMAL,v2:upper,125.01259346286811
3289,OPTIMAL,v2:upper,177.75075226033653
3290,OPTIMAL,v1:upper,432.19857292483084
3291,OPTIMAL,v2:upper,65.47200333439764
3292,OPTIMAL,v1:upper,46.13848694933855
3293,OPTIMAL,v2:upper,60.34661999211848
3294,OPTIMAL,v2:upper,72.92291796424118
3295,OPTIMAL,v2:upper,29.28556182449862
3296,OPTIMAL,v2:upper,55.27007585893715
3297,OPTIMAL,v2:upper,85.85133212580014
3298,OPTIMAL,v2:upper,81.65569442703523
3299,OPTIMAL,v2:upper,15.867363982776382
3300,OPTIMAL,v2:upper,97.4336953817395
3301,OPTIMAL,v2:upper,125.34023234626264
3302,OPTIMAL,v2:upper,427.929199251644
3303,OPTIMAL,v2:upper,42.461274044095624
3304,OPTIMAL,v2:upper,60.73482681353062
3305,OPTIMAL,v1:upper,38.293752473992186
3306,OPTIMAL,v2:upper,91.8151690914432
3307,OPTIMAL,v2:upper,887.2395932114528
3308,OPTIMAL,v2:upper,39.42415534496703
3309,OPTIMAL,v2:upper,55.819079889891825
3310,OPTIMAL,v2:upper,540.8059827596263
3311,OPTIMAL,v2:upper,81.0506291251824
3312,OPTIMAL,v2:upper,270.12796360757505
3313,OPTIMAL,v2:upper,96.84253051580927
3314,OPTIMAL,v2:upper,109.72818180191942
3315,OPTIMAL,v2:upper,238.58359729634768
3316,OPTIMAL,v2:upper,172.28976348025378
3317,OPTIMAL,v2:upper,139.57343719724986
3318,OPTIMAL,v2:upper,46.34596583070539
3319,OPTIMAL,v2:upper,31.552156114056427
3320,OPTIMAL,v1:upper,252.16317211332404
3321,OPTIMAL,v2:upper,93.62505104584056
3322,OPTIMAL,v2:upper,98.52618620158565
3323,OPTIMAL,v2:upper,35.71781583866652
3324,OPTIMAL,v2:upper,261.2530816039812
3325,OPTIMAL,v1:upper,424.3615917186361
3326,OPTIMAL,v2:upper,110.73860544159233
3327,OPTIMAL,v1:upper,54.87554231183212
3328,OPTIMAL,v1:upper,131.3476405375626
3329,OPTIMAL,v2:upper,572.4583742321985
3330,OPTIMAL,v2:upper,151.8361734337643
3331,OPTIMAL,v1:upper,36.26534328072712
3332,OPTIMAL,v2:upper,181.61841677057822
3333,OPTIMAL,v2:upper,123.93752388275502
3334,OPTIMAL,v2:upper,315.13211476219305
3335,OPTIMAL,v2:upper,205.16098215665534
3336,OPTIMAL,v2:upper,134.38499892725932
3337,OPTIMAL,v2:upper,28.793126743318066
3338,OPTIMAL,v2:upper,16.928000257238
3339,OPTIMAL,v2:upper,156.15100865862823
3340,OPTIMAL,v2:upper,29.606508795726793
3341,OPTIMAL,v2:upper,118.13152884372184
3342,OPTIMAL,v2:upper,68.70558257097599
3343,OPTIMAL,v2:upper,121.35215035894257
3344,OPTIMAL,v2:upper,148.81889702391825
3345,OPTIMAL,v2:upper,90.55343337800932
3346,OPTIMAL,v2:upper,74.14277694044556
3347,OPTIMAL,v2:upper,252.5617738625934
3348,OPTIMAL,v2:upper,96.12460555406088
3349,OPTIMAL,v2:upper,72.00464421926235
3350,OPTIMAL,v2:upper,71.81083096305606
3351,OPTIMAL,v2:upper,45.286024164166534
3352,OPTIMAL,v2:upper,69.63607966103352
3353,OPTIMAL,v2:upper,36.054229207360756
3354,OPTIMAL,v2:upper,37.21488940585152
3355,OPTIMAL,v1:upper,307.69655460774123
3356,OPTIMAL,v1:upper,228.2158902314348
3357,OPTIMAL,v2:upper,266.40612683473375
3358,OPTIMAL,v2:upper,50.87092559480774
3359,OPTIMAL,v2:upper,20.646245624361953
3360,OPTIMAL,v2:upper,135.3260874228331
3361,OPTIMAL,v2:upper,191.9884236469714
3362,OPTIMAL,v2:upper,153.46817006994254
3363,OPTIMAL,v1:upper,162.25222975820225
3364,OPTIMAL,v2:upper,229.33520703905648
3365,OPTIMAL,v2:upper,553.5504010606032
3366,OPTIMAL,v2:upper,147.9270250792515
3367,OPTIMAL,v2:upper,184.19197572795
3368,OPTIMAL,v2:upper,100.62481002093442
3369,OPTIMAL,v2:upper,76.98555353177221
3370,OPTIMAL,v2:upper,71.37833363571666
3371,OPTIMAL,v2:upper,39.34300539998505
3372,OPTIMAL,v2:upper,106.38661863471928
3373,OPTIMAL,v2:upper,14.663159659219511
3374,OPTIMAL,v2:upper,840.3060193004723
3375,OPTIMAL,v2:upper,76.22056526787722
3376,OPTIMAL,v2:upper,42.326872279408825
3377,OPTIMAL,v1:upper,77.17615515976688
3378,OPTIMAL,v2:upper,20.911553578893272
3379,OPTIMAL,v2:upper,110.78174330907736
3380,OPTIMAL,v2:upper,392.82789656976985
3381,OPTIMAL,v2:upper,8.153783869095415
3382,OPTIMAL,v2:upper,123.55682603271289
3383,OPTIMAL,v1:upper,492.92900663123015
3384,OPTIMAL,v2:upper,36.40983025856354
3385,OPTIMAL,v1:upper,158.39632773603532
3386,OPTIMAL,v2:upper,81.95857357272008
3387,OPTIMAL,v2:upper,426.3488440398047
3388,OPTIMAL,v2:upper,59.7542280828686
3389,OPTIMAL,v2:upper,271.43750854705644
3390,OPTIMAL,v2:upper,273.2774164483161
3391,OPTIMAL,v2:upper,308.3176815273113
3392,OPTIMAL,v2:upper,73.86123456266841
3393,OPTIMAL,v2:upper,74.29559097370243
3394,OPTIMAL,v2:upper,25.867864538838493
3395,OPTIMAL,v1:upper,157.6478213770799
3396,OPTIMAL,v2:upper,450.2409876413153
3397,OPTIMAL,v2:upper,69.18613158477488
3398,OPTIMAL,v2:upper,453.1026903773407
3399,OPTIMAL,v2:upper,35.07750727806974
3400,OPTIMAL,v2:upper,147.35179059370734
3401,OPTIMAL,v2:upper,71.49668392646821
3402,OPTIMAL,v2:upper,37.279571107494256
3403,OPTIMAL,v2:upper,49.08171318793693
3404,OPTIMAL,v2:upper,76.36731323249965
3405,OPTIMAL,v2:upper,95.9972045840039
3406,OPTIMAL,v2:upper,158.39507719239128
3407,OPTIMAL,v1:upper,223.24490821317397
3408,OPTIMAL,v2:upper,103.59545924041404
3409,OPTIMAL,v2:upper,254.2708822729494
3410,OPTIMAL,v2:upper,377.91371085053385
3411,OPTIMAL,v2:upper,56.073837002644794
3412,OPTIMAL,v2:upper,264.7795015645192
3413,OPTIMAL,v2:upper,499.78190689031516
3414,OPTIMAL,v2:upper,339.68107674273114
3415,OPTIMAL,v2:upper,340.0575352998448
3416,OPTIMAL,v2:upper,107.07549956396943
3417,OPTIMAL,v2:upper,91.29224129848228
3418,OPTIMAL,v2:upper,44.53371505887193
3419,OPTIMAL,v1:upper,177.3483051901037
3420,OPTIMAL,v2:upper,84.82912118864535
3421,OPTIMAL,v2:upper,18.33022943142001
3422,OPTIMAL,v2:upper,157.85482345147847
3423,OPTIMAL,v2:upper,20.27579961458898
3424,OPTIMAL,v2:upper,55.528166486578215
3425,OPTIMAL,v1:upper,113.26786845449686
3426,OPTIMAL,v2:upper,127.03428432710965
3427,OPTIMAL,v2:upper,216.43457075015203
3428,OPTIMAL,v2:upper,375.50401629150747
3429,OPTIMAL,v2:upper,58.93168449988626
3430,OPTIMAL,v2:upper,46.96095852385418
3431,OPTIMAL,v2:upper,402.68380573629014
3432,OPTIMAL,v2:upper,93.64081337669656
3433,OPTIMAL,v2:upper,21.397481611678103
3434,OPTIMAL,v2:upper,263.6753010414166
3435,OPTIMAL,v2:upper,59.18619074820781
3436,OPTIMAL,v2:upper,116.97151979628656
3437,OPTIMAL,v2:upper,18.77997336993153
3438,OPTIMAL,v2:upper,177.14381275932143
3439,OPTIMAL,v2:upper,96.92751662570369
3440,OPTIMAL,v2:upper,98.13070793289907
3441,OPTIMAL,v2:upper,201.6919865455017
3442,OPTIMAL,v2:upper,156.70955328598322
3443,OPTIMAL,v2:upper,27.088708723145448
3444,OPTIMAL,v2:upper,41.48560967149053
3445,OPTIMAL,v1:upper,475.2582753798817
3446,OPTIMAL,v2:upper,63.94060250023834
3447,OPTIMAL,v2:upper,58.88454387148702
3448,OPTIMAL,v2:upper,22.474022757594824
3449,OPTIMAL,v2:upper,47.774344549739176
3450,OPTIMAL,v2:upper,45.752346817294324
3451,OPTIMAL,v2:upper,242.69879096306607
3452,OPTIMAL,v2:upper,174.1863444561447
3453,OPTIMAL,v1:upper,734.9281731622556
3454,OPTIMAL,v2:upper,463.47975360741646
3455,OPTIMAL,v2:upper,206.93229994867153
3456,OPTIMAL,v2:upper,26.341414717161413
3457,OPTIMAL,v2:upper,35.41155543208598
3458,OPTIMAL,v2:upper,88.34357386065268
3459,OPTIMAL,v2:upper,135.34608206771765
3460,OPTIMAL,v2:upper,87.0539932429367
3461,OPTIMAL,v2:upper,81.99988216371939
3462,OPTIMAL,v2:upper,117.22298043889023
3463,OPTIMAL,v2:upper,159.72476670599764
3464,OPTIMAL,v2:upper,72.64487438270199
3465,OPTIMAL,v2:upper,167.45579324987517
3466,OPTIMAL,v2:upper,406.26484828370036
3467,OPTIMAL,v2:upper,83.7444483536596
3468,OPTIMAL,v1:upper,67.85219414375607
3469,OPTIMAL,v2:upper,94.90748483429502
3470,OPTIMAL,v2:upper,157.61295560228967
3471,OPTIMAL,v2:upper,82.96626789596884
3472,OPTIMAL,v2:upper,276.8394363316307
3473,OPTIMAL,v2:upper,228.39521474329732
3474,OPTIMAL,v2:upper,80.29280881147476
3475,OPTIMAL,v2:upper,62.70708389741385
3476,OPTIMAL,v2:upper,79.3038687743815
3477,OPTIMAL,v2:upper,64.20011745465781
3478,OPTIMAL,v2:upper,113.95511422657269
3479,OPTIMAL,v2:upper,157.20315124388188
3480,OPTIMAL,v1:upper,119.07873816759448
3481,OPTIMAL,v2:upper,75.69046672217324
3482,OPTIMAL,v2:upper,57.02112761577607
3483,OPTIMAL,v2:upper,101.72901239611524
3484,OPTIMAL,v2:upper,138.541404438466
3485,OPTIMAL,v2:upper,219.86875041851204
3486,OPTIMAL,v2:upper,153.88819135604558
3487,OPTIMAL,v2:upper,386.8732808495125
3488,OPTIMAL,v1:upper,237.27127033286786
3489,OPTIMAL,v2:upper,90.64938617423948
3490,OPTIMAL,v2:upper,36.740930829904585
3491,OPTIMAL,v2:upper,31.457913017265046
3492,OPTIMAL,v1:upper,70.44296228450025
3493,OPTIMAL,v2:upper,292.8574339832072
3494,OPTIMAL,v2:upper,57.06251233396751
3495,OPTIMAL,v2:upper,82.3529392394592
3496,OPTIMAL,v2:upper,15.453277220553945
3497,OPTIMAL,v2:upper,20.233146936188803
3498,OPTIMAL,v2:upper,383.6616079541848
3499,OPTIMAL,v2:upper,23.548637584651644
3500,OPTIMAL,v2:upper,218.2813940488313
3501,OPTIMAL,v2:upper,51.84870530752055
3502,OPTIMAL,v1:upper,164.02067853504238
3503,OPTIMAL,v2:upper,144.780934453245
3504,OPTIMAL,v2:upper,33.61668582083972
3505,OPTIMAL,v2:upper,268.0831225263559
3506,OPTIMAL,v2:upper,188.63430963820895
3507,OPTIMAL,v2:upper,326.6298710188746
3508,OPTIMAL,v1:upper,235.67863044308683
3509,OPTIMAL,v2:upper,74.96884870845697
3510,OPTIMAL,v2:upper,347.98597989627217
3511,OPTIMAL,v2:upper,18.14343945756279
3512,OPTIMAL,v2:upper,196.47103926463237
3513,OPTIMAL,v2:upper,105.57846762947653
3514,OPTIMAL,v2:upper,170.252644570184
3515,OPTIMAL,v2:upper,237.67534585952004
3516,OPTIMAL,v2:upper,177.37768513842417
3517,OPTIMAL,v2:upper,151.84560229429448
3518,OPTIMAL,v2:upper,106.34586517704506
3519,OPTIMAL,v2:upper,183.30764418977856
3520,OPTIMAL,v2:upper,327.4243879453887
3521,OPTIMAL,v2:upper,59.3389719960148
3522,OPTIMAL,v1:upper,461.5587968851861
3523,OPTIMAL,v1:upper,246.89563090843356
3524,OPTIMAL,v1:upper,120.31428687590659
3525,OPTIMAL,v2:upper,41.83032524764843
3526,OPTIMAL,v2:upper,68.26707724233465
3527,OPTIMAL,v1:upper,345.4859631967711
3528,OPTIMAL,v2:upper,89.03387348691531
3529,OPTIMAL,v1:upper,402.1944596574062
3530,OPTIMAL,v2:upper,161.97230112943933
3531,OPTIMAL,v1:upper,240.05296351232766
3532,OPTIMAL,v2:upper,198.89268893758674
3533,OPTIMAL,v2:upper,27.792290716198366
3534,OPTIMAL,v2:upper,157.0362314853999
3535,OPTIMAL,v2:upper,70.0256609722712
3536,OPTIMAL,v1:upper,341.0456617251166
3537,OPTIMAL,v2:upper,97.8427966670344
3538,OPTIMAL,v1:upper,214.76950736074886
3539,OPTIMAL,v2:upper,115.71009248117791
3540,OPTIMAL,v2:upper,157.9117310820122
3541,OPTIMAL,v2:upper,622.7515162932066
3542,OPTIMAL,v2:upper,84.74240024258442
3543,OPTIMAL,v2:upper,46.93524068098329
3544,OPTIMAL,v2:upper,20.392036916798144
3545,OPTIMAL,v2:upper,91.22693454241434
3546,OPTIMAL,v2:upper,42.58775051571931
3547,OPTIMAL,v2:upper,58.65940341489758
3548,OPTIMAL,v2:upper,62.070153150459646
3549,OPTIMAL,v1:upper,997.9063457176776
3550,OPTIMAL,v2:upper,59.56490729918737
3551,OPTIMAL,v2:upper,143.21376637150146
3552,OPTIMAL,v1:upper,274.04815692307955
3553,OPTIMAL,v2:upper,661.9727367055033
3554,OPTIMAL,v2:upper,129.81901270287017
3555,OPTIMAL,v2:upper,30.873720282731238
3556,OPTIMAL,v1:upper,327.7279751104362
3557,OPTIMAL,v2:upper,142.3594928768806
3558,OPTIMAL,v2:upper,208.38395110693384
3559,OPTIMAL,v2:upper,22.53110266414534
3560,OPTIMAL,v2:upper,69.14423031909074
3561,OPTIMAL,v1:upper,46.43230548519004
3562,OPTIMAL,v2:upper,145.16331373213276
3563,OPTIMAL,v2:upper,169.91369671018825
3564,OPTIMAL,v2:upper,192.67369175005274
3565,OPTIMAL,v2:upper,205.31650054009526
3566,OPTIMAL,v1:upper,203.85682627298175
3567,OPTIMAL,v1:upper,166.02174696698384
3568,OPTIMAL,v1:upper,569.956723416086
3569,OPTIMAL,v2:upper,147.22507359135653
3570,OPTIMAL,v2:upper,169.97638797206255
3571,OPTIMAL,v2:upper,63.830612065485454
3572,OPTIMAL,v2:upper,35.28658543585294
3573,OPTIMAL,v2:upper,35.130582063396375
3574,OPTIMAL,v2:upper,79.58027554670227
3575,OPTIMAL,b1:lower;b2:lower;b3:upper;b4:upper;b5:lower;b6:upper;b7:upper;b8:upper;b14:lower,1000.0
3576,OPTIMAL,v2:upper,74.88390301701689
3577,OPTIMAL,v2:upper,58.39846853735551
3578,OPTIMAL,v2:upper,151.77563830760536
3579,OPTIMAL,v2:upper,71.55268871687079
3580,OPTIMAL,v2:upper,98.89449727709679
3581,OPTIMAL,v2:upper,45.040216120543775
3582,OPTIMAL,v2:upper,29.370383168750248
3583,OPTIMAL,v2:upper,52.1496790273534
3584,OPTIMAL,v2:upper,109.40720086103047
3585,OPTIMAL,v2:upper,204.97246430779958
3586,OPTIMAL,v2:upper,363.9967100485512
3587,OPTIMAL,v2:upper,106.65516888094666
3588,OPTIMAL,v2:upper,187.40141274884465
3589,OPTIMAL,v2:upper,290.4963091560973
3590,OPTIMAL,v2:upper,193.73693060310404
3591,OPTIMAL,v2:upper,73.43155252543801
3592,OPTIMAL,b1:lower;b2:lower;b3:upper;b4:upper;b5:lower;b6:upper;b7:upper;b8:upper;b14:lower,1000.0
3593,OPTIMAL,v2:upper,33.61160802853521
3594,OPTIMAL,v2:upper,180.2855410319907
3595,OPTIMAL,v2:upper,37.184231120882544
3596,OPTIMAL,v2:upper,262.211124798382
3597,OPTIMAL,v2:upper,79.31862843911084
3598,OPTIMAL,v2:upper,44.379622590922686
3599,OPTIMAL,v2:upper,176.8649914824073
3600,OPTIMAL,v2:upper,170.18503597545697
3601,OPTIMAL,v2:upper,60.47546204270373
3602,OPTIMAL,v2:upper,101.19573335104018
3603,OPTIMAL,v2:upper,75.57484699365126
3604,OPTIMAL,v2:upper,100.97141843508429
3605,OPTIMAL,v2:upper,48.53926236393233
3606,OPTIMAL,v2:upper,8.08456662091673
3607,OPTIMAL,v2:upper,25.03047990704197
3608,OPTIMAL,v2:upper,577.451543583568
3609,OPTIMAL,v2:upper,459.68429291440185
3610,OPTIMAL,v1:upper,63.84764262034025
3611,OPTIMAL,v2:upper,312.3017134375454
3612,OPTIMAL,v2:upper,171.31451189364327
3613,OPTIMAL,v2:upper,177.52221321442377
3614,OPTIMAL,v2:upper,80.73232986433412
3615,OPTIMAL,v2:upper,200.4420415006969
3616,OPTIMAL,v2:upper,175.9427440187542
3617,OPTIMAL,v2:upper,13.569539824823039
3618,OPTIMAL,v2:upper,120.21093337567288
3619,OPTIMAL,v2:upper,80.43873462998046
3620,OPTIMAL,v2:upper,119.94483614873238
3621,OPTIMAL,v2:upper,36.9996598748447
3622,OPTIMAL,v2:upper,188.3548302535276
3623,OPTIMAL,v2:upper,63.24280874908492
3624,OPTIMAL,v2:upper,172.41737639999647
3625,OPTIMAL,v2:upper,73.51215786692764
3626,OPTIMAL,v2:upper,116.37165293503314
3627,OPTIMAL,v1:upper,72.89201010736151
3628,OPTIMAL,v2:upper,234.36299392607992
3629,OPTIMAL,v2:upper,181.27222315591382
3630,OPTIMAL,v2:upper,189.8765053850471
3631,OPTIMAL,v2:upper,46.055062497901574
3632,OPTIMAL,v2:upper,105.89059810316226
3633,OPTIMAL,v1:upper,59.2257327638362
3634,OPTIMAL,v1:upper,159.22795910525772
3635,OPTIMAL,v2:upper,58.9635438456691
3636,OPTIMAL,v2:upper,47.676930925020244
3637,OPTIMAL,v2:upper,171.21599852039657
3638,OPTIMAL,v2:upper,255.43429945774133
3639,OPTIMAL,v2:upper,28.11805905873398
3640,OPTIMAL,v2:upper,84.03292188203413
3641,OPTIMAL,v2:upper,322.3048362297465
3642,OPTIMAL,v2:upper,56.91983003135437
3643,OPTIMAL,v2:upper,329.70482253099846
3644,OPTIMAL,v2:upper,156.34821136418836
3645,OPTIMAL,v2:upper,64.80238368761876
3646,OPTIMAL,v2:upper,165.11161606386258
3647,OPTIMAL,v2:upper,12.758853079682998
3648,OPTIMAL,v2:upper,248.76497827211412
3649,OPTIMAL,v2:upper,7.356909391806892
3650,OPTIMAL,v2:upper,247.87250927420607
3651,OPTIMAL,v1:upper,335.616517206867
3652,OPTIMAL,v1:upper,366.01967276682046
3653,OPTIMAL,v2:upper,193.46185207261885
3654,OPTIMAL,v2:upper,131.22742945705474
3655,OPTIMAL,v1:upper,130.57311513220338
3656,OPTIMAL,v2:upper,268.1647866879015
3657,OPTIMAL,v2:upper,188.84634122429333
3658,OPTIMAL,v1:upper,697.0730848893043
3659,OPTIMAL,v2:upper,28.36768829364662
3660,OPTIMAL,v2:upper,68.50992720327709
3661,OPTIMAL,v2:upper,300.3181081409465
3662,OPTIMAL,v2:upper,112.81650528386137
3663,OPTIMAL,v2:upper,129.97760398455168
3664,OPTIMAL,v2:upper,250.42172689508195
3665,OPTIMAL,v1:upper,92.23112053804465
3666,OPTIMAL,v2:upper,50.34273679065864
3667,OPTIMAL,v2:upper,423.16108352118886
3668,OPTIMAL,v2:upper,34.678910704068066
3669,OPTIMAL,v1:upper,317.4442183558886
3670,OPTIMAL,v2:upper,56.52182066388215
3671,OPTIMAL,v2:upper,136.55023655743605
3672,OPTIMAL,v2:upper,101.09079449591374
3673,OPTIMAL,v2:upper,95.50231750372514
3674,OPTIMAL,v2:upper,177.8833654097881
3675,OPTIMAL,v1:upper,119.53730682057494
3676,OPTIMAL,v2:upper,47.058238225145665
3677,OPTIMAL,v2:upper,24.115631083686146
3678,OPTIMAL,v2:upper,45.39846983581404
3679,OPTIMAL,v2:upper,410.5046428618761
3680,OPTIMAL,v2:upper,95.88017511667991
3681,OPTIMAL,v2:upper,41.745796268074116
3682,OPTIMAL,v2:upper,66.11428265459072
3683,OPTIMAL,v1:upper,102.90686756090591
3684,OPTIMAL,b1:lower;b2:lower;b3:upper;b4:upper;b5:lower;b6:upper;b7:upper;b8:upper;b14:lower,1000.0
3685,OPTIMAL,v2:upper,37.47566147969708
3686,OPTIMAL,v2:upper,127.20611400133639
3687,OPTIMAL,v2:upper,115.14209746464175
3688,OPTIMAL,v2:upper,52.84410234467783
3689,OPTIMAL,v2:upper,327.72461240764864
3690,OPTIMAL,v2:upper,311.75094798960646
3691,OPTIMAL,v1:upper,408.2746313758432
3692,OPTIMAL,v2:upper,134.7754623058263
3693,OPTIMAL,v2:upper,229.17922945289573
3694,OPTIMAL,v2:upper,96.07443975675389
3695,OPTIMAL,v2:upper,203.96239449820803
3696,OPTIMAL,v2:upper,44.87214929986343
3697,OPTIMAL,v1:upper,541.2279903866464
3698,OPTIMAL,v1:upper,125.86146777261939
3699,OPTIMAL,v2:upper,49.950202847291436
3700,OPTIMAL,v1:upper,355.62902472054515
3701,OPTIMAL,v2:upper,130.37763218958932
3702,OPTIMAL,v2:upper,60.16129725859369
3703,OPTIMAL,v2:upper,393.3347931033898
3704,OPTIMAL,v2:upper,166.8434367181068
3705,OPTIMAL,v2:upper,239.58851837411322
3706,OPTIMAL,v2:upper,47.6796342343817
3707,OPTIMAL,v1:upper,350.0695356191642
3708,OPTIMAL,v2:upper,279.38177666852033
3709,OPTIMAL,v1:upper,632.9445447903286
3710,OPTIMAL,v2:upper,53.97558206264563
3711,OPTIMAL,v2:upper,57.67919419436894
3712,OPTIMAL,v2:upper,88.59145307311496
3713,OPTIMAL,v2:upper,193.5039500618094
3714,OPTIMAL,v1:upper,150.75296499244658
3715,OPTIMAL,b1:lower;b2:lower;b3:upper;b4:upper;b5:lower;b6:upper;b7:upper;b8:upper;b14:lower,1000.0
3716,OPTIMAL,v2:upper,393.7930712060538
3717,OPTIMAL,v2:upper,236.04975505754987
3718,OPTIMAL,v2:upper,14.210856376576617
3719,OPTIMAL,v2:upper,197.27043558901013
3720,OPTIMAL,v1:upper,178.45157282915275
3721,OPTIMAL,v2:upper,90.72751247727493
3722,OPTIMAL,v2:upper,213.55808625474722
3723,OPTIMAL,v1:upper,76.39516189137565
3724,OPTIMAL,v1:upper,313.8476173754769
3725,OPTIMAL,v2:upper,103.37664168558523
3726,OPTIMAL,b1:lower;b2:lower;b3:upper;b4:upper;b5:lower;b6:upper;b7:upper;b8:upper;b14:lower,1000.0
3727,OPTIMAL,v2:upper,173.72095873633398
3728,OPTIMAL,v2:upper,653.8659926361142
3729,OPTIMAL,v1:upper,341.4169001491432
3730,OPTIMAL,v2:upper,192.6745809511098
3731,OPTIMAL,v1:upper,336.4830804438892
3732,OPTIMAL,v2:upper,27.408007318007815
3733,OPTIMAL,v2:upper,176.73685473130544
3734,OPTIMAL,v2:upper,42.749819665616016
3735,OPTIMAL,v2:upper,50.2246913272382
3736,OPTIMAL,v2:upper,269.7351465224811
3737,OPTIMAL,v2:upper,320.92858524994745
3738,OPTIMAL,v1:upper,120.22658563701678
3739,OPTIMAL,v2:upper,135.58695050658267
3740,OPTIMAL,v2:upper,19.418142884253253
3741,OPTIMAL,v2:upper,104.83938978174682
3742,OPTIMAL,v2:upper,112.3606394960582
3743,OPTIMAL,v2:upper,179.47601231214549
3744,OPTIMAL,v1:upper,96.01941196265571
3745,OPTIMAL,v1:upper,63.34278311440656
3746,OPTIMAL,v2:upper,73.54761176407841
3747,OPTIMAL,v1:upper,123.62463971118875
3748,OPTIMAL,v2:upper,163.75343978445142
3749,OPTIMAL,v2:upper,41.5199394164601
3750,OPTIMAL,v2:upper,200.9425914250376
3751,OPTIMAL,v1:upper,297.391351412008
3752,OPTIMAL,v2:upper,76.10415879814883
3753,OPTIMAL,v2:upper,167.72845159352724
3754,OPTIMAL,v2:upper,73.13631388946614
3755,OPTIMAL,v2:upper,443.49368642421103
3756,OPTIMAL,v1:upper,310.60800854737397
3757,OPTIMAL,v2:upper,421.74415387594007
3758,OPTIMAL,v2:upper,180.2005987855984
3759,OPTIMAL,v2:upper,61.49168693694624
3760,OPTIMAL,v2:upper,123.23845204902007
3761,OPTIMAL,v2:upper,152.58739426910566
3762,OPTIMAL,v2:upper,52.462671982777366
3763,OPTIMAL,v2:upper,421.6917878742953
3764,OPTIMAL,v2:upper,32.53054367943426
3765,OPTIMAL,v2:upper,661.9951007313912
3766,OPTIMAL,v2:upper,15.670966691878284
3767,OPTIMAL,v2:upper,198.68798586037693
3768,OPTIMAL,v2:upper,57.86743753385831
3769,OPTIMAL,v2:upper,75.30452401939648
3770,OPTIMAL,v2:upper,151.48831646033054
3771,OPTIMAL,v1:upper,166.4881073468627
3772,OPTIMAL,v2:upper,58.65794140022486
3773,OPTIMAL,v1:upper,16.10866504027603
3774,OPTIMAL,v2:upper,38.49454774902191
3775,OPTIMAL,v2:upper,275.0658819347071
3776,OPTIMAL,v2:upper,46.00269903870615
3777,OPTIMAL,v2:upper,100.39367650651144
3778,OPTIMAL,v1:upper,227.49454115160117
3779,OPTIMAL,v2:upper,192.62084134826205
3780,OPTIMAL,v2:upper,85.34330700449833
3781,OPTIMAL,v2:upper,411.2535253823722
3782,OPTIMAL,v2:upper,80.74327720917276
3783,OPTIMAL,v2:upper,139.03112825899706
3784,OPTIMAL,v2:upper,125.63865480818853
3785,OPTIMAL,v2:upper,51.812665199587265
3786,OPTIMAL,v2:upper,50.35307227641092
3787,OPTIMAL,v2:upper,76.94670423099352
3788,OPTIMAL,v2:upper,311.6460440921043
3789,OPTIMAL,v2:upper,172.87661076281609
3790,OPTIMAL,v2:upper,69.8879263909064
3791,OPTIMAL,v1:upper,891.8409090573679
3792,OPTIMAL,v1:upper,162.62149197662023
3793,OPTIMAL,v2:upper,157.73281242217624
3794,OPTIMAL,v2:upper,307.3047669629789
3795,OPTIMAL,v2:upper,56.28226053184253
3796,OPTIMAL,v2:upper,237.420030924323
3797,OPTIMAL,v2:upper,178.8197167222164
3798,OPTIMAL,v1:upper,216.79345449584798
3799,OPTIMAL,v2:upper,17.560741233449562
3800,OPTIMAL,v2:upper,58.64855525874204
3801,OPTIMAL,v2:upper,50.567773842875944
3802,OPTIMAL,v2:upper,98.49004777465504
3803,OPTIMAL,v2:upper,248.52814256881956
3804,OPTIMAL,v2:upper,65.18891461843795
3805,OPTIMAL,v2:upper,161.61909913888738
3806,OPTIMAL,v1:upper,38.53423952398382
3807,OPTIMAL,v2:upper,408.0474046900371
3808,OPTIMAL,v2:upper,102.02317817830644
3809,OPTIMAL,v2:upper,81.0756135008834
3810,OPTIMAL,v2:upper,106.92730701273139
3811,OPTIMAL,v2:upper,112.50101400600609
3812,OPTIMAL,v2:upper,299.13331066818085
3813,OPTIMAL,v2:upper,38.57921945423369
3814,OPTIMAL,v2:upper,25.694851903495536
3815,OPTIMAL,v2:upper,40.27482019228951
3816,OPTIMAL,v2:upper,110.2077816569802
3817,OPTIMAL,v2:upper,39.343539200503386
3818,OPTIMAL,v2:upper,261.9851990096603
3819,OPTIMAL,v2:upper,143.02607361056883
3820,OPTIMAL,v2:upper,42.457622554597165
3821,OPTIMAL,v2:upper,72.91558470934541
3822,OPTIMAL,v2:upper,91.03016903869987
3823,OPTIMAL,v2:upper,257.9369707756961
3824,OPTIMAL,v2:upper,68.63929996659104
3825,OPTIMAL,v2:upper,53.41172059673559
3826,OPTIMAL,v2:upper,349.5041796100527
3827,OPTIMAL,v2:upper,595.2489529672373
3828,OPTIMAL,v2:upper,217.43245276533207
3829,OPTIMAL,v2:upper,204.35840240802256
3830,OPTIMAL,v2:upper,138.4539785969244
3831,OPTIMAL,v1:upper,78.51857428296394
3832,OPTIMAL,v2:upper,116.45129711903463
3833,OPTIMAL,v2:upper,162.10757876213682
3834,OPTIMAL,v2:upper,32.754581436229756
3835,OPTIMAL,v2:upper,78.63389856923133
3836,OPTIMAL,v2:upper,309.2633068254076
3837,OPTIMAL,v2:upper,174.49499096723216
3838,OPTIMAL,v2:upper,97.93327684985667
3839,OPTIMAL,v2:upper,60.101074718070244
3840,OPTIMAL,v2:upper,73.8713476135516
3841,OPTIMAL,v2:upper,73.92904814119929
3842,OPTIMAL,v2:upper,130.8839572918235
3843,OPTIMAL,v2:upper,300.42614360231596
3844,OPTIMAL,v2:upper,398.6786105775411
3845,OPTIMAL,v2:upper,90.66779183397611
3846,OPTIMAL,v2:upper,63.15309551203293
3847,OPTIMAL,v2:upper,115.92944895435338
3848,OPTIMAL,v2:upper,168.91097246532698
3849,OPTIMAL,v2:upper,327.5579888492016
3850,OPTIMAL,v2:upper,7.805261599180516
3851,OPTIMAL,v2:upper,63.47503371530734
3852,OPTIMAL,v2:upper,139.0419373428328
3853,OPTIMAL,v2:upper,127.49421263447016
3854,OPTIMAL,v1:upper,84.7403153483957
3855,OPTIMAL,v2:upper,102.36183310377199
3856,OPTIMAL,v1:upper,70.1793804291361
3857,OPTIMAL,v2:upper,117.83443214130112
3858,OPTIMAL,v2:upper,141.1177886269011
3859,OPTIMAL,v2:upper,40.40416205854233
3860,OPTIMAL,v2:upper,89.32679667247268
3861,OPTIMAL,v2:upper,86.08575771146025
3862,OPTIMAL,v2:upper,263.5194386542316
3863,OPTIMAL,v2:upper,20.83796143901832
3864,OPTIMAL,v2:upper,176.82928273472993
3865,OPTIMAL,v2:upper,127.52265839534441
3866,OPTIMAL,v2:upper,46.90601301745493
3867,OPTIMAL,v2:upper,151.4955244789165
3868,OPTIMAL,v2:upper,90.63577305456947
3869,OPTIMAL,v1:upper,216.00333483415454
3870,OPTIMAL,v2:upper,159.0533040836489
3871,OPTIMAL,v2:upper,123.25896115003242
3872,OPTIMAL,v2:upper,193.6914403784738
3873,OPTIMAL,v1:upper,73.52267721175485
3874,OPTIMAL,v2:upper,137.01564158416073
3875,OPTIMAL,v1:upper,14.67498931746904
3876,OPTIMAL,v2:upper,118.22768004580574
3877,OPTIMAL,v2:upper,37.17738782662735
3878,OPTIMAL,v2:upper,71.42622960430155
3879,OPTIMAL,v2:upper,12.463501604214954
3880,OPTIMAL,v2:upper,50.88921156780019
3881,OPTIMAL,v2:upper,68.25073142086791
3882,OPTIMAL,v2:upper,110.12330321948903
3883,OPTIMAL,v2:upper,98.8352019244305
3884,OPTIMAL,v2:upper,51.83426159215578
3885,OPTIMAL,v2:upper,39.143262539940544
3886,OPTIMAL,v2:upper,122.3814712319398
3887,OPTIMAL,v2:upper,26.842781616051596
3888,OPTIMAL,v2:upper,170.08798178914682
3889,OPTIMAL,v2:upper,40.7293150492639
3890,OPTIMAL,v2:upper,167.5992304136318
3891,OPTIMAL,v2:upper,78.96137552782781
3892,OPTIMAL,v2:upper,39.296834096023616
3893,OPTIMAL,v2:upper,30.02362763689009
3894,OPTIMAL,v2:upper,183.45902809972034
3895,OPTIMAL,b1:lower;b2:lower;b3:upper;b4:upper;b5:lower;b6:upper;b7:upper;b8:upper;b14:lower,1000.0
3896,OPTIMAL,v2:upper,274.8354935083055
3897,OPTIMAL,v2:upper,284.31457951443423
3898,OPTIMAL,v2:upper,32.06419313599469
3899,OPTIMAL,v2:upper,37.547703586850766
3900,OPTIMAL,v2:upper,153.34436533049592
3901,OPTIMAL,v1:upper,123.42044899902301
3902,OPTIMAL,v2:upper,450.62162145949566
3903,OPTIMAL,v1:upper,109.75646400503668
3904,OPTIMAL,v2:upper,31.400491068174695
3905,OPTIMAL,v2:upper,135.3437020970383
3906,OPTIMAL,v2:upper,181.56101893592773
3907,OPTIMAL,v2:upper,279.5038057517869
3908,OPTIMAL,v2:upper,101.9577723006858
3909,OPTIMAL,v2:upper,267.2014437749023
3910,OPTIMAL,v2:upper,751.599353057564
3911,OPTIMAL,v2:upper,68.71667157167431
3912,OPTIMAL,v2:upper,222.11994966319529
3913,OPTIMAL,v2:upper,147.7971239696175
3914,OPTIMAL,v2:upper,49.646560790820374
3915,OPTIMAL,v2:upper,34.174649006954255
3916,OPTIMAL,v2:upper,38.42341685114608
3917,OPTIMAL,v2:upper,237.23456434747396
3918,OPTIMAL,v2:upper,45.36923577166856
3919,OPTIMAL,v2:upper,78.80892886244392
3920,OPTIMAL,v1:upper,87.62742773143412
3921,OPTIMAL,v1:upper,95.02033977025344
3922,OPTIMAL,v2:upper,215.7437306510715
3923,OPTIMAL,v2:upper,285.0624285860766
3924,OPTIMAL,v2:upper,24.92610769953886
3925,OPTIMAL,v2:upper,386.2265380378606
3926,OPTIMAL,v2:upper,92.14186341405083
3927,OPTIMAL,v2:upper,82.08289951007669
3928,OPTIMAL,v2:upper,32.86317719769826
3929,OPTIMAL,v2:upper,200.01572761158067
3930,OPTIMAL,v2:upper,105.76188460165277
3931,OPTIMAL,v2:upper,431.1472886875371
3932,OPTIMAL,v2:upper,73.43736009592195
3933,OPTIMAL,v2:upper,79.49546738085071
3934,OPTIMAL,v2:upper,190.5299397705066
3935,OPTIMAL,v2:upper,76.43360343801339
3936,OPTIMAL,v2:upper,146.67898621075585
3937,OPTIMAL,v2:upper,331.20791070592213
3938,OPTIMAL,v1:upper,752.1482561958647
3939,OPTIMAL,v2:upper,51.12811702009578
3940,OPTIMAL,v2:upper,70.79648179963388
3941,OPTIMAL,v1:upper,437.77568457291494
3942,OPTIMAL,v2:upper,181.00367138783693
3943,OPTIMAL,v1:upper,101.56753812643457
3944,OPTIMAL,v2:upper,59.61021485923612
3945,OPTIMAL,v2:upper,91.27556341787223
3946,OPTIMAL,v2:upper,51.22421288895714
3947,OPTIMAL,v2:upper,245.6547440076955
3948,OPTIMAL,v2:upper,90.51140428189599
3949,OPTIMAL,v2:upper,116.09826854080848
3950,OPTIMAL,v2:upper,443.3182555277057
3951,OPTIMAL,v2:upper,36.60871739553382
3952,OPTIMAL,v2:upper,37.40916320146094
3953,OPTIMAL,v1:upper,241.51077368312647
3954,OPTIMAL,v2:upper,141.00118725067935
3955,OPTIMAL,v2:upper,31.297199199836786
3956,OPTIMAL,v2:upper,77.6272243286394
3957,OPTIMAL,v2:upper,107.1672900793646
3958,OPTIMAL,v2:upper,72.81695511360205
3959,OPTIMAL,v2:upper,45.81660771741624
3960,OPTIMAL,v2:upper,17.579641795526054
3961,OPTIMAL,v2:upper,37.03911375736224
3962,OPTIMAL,v2:upper,23.393690646969276
3963,OPTIMAL,v2:upper,60.99341129551131
3964,OPTIMAL,v2:upper,290.04837828147237
3965,OPTIMAL,v1:upper,52.65772877416333
3966,OPTIMAL,v2:upper,50.80755784226513
3967,OPTIMAL,v1:upper,210.83299241909398
3968,OPTIMAL,v1:upper,49.58671090107228
3969,OPTIMAL,v2:upper,92.57297437275403
3970,OPTIMAL,v2:upper,45.314453628909106
3971,OPTIMAL,v2:upper,367.75324557086094
3972,OPTIMAL,v2:upper,36.625918459509634
3973,OPTIMAL,v2:upper,193.89376266745052
3974,OPTIMAL,v2:upper,621.4744776905582
3975,OPTIMAL,v2:upper,13.879026323358374
3976,OPTIMAL,v2:upper,253.61242581145203
3977,OPTIMAL,v1:upper,128.69851134588316
3978,OPTIMAL,v2:upper,87.32665257269193
3979,OPTIMAL,v2:upper,130.09782007094867
3980,OPTIMAL,v2:upper,91.11786178571141
3981,OPTIMAL,v1:upper,135.9247613671535
3982,OPTIMAL,v2:upper,57.749110029960235
3983,OPTIMAL,v1:upper,164.622463285528
3984,OPTIMAL,v1:upper,43.46887128534309
3985,OPTIMAL,v2:upper,80.67103581070951
3986,OPTIMAL,v2:upper,119.8395078495922
3987,OPTIMAL,v2:upper,148.3267873127122
3988,OPTIMAL,v2:upper,63.63956422832387
3989,OPTIMAL,v2:upper,112.08157821487868
3990,OPTIMAL,v2:upper,75.3083670851143
3991,OPTIMAL,v2:upper,78.04041236760038
3992,OPTIMAL,v1:upper,388.47564909897216
3993,OPTIMAL,v2:upper,176.15346844858638
3994,OPTIMAL,v2:upper,356.8851680877647
3995,OPTIMAL,v2:upper,86.77237170471165
3996,OPTIMAL,v2:upper,294.8672534276934
3997,OPTIMAL,v2:upper,182.75367908830876
3998,OPTIMAL,v1:upper,409.7678366299623
3999,OPTIMAL,v2:upper,23.66933839887056
4000,OPTIMAL,v2:upper,78.04430316416222
4001,OPTIMAL,v2:upper,77.89599892972716
4002,OPTIMAL,v2:upper,139.77181491384994
4003,OPTIMAL,v2:upper,297.88778248981595
4004,OPTIMAL,v2:upper,258.0441934343734
4005,OPTIMAL,v2:upper,221.29971941147704
4006,OPTIMAL,v2:upper,341.05889358007187
4007,OPTIMAL,v2:upper,198.078968964554
4008,OPTIMAL,v2:upper,74.77773952388269
4009,OPTIMAL,v2:upper,17.7738879933593
4010,OPTIMAL,v1:upper,100.24834145945466
4011,OPTIMAL,v2:upper,278.949643061775
4012,OPTIMAL,v2:upper,169.57220509049964
4013,OPTIMAL,v2:upper,133.12917027873627
4014,OPTIMAL,v2:upper,180.29324418255632
4015,OPTIMAL,v2:upper,310.14432799412157
4016,OPTIMAL,v1:upper,215.50290208965794
4017,OPTIMAL,v1:upper,956.719548275388
4018,OPTIMAL,v2:upper,183.67691975727706
4019,OPTIMAL,v2:upper,782.7078370227537
4020,OPTIMAL,v2:upper,275.924650678677
4021,OPTIMAL,v2:upper,207.00942068086846
4022,OPTIMAL,v2:upper,44.90699629541094
4023,OPTIMAL,v2:upper,153.05448371522013
4024,OPTIMAL,v2:upper,38.18125270158865
4025,OPTIMAL,v1:upper,452.61397168426356
4026,OPTIMAL,v2:upper,15.374722366664038
4027,OPTIMAL,v2:upper,118.03763641471066
4028,OPTIMAL,v2:upper,59.14073816843317
4029,OPTIMAL,v2:upper,75.00315252941446
4030,OPTIMAL,v2:upper,120.21784441518213
4031,OPTIMAL,v2:upper,193.2452959559908
4032,OPTIMAL,v2:upper,516.5523108858742
4033,OPTIMAL,v2:upper,340.08854392441395
4034,OPTIMAL,v2:upper,174.64745198421673
4035,OPTIMAL,v2:upper,138.2315456759802
4036,OPTIMAL,v2:upper,431.1334646098385
4037,OPTIMAL,v2:upper,80.79650395770275
4038,OPTIMAL,v2:upper,106.34644033195194
4039,OPTIMAL,v2:upper,129.02357582670027
4040,OPTIMAL,v2:upper,120.08087659416019
4041,OPTIMAL,v2:upper,31.312136387038016
4042,OPTIMAL,v2:upper,131.65678151766312
4043,OPTIMAL,v2:upper,68.37166450793312
4044,OPTIMAL,v2:upper,263.46773358228575
4045,OPTIMAL,v2:upper,15.186493067146422
4046,OPTIMAL,v2:upper,467.28862730076986
4047,OPTIMAL,v2:upper,111.66424534150046
4048,OPTIMAL,v2:upper,93.04795334203921
4049,OPTIMAL,v2:upper,184.23275596745077
4050,OPTIMAL,b1:lower;b2:lower;b3:upper;b4:upper;b5:lower;b6:upper;b7:upper;b8:upper;b14:lower,1000.0
4051,OPTIMAL,v2:upper,273.65496375617863
4052,OPTIMAL,v2:upper,101.87878963530781
4053,OPTIMAL,v2:upper,119.19887373629878
4054,OPTIMAL,v2:upper,77.46328197666804
4055,OPTIMAL,v2:upper,180.55029659383507
4056,OPTIMAL,v2:upper,189.22909536118507
4057,OPTIMAL,v2:upper,25.074900425830194
4058,OPTIMAL,v2:upper,184.4151432459009
4059,OPTIMAL,v2:upper,144.7808442702914
4060,OPTIMAL,v2:upper,88.32239510075728
4061,OPTIMAL,v2:upper,428.47255710755775
4062,OPTIMAL,v2:upper,28.947071179692447
4063,OPTIMAL,v2:upper,103.50750408190835
4064,OPTIMAL,v2:upper,113.61404676057812
4065,OPTIMAL,v2:upper,23.427602511805556
4066,OPTIMAL,v2:upper,77.0421501654318
4067,OPTIMAL,v1:upper,219.9521185121215
4068,OPTIMAL,v2:upper,88.4798295283873
4069,OPTIMAL,v2:upper,421.9666883636958
4070,OPTIMAL,v2:upper,97.10232645231157
4071,OPTIMAL,v2:upper,162.99428746162573
4072,OPTIMAL,v1:upper,195.83467169005684
4073,OPTIMAL,v2:upper,19.498672226836494
4074,OPTIMAL,v2:upper,116.52859322971808
4075,OPTIMAL,v2:upper,31.426941485099704
4076,OPTIMAL,v2:upper,125.8610493929927
4077,OPTIMAL,v2:upper,593.7481792439985
4078,OPTIMAL,v2:upper,72.88589289682561
4079,OPTIMAL,v2:upper,178.56655196878992
4080,OPTIMAL,v1:upper,308.15390359394115
4081,OPTIMAL,v2:upper,30.74734732618007
4082,OPTIMAL,v2:upper,155.21902062459478
4083,OPTIMAL,v2:upper,36.44557240328435
4084,OPTIMAL,v2:upper,51.23177272339656
4085,OPTIMAL,v2:upper,243.691326172035
4086,OPTIMAL,v2:upper,216.621873098744
4087,OPTIMAL,v2:upper,517.9658139512827
4088,OPTIMAL,v2:upper,156.55960272561924
4089,OPTIMAL,b1:lower;b2:lower;b3:upper;b4:upper;b5:lower;b6:upper;b7:upper;b8:upper;b14:lower,1000.0
4090,OPTIMAL,v1:upper,231.8863738863871
4091,OPTIMAL,v2:upper,29.972077234003216
4092,OPTIMAL,v2:upper,43.687400401839795
4093,OPTIMAL,v2:upper,77.75518007584614
4094,OPTIMAL,v2:upper,147.12660741499494
4095,OPTIMAL,v2:upper,119.86249434794141
4096,OPTIMAL,v2:upper,20.987577281814033
4097,OPTIMAL,v2:upper,18.384799831823546
4098,OPTIMAL,v2:upper,100.20832441344393
4099,OPTIMAL,v2:upper,63.259495863900845
4100,OPTIMAL,v1:upper,767.7086035344602
4101,OPTIMAL,v2:upper,69.64336784349732
4102,OPTIMAL,v2:upper,131.0538232566966
4103,OPTIMAL,v2:upper,47.52718953844805
4104,OPTIMAL,v2:upper,118.0565112615468
4105,OPTIMAL,v2:upper,387.58704998480414
4106,OPTIMAL,v2:upper,23.089511795159538
4107,OPTIMAL,v2:upper,223.78947982848717
4108,OPTIMAL,v2:upper,159.07286567818747
4109,OPTIMAL,v2:upper,294.9958298676923
4110,OPTIMAL,v2:upper,40.33933634894898
4111,OPTIMAL,v2:upper,81.67086949042724
4112,OPTIMAL,v2:upper,212.27578199733364
4113,OPTIMAL,v2:upper,244.94029382317527
4114,OPTIMAL,v2:upper,154.45228800270178
4115,OPTIMAL,v1:upper,84.8389037006371
4116,OPTIMAL,v1:upper,135.65217089090254
4117,OPTIMAL,v2:upper,49.604914934062464
4118,OPTIMAL,v2:upper,56.865096542055845
4119,OPTIMAL,v2:upper,70.84261585343164
4120,OPTIMAL,v2:upper,201.61388635782714
4121,OPTIMAL,v2:upper,134.97888212526072
4122,OPTIMAL,v1:upper,366.5891271710658
4123,OPTIMAL,v2:upper,15.839299592050402
4124,OPTIMAL,v2:upper,180.41238685410977
4125,OPTIMAL,v2:upper,252.10182266929823
4126,OPTIMAL,v2:upper,156.0655915346887
4127,OPTIMAL,v2:upper,155.7064799089994
4128,OPTIMAL,v2:upper,265.7794773624429
4129,OPTIMAL,v2:upper,21.200755117102435
4130,OPTIMAL,v2:upper,631.5873193269936
4131,OPTIMAL,v2:upper,266.43542861910186
4132,OPTIMAL,v2:upper,123.26639529205845
4133,OPTIMAL,v2:upper,206.0469648634849
4134,OPTIMAL,v2:upper,107.7075812308731
4135,OPTIMAL,v2:upper,91.68228945305785
4136,OPTIMAL,v2:upper,92.21477946454739
4137,OPTIMAL,v2:upper,16.30547727365287
4138,OPTIMAL,v2:upper,19.695131249683133
4139,OPTIMAL,v2:upper,116.10505658897
4140,OPTIMAL,v2:upper,100.06322742512626
4141,OPTIMAL,v2:upper,428.99783949226
4142,OPTIMAL,v2:upper,271.64151798143746
4143,OPTIMAL,v2:upper,106.46980905733064
4144,OPTIMAL,v2:upper,535.6389249192475
4145,OPTIMAL,v2:upper,73.36837361337676
4146,OPTIMAL,v2:upper,749.3143042193182
4147,OPTIMAL,v2:upper,306.1876382769324
4148,OPTIMAL,v2:upper,157.16631138253246
4149,OPTIMAL,v1:upper,106.81733785393364
4150,OPTIMAL,v1:upper,519.3288549184106
4151,OPTIMAL,v1:upper,164.78375211873862
4152,OPTIMAL,v2:upper,42.56737207084998
4153,OPTIMAL,v2:upper,39.372163326044465
4154,OPTIMAL,v2:upper,35.73806444139553
4155,OPTIMAL,v2:upper,195.3961024393786
4156,OPTIMAL,v1:upper,423.39427158985535
4157,OPTIMAL,v1:upper,175.33499165861568
4158,OPTIMAL,b1:lower;b2:lower;b3:upper;b4:upper;b5:lower;b6:upper;b7:upper;b8:upper;b14:lower,1000.0
4159,OPTIMAL,v2:upper,57.002994650766034
4160,OPTIMAL,v2:upper,424.67171805916956
4161,OPTIMAL,v2:upper,262.9431684273969
4162,OPTIMAL,v2:upper,41.69011663067256
4163,OPTIMAL,v2:upper,109.13897266570586
4164,OPTIMAL,v2:upper,25.37910800024821
4165,OPTIMAL,v2:upper,178.66554763438415
4166,OPTIMAL,v2:upper,233.75526203979635
4167,OPTIMAL,v2:upper,47.97730880609106
4168,OPTIMAL,v2:upper,230.73750756164074
4169,OPTIMAL,v1:upper,72.0635850149537
4170,OPTIMAL,v2:upper,129.23645410614466
4171,OPTIMAL,v2:upper,120.9806262552528
4172,OPTIMAL,v2:upper,553.6791618461202
4173,OPTIMAL,v2:upper,729.0024646973395
4174,OPTIMAL,v2:upper,546.3042350267855
4175,OPTIMAL,v2:upper,102.42140042839605
4176,OPTIMAL,v2:upper,19.02401389373199
4177,OPTIMAL,v1:upper,248.4798048313682
4178,OPTIMAL,v2:upper,323.3280325779272
4179,OPTIMAL,v2:upper,165.19873549084969
4180,OPTIMAL,v2:upper,223.32772717996912
4181,OPTIMAL,v2:upper,96.73965948228106
4182,OPTIMAL,v2:upper,158.5138031386349
4183,OPTIMAL,v2:upper,58.008466321141
4184,OPTIMAL,v2:upper,714.4008252123685
4185,OPTIMAL,v2:upper,76.70370250292164
4186,OPTIMAL,v2:upper,281.85275946623545
4187,OPTIMAL,v1:upper,68.97547105293151
4188,OPTIMAL,v2:upper,364.87804163951716
4189,OPTIMAL,v2:upper,712.9924628744467
4190,OPTIMAL,v2:upper,13.205225111693975
4191,OPTIMAL,v2:upper,134.0841042904981
4192,OPTIMAL,v2:upper,236.78379833630248
4193,OPTIMAL,v2:upper,178.76439380229516
4194,OPTIMAL,v2:upper,113.31046791251542
4195,OPTIMAL,v2:upper,338.1769465364738
4196,OPTIMAL,v2:upper,37.787106874572224
4197,OPTIMAL,v2:upper,74.8211050706164
4198,OPTIMAL,v1:upper,161.44796026583253
4199,OPTIMAL,v2:upper,135.23608987247388
4200,OPTIMAL,v2:upper,66.76394885766216
4201,OPTIMAL,v2:upper,96.61713775163659
4202,OPTIMAL,v2:upper,139.60193348756076
4203,OPTIMAL,v1:upper,328.4670659392016
4204,OPTIMAL,v2:upper,614.8209227050922
4205,OPTIMAL,v2:upper,57.116261514429986
4206,OPTIMAL,v2:upper,265.87090271608827
4207,OPTIMAL,v2:upper,15.169542282725631
4208,OPTIMAL,v2:upper,24.959154361504563
4209,OPTIMAL,v2:upper,60.92700111968185
4210,OPTIMAL,v2:upper,271.37338849428437
4211,OPTIMAL,v2:upper,113.17778164071537
4212,OPTIMAL,v2:upper,129.16762271662748
4213,OPTIMAL,v2:upper,212.09009349501844
4214,OPTIMAL,v1:upper,145.3345955768052
4215,OPTIMAL,v2:upper,102.39920806912774
4216,OPTIMAL,v2:upper,80.49239842852884
4217,OPTIMAL,v2:upper,301.1552657860797
4218,OPTIMAL,v2:upper,316.48483124837935
4219,OPTIMAL,v2:upper,144.63962505192117
4220,OPTIMAL,v2:upper,130.92337426631408
4221,OPTIMAL,v2:upper,288.30912032198546
4222,OPTIMAL,v1:upper,271.9441405257178
4223,OPTIMAL,v2:upper,38.617811650504635
4224,OPTIMAL,v2:upper,521.687707556857
4225,OPTIMAL,v1:upper,131.9108571644533
4226,OPTIMAL,v2:upper,86.89189807953957
4227,OPTIMAL,v2:upper,61.61966477534782
4228,OPTIMAL,v2:upper,42.29282547259531
4229,OPTIMAL,v2:upper,35.80489434329605
4230,OPTIMAL,v1:upper,271.9018163969763
4231,OPTIMAL,v2:upper,32.032277411471426
4232,OPTIMAL,v2:upper,96.85699710855503
4233,OPTIMAL,v2:upper,206.32419373676592
4234,OPTIMAL,v1:upper,290.29672030706377
4235,OPTIMAL,v2:upper,123.87229929627739
4236,OPTIMAL,v2:upper,61.64566228146373
4237,OPTIMAL,v2:upper,19.09063840754458
4238,OPTIMAL,v2:upper,57.38696982530667
4239,OPTIMAL,v2:upper,108.75515952577979
4240,OPTIMAL,v2:upper,82.94449814305214
4241,OPTIMAL,v2:upper,283.7771743753556
4242,OPTIMAL,v2:upper,165.17213101677325
4243,OPTIMAL,v2:upper,21.14292709475627
4244,OPTIMAL,v2:upper,152.23967424411532
4245,OPTIMAL,v2:upper,533.4449279951732
4246,OPTIMAL,v2:upper,33.145186565012494
4247,OPTIMAL,b1:lower;b2:lower;b3:upper;b4:upper;b5:lower;b6:upper;b7:upper;b8:upper;b14:lower,1000.0
4248,OPTIMAL,v2:upper,75.53857331971393
4249,OPTIMAL,v2:upper,170.3408924822509
4250,OPTIMAL,v2:upper,215.77941136621033
4251,OPTIMAL,v2:upper,183.49161100150826
4252,OPTIMAL,v2:upper,45.27333344203853
4253,OPTIMAL,v2:upper,77.4671622818595
4254,OPTIMAL,v2:upper,195.4627428498424
4255,OPTIMAL,v2:upper,489.69695112313804
4256,OPTIMAL,v2:upper,111.32866101635477
4257,OPTIMAL,v2:upper,129.82022577208306
4258,OPTIMAL,v2:upper,109.82374363459071
4259,OPTIMAL,v2:upper,37.79078217106246
4260,OPTIMAL,v2:upper,28.7384472094166
4261,OPTIMAL,v2:upper,51.08819993765163
4262,OPTIMAL,v2:upper,61.57554177300386
4263,OPTIMAL,v2:upper,41.25810039466028
4264,OPTIMAL,v2:upper,30.763779573323166
4265,OPTIMAL,v2:upper,60.61755237303172
4266,OPTIMAL,v2:upper,51.52296500782794
4267,OPTIMAL,v2:upper,273.67353446449647
4268,OPTIMAL,v1:upper,34.35322280495878
4269,OPTIMAL,v2:upper,547.3603716771846
4270,OPTIMAL,v2:upper,60.124344094744345
4271,OPTIMAL,v2:upper,53.5926290239816
4272,OPTIMAL,v2:upper,193.7919750745595
4273,OPTIMAL,v2:upper,226.95019470481472
4274,OPTIMAL,v2:upper,469.8216166623391
4275,OPTIMAL,v2:upper,76.20861454500988
4276,OPTIMAL,v2:upper,53.5905683330425
4277,OPTIMAL,v2:upper,39.97087881145775
4278,OPTIMAL,v2:upper,127.03891036175462
4279,OPTIMAL,v2:upper,43.372007215186855
4280,OPTIMAL,v2:upper,251.86774018567172
4281,OPTIMAL,v2:upper,192.63199841111944
4282,OPTIMAL,v2:upper,81.75605102941118
4283,OPTIMAL,v2:upper,396.13606352733575
4284,OPTIMAL,v1:upper,160.64514427678176
4285,OPTIMAL,v2:upper,212.9977275056344
4286,OPTIMAL,v2:upper,148.7677841934955
4287,OPTIMAL,v2:upper,193.60908200751493
4288,OPTIMAL,v2:upper,32.59022027853929
4289,OPTIMAL,v2:upper,281.2175374502074
4290,OPTIMAL,v2:upper,383.29914932088263
4291,OPTIMAL,v2:upper,75.96127753916954
4292,OPTIMAL,v2:upper,36.253929796232214
4293,OPTIMAL,v2:upper,155.81672407042862
4294,OPTIMAL,v2:upper,92.16307088122055
4295,OPTIMAL,v1:upper,496.67165192890553
4296,OPTIMAL,v2:upper,311.4568857096331
4297,OPTIMAL,v2:upper,108.83912223574778
4298,OPTIMAL,v2:upper,21.5134567052396
4299,OPTIMAL,v2:upper,318.3196916642392
4300,OPTIMAL,v2:upper,881.4503232086466
4301,OPTIMAL,v2:upper,112.56301583365803
4302,OPTIMAL,v2:upper,220.891429376205
4303,OPTIMAL,v2:upper,300.10319873626696
4304,OPTIMAL,v1:upper,146.8735939364025
4305,OPTIMAL,v2:upper,191.00314314853853
4306,OPTIMAL,v2:upper,38.22425924418356
4307,OPTIMAL,v2:upper,27.288084561443455
4308,OPTIMAL,v2:upper,96.49788966609462
4309,OPTIMAL,v2:upper,19.710720920340258
4310,OPTIMAL,v2:upper,42.655825723389626
4311,OPTIMAL,v2:upper,88.20343295183389
4312,OPTIMAL,v1:upper,351.8686186425836
4313,OPTIMAL,v2:upper,69.17466908600764
4314,OPTIMAL,v2:upper,29.72523984166721
4315,OPTIMAL,v2:upper,19.250437027722768
4316,OPTIMAL,v2:upper,54.52306909572764
4317,OPTIMAL,v2:upper,185.1340187109468
4318,OPTIMAL,v1:upper,155.68867751290034
4319,OPTIMAL,v2:upper,626.1290677370605
4320,OPTIMAL,v2:upper,47.05934706336727
4321,OPTIMAL,v1:upper,123.1435697876767
4322,OPTIMAL,v2:upper,70.13442660226173
4323,OPTIMAL,v2:upper,126.59560984234433
4324,OPTIMAL,v2:upper,161.2469911660616
4325,OPTIMAL,v2:upper,114.02830431698473
4326,OPTIMAL,v2:upper,28.459823123532406
4327,OPTIMAL,v2:upper,116.56344594080743
4328,OPTIMAL,v2:upper,77.79649514664786
4329,OPTIMAL,v2:upper,460.498957832252
4330,OPTIMAL,v2:upper,50.56588698974573
4331,OPTIMAL,v2:upper,75.86539311035014
4332,OPTIMAL,v2:upper,53.246816577368556
4333,OPTIMAL,v2:upper,234.00874455735178
4334,OPTIMAL,v2:upper,91.57917215487504
4335,OPTIMAL,v2:upper,99.44998567820558
4336,OPTIMAL,v2:upper,161.6719048265253
4337,OPTIMAL,v2:upper,48.92890499533319
4338,OPTIMAL,v2:upper,101.47094595342078
4339,OPTIMAL,v2:upper,307.42101237533046
4340,OPTIMAL,v2:upper,172.88520913738793
4341,OPTIMAL,v1:upper,233.52240285946112
4342,OPTIMAL,v2:upper,223.1697975803422
4343,OPTIMAL,v2:upper,228.2546842766796
4344,OPTIMAL,v2:upper,279.2410274660453
4345,OPTIMAL,v2:upper,242.34133550840275
4346,OPTIMAL,v2:upper,205.52010973335493
4347,OPTIMAL,v2:upper,52.66222858166811
4348,OPTIMAL,v1:upper,185.01222412451656
4349,OPTIMAL,v2:upper,330.6335859102288
4350,OPTIMAL,v2:upper,61.709126384942266
4351,OPTIMAL,v2:upper,128.39898884487727
4352,OPTIMAL,v2:upper,105.31542564630092
4353,OPTIMAL,v2:upper,54.60051001172625
4354,OPTIMAL,v2:upper,96.72456063448287
4355,OPTIMAL,v2:upper,74.07833135089373
4356,OPTIMAL,v2:upper,57.622446630711025
4357,OPTIMAL,v2:upper,132.44242830923073
4358,OPTIMAL,v1:upper,360.57936925071834
4359,OPTIMAL,v2:upper,284.1947245562879
4360,OPTIMAL,v2:upper,194.25859248820305
4361,OPTIMAL,v2:upper,112.30977707601593
4362,OPTIMAL,v2:upper,93.23902291579947
4363,OPTIMAL,v2:upper,171.66926573809943
4364,OPTIMAL,v2:upper,358.8331940711893
4365,OPTIMAL,v2:upper,268.4577913961081
4366,OPTIMAL,v2:upper,46.14283461368026
4367,OPTIMAL,v2:upper,104.3288671278559
4368,OPTIMAL,v2:upper,122.83647203845126
4369,OPTIMAL,v2:upper,141.29639281897127
4370,OPTIMAL,v2:upper,170.55328935228738
4371,OPTIMAL,v2:upper,36.52054610674128
4372,OPTIMAL,v2:upper,50.21847643919581
4373,OPTIMAL,v2:upper,74.85501557444155
4374,OPTIMAL,v2:upper,97.8761553563174
4375,OPTIMAL,v2:upper,134.0793646369535
4376,OPTIMAL,v2:upper,60.401854010393635
4377,OPTIMAL,v2:upper,100.40517989997679
4378,OPTIMAL,v2:upper,53.41301151460706
4379,OPTIMAL,v2:upper,97.9005667870222
4380,OPTIMAL,v2:upper,228.82088873224853
4381,OPTIMAL,v2:upper,174.47581827495694
4382,OPTIMAL,v2:upper,34.42807813811952
4383,OPTIMAL,v2:upper,556.8240467044881
4384,OPTIMAL,v2:upper,69.67090798887803
4385,OPTIMAL,v2:upper,21.72468406532876
4386,OPTIMAL,v2:upper,475.82975026205594
4387,OPTIMAL,v2:upper,238.6254918804997
4388,OPTIMAL,v1:upper,215.19804051918
4389,OPTIMAL,v1:upper,36.558530112777184
4390,OPTIMAL,v2:upper,264.41599781304484
4391,OPTIMAL,v2:upper,120.82511719715643
4392,OPTIMAL,v1:upper,109.45332549452436
4393,OPTIMAL,v2:upper,65.50296549559054
4394,OPTIMAL,v2:upper,619.3139029251007
4395,OPTIMAL,v2:upper,206.1729317878961
4396,OPTIMAL,v2:upper,18.560604474149613
4397,OPTIMAL,v2:upper,196.21452377814495
4398,OPTIMAL,v2:upper,50.58613622286464
4399,OPTIMAL,v1:upper,32.87212933519157
4400,OPTIMAL,v2:upper,201.09086295277987
4401,OPTIMAL,v2:upper,72.10214641587856
4402,OPTIMAL,v2:upper,113.06143058892826
4403,OPTIMAL,v2:upper,149.33175070407015
4404,OPTIMAL,v2:upper,78.6137778362679
4405,OPTIMAL,v2:upper,112.04452123762391
4406,OPTIMAL,v2:upper,40.58969894559874
4407,OPTIMAL,v1:upper,337.42283536206537
4408,OPTIMAL,v2:upper,136.73210853653651
4409,OPTIMAL,v1:upper,58.49637148611923
4410,OPTIMAL,v2:upper,46.78220039868699
4411,OPTIMAL,v2:upper,114.51252639374921
4412,OPTIMAL,v1:upper,253.8902661057106
4413,OPTIMAL,v2:upper,24.263293051280552
4414,OPTIMAL,v2:upper,105.75411076722969
4415,OPTIMAL,v2:upper,306.88410326393154
4416,OPTIMAL,v2:upper,288.1801673815454
4417,OPTIMAL,v2:upper,93.4909781357296
4418,OPTIMAL,v2:upper,17.938465455658708
4419,OPTIMAL,v2:upper,147.89365876345417
4420,OPTIMAL,v2:upper,71.52549350224758
4421,OPTIMAL,v2:upper,111.81891632569403
4422,OPTIMAL,v2:upper,105.92344890540097
4423,OPTIMAL,v2:upper,130.12600462970113
4424,OPTIMAL,v2:upper,42.27209218686751
4425,OPTIMAL,v2:upper,32.77217394188813
4426,OPTIMAL,v2:upper,65.9840203561386
4427,OPTIMAL,v2:upper,71.3784211707666
4428,OPTIMAL,v2:upper,48.94280663357806
4429,OPTIMAL,v2:upper,185.67759675664712
4430,OPTIMAL,b1:lower;b2:lower;b3:upper;b4:upper;b5:lower;b6:upper;b7:upper;b8:upper;b14:lower,1000.0
4431,OPTIMAL,v2:upper,26.65763688419218
4432,OPTIMAL,v2:upper,592.0283610115866
4433,OPTIMAL,v2:upper,71.0255346251237
4434,OPTIMAL,v2:upper,82.62706247119549
4435,OPTIMAL,v1:upper,404.37838237494503
4436,OPTIMAL,v2:upper,133.03939574044557
4437,OPTIMAL,v2:upper,191.55556166342035
4438,OPTIMAL,v2:upper,111.86442241505866
4439,OPTIMAL,v2:upper,85.9004385018664
4440,OPTIMAL,v1:upper,113.87436612079117
4441,OPTIMAL,v1:upper,343.52286643860697
4442,OPTIMAL,v2:upper,189.2948560769119
4443,OPTIMAL,v2:upper,50.61323613674422
4444,OPTIMAL,v2:upper,80.62231149392859
4445,OPTIMAL,v2:upper,81.74897027258694
4446,OPTIMAL,v2:upper,149.59065558055966
4447,OPTIMAL,v2:upper,62.84244400430511
4448,OPTIMAL,v2:upper,49.381756086992866
4449,OPTIMAL,v2:upper,86.2911271449967
4450,OPTIMAL,v2:upper,750.5984938551724
4451,OPTIMAL,v2:upper,59.442128629261305
4452,OPTIMAL,v2:upper,158.75180972678717
4453,OPTIMAL,v2:upper,491.8516018558843
4454,OPTIMAL,v2:upper,97.66100239872708
4455,OPTIMAL,v2:upper,31.363254729067705
4456,OPTIMAL,v2:upper,80.65483964109359
4457,OPTIMAL,v2:upper,219.33983046755156
4458,OPTIMAL,v2:upper,46.124802393810114
4459,OPTIMAL,v2:upper,150.2076206095366
4460,OPTIMAL,v2:upper,36.88462818771743
4461,OPTIMAL,v2:upper,658.2361777014926
4462,OPTIMAL,v2:upper,305.2892738889727
4463,OPTIMAL,v2:upper,195.66260609232813
4464,OPTIMAL,v2:upper,75.51689680630997
4465,OPTIMAL,v2:upper,65.57217529357945
4466,OPTIMAL,v2:upper,197.7036887018061
4467,OPTIMAL,v2:upper,55.64741397592653
4468,OPTIMAL,v2:upper,69.3619725233785
4469,OPTIMAL,v2:upper,116.5617161697261
4470,OPTIMAL,v2:upper,58.68596581147832
4471,OPTIMAL,v2:upper,58.764932032670366
4472,OPTIMAL,v2:upper,36.025132610285844
4473,OPTIMAL,v2:upper,55.86617619965711
4474,OPTIMAL,v2:upper,39.45608103437558
4475,OPTIMAL,v2:upper,268.90007794256974
4476,OPTIMAL,v2:upper,57.92793855354519
4477,OPTIMAL,v2:upper,323.34674465219166
4478,OPTIMAL,v2:upper,184.48489456123943
4479,OPTIMAL,v2:upper,109.85557317957976
4480,OPTIMAL,v2:upper,75.15967340385998
4481,OPTIMAL,v1:upper,184.3131198244645
4482,OPTIMAL,v2:upper,162.3632548276381
4483,OPTIMAL,v2:upper,55.563368258482214
4484,OPTIMAL,v2:upper,72.35999112044772
4485,OPTIMAL,v2:upper,176.09271516195048
4486,OPTIMAL,v2:upper,98.1069149722845
4487,OPTIMAL,v2:upper,105.98024089592957
4488,OPTIMAL,b1:lower;b2:lower;b3:upper;b4:upper;b5:lower;b6:upper;b7:upper;b8:upper;b14:lower,1000.0
4489,OPTIMAL,v1:upper,89.31828912395075
4490,OPTIMAL,v2:upper,169.53576004074912
4491,OPTIMAL,v2:upper,121.8831826980057
4492,OPTIMAL,v2:upper,153.17786098355418
4493,OPTIMAL,v1:upper,239.39046347122564
4494,OPTIMAL,v2:upper,28.7172222812042
4495,OPTIMAL,v1:upper,127.27490642663132
4496,OPTIMAL,v2:upper,123.4309292982715
4497,OPTIMAL,v2:upper,131.78632168200213
4498,OPTIMAL,v2:upper,186.76818211983704
4499,OPTIMAL,v2:upper,106.06564083747405
4500,OPTIMAL,v2:upper,119.01033069322176
4501,OPTIMAL,v2:upper,30.85063642712187
4502,OPTIMAL,v2:upper,83.3690625194351
4503,OPTIMAL,v2:upper,94.85599188298173
4504,OPTIMAL,v2:upper,139.3710907170904
4505,OPTIMAL,v2:upper,68.63892590652944
4506,OPTIMAL,v2:upper,95.96248865960733
4507,OPTIMAL,v2:upper,111.7824004050849
4508,OPTIMAL,v1:upper,358.2728423841763
4509,OPTIMAL,v2:upper,52.49543280569857
4510,OPTIMAL,v2:upper,125.8419561224791
4511,OPTIMAL,v2:upper,87.70132998167087
4512,OPTIMAL,v2:upper,107.38556473630233
4513,OPTIMAL,v2:upper,50.07221328660258
4514,OPTIMAL,v2:upper,57.61170872092657
4515,OPTIMAL,v1:upper,119.43823864673162
4516,OPTIMAL,v2:upper,20.600900570785413
4517,OPTIMAL,v2:upper,243.5860486792801
4518,OPTIMAL,v2:upper,552.7405328987584
4519,OPTIMAL,v2:upper,157.58879419296403
4520,OPTIMAL,v2:upper,202.10444546796333
4521,OPTIMAL,v2:upper,114.66422811878982
4522,OPTIMAL,v2:upper,51.44434816525683
4523,OPTIMAL,v2:upper,160.95786656286546
4524,OPTIMAL,v2:upper,159.86235247061117
4525,OPTIMAL,v1:upper,117.36502849005299
4526,OPTIMAL,v2:upper,100.60771092086405
4527,OPTIMAL,v1:upper,323.54977696388914
4528,OPTIMAL,v2:upper,269.80527110660904
4529,OPTIMAL,v2:upper,80.72026711796121
4530,OPTIMAL,v2:upper,140.03220374531668
4531,OPTIMAL,v2:upper,24.92905020541671
4532,OPTIMAL,v2:upper,19.35936556713269
4533,OPTIMAL,v1:upper,224.84683164749026
4534,OPTIMAL,v2:upper,159.16855351843716
4535,OPTIMAL,v2:upper,225.80070572718432
4536,OPTIMAL,v2:upper,64.94002022164273
4537,OPTIMAL,v2:upper,24.49703089522115
4538,OPTIMAL,v2:upper,278.8774128291212
4539,OPTIMAL,v2:upper,199.13835130387295
4540,OPTIMAL,v1:upper,193.00367822646294
4541,OPTIMAL,v2:upper,124.27917426088082
4542,OPTIMAL,v2:upper,76.01847068198174
4543,OPTIMAL,v2:upper,45.03457068268644
4544,OPTIMAL,v1:upper,215.19734711269376
4545,OPTIMAL,v2:upper,692.6653824615017
4546,OPTIMAL,v2:upper,61.30664423940822
4547,OPTIMAL,v2:upper,353.436232189474
4548,OPTIMAL,v2:upper,73.09981777959335
4549,OPTIMAL,v2:upper,140.08253626149641
4550,OPTIMAL,v2:upper,68.88591288268485
4551,OPTIMAL,v2:upper,52.38492359034902
4552,OPTIMAL,v2:upper,91.15933809357774
4553,OPTIMAL,v1:upper,489.7707194682725
4554,OPTIMAL,v2:upper,39.180624786038955
4555,OPTIMAL,v1:upper,195.72893250732773
4556,OPTIMAL,v2:upper,64.51321073852799
4557,OPTIMAL,v2:upper,402.3968755647536
4558,OPTIMAL,v2:upper,70.85296095060164
4559,OPTIMAL,v2:upper,166.03504615573357
4560,OPTIMAL,v2:upper,31.559665097032706
4561,OPTIMAL,v2:upper,524.8412110869784
4562,OPTIMAL,v2:upper,696.7962622212365
4563,OPTIMAL,v2:upper,292.32453744226035
4564,OPTIMAL,v2:upper,119.81603227450107
4565,OPTIMAL,v2:upper,89.85394497859265
4566,OPTIMAL,v2:upper,76.23127664237319
4567,OPTIMAL,v1:upper,403.9433513020278
4568,OPTIMAL,v1:upper,196.26602764528528
4569,OPTIMAL,v2:upper,467.9523339784705
4570,OPTIMAL,v2:upper,106.46655874707825
4571,OPTIMAL,v2:upper,86.66010285442893
4572,OPTIMAL,v1:upper,97.12149188817182
4573,OPTIMAL,v2:upper,41.49936282564452
4574,OPTIMAL,v2:upper,18.436659247341588
4575,OPTIMAL,v2:upper,67.22571163596561
4576,OPTIMAL,v2:upper,198.61866743027613
4577,OPTIMAL,v2:upper,134.98110664222486
4578,OPTIMAL,v2:upper,340.14472409136454
4579,OPTIMAL,v1:upper,152.25089301990766
4580,OPTIMAL,v2:upper,119.92801057596955
4581,OPTIMAL,v2:upper,215.03097084525277
4582,OPTIMAL,v1:upper,145.44393892771407
4583,OPTIMAL,v1:upper,479.2435069164438
4584,OPTIMAL,v2:upper,84.08230020533111
4585,OPTIMAL,v2:upper,398.3194308377255
4586,OPTIMAL,v2:upper,129.61268365923988
4587,OPTIMAL,v2:upper,39.17554072189974
4588,OPTIMAL,v2:upper,426.13330709403226
4589,OPTIMAL,v2:upper,80.52094509411928
4590,OPTIMAL,v1:upper,229.33863104664852
4591,OPTIMAL,v2:upper,36.91686763861919
4592,OPTIMAL,v2:upper,57.90178911653582
4593,OPTIMAL,v2:upper,58.85088437108276
4594,OPTIMAL,v2:upper,142.42990826074708
4595,OPTIMAL,v2:upper,72.69062524978345
4596,OPTIMAL,v2:upper,54.60848449984804
4597,OPTIMAL,v2:upper,37.65185816149542
4598,OPTIMAL,v2:upper,275.14111883494564
4599,OPTIMAL,v2:upper,42.50599161344549
4600,OPTIMAL,v2:upper,56.20247961202687
4601,OPTIMAL,v1:upper,93.45943845827087
4602,OPTIMAL,v2:upper,75.92590328980462
4603,OPTIMAL,v2:upper,19.402279491529153
4604,OPTIMAL,v2:upper,128.24871367128034
4605,OPTIMAL,v2:upper,11.549333066783255
4606,OPTIMAL,v2:upper,66.46127622659637
4607,OPTIMAL,v2:upper,838.128543674377
4608,OPTIMAL,v2:upper,49.978942165388055
4609,OPTIMAL,v2:upper,127.112104586108
4610,OPTIMAL,v2:upper,56.84382708385868
4611,OPTIMAL,v2:upper,140.74098816210463
4612,OPTIMAL,v2:upper,113.29548958339643
4613,OPTIMAL,v2:upper,22.575579706918333
4614,OPTIMAL,v2:upper,52.33713781903128
4615,OPTIMAL,v2:upper,36.88770819404133
4616,OPTIMAL,v2:upper,56.77397460615762
4617,OPTIMAL,v2:upper,54.686281454683396
4618,OPTIMAL,v2:upper,90.48250452046065
4619,OPTIMAL,v2:upper,292.8668605324108
4620,OPTIMAL,v2:upper,299.62716257798536
4621,OPTIMAL,v2:upper,28.05123806882735
4622,OPTIMAL,v2:upper,146.36268841094702
4623,OPTIMAL,v2:upper,145.13694978213093
4624,OPTIMAL,v1:upper,62.273815018830824
4625,OPTIMAL,v2:upper,44.07557512118489
4626,OPTIMAL,v2:upper,37.69595641152396
4627,OPTIMAL,v2:upper,89.76925830394329
4628,OPTIMAL,v2:upper,348.61572444138636
4629,OPTIMAL,v2:upper,388.4385107920342
4630,OPTIMAL,v2:upper,37.47389258509022
4631,OPTIMAL,v2:upper,52.12770482495432
4632,OPTIMAL,v1:upper,45.21152754838028
4633,OPTIMAL,v2:upper,64.03095126592562
4634,OPTIMAL,v2:upper,60.19257013838209
4635,OPTIMAL,v2:upper,162.6420283894497
4636,OPTIMAL,v2:upper,296.62607492399275
4637,OPTIMAL,v2:upper,112.4933788203247
4638,OPTIMAL,v2:upper,15.71405858301898
4639,OPTIMAL,v2:upper,275.56071738138746
4640,OPTIMAL,v2:upper,41.1944888974974
4641,OPTIMAL,v2:upper,171.0255679323337
4642,OPTIMAL,v2:upper,81.22168990924992
4643,OPTIMAL,v2:upper,168.49771934537793
4644,OPTIMAL,v2:upper,41.11460706058263
4645,OPTIMAL,v2:upper,63.069688077311234
4646,OPTIMAL,v2:upper,121.62122594275733
4647,OPTIMAL,v2:upper,55.920871650807435
4648,OPTIMAL,v2:upper,101.27525903206646
4649,OPTIMAL,v2:upper,135.60264495277434
4650,OPTIMAL,v2:upper,204.95724280517646
4651,OPTIMAL,v1:upper,128.1659345352588
4652,OPTIMAL,v2:upper,348.8794880355706
4653,OPTIMAL,v2:upper,62.39277928686496
4654,OPTIMAL,v2:upper,111.10805425600147
4655,OPTIMAL,v2:upper,46.472256000450614
4656,OPTIMAL,v1:upper,656.2320226600339
4657,OPTIMAL,v2:upper,40.17484813484853
4658,OPTIMAL,v2:upper,598.085846740312
4659,OPTIMAL,v2:upper,147.75003207003283
4660,OPTIMAL,v2:upper,220.15756681487622
4661,OPTIMAL,v1:upper,110.77358556115732
4662,OPTIMAL,v2:upper,59.81017839622441
4663,OPTIMAL,v1:upper,94.15555603829459
4664,OPTIMAL,v1:upper,164.72768335624158
4665,OPTIMAL,v2:upper,58.90555731521823
4666,OPTIMAL,v1:upper,68.12272306614142
4667,OPTIMAL,v2:upper,204.2874922877878
4668,OPTIMAL,v2:upper,439.01106278261636
4669,OPTIMAL,v2:upper,471.81017141029935
4670,OPTIMAL,v2:upper,218.8459374004725
4671,OPTIMAL,v1:upper,201.1960623142632
4672,OPTIMAL,v2:upper,20.697791906891222
4673,OPTIMAL,v2:upper,194.6098370349422
4674,OPTIMAL,v2:upper,104.22141464452919
4675,OPTIMAL,v2:upper,156.5993766263448
4676,OPTIMAL,v2:upper,436.63265065366966
4677,OPTIMAL,v2:upper,50.081443069527566
4678,OPTIMAL,v2:upper,56.6868141983931
4679,OPTIMAL,v2:upper,146.25663987060977
4680,OPTIMAL,v2:upper,153.84795061262568
4681,OPTIMAL,v2:upper,18.910463883832982
4682,OPTIMAL,v2:upper,67.6260688313176
4683,OPTIMAL,v2:upper,40.52659256313356
4684,OPTIMAL,v2:upper,59.79436650441968
4685,OPTIMAL,v2:upper,283.24246942109517
4686,OPTIMAL,v1:upper,96.7924543580199
4687,OPTIMAL,v2:upper,72.80367531638935
4688,OPTIMAL,v2:upper,192.88713386273992
4689,OPTIMAL,v2:upper,92.40086492292413
4690,OPTIMAL,v2:upper,56.768928253578274
4691,OPTIMAL,v2:upper,249.566740721554
4692,OPTIMAL,v2:upper,77.0620069127162
4693,OPTIMAL,v1:upper,520.1760467721541
4694,OPTIMAL,v2:upper,39.000642511886504
4695,OPTIMAL,v2:upper,415.54211276144366
4696,OPTIMAL,v2:upper,133.0265214765753
4697,OPTIMAL,v2:upper,131.0273242949369
4698,OPTIMAL,v2:upper,183.01008285371472
4699,OPTIMAL,v2:upper,325.9492581867568
4700,OPTIMAL,v2:upper,788.0620096701658
4701,OPTIMAL,v2:upper,59.152482050536626
4702,OPTIMAL,v2:upper,40.81588876425863
4703,OPTIMAL,v2:upper,123.20642183198179
4704,OPTIMAL,v2:upper,385.39131924088423
4705,OPTIMAL,v2:upper,140.11407676251574
4706,OPTIMAL,v2:upper,15.758813846780644
4707,OPTIMAL,v2:upper,90.39140318914029
4708,OPTIMAL,v2:upper,256.38416129141325
4709,OPTIMAL,v2:upper,34.093549541215864
4710,OPTIMAL,v2:upper,40.11316896719088
4711,OPTIMAL,v2:upper,810.5088261464231
4712,OPTIMAL,v2:upper,87.05578655746399
4713,OPTIMAL,v2:upper,91.29062905617819
4714,OPTIMAL,v2:upper,330.55563893401614
4715,OPTIMAL,v1:upper,233.13456250068066
4716,OPTIMAL,v2:upper,148.54519678285922
4717,OPTIMAL,v2:upper,111.89111610189723
4718,OPTIMAL,v2:upper,144.12039944511068
4719,OPTIMAL,v2:upper,149.7704460852439
4720,OPTIMAL,v2:upper,251.6008824026664
4721,OPTIMAL,v2:upper,262.8365983231919
4722,OPTIMAL,v2:upper,223.29264068141987
4723,OPTIMAL,v2:upper,92.59737900722662
4724,OPTIMAL,v2:upper,119.97942436785422
4725,OPTIMAL,v2:upper,23.964980062985603
4726,OPTIMAL,v2:upper,18.073513889373558
4727,OPTIMAL,v2:upper,223.17714357943348
4728,OPTIMAL,v2:upper,73.44740756606151
4729,OPTIMAL,v2:upper,103.03633587304132
4730,OPTIMAL,v2:upper,43.780886880539995
4731,OPTIMAL,v2:upper,716.2538596655344
4732,OPTIMAL,v2:upper,60.20651495396336
4733,OPTIMAL,v2:upper,345.02190025635605
4734,OPTIMAL,v2:upper,71.4354177643852
4735,OPTIMAL,v2:upper,28.432702197202012
4736,OPTIMAL,v2:upper,35.33153493068329
4737,OPTIMAL,v1:upper,72.60251478876484
4738,OPTIMAL,v2:upper,208.59149943337457
4739,OPTIMAL,v2:upper,38.475291263947234
4740,OPTIMAL,v2:upper,63.42853329294951
4741,OPTIMAL,v2:upper,295.9590858905015
4742,OPTIMAL,v1:upper,137.90075028483105
4743,OPTIMAL,v2:upper,88.3086847693357
4744,OPTIMAL,v2:upper,99.5105058752171
4745,OPTIMAL,v2:upper,206.28733054897424
4746,OPTIMAL,v2:upper,95.1231321297246
4747,OPTIMAL,v2:upper,149.910791363197
4748,OPTIMAL,v2:upper,32.996266049940225
4749,OPTIMAL,v2:upper,103.4394643759398
4750,OPTIMAL,v2:upper,39.41591969730193
4751,OPTIMAL,v2:upper,162.96932207674453
4752,OPTIMAL,v2:upper,74.51241313683266
4753,OPTIMAL,v1:upper,127.70908225424171
4754,OPTIMAL,v1:upper,180.7818632999377
4755,OPTIMAL,v2:upper,27.840584554082085
4756,OPTIMAL,v2:upper,59.01487688881226
4757,OPTIMAL,v2:upper,89.44774901370286
4758,OPTIMAL,v2:upper,86.58341734638053
4759,OPTIMAL,v1:upper,136.20851737668923
4760,OPTIMAL,v2:upper,323.57319709088785
4761,OPTIMAL,v2:upper,69.1665297310517
4762,OPTIMAL,v2:upper,88.4346441303932
4763,OPTIMAL,v2:upper,81.30350951751561
4764,OPTIMAL,v2:upper,9.711705099151617
4765,OPTIMAL,v2:upper,169.89306642761971
4766,OPTIMAL,v2:upper,14.021121424658403
4767,OPTIMAL,v2:upper,54.867619245451486
4768,OPTIMAL,v2:upper,23.687303641188564
4769,OPTIMAL,v2:upper,25.094529511339015
4770,OPTIMAL,v2:upper,119.70084928811882
4771,OPTIMAL,v2:upper,54.42630326930472
4772,OPTIMAL,v2:upper,389.7109378712251
4773,OPTIMAL,v1:upper,379.75347947841755
4774,OPTIMAL,v2:upper,25.297916786103247
4775,OPTIMAL,v2:upper,101.31503408112718
4776,OPTIMAL,v2:upper,82.990770456121
4777,OPTIMAL,v1:upper,94.63279166062166
4778,OPTIMAL,v2:upper,203.63737922102064
4779,OPTIMAL,v2:upper,47.05659000110519
4780,OPTIMAL,v2:upper,76.09212136307944
4781,OPTIMAL,v2:upper,24.362795526877637
4782,OPTIMAL,v2:upper,374.6813984462874
4783,OPTIMAL,v2:upper,319.34799218635857
4784,OPTIMAL,v2:upper,201.66267039424307
4785,OPTIMAL,v2:upper,134.35732041712896
4786,OPTIMAL,v2:upper,168.9258868340737
4787,OPTIMAL,v2:upper,126.50926671819366
4788,OPTIMAL,v2:upper,100.14369181485847
4789,OPTIMAL,v2:upper,148.95631964230435
4790,OPTIMAL,v2:upper,201.52272344500412
4791,OPTIMAL,v2:upper,391.5726008220304
4792,OPTIMAL,v2:upper,83.47035393174484
4793,OPTIMAL,v2:upper,41.229957291758865
4794,OPTIMAL,v2:upper,42.20334762968195
4795,OPTIMAL,v2:upper,30.706069179339053
4796,OPTIMAL,v2:upper,79.5535546705382
4797,OPTIMAL,v2:upper,180.87239385454404
4798,OPTIMAL,v2:upper,205.59338672107367
4799,OPTIMAL,v1:upper,167.5173276958944
4800,OPTIMAL,v2:upper,183.04238405263686
4801,OPTIMAL,v2:upper,267.73248158169304
4802,OPTIMAL,v2:upper,75.48568028714446
4803,OPTIMAL,v2:upper,27.85007045729405
4804,OPTIMAL,v2:upper,34.47836990222175
4805,OPTIMAL,v1:upper,492.9128705198386
4806,OPTIMAL,v2:upper,31.68065059595393
4807,OPTIMAL,v2:upper,186.25947589605389
4808,OPTIMAL,v2:upper,173.32395127946833
4809,OPTIMAL,v2:upper,126.44509173307769
4810,OPTIMAL,v2:upper,115.07584251303432
4811,OPTIMAL,v2:upper,133.32251782558433
4812,OPTIMAL,v2:upper,58.28563418253514
4813,OPTIMAL,v2:upper,118.61713358652764
4814,OPTIMAL,v2:upper,216.94037592114955
4815,OPTIMAL,v2:upper,598.0889483708444
4816,OPTIMAL,b1:lower;b2:lower;b3:upper;b4:upper;b5:lower;b6:upper;b7:upper;b8:upper;b14:lower,1000.0
4817,OPTIMAL,v2:upper,90.12585487671109
4818,OPTIMAL,v2:upper,47.161498957177415
4819,OPTIMAL,v2:upper,32.699290742632606
4820,OPTIMAL,v2:upper,131.85185128085106
4821,OPTIMAL,v1:upper,134.76583193282184
4822,OPTIMAL,v2:upper,94.903141676903
4823,OPTIMAL,v1:upper,237.15415946088308
4824,OPTIMAL,v2:upper,33.48838045042077
4825,OPTIMAL,v2:upper,124.6723808424985
4826,OPTIMAL,v2:upper,181.59528525065974
4827,OPTIMAL,v2:upper,176.39014579227438
4828,OPTIMAL,v1:upper,269.0776694064003
4829,OPTIMAL,v2:upper,843.1660690562929
4830,OPTIMAL,v1:upper,813.2733727114219
4831,OPTIMAL,v2:upper,587.0633273947371
4832,OPTIMAL,v2:upper,89.36738191496042
4833,OPTIMAL,v2:upper,216.51289999505047
4834,OPTIMAL,v2:upper,131.58053582107797
4835,OPTIMAL,v2:upper,11.880519335030272
4836,OPTIMAL,v2:upper,63.747645621852996
4837,OPTIMAL,v2:upper,409.8416617876358
4838,OPTIMAL,v2:upper,98.70643986014447
4839,OPTIMAL,v1:upper,151.16692500992272
4840,OPTIMAL,v2:upper,323.6727784667086
4841,OPTIMAL,v2:upper,44.812598857810876
4842,OPTIMAL,v2:upper,34.05247683169433
4843,OPTIMAL,v2:upper,56.86141512609819
4844,OPTIMAL,v1:upper,140.62636688466014
4845,OPTIMAL,v2:upper,123.76269088627713
4846,OPTIMAL,v2:upper,358.1608876188742
4847,OPTIMAL,v2:upper,79.52742579946948
4848,OPTIMAL,v2:upper,43.36960290638466
4849,OPTIMAL,v2:upper,15.571650053597107
4850,OPTIMAL,v1:upper,124.21301782342368
4851,OPTIMAL,v2:upper,76.3714751075246
4852,OPTIMAL,v2:upper,249.3945022201815
4853,OPTIMAL,v2:upper,16.635770714125638
4854,OPTIMAL,v2:upper,27.245564545596068
4855,OPTIMAL,v2:upper,45.73569441409147
4856,OPTIMAL,v1:upper,40.06266821460699
4857,OPTIMAL,v2:upper,28.848510600086083
4858,OPTIMAL,v2:upper,41.689016920964825
4859,OPTIMAL,v2:upper,56.957499358598696
4860,OPTIMAL,v2:upper,65.53918777339985
4861,OPTIMAL,v2:upper,149.41451725569584
4862,OPTIMAL,v2:upper,33.62181952505776
4863,OPTIMAL,v2:upper,278.2104789647116
4864,OPTIMAL,v1:upper,156.31645340185588
4865,OPTIMAL,v2:upper,93.58824603179436
4866,OPTIMAL,v2:upper,170.08802226558555
4867,OPTIMAL,v1:upper,497.9197703141866
4868,OPTIMAL,v2:upper,171.83781285196827
4869,OPTIMAL,v2:upper,284.9326791623629
4870,OPTIMAL,v1:upper,585.1607281957746
4871,OPTIMAL,v2:upper,40.475061749399465
4872,OPTIMAL,v2:upper,50.233148194094525
4873,OPTIMAL,v2:upper,13.640840528005052
4874,OPTIMAL,v2:upper,40.74765859896347
4875,OPTIMAL,v1:upper,145.19396641714826
4876,OPTIMAL,v2:upper,48.410544032614084
4877,OPTIMAL,v2:upper,97.20192523252064
4878,OPTIMAL,v1:upper,66.17842758977518
4879,OPTIMAL,v2:upper,84.93344075031075
4880,OPTIMAL,v2:upper,134.31778488128364
4881,OPTIMAL,v2:upper,75.67738912733671
4882,OPTIMAL,v2:upper,86.54450436597752
4883,OPTIMAL,v2:upper,100.10943557839933
4884,OPTIMAL,v2:upper,100.73364770578799
4885,OPTIMAL,v2:upper,191.073064413092
4886,OPTIMAL,v2:upper,76.86100946345593
4887,OPTIMAL,v2:upper,150.61836485223853
4888,OPTIMAL,v2:upper,506.2784860229887
4889,OPTIMAL,v2:upper,93.35990657578179
4890,OPTIMAL,v1:upper,285.3270389648598
4891,OPTIMAL,v2:upper,185.6918222826845
4892,OPTIMAL,v2:upper,55.66424159768981
4893,OPTIMAL,v2:upper,126.29581141017199
4894,OPTIMAL,v2:upper,140.2174305264817
4895,OPTIMAL,b1:lower;b2:lower;b3:upper;b4:upper;b5:lower;b6:upper;b7:upper;b8:upper;b14:lower,1000.0
4896,OPTIMAL,v2:upper,38.672804667204105
4897,OPTIMAL,v2:upper,42.105731273454985
4898,OPTIMAL,v2:upper,456.23543230703075
4899,OPTIMAL,v2:upper,34.658032953093056
4900,OPTIMAL,v1:upper,99.00907020372796
4901,OPTIMAL,v2:upper,236.89911176508136
4902,OPTIMAL,v1:upper,830.5839836282607
4903,OPTIMAL,v1:upper,232.60803627781388
4904,OPTIMAL,v2:upper,85.45951240523483
4905,OPTIMAL,v2:upper,303.8062023756794
4906,OPTIMAL,v2:upper,58.23068220657423
4907,OPTIMAL,v2:upper,79.14735280182803
4908,OPTIMAL,v2:upper,138.76868089030296
4909,OPTIMAL,v2:upper,26.44276923227383
4910,OPTIMAL,v2:upper,553.8537396374867
4911,OPTIMAL,v1:upper,56.73724040929459
4912,OPTIMAL,v2:upper,225.03642451353022
4913,OPTIMAL,v2:upper,33.13947068165349
4914,OPTIMAL,v1:upper,256.9562271672469
4915,OPTIMAL,v1:upper,285.74963005601467
4916,OPTIMAL,v2:upper,202.4753602164762
4917,OPTIMAL,v1:upper,176.987840078197
4918,OPTIMAL,v2:upper,357.57963989543225
4919,OPTIMAL,v2:upper,104.74914210658281
4920,OPTIMAL,v2:upper,63.77735661954055
4921,OPTIMAL,v2:upper,16.5436208167288
4922,OPTIMAL,v2:upper,963.7038779740111
4923,OPTIMAL,v2:upper,295.79817231387153
4924,OPTIMAL,v2:upper,76.3514627519351
4925,OPTIMAL,v1:upper,184.6043867575986
4926,OPTIMAL,v2:upper,38.19400704846391
4927,OPTIMAL,v2:upper,37.41313915191824
4928,OPTIMAL,v2:upper,22.484071177221796
4929,OPTIMAL,v2:upper,41.479036362499684
4930,OPTIMAL,v2:upper,182.33873324846093
4931,OPTIMAL,v1:upper,481.1837197860884
4932,OPTIMAL,v2:upper,212.13122873544583
4933,OPTIMAL,v2:upper,531.3570847784711
4934,OPTIMAL,v2:upper,59.77963271907394
4935,OPTIMAL,v1:upper,224.8340551903678
4936,OPTIMAL,v2:upper,53.934511159475385
4937,OPTIMAL,v2:upper,206.8677561003376
4938,OPTIMAL,v2:upper,145.2804616606221
4939,OPTIMAL,v1:upper,110.58809106010342
4940,OPTIMAL,v2:upper,279.567105985354
4941,OPTIMAL,v2:upper,246.27612568615788
4942,OPTIMAL,v2:upper,145.76325486963867
4943,OPTIMAL,v2:upper,17.750750120060623
4944,OPTIMAL,v2:upper,25.066230194869544
4945,OPTIMAL,v2:upper,387.8737103488006
4946,OPTIMAL,v2:upper,114.45244220014257
4947,OPTIMAL,v2:upper,39.36992679618642
4948,OPTIMAL,v2:upper,15.878854254706495
4949,OPTIMAL,v2:upper,54.810063225631986
4950,OPTIMAL,v2:upper,40.203048686690124
4951,OPTIMAL,v1:upper,146.9966238896068
4952,OPTIMAL,v2:upper,130.4935421113515
4953,OPTIMAL,v2:upper,90.80821331162042
4954,OPTIMAL,v2:upper,18.327972733100378
4955,OPTIMAL,v2:upper,77.07401732721584
4956,OPTIMAL,v1:upper,301.073534495009
4957,OPTIMAL,v2:upper,94.69350675273937
4958,OPTIMAL,v2:upper,279.0814457034185
4959,OPTIMAL,v2:upper,60.755631096417915
4960,OPTIMAL,v2:upper,40.131892903909474
4961,OPTIMAL,v1:upper,103.58657142321292
4962,OPTIMAL,v2:upper,88.01703606456711
4963,OPTIMAL,v2:upper,115.02907082524055
4964,OPTIMAL,v2:upper,98.9871575746793
4965,OPTIMAL,v2:upper,48.890796178145855
4966,OPTIMAL,v2:upper,45.148564842649414
4967,OPTIMAL,v2:upper,111.1235210860495
4968,OPTIMAL,v2:upper,86.37916426057058
4969,OPTIMAL,v2:upper,68.622905343805
4970,OPTIMAL,v2:upper,467.0543102321015
4971,OPTIMAL,v2:upper,120.84772358859979
4972,OPTIMAL,v2:upper,191.57350954960995
4973,OPTIMAL,v2:upper,69.77630574429784
4974,OPTIMAL,v2:upper,32.32755004489405
4975,OPTIMAL,v2:upper,149.23037077830395
4976,OPTIMAL,v1:upper,82.75474522815651
4977,OPTIMAL,v2:upper,524.267565285005
4978,OPTIMAL,v2:upper,160.0705629777525
4979,OPTIMAL,v2:upper,5.7539131238398165
4980,OPTIMAL,b1:lower;b2:lower;b3:upper;b4:upper;b5:lower;b6:upper;b7:upper;b8:upper;b14:lower,1000.0
4981,OPTIMAL,v2:upper,119.77773186326905
4982,OPTIMAL,v2:upper,40.01266945471582
4983,OPTIMAL,v1:upper,156.63067976475259
4984,OPTIMAL,v2:upper,59.58757775089579
4985,OPTIMAL,v2:upper,407.7151320373531
4986,OPTIMAL,v2:upper,37.54666823509562
4987,OPTIMAL,v2:upper,59.17138482015805
4988,OPTIMAL,v2:upper,28.167457252894867
4989,OPTIMAL,v2:upper,95.1322483984847
4990,OPTIMAL,v2:upper,85.90208748771668
4991,OPTIMAL,v2:upper,114.68311664756115
4992,OPTIMAL,v2:upper,400.5108456542458
4993,OPTIMAL,v1:upper,244.44923388848025
4994,OPTIMAL,v1:upper,51.9987362939316
4995,OPTIMAL,v1:upper,169.85936087463915
4996,OPTIMAL,v2:upper,281.4247798928095
4997,OPTIMAL,v2:upper,234.2565237350089
4998,OPTIMAL,v2:upper,100.69232045660942
4999,OPTIMAL,v2:upper,65.38546587785213
5000,OPTIMAL,v1:upper,138.04110170986672
5001,OPTIMAL,v2:upper,15.466671904563592
5002,OPTIMAL,v2:upper,310.7562037657529
5003,OPTIMAL,v2:upper,306.08542460591667
5004,OPTIMAL,v2:upper,60.96344185556583
5005,OPTIMAL,v2:upper,153.60800060582545
5006,OPTIMAL,v2:upper,41.34447297708748
5007,OPTIMAL,v2:upper,51.43347896026073
5008,OPTIMAL,v2:upper,30.989841477641065
5009,OPTIMAL,v2:upper,176.31803285584581
5010,OPTIMAL,v1:upper,111.9013072183929
5011,OPTIMAL,v2:upper,35.766773010972656
5012,OPTIMAL,v2:upper,172.25097012962914
5013,OPTIMAL,v2:upper,846.9470999928425
5014,OPTIMAL,v1:upper,62.71928331262659
5015,OPTIMAL,v2:upper,266.6735112112544
5016,OPTIMAL,v1:upper,49.26959078280454
5017,OPTIMAL,v2:upper,30.350241808838383
5018,OPTIMAL,v2:upper,252.3390690689054
5019,OPTIMAL,v1:upper,419.3746666834652
5020,OPTIMAL,v1:upper,55.311208087157944
5021,OPTIMAL,v2:upper,123.92039057052442
5022,OPTIMAL,v1:upper,392.74855648550994
5023,OPTIMAL,v2:upper,639.3124358515886
5024,OPTIMAL,v2:upper,352.156460103979
5025,OPTIMAL,v2:upper,110.3736114648631
5026,OPTIMAL,v2:upper,68.47143460389894
5027,OPTIMAL,v2:upper,139.39306183789543
5028,OPTIMAL,v2:upper,143.951753262181
5029,OPTIMAL,v2:upper,241.04071147913072
5030,OPTIMAL,v2:upper,15.67927647560138
5031,OPTIMAL,v2:upper,70.77725575700168
5032,OPTIMAL,v2:upper,37.13518194781922
5033,OPTIMAL,v1:upper,259.8925074977333
5034,OPTIMAL,v1:upper,139.55697908963435
5035,OPTIMAL,v2:upper,182.13558058557535
5036,OPTIMAL,v2:upper,44.401257280942104
5037,OPTIMAL,v2:upper,126.42062274701335
5038,OPTIMAL,v2:upper,35.25953095006435
5039,OPTIMAL,v2:upper,286.8116623431084
5040,OPTIMAL,v2:upper,129.5067599794631
5041,OPTIMAL,v2:upper,537.3259873547456
5042,OPTIMAL,v1:upper,328.66441248847434
5043,OPTIMAL,v2:upper,76.95329695032817
5044,OPTIMAL,v2:upper,123.19874678931058
5045,OPTIMAL,v2:upper,103.79569808803984
5046,OPTIMAL,v1:upper,103.65419134823445
5047,OPTIMAL,v2:upper,92.84932264368344
5048,OPTIMAL,v1:upper,143.61058084885963
5049,OPTIMAL,v2:upper,84.09961496468763
5050,OPTIMAL,v2:upper,88.7745977631154
5051,OPTIMAL,v2:upper,130.857661361355
5052,OPTIMAL,v2:upper,198.77015642994624
5053,OPTIMAL,b1:lower;b2:lower;b3:upper;b4:upper;b5:lower;b6:upper;b7:upper;b8:upper;b14:lower,1000.0
5054,OPTIMAL,v2:upper,19.87287148139583
5055,OPTIMAL,v1:upper,354.46941960070575
5056,OPTIMAL,v2:upper,233.1290746172941
5057,OPTIMAL,v2:upper,325.00211444573875
5058,OPTIMAL,v2:upper,111.21519332745251
5059,OPTIMAL,v1:upper,130.65424285018594
5060,OPTIMAL,v2:upper,67.54243830653627
5061,OPTIMAL,v2:upper,69.3948742781558
5062,OPTIMAL,v2:upper,224.2492266066798
5063,OPTIMAL,v2:upper,473.33824821378613
5064,OPTIMAL,v2:upper,186.25688130462603
5065,OPTIMAL,v2:upper,24.30751435742336
5066,OPTIMAL,v2:upper,12.485544415651054
5067,OPTIMAL,v1:upper,128.38481607941492
5068,OPTIMAL,v2:upper,147.8227347461629
5069,OPTIMAL,v2:upper,89.80087461285497
5070,OPTIMAL,v2:upper,107.37679426656695
5071,OPTIMAL,v2:upper,108.25161955256588
5072,OPTIMAL,v2:upper,18.657287815113673
5073,OPTIMAL,v2:upper,110.33313442246035
5074,OPTIMAL,v2:upper,490.4009583772009
5075,OPTIMAL,v1:upper,22.935805557307262
5076,OPTIMAL,v2:upper,219.3290677709156
5077,OPTIMAL,v2:upper,288.7843154070079
5078,OPTIMAL,v2:upper,117.63316295068076
5079,OPTIMAL,v2:upper,86.61476206595111
5080,OPTIMAL,v2:upper,86.27219266320955
5081,OPTIMAL,v2:upper,67.76393465027026
5082,OPTIMAL,v2:upper,39.70607819167632
5083,OPTIMAL,v1:upper,122.24805155954542
5084,OPTIMAL,v2:upper,26.0725416435401
5085,OPTIMAL,v2:upper,247.2237744919775
5086,OPTIMAL,v1:upper,272.2517157109151
5087,OPTIMAL,v2:upper,107.07208652010655
5088,OPTIMAL,v1:upper,80.06524388353449
5089,OPTIMAL,v2:upper,44.474112615965
5090,OPTIMAL,v2:upper,64.38398181796359
5091,OPTIMAL,v2:upper,53.849073002470845
5092,OPTIMAL,v1:upper,437.1744205010187
5093,OPTIMAL,v2:upper,74.46660219364907
5094,OPTIMAL,v2:upper,80.58595757612348
5095,OPTIMAL,v2:upper,43.6361076483164
5096,OPTIMAL,v2:upper,38.35287988794632
5097,OPTIMAL,v1:upper,340.7529657783979
5098,OPTIMAL,v2:upper,78.32542619699872
5099,OPTIMAL,v2:upper,242.68954832263174
5100,OPTIMAL,v2:upper,194.328420811216
5101,OPTIMAL,v2:upper,339.9582972069958
5102,OPTIMAL,v2:upper,74.23007557200897
5103,OPTIMAL,v2:upper,25.373295181066432
5104,OPTIMAL,v2:upper,119.62645592189799
5105,OPTIMAL,v2:upper,31.324339450876302
5106,OPTIMAL,v2:upper,111.37891997637331
5107,OPTIMAL,v2:upper,92.95192042841676
5108,OPTIMAL,v2:upper,33.76415470952308
5109,OPTIMAL,v2:upper,85.26085018618677
5110,OPTIMAL,v2:upper,120.03111360692472
5111,OPTIMAL,v2:upper,197.90299674308164
5112,OPTIMAL,v2:upper,110.83217824263727
5113,OPTIMAL,v2:upper,90.17313719051634
5114,OPTIMAL,v1:upper,54.692068005380385
5115,OPTIMAL,v2:upper,85.26371022684484
5116,OPTIMAL,v2:upper,167.8046073511026
5117,OPTIMAL,v2:upper,70.31095549891484
5118,OPTIMAL,v2:upper,365.0095919493528
5119,OPTIMAL,v2:upper,142.0236581296941
5120,OPTIMAL,v2:upper,85.44149712404318
5121,OPTIMAL,v1:upper,297.42740799221485
5122,OPTIMAL,v2:upper,38.55707086628939
5123,OPTIMAL,v2:upper,210.2617867804766
5124,OPTIMAL,v2:upper,81.55796710335132
5125,OPTIMAL,v2:upper,260.08126602843794
5126,OPTIMAL,v2:upper,27.40086554407259
5127,OPTIMAL,v2:upper,88.66079273648427
5128,OPTIMAL,v2:upper,103.39816429815512
5129,OPTIMAL,v2:upper,93.38605735580094
5130,OPTIMAL,v2:upper,135.4463618817839
5131,OPTIMAL,v2:upper,143.7377743060576
5132,OPTIMAL,v1:upper,221.61080557265416
5133,OPTIMAL,v2:upper,140.35043814771896
5134,OPTIMAL,v1:upper,306.8030814311036
5135,OPTIMAL,v1:upper,91.580160629611
5136,OPTIMAL,v2:upper,118.87038017529927
5137,OPTIMAL,v2:upper,262.89092963297213
5138,OPTIMAL,v2:upper,19.731115709828117
5139,OPTIMAL,v2:upper,191.041618329236
5140,OPTIMAL,v1:upper,111.4741776854355
5141,OPTIMAL,v2:upper,26.023693063631686
5142,OPTIMAL,v1:upper,122.6444234751216
5143,OPTIMAL,v2:upper,76.25306070803643
5144,OPTIMAL,v2:upper,159.92973587558964
5145,OPTIMAL,v2:upper,184.14876890303339
5146,OPTIMAL,v2:upper,17.857679886742222
5147,OPTIMAL,v2:upper,51.426060411237295
5148,OPTIMAL,v2:upper,424.7849812137022
5149,OPTIMAL,v2:upper,141.21765241125607
5150,OPTIMAL,v2:upper,38.26990098872505
5151,OPTIMAL,v2:upper,358.6895530003334
5152,OPTIMAL,v2:upper,32.975224347567014
5153,OPTIMAL,v2:upper,79.08879628347023
5154,OPTIMAL,v2:upper,44.12051298232308
5155,OPTIMAL,v2:upper,54.28045036755697
5156,OPTIMAL,v1:upper,108.1603797840896
5157,OPTIMAL,v2:upper,107.9485088311284
5158,OPTIMAL,v2:upper,53.412039022338426
5159,OPTIMAL,v2:upper,360.3511188412198
5160,OPTIMAL,v2:upper,91.63350970709341
5161,OPTIMAL,v2:upper,34.9721601730204
5162,OPTIMAL,v2:upper,281.7611750701618
5163,OPTIMAL,v2:upper,245.1090208823527
5164,OPTIMAL,v2:upper,221.2432404930982
5165,OPTIMAL,v2:upper,79.65571280433896
5166,OPTIMAL,v2:upper,288.4693769028632
5167,OPTIMAL,v2:upper,157.58753731946632
5168,OPTIMAL,v2:upper,108.79661993205528
5169,OPTIMAL,v2:upper,74.79271600193053
5170,OPTIMAL,v2:upper,257.05140810373223
5171,OPTIMAL,v1:upper,566.0652564190061
5172,OPTIMAL,v2:upper,73.41610553377072
5173,OPTIMAL,v2:upper,214.11923035093827
5174,OPTIMAL,v2:upper,139.1963984383352
5175,OPTIMAL,v1:upper,533.8801611255982
5176,OPTIMAL,v1:upper,155.08189562852286
5177,OPTIMAL,v2:upper,120.91299115505221
5178,OPTIMAL,v2:upper,83.07110996625565
5179,OPTIMAL,v2:upper,40.968975327718034
5180,OPTIMAL,v2:upper,385.02714739595217
5181,OPTIMAL,v1:upper,75.20430960280109
5182,OPTIMAL,v1:upper,150.09015841424625
5183,OPTIMAL,b1:lower;b2:lower;b3:upper;b4:upper;b5:lower;b6:upper;b7:upper;b8:upper;b14:lower,1000.0
5184,OPTIMAL,v2:upper,121.03781958134846
5185,OPTIMAL,v2:upper,18.88358295005951
5186,OPTIMAL,v2:upper,145.16848679697034
5187,OPTIMAL,v2:upper,143.8067509653452
5188,OPTIMAL,v2:upper,170.37051170179245
5189,OPTIMAL,v2:upper,88.13539857194216
5190,OPTIMAL,v2:upper,145.3307078908397
5191,OPTIMAL,v2:upper,382.372767422276
5192,OPTIMAL,v2:upper,46.600912814074576
5193,OPTIMAL,v2:upper,26.08975217121815
5194,OPTIMAL,v2:upper,176.6136824847474
5195,OPTIMAL,v2:upper,27.974561044993077
5196,OPTIMAL,b1:lower;b2:lower;b3:upper;b4:upper;b5:lower;b6:upper;b7:upper;b8:upper;b14:lower,1000.0
5197,OPTIMAL,v2:upper,187.52734384119904
5198,OPTIMAL,v2:upper,78.01497732111464
5199,OPTIMAL,v2:upper,68.9193375914851
5200,OPTIMAL,v2:upper,87.77136560463228
5201,OPTIMAL,v1:upper,162.0066568006586
5202,OPTIMAL,v2:upper,285.59120544859184
5203,OPTIMAL,v2:upper,186.99761661590688
5204,OPTIMAL,v2:upper,123.71016325760615
5205,OPTIMAL,v2:upper,10.87010973682373
5206,OPTIMAL,v2:upper,36.313810528223556
5207,OPTIMAL,v2:upper,103.85562627173803
5208,OPTIMAL,v2:upper,30.442825664434714
5209,OPTIMAL,v2:upper,251.46187073202188
5210,OPTIMAL,v2:upper,420.14267069791794
5211,OPTIMAL,v2:upper,51.00598385425895
5212,OPTIMAL,v1:upper,424.5248417346136
5213,OPTIMAL,v2:upper,49.7974518163429
5214,OPTIMAL,v2:upper,180.77465047569686
5215,OPTIMAL,v2:upper,40.4836575851358
5216,OPTIMAL,v2:upper,68.38536916792324
5217,OPTIMAL,v2:upper,165.26165358621418
5218,OPTIMAL,v2:upper,42.633263765178775
5219,OPTIMAL,v2:upper,160.06079134523134
5220,OPTIMAL,v2:upper,60.86891985960566
5221,OPTIMAL,v2:upper,62.053326976001074
5222,OPTIMAL,v2:upper,47.73905342157828
5223,OPTIMAL,v2:upper,28.62069566575225
5224,OPTIMAL,v2:upper,51.12460145199514
5225,OPTIMAL,v2:upper,104.29181813606313
5226,OPTIMAL,v2:upper,94.01693754719273
5227,OPTIMAL,v2:upper,445.0952314730088
5228,OPTIMAL,v2:upper,94.01149239486537
5229,OPTIMAL,v2:upper,212.35372746788477
5230,OPTIMAL,v2:upper,771.0084401095289
5231,OPTIMAL,v2:upper,41.16301705153331
5232,OPTIMAL,v2:upper,98.09672327233434
5233,OPTIMAL,v2:upper,19.489325898856215
5234,OPTIMAL,v1:upper,59.47586011398021
5235,OPTIMAL,v2:upper,105.31131618127152
5236,OPTIMAL,v2:upper,61.93246384997487
5237,OPTIMAL,v2:upper,25.481339511348192
5238,OPTIMAL,v2:upper,25.2190251279306
5239,OPTIMAL,v1:upper,29.214910508673977
5240,OPTIMAL,v2:upper,171.4185249995653
5241,OPTIMAL,v2:upper,67.18799220039266
5242,OPTIMAL,v2:upper,40.01640511629618
5243,OPTIMAL,v2:upper,103.97864098953039
5244,OPTIMAL,v2:upper,310.0129336538871
5245,OPTIMAL,v2:upper,123.10372342523463
5246,OPTIMAL,v2:upper,49.383273033416124
5247,OPTIMAL,v2:upper,249.37092532628782
5248,OPTIMAL,v1:upper,221.70739646399178
5249,OPTIMAL,v2:upper,199.92593929273852
5250,OPTIMAL,v2:upper,15.842794668106935
5251,OPTIMAL,v2:upper,47.41856184965309
5252,OPTIMAL,v2:upper,49.76459642513801
5253,OPTIMAL,v2:upper,159.73420247712963
5254,OPTIMAL,v2:upper,78.60282547975817
5255,OPTIMAL,v2:upper,48.03221717948509
5256,OPTIMAL,v2:upper,152.698048626271
5257,OPTIMAL,v2:upper,146.92231825283804
5258,OPTIMAL,v2:upper,111.9107572754193
5259,OPTIMAL,v2:upper,53.61387520125548
5260,OPTIMAL,v2:upper,155.21735783552182
5261,OPTIMAL,v1:upper,54.65552939993676
5262,OPTIMAL,v2:upper,116.64122469294895
5263,OPTIMAL,v1:upper,239.15118228652
5264,OPTIMAL,v2:upper,191.90548278654862
5265,OPTIMAL,v2:upper,72.90605053265487
5266,OPTIMAL,v2:upper,248.39960491643535
5267,OPTIMAL,v2:upper,101.01542572020689
5268,OPTIMAL,v2:upper,218.05564702106565
5269,OPTIMAL,v2:upper,16.005030752360664
5270,OPTIMAL,v2:upper,54.27897394066527
5271,OPTIMAL,v2:upper,104.24094369522051
5272,OPTIMAL,v2:upper,28.203256364179058
5273,OPTIMAL,v2:upper,212.39569210525636
5274,OPTIMAL,v1:upper,514.9175360891537
5275,OPTIMAL,v2:upper,47.1682017329417
5276,OPTIMAL,v2:upper,272.571690555705
5277,OPTIMAL,v1:upper,163.705192427199
5278,OPTIMAL,v2:upper,38.27854799440873
5279,OPTIMAL,v1:upper,757.298209371995
5280,OPTIMAL,v1:upper,79.43887198705266
5281,OPTIMAL,v2:upper,142.415114746177
5282,OPTIMAL,v2:upper,113.11571315865149
5283,OPTIMAL,v2:upper,234.38938424348265
5284,OPTIMAL,v2:upper,145.32401180059333
5285,OPTIMAL,v2:upper,142.29356224789765
5286,OPTIMAL,v2:upper,70.29381839540073
5287,OPTIMAL,v2:upper,324.49022274938756
5288,OPTIMAL,v2:upper,58.75110843274688
5289,OPTIMAL,v2:upper,228.2674272252028
5290,OPTIMAL,v2:upper,95.47565705979557
5291,OPTIMAL,v2:upper,104.65113129449738
5292,OPTIMAL,v1:upper,405.19348437827534
5293,OPTIMAL,v2:upper,185.71521724542825
5294,OPTIMAL,v2:upper,94.55088995288106
5295,OPTIMAL,v2:upper,65.06441597827624
5296,OPTIMAL,v2:upper,51.72847595567829
5297,OPTIMAL,v2:upper,296.77693877438077
5298,OPTIMAL,v2:upper,11.794052703989292
5299,OPTIMAL,v1:upper,355.3575694798663
5300,OPTIMAL,v2:upper,63.50857476521321
5301,OPTIMAL,v2:upper,84.4598143648689
5302,OPTIMAL,v2:upper,15.045126795312404
5303,OPTIMAL,v2:upper,60.08465375019279
5304,OPTIMAL,v2:upper,22.178093580349532
5305,OPTIMAL,v2:upper,45.48597038598424
5306,OPTIMAL,v2:upper,302.58537890199074
5307,OPTIMAL,v1:upper,137.01920654010488
5308,OPTIMAL,v2:upper,168.57562140317512
5309,OPTIMAL,v1:upper,69.25659637451254
5310,OPTIMAL,v2:upper,94.11472406176945
5311,OPTIMAL,v2:upper,423.4577357841955
5312,OPTIMAL,b1:lower;b2:lower;b3:upper;b4:upper;b5:lower;b6:upper;b7:upper;b8:upper;b14:lower,1000.0
5313,OPTIMAL,v2:upper,39.575982003452324
5314,OPTIMAL,v2:upper,205.60819185944007
5315,OPTIMAL,v2:upper,30.82465067731736
5316,OPTIMAL,v2:upper,52.91491942804916
5317,OPTIMAL,v2:upper,48.69030072201427
5318,OPTIMAL,v2:upper,36.70148020227159
5319,OPTIMAL,v2:upper,548.2097916477289
5320,OPTIMAL,v1:upper,251.22687926193058
5321,OPTIMAL,v2:upper,124.8004831694476
5322,OPTIMAL,v2:upper,472.1959971617096
5323,OPTIMAL,v2:upper,284.3057110768391
5324,OPTIMAL,v2:upper,259.42146459122534
5325,OPTIMAL,v2:upper,194.02889479817281
5326,OPTIMAL,v2:upper,117.04293621746768
5327,OPTIMAL,v2:upper,25.69885474459646
5328,OPTIMAL,v2:upper,122.651511154036
5329,OPTIMAL,v2:upper,140.18720625756524
5330,OPTIMAL,v2:upper,43.8024884543684
5331,OPTIMAL,v2:upper,80.89414419219916
5332,OPTIMAL,v2:upper,47.403151602642126
5333,OPTIMAL,v2:upper,265.2737691351696
5334,OPTIMAL,v2:upper,98.5725586301671
5335,OPTIMAL,v2:upper,14.61179482772503
5336,OPTIMAL,v2:upper,150.94619036771485
5337,OPTIMAL,v2:upper,117.43390288135912
5338,OPTIMAL,v2:upper,212.74869361749043
5339,OPTIMAL,v1:upper,67.15407786206833
5340,OPTIMAL,v2:upper,24.98523446137356
5341,OPTIMAL,v1:upper,75.84156685155234
5342,OPTIMAL,v2:upper,100.67981482497439
5343,OPTIMAL,v2:upper,387.54248967416225
5344,OPTIMAL,v2:upper,70.55820089521956
5345,OPTIMAL,v2:upper,24.550602518245793
5346,OPTIMAL,v2:upper,11.033951075255041
5347,OPTIMAL,v2:upper,33.71857567170327
5348,OPTIMAL,v2:upper,221.36633149914948
5349,OPTIMAL,v2:upper,289.4242529284346
5350,OPTIMAL,v1:upper,63.745333493751644
5351,OPTIMAL,v2:upper,141.88545375046235
5352,OPTIMAL,v2:upper,168.60524833190954
5353,OPTIMAL,v2:upper,40.75702098804984
5354,OPTIMAL,v2:upper,152.36216616013147
5355,OPTIMAL,v2:upper,53.46300692440455
5356,OPTIMAL,v2:upper,41.143077415013586
5357,OPTIMAL,v2:upper,882.2858094267399
5358,OPTIMAL,v1:upper,34.90819525383772
5359,OPTIMAL,v2:upper,23.914028216022658
5360,OPTIMAL,v2:upper,135.2034979764154
5361,OPTIMAL,v2:upper,60.057983959187425
5362,OPTIMAL,v2:upper,102.47985894346994
5363,OPTIMAL,v2:upper,34.65519583544838
5364,OPTIMAL,v2:upper,39.971842180737205
5365,OPTIMAL,v2:upper,45.695918035986054
5366,OPTIMAL,v2:upper,35.55378130565855
5367,OPTIMAL,v2:upper,66.02873113283437
5368,OPTIMAL,v2:upper,240.21477939169839
5369,OPTIMAL,v2:upper,80.99021756036649
5370,OPTIMAL,v2:upper,185.64733977855866
5371,OPTIMAL,v2:upper,43.5607882475308
5372,OPTIMAL,v2:upper,70.66350928850079
5373,OPTIMAL,v2:upper,41.476908275350326
5374,OPTIMAL,v2:upper,392.72263246372313
5375,OPTIMAL,v2:upper,50.49674067290524
5376,OPTIMAL,v2:upper,89.27757507350238
5377,OPTIMAL,v2:upper,145.62336018629807
5378,OPTIMAL,v2:upper,35.56911012947251
5379,OPTIMAL,v2:upper,182.37541695009847
5380,OPTIMAL,v2:upper,305.8902745023241
5381,OPTIMAL,v2:upper,83.41001710260018
5382,OPTIMAL,v2:upper,52.54650505911762
5383,OPTIMAL,v2:upper,212.84456993437382
5384,OPTIMAL,v2:upper,302.2175717839971
5385,OPTIMAL,v1:upper,61.629793089433704
5386,OPTIMAL,v2:upper,64.35510846133829
5387,OPTIMAL,v2:upper,94.2826647004041
5388,OPTIMAL,v2:upper,205.18037685835387
5389,OPTIMAL,b1:lower;b2:lower;b3:upper;b4:upper;b5:lower;b6:upper;b7:upper;b8:upper;b14:lower,1000.0
5390,OPTIMAL,v2:upper,361.2257732681203
5391,OPTIMAL,v2:upper,42.003560180139395
5392,OPTIMAL,v2:upper,45.9341746314275
5393,OPTIMAL,v1:upper,227.2805890865986
5394,OPTIMAL,v2:upper,49.64513134373891
5395,OPTIMAL,v2:upper,110.28351182462823
5396,OPTIMAL,v2:upper,43.97627859599282
5397,OPTIMAL,v2:upper,47.14634891817814
5398,OPTIMAL,v1:upper,200.88230382465034
5399,OPTIMAL,v2:upper,199.87505742802804
5400,OPTIMAL,v2:upper,26.438779868306337
5401,OPTIMAL,v2:upper,50.35560308011473
5402,OPTIMAL,v2:upper,21.159504193086732
5403,OPTIMAL,v1:upper,47.08952673360932
5404,OPTIMAL,v2:upper,52.1021958400663
5405,OPTIMAL,v2:upper,72.50362972922981
5406,OPTIMAL,v2:upper,278.3739628353747
5407,OPTIMAL,v2:upper,12.794753371087488
5408,OPTIMAL,v2:upper,375.8453818574441
5409,OPTIMAL,v2:upper,90.43393743171177
5410,OPTIMAL,v2:upper,24.454817190333745
5411,OPTIMAL,v2:upper,44.085890392416154
5412,OPTIMAL,v2:upper,79.5798695543987
5413,OPTIMAL,v2:upper,708.6992718357122
5414,OPTIMAL,v1:upper,486.0550232903233
5415,OPTIMAL,v2:upper,37.65984751128079
5416,OPTIMAL,v2:upper,64.75449985989763
5417,OPTIMAL,v2:upper,183.04594903126886
5418,OPTIMAL,v2:upper,84.29142413296859
5419,OPTIMAL,v2:upper,214.14685433467216
5420,OPTIMAL,v2:upper,43.35311117011518
5421,OPTIMAL,v1:upper,154.1322157023906
5422,OPTIMAL,b1:lower;b2:lower;b3:upper;b4:upper;b5:lower;b6:upper;b7:upper;b8:upper;b14:lower,1000.0
5423,OPTIMAL,v2:upper,159.13262313747362
5424,OPTIMAL,v2:upper,44.803760894812584
5425,OPTIMAL,v2:upper,17.538687056918096
5426,OPTIMAL,v1:upper,220.7367553247196
5427,OPTIMAL,v2:upper,30.51712252776525
5428,OPTIMAL,v2:upper,297.03482770402746
5429,OPTIMAL,v1:upper,49.551002741710995
5430,OPTIMAL,v2:upper,85.14934353120661
5431,OPTIMAL,v2:upper,160.2015360278132
5432,OPTIMAL,v2:upper,295.12788581309763
5433,OPTIMAL,v2:upper,92.1990974523363
5434,OPTIMAL,v1:upper,45.78767734333994
5435,OPTIMAL,v2:upper,762.2437662287672
5436,OPTIMAL,v1:upper,78.46346148720424
5437,OPTIMAL,v2:upper,77.77296125273803
5438,OPTIMAL,v2:upper,225.66926635852292
5439,OPTIMAL,v2:upper,207.53665265074943
5440,OPTIMAL,v2:upper,42.818353820815034
5441,OPTIMAL,v2:upper,565.380767891889
5442,OPTIMAL,v2:upper,528.7994560597175
5443,OPTIMAL,v2:upper,25.426096586364178
5444,OPTIMAL,v2:upper,74.51336155339916
5445,OPTIMAL,v2:upper,86.07871602686004
5446,OPTIMAL,v2:upper,269.41508688042217
5447,OPTIMAL,v2:upper,844.4720006458118
5448,OPTIMAL,v2:upper,70.00749900698777
5449,OPTIMAL,v2:upper,72.01290946649131
5450,OPTIMAL,v2:upper,83.23346265572947
5451,OPTIMAL,v2:upper,234.9804783501206
5452,OPTIMAL,v2:upper,508.81683643816945
5453,OPTIMAL,v2:upper,289.22052202874676
5454,OPTIMAL,v2:upper,181.6931718799419
5455,OPTIMAL,v2:upper,203.96316864451384
5456,OPTIMAL,v2:upper,32.57686162336571
5457,OPTIMAL,v2:upper,243.88001363310644
5458,OPTIMAL,v2:upper,45.542719843920096
5459,OPTIMAL,v2:upper,123.08817894552854
5460,OPTIMAL,v2:upper,475.61449444666283
5461,OPTIMAL,v1:upper,125.65727582300934
5462,OPTIMAL,v2:upper,128.23683921735005
5463,OPTIMAL,v2:upper,21.05520679477504
5464,OPTIMAL,v2:upper,239.07845880167835
5465,OPTIMAL,v2:upper,158.0463988006574
5466,OPTIMAL,v2:upper,36.40930202525298
5467,OPTIMAL,v2:upper,280.595881777999
5468,OPTIMAL,v2:upper,234.33212625511325
5469,OPTIMAL,v2:upper,41.23886471334873
5470,OPTIMAL,v1:upper,136.47188262830727
5471,OPTIMAL,v2:upper,157.0236467543737
5472,OPTIMAL,v2:upper,67.47453137817173
5473,OPTIMAL,v2:upper,184.23358479589396
5474,OPTIMAL,v2:upper,121.185323259607
5475,OPTIMAL,v2:upper,30.037698074083654
5476,OPTIMAL,v2:upper,152.0345487080393
5477,OPTIMAL,v2:upper,184.64318435808408
5478,OPTIMAL,v1:upper,373.8677794502817
5479,OPTIMAL,v2:upper,59.35874100150781
5480,OPTIMAL,v2:upper,122.74389868626706
5481,OPTIMAL,v2:upper,28.889428098851614
5482,OPTIMAL,v2:upper,106.53117158639516
5483,OPTIMAL,v2:upper,44.03690965825993
5484,OPTIMAL,v2:upper,146.73124871401686
5485,OPTIMAL,v2:upper,357.9343039861813
5486,OPTIMAL,v2:upper,294.34933618661466
5487,OPTIMAL,v2:upper,120.29161754193552
5488,OPTIMAL,v2:upper,63.69151104666828
5489,OPTIMAL,v2:upper,238.91262588710697
5490,OPTIMAL,v2:upper,115.66398315359744
5491,OPTIMAL,v2:upper,104.96071240881963
5492,OPTIMAL,v2:upper,590.456796935017
5493,OPTIMAL,v2:upper,19.272749073009397
5494,OPTIMAL,v2:upper,33.210010202533084
5495,OPTIMAL,v2:upper,83.90888831638375
5496,OPTIMAL,v2:upper,269.4814720600909
5497,OPTIMAL,v1:upper,58.04674953293914
5498,OPTIMAL,v2:upper,57.25656401925767
5499,OPTIMAL,v2:upper,83.3094919362228
5500,OPTIMAL,v2:upper,13.502211592143306
5501,OPTIMAL,v2:upper,596.9677472340059
5502,OPTIMAL,v2:upper,102.09810049822934
5503,OPTIMAL,v2:upper,116.6511118339957
5504,OPTIMAL,v2:upper,33.71716175925417
5505,OPTIMAL,v2:upper,58.54401540442986
5506,OPTIMAL,v2:upper,44.503062837919565
5507,OPTIMAL,v2:upper,52.333263332404655
5508,OPTIMAL,b1:lower;b2:lower;b3:upper;b4:upper;b5:lower;b6:upper;b7:upper;b8:upper;b14:lower,1000.0
5509,OPTIMAL,v2:upper,29.344408696672723
5510,OPTIMAL,v2:upper,286.1821152654237
5511,OPTIMAL,v2:upper,97.89320915421926
5512,OPTIMAL,v2:upper,203.43422545386858
5513,OPTIMAL,v1:upper,109.40320090241603
5514,OPTIMAL,v2:upper,196.55533728747997
5515,OPTIMAL,v2:upper,65.12778535273398
5516,OPTIMAL,v2:upper,75.2613714050607
5517,OPTIMAL,v1:upper,71.87954935000398
5518,OPTIMAL,v2:upper,256.54843428255606
5519,OPTIMAL,v2:upper,297.85233083743304
5520,OPTIMAL,v2:upper,32.61829621817683
5521,OPTIMAL,v2:upper,271.6056818980231
5522,OPTIMAL,v2:upper,218.42369348920877
5523,OPTIMAL,v2:upper,52.53492329638478
5524,OPTIMAL,v2:upper,28.721593413574574
5525,OPTIMAL,v2:upper,199.94748009807776
5526,OPTIMAL,v2:upper,75.91791597238951
5527,OPTIMAL,v2:upper,82.0117042250082
5528,OPTIMAL,v2:upper,39.4126678644931
5529,OPTIMAL,v2:upper,484.78256905020703
5530,OPTIMAL,v2:upper,4.799027646168875
5531,OPTIMAL,v2:upper,75.36695014268685
5532,OPTIMAL,v1:upper,239.82530803452235
5533,OPTIMAL,v2:upper,841.3893438540132
5534,OPTIMAL,v2:upper,143.80451513824602
5535,OPTIMAL,v2:upper,80.23965210105956
5536,OPTIMAL,v2:upper,101.61856506630365
5537,OPTIMAL,v2:upper,139.86860269883485
5538,OPTIMAL,v2:upper,90.10652939151052
5539,OPTIMAL,v2:upper,288.00202807062004
5540,OPTIMAL,v2:upper,24.322232423396766
5541,OPTIMAL,v2:upper,53.70037636881853
5542,OPTIMAL,v2:upper,176.50798147052527
5543,OPTIMAL,v2:upper,21.297720593124346
5544,OPTIMAL,v2:upper,291.6923906113043
5545,OPTIMAL,v2:upper,142.88122262671388
5546,OPTIMAL,v2:upper,69.18915785025337
5547,OPTIMAL,v2:upper,176.5244865894929
5548,OPTIMAL,v2:upper,281.53153927591364
5549,OPTIMAL,v2:upper,113.27882023616918
5550,OPTIMAL,v2:upper,47.57217108904819
5551,OPTIMAL,v2:upper,55.99341971035424
5552,OPTIMAL,v2:upper,93.54705411446096
5553,OPTIMAL,v2:upper,529.3489777503072
5554,OPTIMAL,v2:upper,151.23453398874062
5555,OPTIMAL,v2:upper,64.40788228865087
5556,OPTIMAL,v2:upper,126.55753741151783
5557,OPTIMAL,v2:upper,30.604008694135135
5558,OPTIMAL,v1:upper,33.32690028818958
5559,OPTIMAL,v2:upper,34.843866628713286
5560,OPTIMAL,v2:upper,288.28605737812944
5561,OPTIMAL,v2:upper,208.9891272981862
5562,OPTIMAL,v2:upper,44.121134636269076
5563,OPTIMAL,v1:upper,161.66538977471376
5564,OPTIMAL,v2:upper,48.28338679353948
5565,OPTIMAL,v2:upper,43.236483948528786
5566,OPTIMAL,v2:upper,276.3601221641615
5567,OPTIMAL,v2:upper,180.70060890426174
5568,OPTIMAL,v2:upper,36.08204877262497
5569,OPTIMAL,v2:upper,53.610856488657035
5570,OPTIMAL,v2:upper,71.35278535209554
5571,OPTIMAL,v2:upper,55.497974803599526
5572,OPTIMAL,v2:upper,702.7918554020395
5573,OPTIMAL,v2:upper,18.187818691383793
5574,OPTIMAL,v2:upper,454.271752478943
5575,OPTIMAL,v2:upper,109.48143042484884
5576,OPTIMAL,v2:upper,131.55287819103933
5577,OPTIMAL,v2:upper,33.35135789983828
5578,OPTIMAL,v2:upper,65.76451596126098
5579,OPTIMAL,v2:upper,370.0318234805957
5580,OPTIMAL,v2:upper,142.036717181706
5581,OPTIMAL,v2:upper,632.6382957025428
5582,OPTIMAL,v2:upper,201.82472261292926
5583,OPTIMAL,v2:upper,48.641510076207105
5584,OPTIMAL,v2:upper,104.2062072938114
5585,OPTIMAL,v2:upper,67.64642407045213
5586,OPTIMAL,v2:upper,579.9026023389837
5587,OPTIMAL,v1:upper,128.10576534824307
5588,OPTIMAL,v2:upper,243.36523983489786
5589,OPTIMAL,v2:upper,48.611955426525846
5590,OPTIMAL,v2:upper,207.23983677246986
5591,OPTIMAL,v1:upper,596.7934515522679
5592,OPTIMAL,v2:upper,270.5019911042495
5593,OPTIMAL,v2:upper,336.7977009764724
5594,OPTIMAL,v2:upper,344.4165298181197
5595,OPTIMAL,v2:upper,277.41263862685497
5596,OPTIMAL,v2:upper,27.93698279054685
5597,OPTIMAL,v2:upper,144.9390589400347
5598,OPTIMAL,v2:upper,71.35964012449999
5599,OPTIMAL,v2:upper,239.2419846360717
5600,OPTIMAL,v1:upper,79.6540765717419
5601,OPTIMAL,v2:upper,137.50641842374216
5602,OPTIMAL,v2:upper,103.29092337092803
5603,OPTIMAL,v2:upper,86.6175200935878
5604,OPTIMAL,v2:upper,151.50657900792226
5605,OPTIMAL,v2:upper,212.82253715345485
5606,OPTIMAL,v2:upper,187.5763436921244
5607,OPTIMAL,v2:upper,208.6597100034991
5608,OPTIMAL,v2:upper,157.8099445169559
5609,OPTIMAL,v1:upper,99.07316947677025
5610,OPTIMAL,v2:upper,32.60766238211812
5611,OPTIMAL,v2:upper,258.04191274200116
5612,OPTIMAL,v1:upper,48.121437855341334
5613,OPTIMAL,v2:upper,81.28522497295438
5614,OPTIMAL,v2:upper,134.91185708886812
5615,OPTIMAL,v2:upper,375.3478930802014
5616,OPTIMAL,v2:upper,208.51095063330166
5617,OPTIMAL,v2:upper,447.81606887434293
5618,OPTIMAL,v2:upper,89.15311155091585
5619,OPTIMAL,v2:upper,739.6637142736134
5620,OPTIMAL,v2:upper,136.8072173661091
5621,OPTIMAL,v2:upper,263.7915215860357
5622,OPTIMAL,v2:upper,108.021830983978
5623,OPTIMAL,v1:upper,70.44505301569026
5624,OPTIMAL,v2:upper,265.2384472289719
5625,OPTIMAL,v2:upper,78.80397135220728
5626,OPTIMAL,v2:upper,261.71993987011024
5627,OPTIMAL,v2:upper,240.70339276177864
5628,OPTIMAL,v2:upper,43.70540213711614
5629,OPTIMAL,v2:upper,84.12449610014845
5630,OPTIMAL,v1:upper,137.51447475016644
5631,OPTIMAL,v2:upper,196.25025232569584
5632,OPTIMAL,v2:upper,222.8348538743679
5633,OPTIMAL,v2:upper,327.0358590376709
5634,OPTIMAL,v2:upper,37.58732847904321
5635,OPTIMAL,v2:upper,477.67008668371955
5636,OPTIMAL,v2:upper,477.2450524094629
5637,OPTIMAL,v2:upper,134.663856068711
5638,OPTIMAL,v2:upper,174.13201359432026
5639,OPTIMAL,v1:upper,121.40447737069472
5640,OPTIMAL,v2:upper,58.67308845284997
5641,OPTIMAL,v2:upper,164.34247834008107
5642,OPTIMAL,v2:upper,280.9574677083018
5643,OPTIMAL,v2:upper,172.69687971008608
5644,OPTIMAL,v1:upper,182.1511560506432
5645,OPTIMAL,v2:upper,26.662588594214355
5646,OPTIMAL,v2:upper,561.7909968573739
5647,OPTIMAL,v1:upper,201.1606908670761
5648,OPTIMAL,v2:upper,65.6395206210564
5649,OPTIMAL,v1:upper,389.5203518876385
5650,OPTIMAL,v2:upper,96.05942034053389
5651,OPTIMAL,v2:upper,278.4324946090252
5652,OPTIMAL,v2:upper,124.99578577350222
5653,OPTIMAL,v2:upper,114.01460296100736
5654,OPTIMAL,v2:upper,113.14081443827715
5655,OPTIMAL,v2:upper,438.37595466728214
5656,OPTIMAL,v2:upper,66.97010053072144
5657,OPTIMAL,v1:upper,90.32165512762619
5658,OPTIMAL,v2:upper,165.99819288244993
5659,OPTIMAL,v2:upper,79.91138645977229
5660,OPTIMAL,v2:upper,123.24771656131405
5661,OPTIMAL,v1:upper,68.03664915124178
5662,OPTIMAL,v2:upper,200.570893881654
5663,OPTIMAL,v2:upper,92.67221865443848
5664,OPTIMAL,b1:lower;b2:lower;b3:upper;b4:upper;b5:lower;b6:upper;b7:upper;b8:upper;b14:lower,1000.0
5665,OPTIMAL,v2:upper,45.91130278895749
5666,OPTIMAL,v2:upper,39.63442894991027
5667,OPTIMAL,v2:upper,281.21576160632117
5668,OPTIMAL,v2:upper,475.8051263681194
5669,OPTIMAL,v2:upper,96.96940559099431
5670,OPTIMAL,v2:upper,120.3011478117342
5671,OPTIMAL,v2:upper,529.4886170397588
5672,OPTIMAL,v2:upper,80.44639068774029
5673,OPTIMAL,v2:upper,131.010498346093
5674,OPTIMAL,v2:upper,332.23995660426726
5675,OPTIMAL,v2:upper,95.56472666151956
5676,OPTIMAL,v2:upper,18.97292851553963
5677,OPTIMAL,v2:upper,93.47833833865366
5678,OPTIMAL,v2:upper,141.91184765782518
5679,OPTIMAL,v2:upper,57.43644733295533
5680,OPTIMAL,v2:upper,254.62760236599917
5681,OPTIMAL,v2:upper,27.85021419935454
5682,OPTIMAL,v2:upper,15.682855276838916
5683,OPTIMAL,v2:upper,68.88585316461615
5684,OPTIMAL,v2:upper,18.70526081473728
5685,OPTIMAL,v2:upper,81.53210171819607
5686,OPTIMAL,v2:upper,65.1111342287173
5687,OPTIMAL,v2:upper,168.08890438144985
5688,OPTIMAL,v2:upper,156.48310935005486
5689,OPTIMAL,v2:upper,78.86129547157493
5690,OPTIMAL,v1:upper,219.82558204315615
5691,OPTIMAL,v2:upper,421.50143925753207
5692,OPTIMAL,v1:upper,100.34952966966841
5693,OPTIMAL,v2:upper,45.50616968156108
5694,OPTIMAL,v2:upper,612.5693898025189
5695,OPTIMAL,v2:upper,127.30386197005843
5696,OPTIMAL,v2:upper,223.87129707085364
5697,OPTIMAL,v2:upper,22.970997718188332
5698,OPTIMAL,v2:upper,362.28844714039474
5699,OPTIMAL,v2:upper,142.6007296578479
5700,OPTIMAL,v1:upper,84.24254047684676
5701,OPTIMAL,v2:upper,187.05326006610179
5702,OPTIMAL,v1:upper,122.92904353368141
5703,OPTIMAL,v2:upper,89.68142634355932
5704,OPTIMAL,v2:upper,55.51584574879525
5705,OPTIMAL,v2:upper,40.523942112358704
5706,OPTIMAL,v2:upper,140.2033334240113
5707,OPTIMAL,v2:upper,130.1727288811487
5708,OPTIMAL,v1:upper,130.91361712652156
5709,OPTIMAL,v2:upper,32.9248616101304
5710,OPTIMAL,b1:lower;b2:lower;b3:upper;b4:upper;b5:lower;b6:upper;b7:upper;b8:upper;b14:lower,1000.0
5711,OPTIMAL,v1:upper,23.643648472158393
5712,OPTIMAL,v2:upper,107.91402667554038
5713,OPTIMAL,v2:upper,168.19608880526286
5714,OPTIMAL,v2:upper,369.96468423866935
5715,OPTIMAL,v2:upper,27.090071863016743
5716,OPTIMAL,v2:upper,279.34757594826203
5717,OPTIMAL,v2:upper,192.6057870753922
5718,OPTIMAL,v2:upper,26.150255773186394
5719,OPTIMAL,v2:upper,33.7010852502953
5720,OPTIMAL,v1:upper,407.1298123202805
5721,OPTIMAL,v2:upper,64.67582053892674
5722,OPTIMAL,v2:upper,137.90874485058
5723,OPTIMAL,v2:upper,604.2183793492417
5724,OPTIMAL,v2:upper,127.90900363584647
5725,OPTIMAL,v2:upper,251.16436726554662
5726,OPTIMAL,v2:upper,104.08798720317779
5727,OPTIMAL,v2:upper,8.953339160537833
5728,OPTIMAL,v2:upper,214.06511563843182
5729,OPTIMAL,v2:upper,339.6259945929336
5730,OPTIMAL,v1:upper,101.9431936636215
5731,OPTIMAL,v2:upper,32.14322484476182
5732,OPTIMAL,v2:upper,91.10686661883726
5733,OPTIMAL,v2:upper,61.20618420807878
5734,OPTIMAL,v2:upper,68.41131579994554
5735,OPTIMAL,v2:upper,197.6829865760924
5736,OPTIMAL,v2:upper,136.65627965680213
5737,OPTIMAL,v2:upper,189.45895909964358
5738,OPTIMAL,v2:upper,170.60120075210423
5739,OPTIMAL,v2:upper,40.79699008908185
5740,OPTIMAL,v2:upper,19.778122988426144
5741,OPTIMAL,v2:upper,110.22068253232865
5742,OPTIMAL,v2:upper,303.4259143807092
5743,OPTIMAL,v1:upper,36.002208226812876
5744,OPTIMAL,v2:upper,268.1629439286789
5745,OPTIMAL,v2:upper,204.56905966494824
5746,OPTIMAL,v2:upper,80.59562241922895
5747,OPTIMAL,v2:upper,15.091596029379776
5748,OPTIMAL,v2:upper,120.64232531270996
5749,OPTIMAL,v2:upper,240.42521804579556
5750,OPTIMAL,v2:upper,187.2141037725076
5751,OPTIMAL,v2:upper,71.73357022391096
5752,OPTIMAL,v2:upper,134.9787871863802
5753,OPTIMAL,v2:upper,233.63463626335522
5754,OPTIMAL,v2:upper,152.7305632075419
5755,OPTIMAL,v2:upper,63.73842119703994
5756,OPTIMAL,v2:upper,106.29589530654894
5757,OPTIMAL,v2:upper,25.580942204509732
5758,OPTIMAL,v2:upper,406.3908930302706
5759,OPTIMAL,v2:upper,139.19436927047107
5760,OPTIMAL,v1:upper,324.0910566899814
5761,OPTIMAL,v2:upper,181.2847640729481
5762,OPTIMAL,v2:upper,25.42621560006107
5763,OPTIMAL,v2:upper,227.23807041257385
5764,OPTIMAL,v2:upper,104.87454438656482
5765,OPTIMAL,v2:upper,92.65964261953299
5766,OPTIMAL,v2:upper,489.79302549521066
5767,OPTIMAL,v2:upper,20.530484289225143
5768,OPTIMAL,v2:upper,501.88019582946816
5769,OPTIMAL,v1:upper,96.74215729676874
5770,OPTIMAL,v2:upper,22.360423623558347
5771,OPTIMAL,v2:upper,33.51916824869596
5772,OPTIMAL,v2:upper,72.2530514492611
5773,OPTIMAL,v2:upper,219.42140181830666
5774,OPTIMAL,v2:upper,43.83501750917898
5775,OPTIMAL,v1:upper,61.662405485617256
5776,OPTIMAL,v2:upper,474.2679786765272
5777,OPTIMAL,v2:upper,31.457061382241424
5778,OPTIMAL,v2:upper,320.0102888732287
5779,OPTIMAL,v2:upper,57.954963412244126
5780,OPTIMAL,v2:upper,359.60747462444874
5781,OPTIMAL,v1:upper,139.22492293240404
5782,OPTIMAL,v2:upper,127.20958113136135
5783,OPTIMAL,v2:upper,178.55949552355133
5784,OPTIMAL,v2:upper,265.22837409942207
5785,OPTIMAL,v2:upper,123.44958044064688
5786,OPTIMAL,v2:upper,137.68829659889713
5787,OPTIMAL,v2:upper,82.72755334012774
5788,OPTIMAL,v2:upper,58.298269670604796
5789,OPTIMAL,v2:upper,331.22868425156514
5790,OPTIMAL,v2:upper,38.15340089619472
5791,OPTIMAL,v2:upper,120.38169331239452
5792,OPTIMAL,v2:upper,11.367900237525854
5793,OPTIMAL,v1:upper,23.604630197942306
5794,OPTIMAL,v2:upper,74.131090502229
5795,OPTIMAL,v2:upper,56.41460178582416
5796,OPTIMAL,v2:upper,222.92538634863186
5797,OPTIMAL,v2:upper,10.596604992261463
5798,OPTIMAL,v2:upper,116.87454727636194
5799,OPTIMAL,v2:upper,202.84587869111965
5800,OPTIMAL,v2:upper,252.22907356682052
5801,OPTIMAL,v2:upper,23.90583424284549
5802,OPTIMAL,v2:upper,82.7425576793991
5803,OPTIMAL,v2:upper,338.3365386214319
5804,OPTIMAL,v2:upper,210.582764469292
5805,OPTIMAL,v2:upper,254.1024296489827
5806,OPTIMAL,v1:upper,181.82564790710828
5807,OPTIMAL,v2:upper,249.27411254084788
5808,OPTIMAL,v2:upper,88.96103311198279
5809,OPTIMAL,v2:upper,81.40445242143362
5810,OPTIMAL,v2:upper,55.95863101560951
5811,OPTIMAL,v1:upper,320.1079164139598
5812,OPTIMAL,v2:upper,57.721425476940986
5813,OPTIMAL,v2:upper,276.4708052234794
5814,OPTIMAL,v2:upper,87.81382249876235
5815,OPTIMAL,v2:upper,70.21007458856873
5816,OPTIMAL,v2:upper,49.35085061541715
5817,OPTIMAL,v2:upper,165.5573987823594
5818,OPTIMAL,v2:upper,25.79905806238078
5819,OPTIMAL,v2:upper,98.10087005264222
5820,OPTIMAL,v2:upper,400.8971865757791
5821,OPTIMAL,v1:upper,81.45215671877277
5822,OPTIMAL,b1:lower;b2:lower;b3:upper;b4:upper;b5:lower;b6:upper;b7:upper;b8:upper;b14:lower,1000.0
5823,OPTIMAL,v1:upper,168.93373453821766
5824,OPTIMAL,v2:upper,53.66045503279457
5825,OPTIMAL,v1:upper,188.24737507195138
5826,OPTIMAL,v2:upper,118.21707314210782
5827,OPTIMAL,v2:upper,58.58437440536751
5828,OPTIMAL,v2:upper,141.27523002210947
5829,OPTIMAL,v2:upper,60.03793208798004
5830,OPTIMAL,v2:upper,68.01790724674406
5831,OPTIMAL,v1:upper,25.879748377422807
5832,OPTIMAL,v2:upper,227.33870386032586
5833,OPTIMAL,v2:upper,244.7114033488466
5834,OPTIMAL,v2:upper,664.3296966576006
5835,OPTIMAL,v2:upper,29.635754260197412
5836,OPTIMAL,v2:upper,51.39231478300404
5837,OPTIMAL,v2:upper,560.6863707360181
5838,OPTIMAL,v2:upper,125.55698739988931
5839,OPTIMAL,v2:upper,32.0737973103455
5840,OPTIMAL,v2:upper,28.359556676443457
5841,OPTIMAL,v2:upper,177.58050260154738
5842,OPTIMAL,v2:upper,50.59955182896054
5843,OPTIMAL,v2:upper,135.78641722619363
5844,OPTIMAL,v2:upper,41.2310248850399
5845,OPTIMAL,v2:upper,67.96394018837245
5846,OPTIMAL,v1:upper,102.41102577510654
5847,OPTIMAL,v1:upper,69.90839297337568
5848,OPTIMAL,v2:upper,49.020961982313935
5849,OPTIMAL,v2:upper,89.30108948149908
5850,OPTIMAL,v2:upper,82.32601398434558
5851,OPTIMAL,v2:upper,75.86576408328837
5852,OPTIMAL,v2:upper,42.97982823869884
5853,OPTIMAL,v2:upper,282.4032667218306
5854,OPTIMAL,v2:upper,65.85425743533142
5855,OPTIMAL,v2:upper,23.663182440846654
5856,OPTIMAL,v2:upper,96.29134005880071
5857,OPTIMAL,v2:upper,166.02523421406872
5858,OPTIMAL,v2:upper,90.49917154680979
5859,OPTIMAL,v1:upper,959.4350166251523
5860,OPTIMAL,v2:upper,96.25199235521639
5861,OPTIMAL,v2:upper,56.230698224509204
5862,OPTIMAL,v2:upper,60.95084514930886
5863,OPTIMAL,v2:upper,100.88076313043453
5864,OPTIMAL,v2:upper,233.18810261879864
5865,OPTIMAL,v2:upper,129.40182318297113
5866,OPTIMAL,v2:upper,88.42026460375298
5867,OPTIMAL,v2:upper,115.84938330208311
5868,OPTIMAL,v2:upper,30.301247863150678
5869,OPTIMAL,v2:upper,108.33895183768445
5870,OPTIMAL,v2:upper,40.956534844898634
5871,OPTIMAL,v2:upper,205.73235063704092
5872,OPTIMAL,v2:upper,86.59919872676376
5873,OPTIMAL,v2:upper,196.07457235380002
5874,OPTIMAL,v2:upper,301.94898706579204
5875,OPTIMAL,v2:upper,387.6852911892468
5876,OPTIMAL,v2:upper,94.15354276092931
5877,OPTIMAL,v2:upper,43.42821644015154
5878,OPTIMAL,v2:upper,84.76106647103528
5879,OPTIMAL,v2:upper,15.95778343183451
5880,OPTIMAL,v2:upper,101.61860125039739
5881,OPTIMAL,v2:upper,366.1221284224193
5882,OPTIMAL,v2:upper,36.47333468316484
5883,OPTIMAL,v2:upper,45.89656744557336
5884,OPTIMAL,v2:upper,51.568840724310974
5885,OPTIMAL,v2:upper,104.45472254602628
5886,OPTIMAL,v2:upper,59.801606346021025
5887,OPTIMAL,v2:upper,69.85184633496213
5888,OPTIMAL,v2:upper,832.9828839626493
5889,OPTIMAL,v2:upper,170.5828089088957
5890,OPTIMAL,v2:upper,93.77913472974113
5891,OPTIMAL,v2:upper,97.83869438222332
5892,OPTIMAL,v1:upper,105.35427013491304
5893,OPTIMAL,v2:upper,28.160519438050944
5894,OPTIMAL,v2:upper,65.09481480974542
5895,OPTIMAL,v1:upper,20.718502657711433
5896,OPTIMAL,v2:upper,306.02729971682476
5897,OPTIMAL,v2:upper,69.32894702429604
5898,OPTIMAL,v1:upper,70.25054054480218
5899,OPTIMAL,v2:upper,40.27655891661414
5900,OPTIMAL,v2:upper,243.86068765227898
5901,OPTIMAL,v2:upper,224.1483861512369
5902,OPTIMAL,v2:upper,188.11718447694162
5903,OPTIMAL,v2:upper,251.13500986140699
5904,OPTIMAL,v2:upper,286.6787130221915
5905,OPTIMAL,v2:upper,63.06775932897016
5906,OPTIMAL,v2:upper,311.44769997293554
5907,OPTIMAL,v2:upper,113.08315226958248
5908,OPTIMAL,v2:upper,62.425726024668855
5909,OPTIMAL,v2:upper,178.8855200592236
5910,OPTIMAL,v2:upper,558.0256551846944
5911,OPTIMAL,v2:upper,124.07858484046395
5912,OPTIMAL,v2:upper,278.57172884440246
5913,OPTIMAL,v2:upper,48.01903521605941
5914,OPTIMAL,v2:upper,228.811925381515
5915,OPTIMAL,v2:upper,91.20611819439819
5916,OPTIMAL,v2:upper,47.26198711973262
5917,OPTIMAL,v2:upper,81.20621795318911
5918,OPTIMAL,v2:upper,89.60368992020108
5919,OPTIMAL,v2:upper,213.52585054140866
5920,OPTIMAL,v2:upper,74.98276921547405
5921,OPTIMAL,v2:upper,13.350167189129742
5922,OPTIMAL,v2:upper,90.0500130251458
5923,OPTIMAL,v2:upper,100.21899924025863
5924,OPTIMAL,v1:upper,96.300458033625
5925,OPTIMAL,v2:upper,19.34975036900439
5926,OPTIMAL,v1:upper,58.55159981292474
5927,OPTIMAL,v1:upper,261.3460162190343
5928,OPTIMAL,v2:upper,154.11585533792532
5929,OPTIMAL,v2:upper,26.41995785939
5930,OPTIMAL,v2:upper,107.75830628602652
5931,OPTIMAL,v2:upper,459.6351442730078
5932,OPTIMAL,v2:upper,25.86143623798434
5933,OPTIMAL,v2:upper,89.74830390773424
5934,OPTIMAL,v2:upper,151.12555359426318
5935,OPTIMAL,v1:upper,77.43066658762642
5936,OPTIMAL,v2:upper,115.73624681384797
5937,OPTIMAL,v2:upper,672.0007446395152
5938,OPTIMAL,v2:upper,131.97802642997078
5939,OPTIMAL,v2:upper,400.6972627185797
5940,OPTIMAL,v2:upper,556.2604204194674
5941,OPTIMAL,v2:upper,43.00241608532839
5942,OPTIMAL,v2:upper,85.59141863239398
5943,OPTIMAL,v2:upper,56.03471350957083
5944,OPTIMAL,v2:upper,253.38150041778547
5945,OPTIMAL,v2:upper,175.44666333364222
5946,OPTIMAL,v2:upper,689.1474874277737
5947,OPTIMAL,v2:upper,39.81523693925856
5948,OPTIMAL,v1:upper,685.6605958663005
5949,OPTIMAL,v2:upper,95.40612564889248
5950,OPTIMAL,v2:upper,657.3820615145996
5951,OPTIMAL,v1:upper,217.55662098916022
5952,OPTIMAL,v2:upper,170.72298074683013
5953,OPTIMAL,v1:upper,213.63836901983214
5954,OPTIMAL,v2:upper,33.893026625618326
5955,OPTIMAL,v2:upper,145.4520767077619
5956,OPTIMAL,v2:upper,157.5700154689894
5957,OPTIMAL,v2:upper,59.62832959424681
5958,OPTIMAL,v2:upper,206.0889277293705
5959,OPTIMAL,v2:upper,30.073202354426936
5960,OPTIMAL,v2:upper,198.11872853426132
5961,OPTIMAL,v2:upper,59.23487783698992
5962,OPTIMAL,v2:upper,320.2047582879717
5963,OPTIMAL,v2:upper,125.3340700379098
5964,OPTIMAL,v2:upper,224.23042620717524
5965,OPTIMAL,v2:upper,37.1925212744291
5966,OPTIMAL,v2:upper,45.64802130500879
5967,OPTIMAL,v2:upper,597.1440466389249
5968,OPTIMAL,v2:upper,66.2082094585565
5969,OPTIMAL,v2:upper,145.76008028993544
5970,OPTIMAL,v2:upper,88.54202441561281
5971,OPTIMAL,v2:upper,238.3116271756477
5972,OPTIMAL,v2:upper,83.9505259871111
5973,OPTIMAL,v2:upper,87.60545207622381
5974,OPTIMAL,v2:upper,356.1992819817906
5975,OPTIMAL,v1:upper,86.15455145947698
5976,OPTIMAL,v2:upper,38.48815910388153
5977,OPTIMAL,v2:upper,158.32353576986245
5978,OPTIMAL,v1:upper,460.63643263853135
5979,OPTIMAL,v1:upper,58.02801572904644
5980,OPTIMAL,v1:upper,105.50000882254962
5981,OPTIMAL,v1:upper,132.87583425443052
5982,OPTIMAL,v1:upper,100.09361982978079
5983,OPTIMAL,v2:upper,177.69500311361287
5984,OPTIMAL,v1:upper,118.05658498234874
5985,OPTIMAL,v2:upper,26.28930263949515
5986,OPTIMAL,v2:upper,33.639619515001336
5987,OPTIMAL,v2:upper,91.92859700167715
5988,OPTIMAL,v2:upper,178.5599328682957
5989,OPTIMAL,v2:upper,41.231369450779475
5990,OPTIMAL,v2:upper,232.91960226527996
5991,OPTIMAL,v2:upper,40.19467935154228
5992,OPTIMAL,v2:upper,97.33066474683233
5993,OPTIMAL,v2:upper,223.95017911163407
5994,OPTIMAL,v2:upper,30.116923892281815
5995,OPTIMAL,v2:upper,14.615571567967715
5996,OPTIMAL,v1:upper,482.90350870477204
5997,OPTIMAL,v2:upper,333.005669171958
5998,OPTIMAL,v2:upper,66.09280819228299
5999,OPTIMAL,v2:upper,57.25612296121596
6000,OPTIMAL,v2:upper,441.44977758602613
6001,OPTIMAL,v2:upper,635.3521474955463
6002,OPTIMAL,v2:upper,657.2857334894994
6003,OPTIMAL,v2:upper,124.16526440114548
6004,OPTIMAL,v2:upper,198.92619103915638
6005,OPTIMAL,v1:upper,559.4786250433607
6006,OPTIMAL,v2:upper,139.94961760300475
6007,OPTIMAL,v2:upper,35.63400242170649
6008,OPTIMAL,v1:upper,123.01276268683905
6009,OPTIMAL,v2:upper,154.15461228106437
6010,OPTIMAL,v2:upper,186.70285070608855
6011,OPTIMAL,v2:upper,175.8456807759077
6012,OPTIMAL,v2:upper,571.7914046546139
6013,OPTIMAL,v2:upper,587.8990802249745
6014,OPTIMAL,v2:upper,198.6984321620714
6015,OPTIMAL,v2:upper,176.69628779429272
6016,OPTIMAL,v2:upper,79.15796889410859
6017,OPTIMAL,v2:upper,34.01763016686312
6018,OPTIMAL,v2:upper,114.20731057159064
6019,OPTIMAL,v2:upper,10.337967896811074
6020,OPTIMAL,v1:upper,122.32776411908456
6021,OPTIMAL,v1:upper,49.665978835430174
6022,OPTIMAL,v2:upper,222.49526293445538
6023,OPTIMAL,v2:upper,152.47148915686654
6024,OPTIMAL,v1:upper,82.47791393364317
6025,OPTIMAL,v1:upper,65.60866701023022
6026,OPTIMAL,v2:upper,30.489706634265552
6027,OPTIMAL,v2:upper,517.1286033164447
6028,OPTIMAL,v1:upper,104.96283372493538
6029,OPTIMAL,v2:upper,201.94176725803646
6030,OPTIMAL,v2:upper,717.7043541043053
6031,OPTIMAL,v2:upper,77.63938976570948
6032,OPTIMAL,v2:upper,420.5438141710935
6033,OPTIMAL,v2:upper,142.24709494424133
6034,OPTIMAL,v2:upper,41.37256275836699
6035,OPTIMAL,v2:upper,15.055437617196981
6036,OPTIMAL,v2:upper,54.73113362497969
6037,OPTIMAL,v2:upper,76.83895220489543
6038,OPTIMAL,v2:upper,50.974808980778015
6039,OPTIMAL,v2:upper,739.8258387054102
6040,OPTIMAL,v1:upper,256.54112494356434
6041,OPTIMAL,v2:upper,23.377833080475185
6042,OPTIMAL,v1:upper,80.36261238934809
6043,OPTIMAL,v2:upper,362.86017292215394
6044,OPTIMAL,v2:upper,477.7542574961279
6045,OPTIMAL,v2:upper,134.82732806238252
6046,OPTIMAL,v2:upper,347.24885019371476
6047,OPTIMAL,v2:upper,295.17942543636525
6048,OPTIMAL,v2:upper,88.82243268153813
6049,OPTIMAL,v2:upper,16.744443085564313
6050,OPTIMAL,v2:upper,84.62713362981908
6051,OPTIMAL,v1:upper,520.9185810211891
6052,OPTIMAL,v2:upper,57.86034845085724
6053,OPTIMAL,v2:upper,245.46466608588426
6054,OPTIMAL,v1:upper,755.529467711604
6055,OPTIMAL,v2:upper,17.568260325334556
6056,OPTIMAL,v2:upper,237.584382686509
6057,OPTIMAL,v2:upper,99.27512145882235
6058,OPTIMAL,v2:upper,117.23792818196189
6059,OPTIMAL,v2:upper,307.3472254484153
6060,OPTIMAL,v2:upper,161.34269795742335
6061,OPTIMAL,v2:upper,41.271081836162686
6062,OPTIMAL,v2:upper,27.962702359583705
6063,OPTIMAL,v2:upper,61.064655003897556
6064,OPTIMAL,v1:upper,168.69608264859644
6065,OPTIMAL,v1:upper,154.58713937836907
6066,OPTIMAL,v2:upper,188.78318115208907
6067,OPTIMAL,v2:upper,160.75139246545933
6068,OPTIMAL,v2:upper,209.67941211560375
6069,OPTIMAL,v1:upper,120.12076512508527
6070,OPTIMAL,v2:upper,96.47544687752442
6071,OPTIMAL,v2:upper,160.62229755142204
6072,OPTIMAL,v1:upper,86.23796057356031
6073,OPTIMAL,v2:upper,19.182389929209716
6074,OPTIMAL,v2:upper,207.1525285746719
6075,OPTIMAL,v2:upper,46.48538593511264
6076,OPTIMAL,v2:upper,248.20338984320486
6077,OPTIMAL,v1:upper,372.05451824118967
6078,OPTIMAL,v2:upper,41.56062491789606
6079,OPTIMAL,v2:upper,158.66711712169234
6080,OPTIMAL,v2:upper,148.90517474394827
6081,OPTIMAL,v2:upper,255.08408853793438
6082,OPTIMAL,v2:upper,265.86104962213386
6083,OPTIMAL,v2:upper,116.73623355125811
6084,OPTIMAL,v2:upper,513.7166508571579
6085,OPTIMAL,v2:upper,182.4472795304022
6086,OPTIMAL,v2:upper,12.11362312926049
6087,OPTIMAL,v2:upper,149.23606192270026
6088,OPTIMAL,v1:upper,300.82912553252856
6089,OPTIMAL,v2:upper,550.2105605544443
6090,OPTIMAL,v2:upper,464.77437368054757
6091,OPTIMAL,v2:upper,269.29423857144593
6092,OPTIMAL,v2:upper,111.50190803887574
6093,OPTIMAL,v2:upper,9.999934023064972
6094,OPTIMAL,v2:upper,167.7674095491214
6095,OPTIMAL,v2:upper,177.42098459132941
6096,OPTIMAL,v2:upper,77.90480816606544
6097,OPTIMAL,v2:upper,213.63571666628204
6098,OPTIMAL,v2:upper,71.91093327496682
6099,OPTIMAL,v1:upper,61.96899176004865
6100,OPTIMAL,v2:upper,52.32678593888824
6101,OPTIMAL,v2:upper,148.41154680761355
6102,OPTIMAL,v2:upper,222.35829930858648
6103,OPTIMAL,v2:upper,26.769673163053707
6104,OPTIMAL,v2:upper,376.1017024629087
6105,OPTIMAL,v2:upper,153.0045643336022
6106,OPTIMAL,v2:upper,177.83107303380746
6107,OPTIMAL,v2:upper,84.17092588361166
6108,OPTIMAL,v2:upper,55.55994956965138
6109,OPTIMAL,v2:upper,186.98345620767512
6110,OPTIMAL,v1:upper,269.02712196292845
6111,OPTIMAL,v2:upper,40.838759079187184
6112,OPTIMAL,v2:upper,300.433628953198
6113,OPTIMAL,v2:upper,142.37902590027733
6114,OPTIMAL,v2:upper,48.53500235043813
6115,OPTIMAL,v2:upper,112.71477922492201
6116,OPTIMAL,v2:upper,11.897148385286227
6117,OPTIMAL,v2:upper,177.80347342768258
6118,OPTIMAL,v2:upper,232.48489042148756
6119,OPTIMAL,v2:upper,139.0110634120644
6120,OPTIMAL,v2:upper,138.62697365096167
6121,OPTIMAL,v2:upper,134.26717609287232
6122,OPTIMAL,v2:upper,65.16500620481982
6123,OPTIMAL,v2:upper,295.3883223400295
6124,OPTIMAL,v2:upper,67.76915943943044
6125,OPTIMAL,v1:upper,552.744578749309
6126,OPTIMAL,v2:upper,56.3580660187577
6127,OPTIMAL,v2:upper,121.14640517792854
6128,OPTIMAL,v2:upper,26.989386040752336
6129,OPTIMAL,v2:upper,214.50447169378455
6130,OPTIMAL,v2:upper,20.844606204195465
6131,OPTIMAL,v2:upper,34.386522403268124
6132,OPTIMAL,v2:upper,14.95777310535351
6133,OPTIMAL,v2:upper,56.82343654954435
6134,OPTIMAL,v1:upper,683.6759010687488
6135,OPTIMAL,v2:upper,298.3936675048716
6136,OPTIMAL,v2:upper,50.75735179191065
6137,OPTIMAL,v2:upper,72.37830506567644
6138,OPTIMAL,v2:upper,370.3503287652055
6139,OPTIMAL,v2:upper,180.18855845395277
6140,OPTIMAL,v2:upper,60.93386364636805
6141,OPTIMAL,v2:upper,127.07667610155897
6142,OPTIMAL,v2:upper,166.7422480283044
6143,OPTIMAL,v2:upper,15.6500634989038
6144,OPTIMAL,v2:upper,27.694834321862757
6145,OPTIMAL,v2:upper,51.11626166533625
6146,OPTIMAL,v2:upper,169.2028498216335
6147,OPTIMAL,v2:upper,26.176306627330717
6148,OPTIMAL,v2:upper,66.8876421517684
6149,OPTIMAL,v2:upper,218.34657535240692
6150,OPTIMAL,v2:upper,39.07527061327135
6151,OPTIMAL,v2:upper,37.40294658573466
6152,OPTIMAL,v2:upper,143.8790574579254
6153,OPTIMAL,v2:upper,57.84924017104537
6154,OPTIMAL,v2:upper,117.83247187355958
6155,OPTIMAL,v2:upper,52.63972683250932
6156,OPTIMAL,v2:upper,274.10717309257
6157,OPTIMAL,v2:upper,22.01103417463471
6158,OPTIMAL,v2:upper,53.65393966062788
6159,OPTIMAL,v2:upper,53.40785070364856
6160,OPTIMAL,v1:upper,469.4338278734544
6161,OPTIMAL,v2:upper,375.9419701501993
6162,OPTIMAL,v2:upper,45.91961267347507
6163,OPTIMAL,v2:upper,358.468867317549
6164,OPTIMAL,v2:upper,140.96356586328997
6165,OPTIMAL,v1:upper,211.9412944002786
6166,OPTIMAL,v2:upper,90.09009544488983
6167,OPTIMAL,v2:upper,29.446455519855483
6168,OPTIMAL,v2:upper,62.99696390425157
6169,OPTIMAL,v2:upper,46.189553929031675
6170,OPTIMAL,v2:upper,138.834801894582
6171,OPTIMAL,v1:upper,89.2952311388828
6172,OPTIMAL,v2:upper,152.89237915638523
6173,OPTIMAL,v1:upper,196.966392728999
6174,OPTIMAL,v2:upper,69.17342981236807
6175,OPTIMAL,v2:upper,25.4705006464126
6176,OPTIMAL,v2:upper,287.76461824901673
6177,OPTIMAL,v2:upper,29.795223153177353
6178,OPTIMAL,v2:upper,87.1807696854436
6179,OPTIMAL,v2:upper,32.49920161158585
6180,OPTIMAL,v2:upper,37.76965517433897
6181,OPTIMAL,v2:upper,44.149245672024215
6182,OPTIMAL,v2:upper,30.846787953090722
6183,OPTIMAL,v2:upper,30.808582511846005
6184,OPTIMAL,v1:upper,321.1144142735495
6185,OPTIMAL,v2:upper,118.41541300336294
6186,OPTIMAL,v1:upper,95.56348774223008
6187,OPTIMAL,v2:upper,32.88310996773142
6188,OPTIMAL,v2:upper,68.73562306631486
6189,OPTIMAL,v2:upper,68.70519434790899
6190,OPTIMAL,v2:upper,167.27029377279797
6191,OPTIMAL,v2:upper,24.211282229811385
6192,OPTIMAL,v1:upper,397.7019145542152
6193,OPTIMAL,v2:upper,430.7370712910675
6194,OPTIMAL,v2:upper,61.07983725340849
6195,OPTIMAL,v2:upper,169.75835030580396
6196,OPTIMAL,v2:upper,622.8544931585338
6197,OPTIMAL,v2:upper,155.99197646229234
6198,OPTIMAL,v2:upper,230.988625103451
6199,OPTIMAL,v2:upper,304.2850910050036
6200,OPTIMAL,v2:upper,109.63644860072318
6201,OPTIMAL,v2:upper,150.26632887806343
6202,OPTIMAL,v2:upper,133.25479677096004
6203,OPTIMAL,v2:upper,27.376486961563213
6204,OPTIMAL,v2:upper,73.41868819327603
6205,OPTIMAL,v2:upper,138.5453930911758
6206,OPTIMAL,v2:upper,42.37758648511164
6207,OPTIMAL,v2:upper,216.96461939469208
6208,OPTIMAL,v2:upper,95.20408129798993
6209,OPTIMAL,v2:upper,238.72119262028085
6210,OPTIMAL,v2:upper,217.25485329707013
6211,OPTIMAL,b1:lower;b2:lower;b3:upper;b4:upper;b5:lower;b6:upper;b7:upper;b8:upper;b14:lower,1000.0
6212,OPTIMAL,v2:upper,44.587244912287254
6213,OPTIMAL,v2:upper,94.522453790101
6214,OPTIMAL,v2:upper,179.4156908418426
6215,OPTIMAL,v2:upper,103.07962072742528
6216,OPTIMAL,v2:upper,146.5279077760349
6217,OPTIMAL,v2:upper,92.94399960727854
6218,OPTIMAL,v2:upper,825.4690736597368
6219,OPTIMAL,v2:upper,72.37232399718974
6220,OPTIMAL,v1:upper,163.47208430505708
6221,OPTIMAL,v2:upper,158.3927152808646
6222,OPTIMAL,v2:upper,61.18478504849576
6223,OPTIMAL,v2:upper,13.663886601048384
6224,OPTIMAL,v2:upper,653.0776651315724
6225,OPTIMAL,v2:upper,219.85067491140666
6226,OPTIMAL,v2:upper,42.13885952795392
6227,OPTIMAL,v2:upper,31.370494201681755
6228,OPTIMAL,v2:upper,71.59342337435872
6229,OPTIMAL,v2:upper,43.17006711098112
6230,OPTIMAL,v2:upper,99.65497780445241
6231,OPTIMAL,v2:upper,126.2125406090836
6232,OPTIMAL,v2:upper,12.933342658535839
6233,OPTIMAL,v2:upper,145.79864718996254
6234,OPTIMAL,v2:upper,118.76701016739676
6235,OPTIMAL,v2:upper,244.85454743372108
6236,OPTIMAL,v2:upper,274.111003486802
6237,OPTIMAL,v2:upper,499.3382477104812
6238,OPTIMAL,v2:upper,159.74710761093806
6239,OPTIMAL,v1:upper,236.43177080967243
6240,OPTIMAL,v2:upper,36.91969618867794
6241,OPTIMAL,v2:upper,153.6751965133109
6242,OPTIMAL,v2:upper,57.6001349337752
6243,OPTIMAL,v2:upper,120.24775311354517
6244,OPTIMAL,v1:upper,447.56364136602923
6245,OPTIMAL,v1:upper,194.2349383661139
6246,OPTIMAL,v1:upper,331.73102527096694
6247,OPTIMAL,v2:upper,111.61500663181693
6248,OPTIMAL,v2:upper,188.03369252987892
6249,OPTIMAL,v2:upper,138.14342802037783
6250,OPTIMAL,v2:upper,380.70295514209425
6251,OPTIMAL,v2:upper,145.9470460144861
6252,OPTIMAL,v2:upper,179.69799333645418
6253,OPTIMAL,v1:upper,116.05196403214802
6254,OPTIMAL,v2:upper,103.42622280989335
6255,OPTIMAL,v2:upper,348.57363049447537
6256,OPTIMAL,v2:upper,173.56912975987265
6257,OPTIMAL,v2:upper,475.64552272880985
6258,OPTIMAL,v1:upper,146.81481000232037
6259,OPTIMAL,v2:upper,98.98905867568806
6260,OPTIMAL,v2:upper,205.38249024278585
6261,OPTIMAL,v2:upper,135.10421940798372
6262,OPTIMAL,v2:upper,361.96407655375725
6263,OPTIMAL,v2:upper,22.119818469055772
6264,OPTIMAL,v2:upper,83.96272486057981
6265,OPTIMAL,v2:upper,58.49151235681948
6266,OPTIMAL,v2:upper,188.74184979425988
6267,OPTIMAL,v2:upper,686.210934228155
6268,OPTIMAL,v2:upper,225.4622096019296
6269,OPTIMAL,v2:upper,63.52308417944136
6270,OPTIMAL,v2:upper,679.7028073218146
6271,OPTIMAL,v1:upper,108.61622792666145
6272,OPTIMAL,v2:upper,113.44663599773766
6273,OPTIMAL,v2:upper,39.79554109839461
6274,OPTIMAL,v2:upper,110.36828086558619
6275,OPTIMAL,v2:upper,41.91456990619216
6276,OPTIMAL,v1:upper,130.73478153492874
6277,OPTIMAL,v2:upper,71.5153850223025
6278,OPTIMAL,v2:upper,69.30872051156949
6279,OPTIMAL,v2:upper,185.11516458269654
6280,OPTIMAL,v1:upper,616.5720992200302
6281,OPTIMAL,v2:upper,171.7387249244628
6282,OPTIMAL,v2:upper,29.20594297697337
6283,OPTIMAL,v2:upper,59.97135605709945
6284,OPTIMAL,v2:upper,73.90585169494815
6285,OPTIMAL,v2:upper,152.29662353643397
6286,OPTIMAL,v2:upper,66.22086182062827
6287,OPTIMAL,v1:upper,201.36731948513076
6288,OPTIMAL,v2:upper,15.437813988395193
6289,OPTIMAL,v2:upper,606.5918386544882
6290,OPTIMAL,b1:lower;b2:lower;b3:upper;b4:upper;b5:lower;b6:upper;b7:upper;b8:upper;b14:lower,1000.0
6291,OPTIMAL,v2:upper,102.93911971771821
6292,OPTIMAL,v2:upper,242.11338905161654
6293,OPTIMAL,v2:upper,72.88996419535799
6294,OPTIMAL,v1:upper,136.61993980638007
6295,OPTIMAL,v2:upper,17.037652642171356
6296,OPTIMAL,v2:upper,863.6130984128398
6297,OPTIMAL,v2:upper,112.48857406714887
6298,OPTIMAL,v2:upper,299.04111863302103
6299,OPTIMAL,v2:upper,616.4292716635844
6300,OPTIMAL,v2:upper,148.0138063771462
6301,OPTIMAL,v2:upper,199.88289032284305
6302,OPTIMAL,v2:upper,89.7317544048318
6303,OPTIMAL,v2:upper,190.60623719315512
6304,OPTIMAL,v2:upper,148.27705405848457
6305,OPTIMAL,v1:upper,206.34063840176455
6306,OPTIMAL,v2:upper,166.4479761344773
6307,OPTIMAL,v2:upper,90.64717277159545
6308,OPTIMAL,v2:upper,171.0000716459867
6309,OPTIMAL,v2:upper,45.596653806130504
6310,OPTIMAL,v1:upper,344.47744985569113
6311,OPTIMAL,v2:upper,96.26307575833603
6312,OPTIMAL,v2:upper,272.44395265316274
6313,OPTIMAL,v1:upper,388.2894492534035
6314,OPTIMAL,v2:upper,38.337398469595584
6315,OPTIMAL,v2:upper,108.38361512463808
6316,OPTIMAL,v2:upper,53.03082713743978
6317,OPTIMAL,v2:upper,79.44067261633859
6318,OPTIMAL,v2:upper,43.4823534806768
6319,OPTIMAL,v1:upper,235.5118208319094
6320,OPTIMAL,v2:upper,66.48508246618303
6321,OPTIMAL,v2:upper,74.59191125527542
6322,OPTIMAL,v2:upper,69.84276967254202
6323,OPTIMAL,v2:upper,31.27642920987089
6324,OPTIMAL,v2:upper,45.143744650579436
6325,OPTIMAL,v2:upper,303.0743437099322
6326,OPTIMAL,v2:upper,234.49912435991
6327,OPTIMAL,v2:upper,73.14202520891136
6328,OPTIMAL,v2:upper,39.12307662484558
6329,OPTIMAL,v2:upper,133.11034611682558
6330,OPTIMAL,v2:upper,277.1000066818576
6331,OPTIMAL,v2:upper,33.73924331993262
6332,OPTIMAL,v2:upper,192.418901727381
6333,OPTIMAL,v2:upper,72.14623809964762
6334,OPTIMAL,v1:upper,297.09525754581955
6335,OPTIMAL,v1:upper,563.4873844672718
6336,OPTIMAL,v2:upper,83.95965852261266
6337,OPTIMAL,v2:upper,67.77499861612017
6338,OPTIMAL,v2:upper,13.10305032516127
6339,OPTIMAL,v2:upper,58.875870866796596
6340,OPTIMAL,v2:upper,141.18078370550785
6341,OPTIMAL,v2:upper,111.68329305839589
6342,OPTIMAL,v2:upper,200.7812223739747
6343,OPTIMAL,v2:upper,68.03748268338224
6344,OPTIMAL,v2:upper,185.6931837744269
6345,OPTIMAL,v2:upper,119.59954368688818
6346,OPTIMAL,v1:upper,197.9612883777134
6347,OPTIMAL,v2:upper,173.23258284089812
6348,OPTIMAL,v2:upper,356.9960230789196
6349,OPTIMAL,v2:upper,24.911836195340683
6350,OPTIMAL,v2:upper,133.29527490042045
6351,OPTIMAL,v2:upper,47.47792789604185
6352,OPTIMAL,v2:upper,171.5439097670738
6353,OPTIMAL,v1:upper,155.19769085778478
6354,OPTIMAL,v2:upper,282.63233397152004
6355,OPTIMAL,v2:upper,335.4788806098084
6356,OPTIMAL,v2:upper,36.74309760714848
6357,OPTIMAL,v2:upper,195.13826438025754
6358,OPTIMAL,v2:upper,67.4489303255033
6359,OPTIMAL,v2:upper,153.46702547117056
6360,OPTIMAL,v2:upper,83.95995370324854
6361,OPTIMAL,v2:upper,83.52050544110969
6362,OPTIMAL,v2:upper,214.5136569237692
6363,OPTIMAL,v2:upper,23.142921629541167
6364,OPTIMAL,v1:upper,240.74383871151724
6365,OPTIMAL,v2:upper,456.02791510470183
6366,OPTIMAL,v2:upper,38.553819512082626
6367,OPTIMAL,v1:upper,192.76190268174489
6368,OPTIMAL,v2:upper,115.1670869935472
6369,OPTIMAL,v2:upper,226.72184515135203
6370,OPTIMAL,v2:upper,36.97452345232949
6371,OPTIMAL,v2:upper,61.71150744488996
6372,OPTIMAL,v2:upper,93.09707374827164
6373,OPTIMAL,v2:upper,45.11513502282006
6374,OPTIMAL,v2:upper,244.14064407421705
6375,OPTIMAL,v2:upper,53.89429179674481
6376,OPTIMAL,v2:upper,207.7255343486296
6377,OPTIMAL,v2:upper,157.6693623176497
6378,OPTIMAL,v2:upper,216.4764939123627
6379,OPTIMAL,v2:upper,275.25825741760275
6380,OPTIMAL,v1:upper,237.7565011467834
6381,OPTIMAL,v2:upper,85.75455905189926
6382,OPTIMAL,v2:upper,91.50008484333122
6383,OPTIMAL,v1:upper,224.32806192956843
6384,OPTIMAL,v2:upper,100.93754458765554
6385,OPTIMAL,v1:upper,101.89433419125119
6386,OPTIMAL,v2:upper,586.3449482837767
6387,OPTIMAL,v2:upper,138.16661422999118
6388,OPTIMAL,v2:upper,670.550891021726
6389,OPTIMAL,v1:upper,326.0782971557589
6390,OPTIMAL,v2:upper,366.3911303553591
6391,OPTIMAL,v2:upper,963.3156967381311
6392,OPTIMAL,v2:upper,103.23615247271296
6393,OPTIMAL,v2:upper,97.20718333039169
6394,OPTIMAL,v2:upper,41.13448731894363
6395,OPTIMAL,v2:upper,296.3699440709747
6396,OPTIMAL,v2:upper,63.152920871585835
6397,OPTIMAL,v2:upper,151.61457105106365
6398,OPTIMAL,v2:upper,209.6222151329902
6399,OPTIMAL,v1:upper,28.064805593941745
6400,OPTIMAL,v2:upper,152.60890698724918
6401,OPTIMAL,v1:upper,174.35023724092798
6402,OPTIMAL,v2:upper,259.4763285493159
6403,OPTIMAL,v2:upper,206.7485434113418
6404,OPTIMAL,v2:upper,71.42404636833953
6405,OPTIMAL,v2:upper,81.12731272830047
6406,OPTIMAL,v2:upper,794.1787265684886
6407,OPTIMAL,v2:upper,62.76278430192283
6408,OPTIMAL,v2:upper,112.58633412242692
6409,OPTIMAL,v1:upper,357.3021131202632
6410,OPTIMAL,v2:upper,97.24549429506625
6411,OPTIMAL,v2:upper,168.95291393515794
6412,OPTIMAL,v2:upper,73.51454917603112
6413,OPTIMAL,v2:upper,245.15204999815478
6414,OPTIMAL,v2:upper,52.68710418224218
6415,OPTIMAL,v2:upper,311.1948434734376
6416,OPTIMAL,v2:upper,216.31850753363432
6417,OPTIMAL,v2:upper,229.80515672526462
6418,OPTIMAL,v2:upper,104.85591251486052
6419,OPTIMAL,v2:upper,81.3675223664725
6420,OPTIMAL,v2:upper,176.0084732670913
6421,OPTIMAL,v2:upper,85.24992142041773
6422,OPTIMAL,v2:upper,136.04091922002587
6423,OPTIMAL,v1:upper,695.2550178022477
6424,OPTIMAL,v1:upper,180.95841809485012
6425,OPTIMAL,v2:upper,87.1683676268335
6426,OPTIMAL,v2:upper,168.70619627120007
6427,OPTIMAL,v2:upper,893.6076814653961
6428,OPTIMAL,v2:upper,81.25423202033416
6429,OPTIMAL,v2:upper,65.16331705978723
6430,OPTIMAL,v2:upper,95.93568733480821
6431,OPTIMAL,v2:upper,52.510510197979265
6432,OPTIMAL,v1:upper,72.40908845711829
6433,OPTIMAL,v2:upper,186.25721880283112
6434,OPTIMAL,v2:upper,61.61917163375288
6435,OPTIMAL,v2:upper,84.06301074595093
6436,OPTIMAL,v2:upper,61.74225142631561
6437,OPTIMAL,v2:upper,85.11564464364989
6438,OPTIMAL,v2:upper,284.7147517409827
6439,OPTIMAL,v2:upper,168.2565085365477
6440,OPTIMAL,v2:upper,62.86125150846043
6441,OPTIMAL,v2:upper,389.457194051956
6442,OPTIMAL,v2:upper,60.0710924459303
6443,OPTIMAL,v2:upper,93.18447720260902
6444,OPTIMAL,v2:upper,17.38592837089395
6445,OPTIMAL,v2:upper,68.69815873776652
6446,OPTIMAL,v2:upper,187.21309959916965
6447,OPTIMAL,v2:upper,629.3918767594721
6448,OPTIMAL,v2:upper,23.218612054836232
6449,OPTIMAL,v2:upper,181.0619116847523
6450,OPTIMAL,v2:upper,343.5610088016414
6451,OPTIMAL,v2:upper,50.095601359192564
6452,OPTIMAL,v2:upper,68.491628373297
6453,OPTIMAL,v1:upper,316.3851438421626
6454,OPTIMAL,v2:upper,219.6518969486956
6455,OPTIMAL,v2:upper,289.17465252629324
6456,OPTIMAL,v2:upper,100.7562043502218
6457,OPTIMAL,v1:upper,421.0845470609275
6458,OPTIMAL,v1:upper,259.5000234569708
6459,OPTIMAL,v2:upper,264.6454550822939
6460,OPTIMAL,v2:upper,102.61480529700862
6461,OPTIMAL,v2:upper,125.32940660169128
6462,OPTIMAL,v2:upper,217.27519075539007
6463,OPTIMAL,v2:upper,43.36548739137613
6464,OPTIMAL,v2:upper,102.77507287856214
6465,OPTIMAL,v2:upper,249.83284495863083
6466,OPTIMAL,v2:upper,415.3086669658898
6467,OPTIMAL,v2:upper,208.1402043419539
6468,OPTIMAL,v2:upper,45.68978647953186
6469,OPTIMAL,v2:upper,234.33638266733874
6470,OPTIMAL,v1:upper,159.16892199874908
6471,OPTIMAL,v2:upper,135.0514890478797
6472,OPTIMAL,v2:upper,244.32830681026942
6473,OPTIMAL,v1:upper,77.98411531805543
6474,OPTIMAL,v2:upper,27.787694018375486
6475,OPTIMAL,v2:upper,37.64566104568619
6476,OPTIMAL,v2:upper,554.8640767219852
6477,OPTIMAL,v2:upper,57.24132776040628
6478,OPTIMAL,v1:upper,120.27101618434182
6479,OPTIMAL,v2:upper,200.40503961599927
6480,OPTIMAL,v1:upper,46.57784087406892
6481,OPTIMAL,v2:upper,42.23425741454967
6482,OPTIMAL,v2:upper,86.1392358063122
6483,OPTIMAL,v2:upper,177.7229254229464
6484,OPTIMAL,v2:upper,116.1178030699175
6485,OPTIMAL,v1:upper,41.026493943392644
6486,OPTIMAL,v2:upper,107.65392387476524
6487,OPTIMAL,v2:upper,362.64645978515045
6488,OPTIMAL,v2:upper,62.800008226243015
6489,OPTIMAL,v2:upper,96.89935751808795
6490,OPTIMAL,v2:upper,239.85211017492895
6491,OPTIMAL,v2:upper,588.1317713819973
6492,OPTIMAL,v2:upper,68.7691526689188
6493,OPTIMAL,v2:upper,78.95317908723955
6494,OPTIMAL,v2:upper,8.209349047993038
6495,OPTIMAL,v2:upper,198.1826847490879
6496,OPTIMAL,v2:upper,71.23751386835023
6497,OPTIMAL,v2:upper,85.82736819600923
6498,OPTIMAL,v2:upper,35.470894840905515
6499,OPTIMAL,v1:upper,477.8629211050855
6500,OPTIMAL,v2:upper,129.9230477581488
6501,OPTIMAL,v2:upper,263.3143859410311
6502,OPTIMAL,v2:upper,245.35358167167033
6503,OPTIMAL,v2:upper,331.63962601617504
6504,OPTIMAL,v2:upper,31.59537352709308
6505,OPTIMAL,v1:upper,321.3152626223122
6506,OPTIMAL,v2:upper,73.14197087448122
6507,OPTIMAL,v1:upper,37.83913035753502
6508,OPTIMAL,v2:upper,112.66610768591647
6509,OPTIMAL,v2:upper,48.23045605168354
6510,OPTIMAL,v2:upper,328.0687809512515
6511,OPTIMAL,v2:upper,253.8906642422301
6512,OPTIMAL,v2:upper,313.16713048030465
6513,OPTIMAL,v2:upper,66.92423393944522
6514,OPTIMAL,v1:upper,347.2343977253491
6515,OPTIMAL,v2:upper,133.2541706715463
6516,OPTIMAL,v2:upper,56.7561017050558
6517,OPTIMAL,v2:upper,205.01227152648895
6518,OPTIMAL,v1:upper,311.287807008824
6519,OPTIMAL,v2:upper,500.541321249348
6520,OPTIMAL,v2:upper,109.93761891211985
6521,OPTIMAL,v1:upper,256.8146962006134
6522,OPTIMAL,v2:upper,170.50349465068638
6523,OPTIMAL,v2:upper,77.16040722937221
6524,OPTIMAL,v2:upper,444.8732120804897
6525,OPTIMAL,v2:upper,192.81004829076198
6526,OPTIMAL,v2:upper,505.4673595977677
6527,OPTIMAL,v2:upper,157.28889674577815
6528,OPTIMAL,v2:upper,118.56418264436971
6529,OPTIMAL,v2:upper,124.11775046778223
6530,OPTIMAL,v2:upper,266.36971052294206
6531,OPTIMAL,v2:upper,220.31881495987903
6532,OPTIMAL,v2:upper,92.90868887451177
6533,OPTIMAL,v2:upper,14.0085317700558
6534,OPTIMAL,v2:upper,12.12463000526893
6535,OPTIMAL,v2:upper,220.0076021988446
6536,OPTIMAL,v2:upper,12.632079690771096
6537,OPTIMAL,v2:upper,112.35240643779342
6538,OPTIMAL,v2:upper,20.885994698288012
6539,OPTIMAL,v2:upper,550.5877932977569
6540,OPTIMAL,v2:upper,33.47230493026258
6541,OPTIMAL,v2:upper,118.39387221014145
6542,OPTIMAL,v2:upper,58.245660648266536
6543,OPTIMAL,v2:upper,754.6770387993666
6544,OPTIMAL,v1:upper,117.40248891836778
6545,OPTIMAL,v2:upper,142.91061882103932
6546,OPTIMAL,v2:upper,102.20921254304916
6547,OPTIMAL,v2:upper,150.98127050200264
6548,OPTIMAL,v2:upper,32.43188509052795
6549,OPTIMAL,v2:upper,53.03635560720743
6550,OPTIMAL,v2:upper,163.16727571226423
6551,OPTIMAL,v2:upper,42.322352666462066
6552,OPTIMAL,v2:upper,79.81557848124794
6553,OPTIMAL,v2:upper,140.05081573373073
6554,OPTIMAL,v2:upper,171.4342280216498
6555,OPTIMAL,v2:upper,48.24156610290122
6556,OPTIMAL,v2:upper,337.29091965749166
6557,OPTIMAL,v2:upper,364.44807235738745
6558,OPTIMAL,v2:upper,19.794749064235482
6559,OPTIMAL,v2:upper,243.8990235682648
6560,OPTIMAL,v2:upper,277.1767336721033
6561,OPTIMAL,v2:upper,81.01665290110557
6562,OPTIMAL,v2:upper,494.19412659923955
6563,OPTIMAL,v2:upper,46.47833572697324
6564,OPTIMAL,v2:upper,167.05535224462926
6565,OPTIMAL,v2:upper,48.57278577737984
6566,OPTIMAL,v2:upper,9.355636029121628
6567,OPTIMAL,v2:upper,210.02491693963873
6568,OPTIMAL,v2:upper,45.021702134860796
6569,OPTIMAL,v2:upper,166.6679008829626
6570,OPTIMAL,v2:upper,167.12524500251493
6571,OPTIMAL,v2:upper,185.61973003464863
6572,OPTIMAL,v2:upper,488.74403518794077
6573,OPTIMAL,v2:upper,117.63190334667767
6574,OPTIMAL,v2:upper,19.206754706675135
6575,OPTIMAL,v2:upper,43.033926599158384
6576,OPTIMAL,v2:upper,62.90493303203094
6577,OPTIMAL,v2:upper,18.17117631060536
6578,OPTIMAL,v1:upper,380.55160332507563
6579,OPTIMAL,v2:upper,53.68153234646583
6580,OPTIMAL,v1:upper,254.08882785675607
6581,OPTIMAL,v2:upper,72.31226276283165
6582,OPTIMAL,v2:upper,594.6364493427524
6583,OPTIMAL,v2:upper,138.32323250248635
6584,OPTIMAL,v2:upper,19.28057098962085
6585,OPTIMAL,v2:upper,423.6099679084438
6586,OPTIMAL,v2:upper,400.48102557013993
6587,OPTIMAL,v1:upper,74.86928189034401
6588,OPTIMAL,v2:upper,616.1601444442398
6589,OPTIMAL,v2:upper,12.287342765569145
6590,OPTIMAL,v2:upper,138.933320828924
6591,OPTIMAL,v2:upper,52.696300470066326
6592,OPTIMAL,v2:upper,134.12455565488082
6593,OPTIMAL,v2:upper,622.85844854915
6594,OPTIMAL,v1:upper,60.84954654730235
6595,OPTIMAL,v2:upper,927.3415290257786
6596,OPTIMAL,v2:upper,22.042519183438984
6597,OPTIMAL,v2:upper,165.56897471912754
6598,OPTIMAL,v1:upper,107.58690951311762
6599,OPTIMAL,v2:upper,113.93042859156763
6600,OPTIMAL,v2:upper,20.666194772504678
6601,OPTIMAL,v2:upper,77.74541164877498
6602,OPTIMAL,v2:upper,133.3821478761272
6603,OPTIMAL,v2:upper,749.0605439134721
6604,OPTIMAL,v2:upper,207.61078775264804
6605,OPTIMAL,v1:upper,368.4018483440986
6606,OPTIMAL,v2:upper,102.3437039872495
6607,OPTIMAL,v2:upper,39.18433857805511
6608,OPTIMAL,v2:upper,37.04796867085843
6609,OPTIMAL,v2:upper,26.295372056657552
6610,OPTIMAL,v2:upper,440.91907047620157
6611,OPTIMAL,v2:upper,171.83173393566918
6612,OPTIMAL,v2:upper,30.51098085631753
6613,OPTIMAL,v2:upper,283.3601953868522
6614,OPTIMAL,v1:upper,440.7214839022034
6615,OPTIMAL,v1:upper,72.4525985567892
6616,OPTIMAL,v2:upper,913.8111792352804
6617,OPTIMAL,v2:upper,72.01285805017874
6618,OPTIMAL,v2:upper,65.50187042180673
6619,OPTIMAL,v2:upper,170.78680127545042
6620,OPTIMAL,v1:upper,67.22972626710695
6621,OPTIMAL,v1:upper,140.45734692622867
6622,OPTIMAL,v2:upper,38.55391072208806
6623,OPTIMAL,v2:upper,118.90368022939987
6624,OPTIMAL,v2:upper,44.87365025472546
6625,OPTIMAL,v2:upper,31.055196642122358
6626,OPTIMAL,v2:upper,180.46543347041992
6627,OPTIMAL,v2:upper,56.664820949849805
6628,OPTIMAL,v2:upper,189.82242854843426
6629,OPTIMAL,v2:upper,38.252344007360115
6630,OPTIMAL,v1:upper,74.40202829497196
6631,OPTIMAL,v2:upper,100.58110869537596
6632,OPTIMAL,v2:upper,61.445027945114184
6633,OPTIMAL,v2:upper,19.521911666813068
6634,OPTIMAL,v1:upper,85.30473593777012
6635,OPTIMAL,v2:upper,939.3614048432474
6636,OPTIMAL,v2:upper,106.93441942847055
6637,OPTIMAL,v2:upper,300.65906821773876
6638,OPTIMAL,v2:upper,75.65903299862993
6639,OPTIMAL,v2:upper,43.803858618784425
6640,OPTIMAL,v1:upper,78.76591821232316
6641,OPTIMAL,v1:upper,45.045475513071956
6642,OPTIMAL,v2:upper,454.1919121067996
6643,OPTIMAL,v2:upper,99.97250012233742
6644,OPTIMAL,v2:upper,78.988487225126
6645,OPTIMAL,v2:upper,143.07270659158857
6646,OPTIMAL,v2:upper,43.43629610083399
6647,OPTIMAL,v2:upper,271.8059174894796
6648,OPTIMAL,v2:upper,58.28116416879495
6649,OPTIMAL,v2:upper,15.904721800649533
6650,OPTIMAL,v2:upper,54.52827801487567
6651,OPTIMAL,v2:upper,213.4781487644065
6652,OPTIMAL,v2:upper,81.71544088609599
6653,OPTIMAL,v2:upper,243.08173951983122
6654,OPTIMAL,v2:upper,23.83119404500796
6655,OPTIMAL,v2:upper,73.43274285876797
6656,OPTIMAL,v2:upper,49.916747826031454
6657,OPTIMAL,v2:upper,47.173963554972225
6658,OPTIMAL,v2:upper,183.71625340641125
6659,OPTIMAL,v2:upper,187.1562347195341
6660,OPTIMAL,v2:upper,63.72615470793502
6661,OPTIMAL,v2:upper,120.27609408129072
6662,OPTIMAL,v2:upper,91.87316309771597
6663,OPTIMAL,v2:upper,15.052689836549655
6664,OPTIMAL,v2:upper,59.052610284387185
6665,OPTIMAL,v2:upper,188.6987773581767
6666,OPTIMAL,v2:upper,204.95352065668558
6667,OPTIMAL,v1:upper,207.61661255461507
6668,OPTIMAL,v2:upper,70.83939154904843
6669,OPTIMAL,v2:upper,48.65310825610372
6670,OPTIMAL,v2:upper,74.55742628680916
6671,OPTIMAL,v2:upper,28.03194928821511
6672,OPTIMAL,v2:upper,142.59280343808325
6673,OPTIMAL,v2:upper,457.549915727766
6674,OPTIMAL,v1:upper,130.5923674162371
6675,OPTIMAL,v1:upper,211.86095323120432
6676,OPTIMAL,v2:upper,64.3960585374265
6677,OPTIMAL,v1:upper,137.60147215600537
6678,OPTIMAL,v2:upper,84.68403947500106
6679,OPTIMAL,v2:upper,139.5387515782504
6680,OPTIMAL,v2:upper,213.73476395458025
6681,OPTIMAL,v2:upper,17.180816549826424
6682,OPTIMAL,v2:upper,471.11597563237694
6683,OPTIMAL,v2:upper,44.071620814515086
6684,OPTIMAL,v2:upper,122.34515487460897
6685,OPTIMAL,v2:upper,29.150531642763177
6686,OPTIMAL,v2:upper,123.38241769000733
6687,OPTIMAL,v2:upper,264.8195400212083
6688,OPTIMAL,v2:upper,278.16203588540895
6689,OPTIMAL,v2:upper,311.86793567801004
6690,OPTIMAL,v1:upper,151.21952656221117
6691,OPTIMAL,v1:upper,90.89064999523303
6692,OPTIMAL,v2:upper,12.768658635670445
6693,OPTIMAL,v1:upper,185.7161335260695
6694,OPTIMAL,v2:upper,35.66820110691218
6695,OPTIMAL,v2:upper,47.87554657115318
6696,OPTIMAL,v1:upper,190.51960550987206
6697,OPTIMAL,v2:upper,92.04393882528721
6698,OPTIMAL,v2:upper,89.5058027997563
6699,OPTIMAL,v2:upper,249.82715653260115
6700,OPTIMAL,v2:upper,147.0099289127243
6701,OPTIMAL,v2:upper,520.7365861758813
6702,OPTIMAL,v2:upper,82.85787131892549
6703,OPTIMAL,v2:upper,94.3544315354375
6704,OPTIMAL,v1:upper,46.7995579194591
6705,OPTIMAL,v2:upper,238.09416664752823
6706,OPTIMAL,v1:upper,25.52803946330886
6707,OPTIMAL,v1:upper,62.4006347909837
6708,OPTIMAL,v2:upper,211.54886642526085
6709,OPTIMAL,v2:upper,340.88895339855975
6710,OPTIMAL,v2:upper,178.5894474411942
6711,OPTIMAL,v1:upper,114.98503300313277
6712,OPTIMAL,v2:upper,23.29703160582624
6713,OPTIMAL,v2:upper,265.9259001056095
6714,OPTIMAL,v2:upper,217.72164980011192
6715,OPTIMAL,v2:upper,19.686528678248386
6716,OPTIMAL,v1:upper,109.13724973849837
6717,OPTIMAL,v2:upper,65.61319765831304
6718,OPTIMAL,v2:upper,40.07104629679191
6719,OPTIMAL,v2:upper,54.58401504352799
6720,OPTIMAL,v2:upper,148.33826109810713
6721,OPTIMAL,v1:upper,56.40924713340252
6722,OPTIMAL,v2:upper,13.000798106617339
6723,OPTIMAL,v2:upper,28.141450321126
6724,OPTIMAL,v2:upper,74.25101692010158
6725,OPTIMAL,v2:upper,158.58512429400915
6726,OPTIMAL,v2:upper,96.49455708970902
6727,OPTIMAL,v2:upper,124.33485128291186
6728,OPTIMAL,v2:upper,330.58941700547524
6729,OPTIMAL,v2:upper,544.423084872755
6730,OPTIMAL,v2:upper,139.2747596777918
6731,OPTIMAL,v2:upper,101.09606202866088
6732,OPTIMAL,v2:upper,45.759672057076195
6733,OPTIMAL,v2:upper,83.52099775022
6734,OPTIMAL,v1:upper,33.69473142926998
6735,OPTIMAL,v2:upper,118.90923027029318
6736,OPTIMAL,v2:upper,104.90785170367825
6737,OPTIMAL,v2:upper,108.62082827461349
6738,OPTIMAL,v2:upper,171.95546571582358
6739,OPTIMAL,v2:upper,97.09761236840161
6740,OPTIMAL,v2:upper,87.18141688703551
6741,OPTIMAL,v2:upper,118.69154346141659
6742,OPTIMAL,v2:upper,151.34607109439517
6743,OPTIMAL,v2:upper,48.27738293463797
6744,OPTIMAL,v2:upper,62.015957331529464
6745,OPTIMAL,v2:upper,152.48535858625897
6746,OPTIMAL,v2:upper,34.11646308414572
6747,OPTIMAL,v1:upper,131.16815846697665
6748,OPTIMAL,v2:upper,107.05884058049936
6749,OPTIMAL,v2:upper,46.82447383161154
6750,OPTIMAL,v2:upper,86.59491839148713
6751,OPTIMAL,v2:upper,41.429699393876206
6752,OPTIMAL,v2:upper,59.066467336165765
6753,OPTIMAL,v2:upper,86.23202565614415
6754,OPTIMAL,v1:upper,71.87134683953413
6755,OPTIMAL,v2:upper,155.3978425239766
6756,OPTIMAL,v2:upper,118.60177796406371
6757,OPTIMAL,v2:upper,26.632494267711653
6758,OPTIMAL,v1:upper,360.3939882697209
6759,OPTIMAL,v2:upper,457.68826402767013
6760,OPTIMAL,v2:upper,110.88044416247838
6761,OPTIMAL,v2:upper,47.07753467001566
6762,OPTIMAL,v2:upper,821.9336655794037
6763,OPTIMAL,v1:upper,63.529981815799836
6764,OPTIMAL,v2:upper,18.209681187270515
6765,OPTIMAL,v2:upper,16.54467098431039
6766,OPTIMAL,v2:upper,144.82375048806435
6767,OPTIMAL,v2:upper,141.84132316646722
6768,OPTIMAL,b1:lower;b2:lower;b3:upper;b4:upper;b5:lower;b6:upper;b7:upper;b8:upper;b14:lower,1000.0
6769,OPTIMAL,v2:upper,29.695053305205157
6770,OPTIMAL,v2:upper,176.6116287255262
6771,OPTIMAL,v2:upper,391.7980225254392
6772,OPTIMAL,v2:upper,160.40475124609742
6773,OPTIMAL,v2:upper,184.48941961576992
6774,OPTIMAL,v2:upper,103.28137677198657
6775,OPTIMAL,v2:upper,186.30255955745199
6776,OPTIMAL,v2:upper,21.773212454316685
6777,OPTIMAL,v2:upper,223.33298784901416
6778,OPTIMAL,v1:upper,164.5619611104723
6779,OPTIMAL,v2:upper,760.1168058563139
6780,OPTIMAL,v2:upper,243.03718609989696
6781,OPTIMAL,v2:upper,12.407663222852086
6782,OPTIMAL,v2:upper,75.01865046339432
6783,OPTIMAL,v2:upper,117.76738379361787
6784,OPTIMAL,v2:upper,83.89999901300506
6785,OPTIMAL,b1:lower;b2:lower;b3:upper;b4:upper;b5:lower;b6:upper;b7:upper;b8:upper;b14:lower,1000.0
6786,OPTIMAL,v2:upper,103.8974243273073
6787,OPTIMAL,v2:upper,135.5715350969973
6788,OPTIMAL,v2:upper,22.580494593165255
6789,OPTIMAL,v1:upper,273.71424759220946
6790,OPTIMAL,v2:upper,105.32092532919741
6791,OPTIMAL,v2:upper,200.31271480758434
6792,OPTIMAL,v2:upper,21.840195130548217
6793,OPTIMAL,v2:upper,155.75454656492477
6794,OPTIMAL,v2:upper,711.1289899153746
6795,OPTIMAL,v2:upper,143.4481830806573
6796,OPTIMAL,v2:upper,82.30651764998818
6797,OPTIMAL,v2:upper,34.70809927312372
6798,OPTIMAL,v2:upper,278.4882665586395
6799,OPTIMAL,v2:upper,120.66656298840226
6800,OPTIMAL,v2:upper,66.78314645149436
6801,OPTIMAL,v2:upper,55.421661437782454
6802,OPTIMAL,v2:upper,128.61643860851947
6803,OPTIMAL,v2:upper,49.77595801258235
6804,OPTIMAL,v1:upper,251.27473005538027
6805,OPTIMAL,v2:upper,54.953078903149034
6806,OPTIMAL,v2:upper,19.56540326237637
6807,OPTIMAL,v1:upper,532.5330572986592
6808,OPTIMAL,v2:upper,176.98154552186153
6809,OPTIMAL,v2:upper,183.0032937641663
6810,OPTIMAL,v2:upper,98.7157579536067
6811,OPTIMAL,v2:upper,95.67786393714314
6812,OPTIMAL,v2:upper,176.19558226797673
6813,OPTIMAL,v2:upper,579.1311152937666
6814,OPTIMAL,v1:upper,63.46974740354641
6815,OPTIMAL,v2:upper,141.64037580000024
6816,OPTIMAL,v2:upper,284.2174569916961
6817,OPTIMAL,v2:upper,253.9084634495693
6818,OPTIMAL,v2:upper,275.8173525507306
6819,OPTIMAL,v2:upper,311.1706391746083
6820,OPTIMAL,v2:upper,92.68830909571857
6821,OPTIMAL,v1:upper,49.79107320784524
6822,OPTIMAL,v2:upper,40.124260603418406
6823,OPTIMAL,v2:upper,144.47055506451068
6824,OPTIMAL,v2:upper,40.5169662868491
6825,OPTIMAL,v2:upper,38.000319170439454
6826,OPTIMAL,v2:upper,87.08941758749407
6827,OPTIMAL,v2:upper,278.1533221482761
6828,OPTIMAL,v2:upper,289.8965793444252
6829,OPTIMAL,v2:upper,55.29845120676534
6830,OPTIMAL,v1:upper,171.12533537194295
6831,OPTIMAL,v2:upper,179.84325327582337
6832,OPTIMAL,v1:upper,196.98336876800204
6833,OPTIMAL,v2:upper,41.869155753344074
6834,OPTIMAL,v2:upper,565.4989570265745
6835,OPTIMAL,v2:upper,249.52872959033317
6836,OPTIMAL,v2:upper,190.190494102003
6837,OPTIMAL,v2:upper,105.11083752704853
6838,OPTIMAL,v2:upper,110.92518796243652
6839,OPTIMAL,v2:upper,434.1844719386816
6840,OPTIMAL,v2:upper,112.7339979997801
6841,OPTIMAL,v2:upper,61.391244098453356
6842,OPTIMAL,v2:upper,216.81569834592318
6843,OPTIMAL,v2:upper,228.017402826083
6844,OPTIMAL,v2:upper,87.6645085500157
6845,OPTIMAL,v2:upper,32.35149210477586
6846,OPTIMAL,v2:upper,550.1468110048025
6847,OPTIMAL,v2:upper,47.46047962365066
6848,OPTIMAL,v2:upper,120.71346097715315
6849,OPTIMAL,v2:upper,22.980997531972452
6850,OPTIMAL,v2:upper,79.48509123015334
6851,OPTIMAL,v2:upper,15.492300689480516
6852,OPTIMAL,v2:upper,22.8251780449057
6853,OPTIMAL,v2:upper,69.15035310005034
6854,OPTIMAL,v1:upper,105.57493438559666
6855,OPTIMAL,v2:upper,254.3433409869041
6856,OPTIMAL,v2:upper,382.1315941638094
6857,OPTIMAL,v2:upper,53.705711710801694
6858,OPTIMAL,v2:upper,22.76343874491978
6859,OPTIMAL,v2:upper,153.10203940356888
6860,OPTIMAL,v2:upper,18.900796248860658
6861,OPTIMAL,v2:upper,24.86002383616682
6862,OPTIMAL,v2:upper,61.91692723015655
6863,OPTIMAL,v2:upper,85.95583591211488
6864,OPTIMAL,v2:upper,256.9509678584162
6865,OPTIMAL,v2:upper,22.98656357100327
6866,OPTIMAL,v1:upper,251.8034720729139
6867,OPTIMAL,v2:upper,463.72161012362
6868,OPTIMAL,v2:upper,103.41820258927903
6869,OPTIMAL,v2:upper,69.79675149305689
6870,OPTIMAL,v2:upper,80.72968309503563
6871,OPTIMAL,v2:upper,53.68079262821021
6872,OPTIMAL,v2:upper,370.6668473432363
6873,OPTIMAL,v2:upper,52.61809667519121
6874,OPTIMAL,v2:upper,26.891588837488754
6875,OPTIMAL,v2:upper,44.51488284588992
6876,OPTIMAL,v2:upper,124.63200335906849
6877,OPTIMAL,v2:upper,155.0723050472348
6878,OPTIMAL,v2:upper,106.7276252963666
6879,OPTIMAL,v1:upper,329.00187727099717
6880,OPTIMAL,v2:upper,31.724083356850386
6881,OPTIMAL,v2:upper,18.61874055947768
6882,OPTIMAL,v2:upper,28.63667090596622
6883,OPTIMAL,v2:upper,233.46355728846856
6884,OPTIMAL,v2:upper,331.3833645989812
6885,OPTIMAL,v2:upper,91.35212584202964
6886,OPTIMAL,v2:upper,165.06294013358604
6887,OPTIMAL,v2:upper,304.79060659404314
6888,OPTIMAL,v2:upper,59.74007199796646
6889,OPTIMAL,v2:upper,63.14692957427766
6890,OPTIMAL,v1:upper,377.30487504933615
6891,OPTIMAL,v2:upper,375.2491523256471
6892,OPTIMAL,v2:upper,19.214192455191046
6893,OPTIMAL,v2:upper,19.181671078046506
6894,OPTIMAL,v2:upper,37.03339982319856
6895,OPTIMAL,v2:upper,37.91502466186183
6896,OPTIMAL,v2:upper,100.30857171534723
6897,OPTIMAL,v2:upper,16.947221264534367
6898,OPTIMAL,v1:upper,126.89150728574029
6899,OPTIMAL,v2:upper,276.05188180315884
6900,OPTIMAL,v2:upper,133.83995567598035
6901,OPTIMAL,v2:upper,213.24713132290876
6902,OPTIMAL,v2:upper,28.782655924765553
6903,OPTIMAL,v2:upper,91.89449135462915
6904,OPTIMAL,v2:upper,85.70759805964816
6905,OPTIMAL,v2:upper,237.93240962479126
6906,OPTIMAL,v2:upper,912.5984002053212
6907,OPTIMAL,v2:upper,100.10647569643619
6908,OPTIMAL,v2:upper,205.3012583224045
6909,OPTIMAL,v2:upper,39.11706810703704
6910,OPTIMAL,v2:upper,385.0086478664893
6911,OPTIMAL,v2:upper,448.17825732347535
6912,OPTIMAL,v2:upper,326.2955985818974
6913,OPTIMAL,v2:upper,301.1278754850556
6914,OPTIMAL,v2:upper,335.8898472417496
6915,OPTIMAL,v2:upper,47.16119681112771
6916,OPTIMAL,v2:upper,216.47717772057152
6917,OPTIMAL,v2:upper,23.099346271571278
6918,OPTIMAL,v2:upper,112.26231109278129
6919,OPTIMAL,v2:upper,72.28246242685994
6920,OPTIMAL,v2:upper,63.6157828168378
6921,OPTIMAL,v2:upper,139.0157143870193
6922,OPTIMAL,v2:upper,165.2984144635673
6923,OPTIMAL,v2:upper,64.984842852026
6924,OPTIMAL,v2:upper,148.67525446066395
6925,OPTIMAL,v2:upper,100.96373465413029
6926,OPTIMAL,v1:upper,271.6267924464898
6927,OPTIMAL,v2:upper,505.8954952633162
6928,OPTIMAL,v2:upper,211.5366414975574
6929,OPTIMAL,v2:upper,151.83856394632375
6930,OPTIMAL,v2:upper,114.89206136644368
6931,OPTIMAL,v2:upper,18.691149909362835
6932,OPTIMAL,v2:upper,27.28663608260399
6933,OPTIMAL,v2:upper,70.69599234706477
6934,OPTIMAL,v2:upper,264.2325164482277
6935,OPTIMAL,v1:upper,114.54155024571145
6936,OPTIMAL,v2:upper,74.62617752911721
6937,OPTIMAL,v2:upper,57.74512975923001
6938,OPTIMAL,v2:upper,427.7005116614089
6939,OPTIMAL,v1:upper,232.46189413229098
6940,OPTIMAL,v2:upper,307.83322806810173
6941,OPTIMAL,v2:upper,161.03632976188047
6942,OPTIMAL,v2:upper,71.15817418283335
6943,OPTIMAL,v1:upper,229.3796549235751
6944,OPTIMAL,v2:upper,28.97881154849664
6945,OPTIMAL,v2:upper,111.82902354600192
6946,OPTIMAL,v2:upper,15.998232369123807
6947,OPTIMAL,v2:upper,79.74904896132212
6948,OPTIMAL,v1:upper,867.0615868128783
6949,OPTIMAL,v2:upper,201.49123847748228
6950,OPTIMAL,v1:upper,144.6610558654145
6951,OPTIMAL,v2:upper,112.32414552983991
6952,OPTIMAL,v2:upper,46.04503221285308
6953,OPTIMAL,v2:upper,217.23406523793193
6954,OPTIMAL,v2:upper,50.405509359457284
6955,OPTIMAL,v2:upper,388.81575837401016
6956,OPTIMAL,v2:upper,389.1596519469853
6957,OPTIMAL,v2:upper,39.41618857197535
6958,OPTIMAL,v2:upper,303.09911598352613
6959,OPTIMAL,v2:upper,238.76178413930086
6960,OPTIMAL,v2:upper,72.16908955258438
6961,OPTIMAL,v2:upper,74.398592483168
6962,OPTIMAL,v1:upper,173.02648369889275
6963,OPTIMAL,v2:upper,228.78922232808134
6964,OPTIMAL,v2:upper,159.48361656440326
6965,OPTIMAL,v2:upper,272.93604345341146
6966,OPTIMAL,b1:lower;b2:lower;b3:upper;b4:upper;b5:lower;b6:upper;b7:upper;b8:upper;b14:lower,1000.0
6967,OPTIMAL,v2:upper,187.96977420624253
6968,OPTIMAL,v2:upper,300.7233258006564
6969,OPTIMAL,v2:upper,450.3811707495549
6970,OPTIMAL,v2:upper,389.01362831103637
6971,OPTIMAL,v2:upper,57.777488125506714
6972,OPTIMAL,v2:upper,263.55196297154833
6973,OPTIMAL,v2:upper,104.61310295834932
6974,OPTIMAL,v2:upper,256.87207307076915
6975,OPTIMAL,v2:upper,620.6260473625791
6976,OPTIMAL,v2:upper,123.68314542905277
6977,OPTIMAL,v2:upper,78.52059276425749
6978,OPTIMAL,v2:upper,201.98289439330432
6979,OPTIMAL,v2:upper,123.54472692069704
6980,OPTIMAL,v2:upper,111.85153532720727
6981,OPTIMAL,v2:upper,27.223843839724097
6982,OPTIMAL,v2:upper,57.968311360935196
6983,OPTIMAL,v2:upper,113.23852003263092
6984,OPTIMAL,v2:upper,32.10687165808107
6985,OPTIMAL,v1:upper,147.158715171881
6986,OPTIMAL,v2:upper,172.58655343869887
6987,OPTIMAL,v2:upper,73.56988611271785
6988,OPTIMAL,v2:upper,51.90506785445972
6989,OPTIMAL,v2:upper,39.04178532936371
6990,OPTIMAL,v2:upper,89.00337204771215
6991,OPTIMAL,v2:upper,76.71384748145525
6992,OPTIMAL,v2:upper,244.37435506053194
6993,OPTIMAL,v2:upper,26.867260037545453
6994,OPTIMAL,v2:upper,35.436160041598875
6995,OPTIMAL,v2:upper,87.78934306050796
6996,OPTIMAL,v2:upper,85.15335520124566
6997,OPTIMAL,v2:upper,29.199835159088522
6998,OPTIMAL,v1:upper,78.57624121031704
6999,OPTIMAL,v1:upper,56.01179930034019
7000,OPTIMAL,v2:upper,245.8226915905223
7001,OPTIMAL,v2:upper,36.290288633739365
7002,OPTIMAL,v2:upper,203.71992501359554
7003,OPTIMAL,v2:upper,122.49063359640259
7004,OPTIMAL,v2:upper,110.23632152239647
7005,OPTIMAL,v2:upper,273.8686870429994
7006,OPTIMAL,v2:upper,606.6998093550894
7007,OPTIMAL,v2:upper,85.46623310722917
7008,OPTIMAL,v1:upper,102.40914737733183
7009,OPTIMAL,v2:upper,112.55734525130866
7010,OPTIMAL,v2:upper,56.69302967992055
7011,OPTIMAL,v1:upper,165.882922012577
7012,OPTIMAL,v2:upper,68.79921950769622
7013,OPTIMAL,v2:upper,70.60311878692792
7014,OPTIMAL,v2:upper,89.90964501153383
7015,OPTIMAL,v1:upper,265.32252965708506
7016,OPTIMAL,v2:upper,101.8914061729977
7017,OPTIMAL,v2:upper,51.40550816897491
7018,OPTIMAL,v2:upper,37.39912349071039
7019,OPTIMAL,v2:upper,96.4607283936406
7020,OPTIMAL,v2:upper,102.19093502988824
7021,OPTIMAL,v2:upper,377.8158286437402
7022,OPTIMAL,v2:upper,29.12966722493729
7023,OPTIMAL,v1:upper,76.00321979266602
7024,OPTIMAL,v2:upper,301.21464796011793
7025,OPTIMAL,v2:upper,112.02612215874582
7026,OPTIMAL,v2:upper,130.4952017204703
7027,OPTIMAL,v2:upper,125.85578055706472
7028,OPTIMAL,v2:upper,168.1250500433459
7029,OPTIMAL,v2:upper,492.006843638631
7030,OPTIMAL,v2:upper,202.16546784085733
7031,OPTIMAL,v1:upper,88.68782527880204
7032,OPTIMAL,v2:upper,70.25529695665635
7033,OPTIMAL,v2:upper,80.95263082679323
7034,OPTIMAL,v2:upper,22.973357985703238
7035,OPTIMAL,v1:upper,33.12638039728478
7036,OPTIMAL,v2:upper,162.77948732538056
7037,OPTIMAL,v2:upper,60.73469081933807
7038,OPTIMAL,v2:upper,130.88459631470485
7039,OPTIMAL,v2:upper,357.5936428875573
7040,OPTIMAL,v2:upper,312.86230012160667
7041,OPTIMAL,v1:upper,103.26530387756245
7042,OPTIMAL,v1:upper,337.96495877023847
7043,OPTIMAL,v2:upper,225.0676842853737
7044,OPTIMAL,v1:upper,141.3931151165084
7045,OPTIMAL,v2:upper,571.0269165118284
7046,OPTIMAL,v2:upper,103.30123997133236
7047,OPTIMAL,v2:upper,182.54109244806156
7048,OPTIMAL,v1:upper,133.87654772166067
7049,OPTIMAL,v1:upper,75.51641006400767
7050,OPTIMAL,v2:upper,56.233401320298654
7051,OPTIMAL,v1:upper,186.64331058865199
7052,OPTIMAL,v2:upper,226.33795151142468
7053,OPTIMAL,v2:upper,203.38192847117494
7054,OPTIMAL,v2:upper,117.25734880993723
7055,OPTIMAL,v2:upper,521.970712867639
7056,OPTIMAL,v1:upper,20.19672819626693
7057,OPTIMAL,v2:upper,172.5496267082474
7058,OPTIMAL,v2:upper,63.01044791146168
7059,OPTIMAL,v1:upper,47.943261970567086
7060,OPTIMAL,v2:upper,237.5326030810081
7061,OPTIMAL,v1:upper,181.72807228650376
7062,OPTIMAL,v2:upper,711.9805552347449
7063,OPTIMAL,v2:upper,120.41237907401867
7064,OPTIMAL,v1:upper,248.62263955694328
7065,OPTIMAL,v2:upper,70.81116309414146
7066,OPTIMAL,v2:upper,37.32964995626122
7067,OPTIMAL,v2:upper,145.02789637358222
7068,OPTIMAL,v2:upper,45.49941518238477
7069,OPTIMAL,v2:upper,166.98327606983625
7070,OPTIMAL,v1:upper,409.99977979105654
7071,OPTIMAL,v1:upper,200.7192703849201
7072,OPTIMAL,v2:upper,63.53480354375156
7073,OPTIMAL,v2:upper,51.50178210807756
7074,OPTIMAL,v2:upper,173.72654361931563
7075,OPTIMAL,v2:upper,229.74824437256112
7076,OPTIMAL,v2:upper,231.51818549677463
7077,OPTIMAL,v2:upper,98.58250594240147
7078,OPTIMAL,v2:upper,497.7391060187374
7079,OPTIMAL,v2:upper,99.80364377472849
7080,OPTIMAL,v2:upper,100.9999043614869
7081,OPTIMAL,v2:upper,97.91009397300772
7082,OPTIMAL,v2:upper,232.05243784703342
7083,OPTIMAL,v1:upper,80.85031197831198
7084,OPTIMAL,v1:upper,38.23193063544462
7085,OPTIMAL,v2:upper,151.89816659723303
7086,OPTIMAL,v2:upper,268.58175368948673
7087,OPTIMAL,v2:upper,166.68325986169484
7088,OPTIMAL,v2:upper,20.405929993315883
7089,OPTIMAL,v2:upper,20.451449246836393
7090,OPTIMAL,v2:upper,15.910243966162541
7091,OPTIMAL,v2:upper,371.78294711349264
7092,OPTIMAL,v2:upper,101.58585786459399
7093,OPTIMAL,v1:upper,652.0694859123466
7094,OPTIMAL,v2:upper,84.28905638935049
7095,OPTIMAL,v2:upper,26.489783506348637
7096,OPTIMAL,v2:upper,53.72104762190558
7097,OPTIMAL,v2:upper,59.38062734786684
7098,OPTIMAL,v2:upper,100.44317326158723
7099,OPTIMAL,v2:upper,271.6118656339837
7100,OPTIMAL,v2:upper,118.41393526317407
7101,OPTIMAL,v2:upper,34.37649965700161
7102,OPTIMAL,v2:upper,425.9040274580504
7103,OPTIMAL,v2:upper,201.22674405763505
7104,OPTIMAL,v2:upper,30.370263034633588
7105,OPTIMAL,v2:upper,200.72715713562758
7106,OPTIMAL,v2:upper,89.7323424336308
7107,OPTIMAL,v2:upper,377.3001175485819
7108,OPTIMAL,v1:upper,78.34778975467056
7109,OPTIMAL,v2:upper,58.402969575870564
7110,OPTIMAL,v2:upper,495.0239166023526
7111,OPTIMAL,b1:lower;b2:lower;b3:upper;b4:upper;b5:lower;b6:upper;b7:upper;b8:upper;b14:lower,1000.0
7112,OPTIMAL,v2:upper,368.4896271560535
7113,OPTIMAL,v2:upper,113.55868097092403
7114,OPTIMAL,v2:upper,28.857304102544525
7115,OPTIMAL,v2:upper,127.65159923666927
7116,OPTIMAL,v2:upper,380.4308490767446
7117,OPTIMAL,v2:upper,138.5235971002475
7118,OPTIMAL,v2:upper,302.21361244752643
7119,OPTIMAL,v2:upper,47.494675316201885
7120,OPTIMAL,v2:upper,184.97826217865193
7121,OPTIMAL,v2:upper,396.3505056864734
7122,OPTIMAL,v2:upper,102.36130234859131
7123,OPTIMAL,v2:upper,82.31225075022262
7124,OPTIMAL,v2:upper,174.33223078115753
7125,OPTIMAL,v2:upper,198.8015350847294
7126,OPTIMAL,v2:upper,155.79274849795368
7127,OPTIMAL,v1:upper,26.66360803802023
7128,OPTIMAL,v2:upper,42.53680559593573
7129,OPTIMAL,v2:upper,127.58899302894474
7130,OPTIMAL,v1:upper,111.48461093623197
7131,OPTIMAL,v2:upper,73.14709791569366
7132,OPTIMAL,v1:upper,122.97036943277459
7133,OPTIMAL,v2:upper,17.720757391864815
7134,OPTIMAL,v2:upper,446.7661380093806
7135,OPTIMAL,v2:upper,16.665885557070784
7136,OPTIMAL,v2:upper,23.073289131586566
7137,OPTIMAL,v2:upper,296.54420676189415
7138,OPTIMAL,v2:upper,33.52467024783461
7139,OPTIMAL,v2:upper,17.695572537868713
7140,OPTIMAL,v2:upper,61.98712860204605
7141,OPTIMAL,v2:upper,38.50573692788751
7142,OPTIMAL,v2:upper,34.27884431349028
7143,OPTIMAL,v2:upper,267.97416557115787
7144,OPTIMAL,v2:upper,27.01937520768482
7145,OPTIMAL,v2:upper,347.84354105034885
7146,OPTIMAL,v2:upper,66.5901769209362
7147,OPTIMAL,v2:upper,20.46501161263554
7148,OPTIMAL,v2:upper,46.91670964945276
7149,OPTIMAL,v2:upper,162.18847715443673
7150,OPTIMAL,v2:upper,56.40431940544437
7151,OPTIMAL,v2:upper,42.47212334018671
7152,OPTIMAL,v2:upper,805.2955941422705
7153,OPTIMAL,v2:upper,76.67122319853559
7154,OPTIMAL,v2:upper,231.96450564620483
7155,OPTIMAL,v2:upper,184.61029493616755
7156,OPTIMAL,v2:upper,205.5762578745586
7157,OPTIMAL,v2:upper,69.3604923287493
7158,OPTIMAL,v2:upper,311.6769330669576
7159,OPTIMAL,v2:upper,333.9972407383068
7160,OPTIMAL,v2:upper,147.88173551525097
7161,OPTIMAL,v1:upper,150.386664098775
7162,OPTIMAL,v2:upper,19.318793699732883
7163,OPTIMAL,v2:upper,88.46171090756772
7164,OPTIMAL,v2:upper,365.62518049927655
7165,OPTIMAL,v2:upper,33.806977713111735
7166,OPTIMAL,v2:upper,59.23446071055582
7167,OPTIMAL,v2:upper,603.5529179639585
7168,OPTIMAL,v2:upper,254.2655033419374
7169,OPTIMAL,v2:upper,298.6662966641439
7170,OPTIMAL,v2:upper,162.74129890922669
7171,OPTIMAL,v1:upper,57.65575795535206
7172,OPTIMAL,v1:upper,164.71743821834028
7173,OPTIMAL,v2:upper,60.943142304835874
7174,OPTIMAL,v2:upper,42.478694793810654
7175,OPTIMAL,v2:upper,53.324821693720146
7176,OPTIMAL,v2:upper,267.7130495612763
7177,OPTIMAL,v2:upper,123.31482033959156
7178,OPTIMAL,v2:upper,136.49003461773341
7179,OPTIMAL,v2:upper,89.62005113415104
7180,OPTIMAL,v2:upper,41.35690814376092
7181,OPTIMAL,v1:upper,344.6210076515451
7182,OPTIMAL,v2:upper,62.53270735550652
7183,OPTIMAL,v2:upper,175.5934163259961
7184,OPTIMAL,v2:upper,174.6917452092201
7185,OPTIMAL,v2:upper,41.903236674847975
7186,OPTIMAL,v2:upper,173.25693783821
7187,OPTIMAL,b1:lower;b2:lower;b3:upper;b4:upper;b5:lower;b6:upper;b7:upper;b8:upper;b14:lower,1000.0
7188,OPTIMAL,v2:upper,124.84688664025549
7189,OPTIMAL,v2:upper,204.39120200517718
7190,OPTIMAL,v2:upper,220.17280746836778
7191,OPTIMAL,v2:upper,49.94338627989583
7192,OPTIMAL,v1:upper,235.23951271268183
7193,OPTIMAL,v2:upper,30.21130777854928
7194,OPTIMAL,v2:upper,21.93466599386143
7195,OPTIMAL,v2:upper,422.08973576599544
7196,OPTIMAL,v2:upper,104.40512595223406
7197,OPTIMAL,v2:upper,305.94742590242686
7198,OPTIMAL,v1:upper,12.757127048468554
7199,OPTIMAL,v2:upper,62.079194209235276
7200,OPTIMAL,v2:upper,213.19601134924784
7201,OPTIMAL,v1:upper,185.01072858523986
7202,OPTIMAL,v2:upper,227.1205643992946
7203,OPTIMAL,v2:upper,167.988169638797
7204,OPTIMAL,v2:upper,234.41731132384024
7205,OPTIMAL,v2:upper,25.35209668952238
7206,OPTIMAL,v2:upper,83.07142369314047
7207,OPTIMAL,v2:upper,232.1427073227311
7208,OPTIMAL,v2:upper,246.7555379794213
7209,OPTIMAL,v2:upper,259.9281590935611
7210,OPTIMAL,v2:upper,4.518062701928241
7211,OPTIMAL,v2:upper,51.18898446586694
7212,OPTIMAL,v2:upper,130.1273477617186
7213,OPTIMAL,v2:upper,110.06257757687806
7214,OPTIMAL,v2:upper,42.842910525038555
7215,OPTIMAL,v2:upper,50.178988611605526
7216,OPTIMAL,v2:upper,128.80934865494189
7217,OPTIMAL,v2:upper,126.84354444286518
7218,OPTIMAL,b1:lower;b2:lower;b3:upper;b4:upper;b5:lower;b6:upper;b7:upper;b8:upper;b14:lower,1000.0
7219,OPTIMAL,v2:upper,195.0482541454203
7220,OPTIMAL,v2:upper,402.298215670543
7221,OPTIMAL,v2:upper,130.38296359785318
7222,OPTIMAL,v2:upper,81.01530759969994
7223,OPTIMAL,v2:upper,127.59196461241277
7224,OPTIMAL,v2:upper,32.68631566984644
7225,OPTIMAL,v2:upper,73.68569206394255
7226,OPTIMAL,v1:upper,118.74223454754004
7227,OPTIMAL,v2:upper,74.00612518060619
7228,OPTIMAL,v2:upper,197.68757635499713
7229,OPTIMAL,v2:upper,329.14139691530744
7230,OPTIMAL,v2:upper,100.42676369298319
7231,OPTIMAL,v2:upper,73.4820261798472
7232,OPTIMAL,v2:upper,42.45982306716312
7233,OPTIMAL,v2:upper,83.55584075603974
7234,OPTIMAL,v2:upper,33.70863131614174
7235,OPTIMAL,v2:upper,133.68269267817345
7236,OPTIMAL,v2:upper,189.3382465826561
7237,OPTIMAL,v1:upper,268.1962136625836
7238,OPTIMAL,v2:upper,44.50322107467568
7239,OPTIMAL,v2:upper,191.7515405948854
7240,OPTIMAL,v2:upper,181.66555972936428
7241,OPTIMAL,b1:lower;b2:lower;b3:upper;b4:upper;b5:lower;b6:upper;b7:upper;b8:upper;b14:lower,1000.0
7242,OPTIMAL,v2:upper,47.98260374228464
7243,OPTIMAL,v2:upper,68.56017191200579
7244,OPTIMAL,v2:upper,31.082978632184634
7245,OPTIMAL,v2:upper,537.7954354114105
7246,OPTIMAL,v2:upper,26.928940913718915
7247,OPTIMAL,v1:upper,174.24188247392289
7248,OPTIMAL,v2:upper,146.6086964070495
7249,OPTIMAL,v2:upper,80.40530514045504
7250,OPTIMAL,v2:upper,207.25726185498735
7251,OPTIMAL,v2:upper,293.07731948887897
7252,OPTIMAL,v1:upper,293.4705285324962
7253,OPTIMAL,v2:upper,352.420040965161
7254,OPTIMAL,v2:upper,335.5644282309829
7255,OPTIMAL,v2:upper,151.5317252934797
7256,OPTIMAL,v2:upper,34.35870753961388
7257,OPTIMAL,v2:upper,73.48798869062882
7258,OPTIMAL,v2:upper,50.34151218059504
7259,OPTIMAL,v1:upper,141.8323501889985
7260,OPTIMAL,v2:upper,78.76320634177108
7261,OPTIMAL,v2:upper,137.18708352773425
7262,OPTIMAL,v2:upper,51.52618432623451
7263,OPTIMAL,v2:upper,830.5929527596405
7264,OPTIMAL,v2:upper,25.093038173220883
7265,OPTIMAL,v2:upper,24.27890243346783
7266,OPTIMAL,v2:upper,132.2964981809254
7267,OPTIMAL,v2:upper,205.46447800128095
7268,OPTIMAL,b1:lower;b2:lower;b3:upper;b4:upper;b5:lower;b6:upper;b7:upper;b8:upper;b14:lower,1000.0
7269,OPTIMAL,v2:upper,145.09713858548056
7270,OPTIMAL,v2:upper,433.7267748648173
7271,OPTIMAL,v2:upper,28.91944817054542
7272,OPTIMAL,v2:upper,567.2318944032733
7273,OPTIMAL,v1:upper,157.61528987470638
7274,OPTIMAL,v2:upper,244.90841725749797
7275,OPTIMAL,v2:upper,165.4401192603524
7276,OPTIMAL,v2:upper,84.256936101648
7277,OPTIMAL,v2:upper,300.43578924303455
7278,OPTIMAL,v1:upper,79.21171689526791
7279,OPTIMAL,v2:upper,14.082110627468154
7280,OPTIMAL,v2:upper,72.41747417371853
7281,OPTIMAL,v2:upper,26.497102444997328
7282,OPTIMAL,v2:upper,35.19186785475894
7283,OPTIMAL,v2:upper,25.38703770774454
7284,OPTIMAL,v2:upper,94.64436802915269
7285,OPTIMAL,v2:upper,48.12384706573166
7286,OPTIMAL,v2:upper,189.10962220082632
7287,OPTIMAL,v1:upper,416.91400000942383
7288,OPTIMAL,v2:upper,166.80835870509287
7289,OPTIMAL,v2:upper,47.73278112484166
7290,OPTIMAL,v2:upper,98.73248508626722
7291,OPTIMAL,v2:upper,54.8969517079521
7292,OPTIMAL,v1:upper,48.39575539791035
7293,OPTIMAL,v2:upper,150.6024819163924
7294,OPTIMAL,v2:upper,27.673544398096134
7295,OPTIMAL,v2:upper,41.726280085144
7296,OPTIMAL,v2:upper,116.21600609474872
7297,OPTIMAL,v2:upper,490.4391005042353
7298,OPTIMAL,v2:upper,199.45045416389146
7299,OPTIMAL,v1:upper,50.49963090435865
7300,OPTIMAL,v2:upper,336.62908043614897
7301,OPTIMAL,v2:upper,111.2016906275422
7302,OPTIMAL,v2:upper,590.2560690429573
7303,OPTIMAL,v2:upper,124.03660984086065
7304,OPTIMAL,v2:upper,55.78953845026469
7305,OPTIMAL,v2:upper,25.574305046248902
7306,OPTIMAL,v2:upper,264.48898427734537
7307,OPTIMAL,v2:upper,63.17319436193928
7308,OPTIMAL,v1:upper,156.66730406942975
7309,OPTIMAL,v2:upper,536.6091364422939
7310,OPTIMAL,v2:upper,63.64290740516856
7311,OPTIMAL,v2:upper,224.01543639838314
7312,OPTIMAL,v2:upper,82.11929118222302
7313,OPTIMAL,v1:upper,294.4931170323162
7314,OPTIMAL,v2:upper,104.86958460167551
7315,OPTIMAL,v2:upper,95.75673038343348
7316,OPTIMAL,v2:upper,27.2869978361078
7317,OPTIMAL,v2:upper,37.449923927722125
7318,OPTIMAL,v2:upper,154.02900227605315
7319,OPTIMAL,v2:upper,91.80423622359557
7320,OPTIMAL,v2:upper,45.32105054076493
7321,OPTIMAL,v2:upper,145.28616030443746
7322,OPTIMAL,v2:upper,141.08667915258164
7323,OPTIMAL,b1:lower;b2:lower;b3:upper;b4:upper;b5:lower;b6:upper;b7:upper;b8:upper;b14:lower,1000.0
7324,OPTIMAL,v2:upper,71.04165596228533
7325,OPTIMAL,v2:upper,19.912296270122273
7326,OPTIMAL,v2:upper,262.65923265723046
7327,OPTIMAL,v2:upper,126.3833462741504
7328,OPTIMAL,v2:upper,406.1659146901883
7329,OPTIMAL,v2:upper,185.91353762838642
7330,OPTIMAL,b1:lower;b2:lower;b3:upper;b4:upper;b5:lower;b6:upper;b7:upper;b8:upper;b14:lower,1000.0
7331,OPTIMAL,v1:upper,237.43804362249747
7332,OPTIMAL,v2:upper,117.0855165092837
7333,OPTIMAL,v2:upper,78.20776146417003
7334,OPTIMAL,v1:upper,48.23009442180794
7335,OPTIMAL,v2:upper,142.17195347694158
7336,OPTIMAL,v2:upper,42.990220702128184
7337,OPTIMAL,v2:upper,106.7226152006158
7338,OPTIMAL,v2:upper,694.883148778444
7339,OPTIMAL,v2:upper,198.990773636193
7340,OPTIMAL,v2:upper,103.15073907880674
7341,OPTIMAL,v2:upper,65.26215700507487
7342,OPTIMAL,v2:upper,530.7269641757085
7343,OPTIMAL,v2:upper,171.14224027444266
7344,OPTIMAL,v2:upper,91.82045283953929
7345,OPTIMAL,v2:upper,248.5194058447691
7346,OPTIMAL,v2:upper,239.08272382226676
7347,OPTIMAL,v2:upper,126.1208947662006
7348,OPTIMAL,v2:upper,39.48789192215547
7349,OPTIMAL,v2:upper,296.2905806028515
7350,OPTIMAL,v2:upper,118.41523355995801
7351,OPTIMAL,v2:upper,247.6551653018366
7352,OPTIMAL,v1:upper,105.73053057536588
7353,OPTIMAL,v2:upper,26.440871386148192
7354,OPTIMAL,v2:upper,119.10554302044656
7355,OPTIMAL,v2:upper,171.7398689128552
7356,OPTIMAL,v2:upper,8.613164837754812
7357,OPTIMAL,v2:upper,108.78523788033702
7358,OPTIMAL,v2:upper,48.75148875867963
7359,OPTIMAL,v2:upper,180.99069113117062
7360,OPTIMAL,v1:upper,194.86608978364274
7361,OPTIMAL,v2:upper,261.7374290985113
7362,OPTIMAL,v2:upper,65.00582945463243
7363,OPTIMAL,v2:upper,381.3251879946789
7364,OPTIMAL,v2:upper,54.394893993426
7365,OPTIMAL,v2:upper,50.680215278980036
7366,OPTIMAL,b1:lower;b2:lower;b3:upper;b4:upper;b5:lower;b6:upper;b7:upper;b8:upper;b14:lower,1000.0
7367,OPTIMAL,v2:upper,51.54196893769387
7368,OPTIMAL,v2:upper,119.64670738245921
7369,OPTIMAL,v2:upper,600.0821367163272
7370,OPTIMAL,v1:upper,103.7337559203475
7371,OPTIMAL,v2:upper,65.30135041851854
7372,OPTIMAL,v2:upper,28.357788298607293
7373,OPTIMAL,v2:upper,268.54415374129127
7374,OPTIMAL,v2:upper,67.17299079977943
7375,OPTIMAL,v2:upper,59.34112119266031
7376,OPTIMAL,v2:upper,179.57775226503628
7377,OPTIMAL,v2:upper,75.78221910555992
7378,OPTIMAL,v2:upper,209.3150027156811
7379,OPTIMAL,v2:upper,523.5575567251075
7380,OPTIMAL,v2:upper,277.2309463725147
7381,OPTIMAL,v2:upper,12.411297766683834
7382,OPTIMAL,v2:upper,62.30575981407613
7383,OPTIMAL,v2:upper,74.71537624128096
7384,OPTIMAL,v2:upper,109.83252123077975
7385,OPTIMAL,v2:upper,119.47281300143041
7386,OPTIMAL,v2:upper,75.08923352914067
7387,OPTIMAL,v2:upper,48.93605464221949
7388,OPTIMAL,v2:upper,48.769415454117116
7389,OPTIMAL,v1:upper,118.23099067187945
7390,OPTIMAL,v2:upper,997.7989988674823
7391,OPTIMAL,v1:upper,313.3572824781683
7392,OPTIMAL,v2:upper,53.29831407309095
7393,OPTIMAL,v2:upper,54.99657568975813
7394,OPTIMAL,v1:upper,45.751978261600385
7395,OPTIMAL,v2:upper,66.14273646833033
7396,OPTIMAL,v2:upper,81.4360854191121
7397,OPTIMAL,v2:upper,43.863556986807296
7398,OPTIMAL,v2:upper,83.98135367924183
7399,OPTIMAL,v2:upper,96.37564070740432
7400,OPTIMAL,v2:upper,147.28331259583618
7401,OPTIMAL,v2:upper,188.82385855455993
7402,OPTIMAL,v2:upper,245.41378766044446
7403,OPTIMAL,v1:upper,96.42720296032148
7404,OPTIMAL,v1:upper,96.06890903209695
7405,OPTIMAL,v2:upper,54.34434968062313
7406,OPTIMAL,v2:upper,244.89989935454287
7407,OPTIMAL,v2:upper,69.75751022083433
7408,OPTIMAL,v1:upper,54.87917387116256
7409,OPTIMAL,v1:upper,129.55360074435157
7410,OPTIMAL,v2:upper,244.95562131218173
7411,OPTIMAL,v2:upper,118.52885548995548
7412,OPTIMAL,v2:upper,65.34261370836028
7413,OPTIMAL,v2:upper,11.89409352924185
7414,OPTIMAL,v2:upper,161.8806792696126
7415,OPTIMAL,v2:upper,96.71043554560745
7416,OPTIMAL,v2:upper,159.70737814135802
7417,OPTIMAL,v2:upper,113.92939761329703
7418,OPTIMAL,v2:upper,111.38719344585525
7419,OPTIMAL,v2:upper,5.432031166631846
7420,OPTIMAL,v2:upper,38.623313163023184
7421,OPTIMAL,v1:upper,120.99965965128474
7422,OPTIMAL,v1:upper,82.82714154557559
7423,OPTIMAL,v1:upper,143.50734170497742
7424,OPTIMAL,v2:upper,54.5024992220682
7425,OPTIMAL,v2:upper,90.91287205000879
7426,OPTIMAL,v2:upper,251.69394855611327
7427,OPTIMAL,v2:upper,131.0871918146906
7428,OPTIMAL,v2:upper,55.73157459547796
7429,OPTIMAL,v2:upper,67.90042186522996
7430,OPTIMAL,v2:upper,46.34714916856002
7431,OPTIMAL,v2:upper,114.31081758798304
7432,OPTIMAL,v2:upper,51.54174625903061
7433,OPTIMAL,v2:upper,141.19919179791916
7434,OPTIMAL,v2:upper,110.20296257515655
7435,OPTIMAL,v2:upper,53.64957569193082
7436,OPTIMAL,v2:upper,101.77383048591213
7437,OPTIMAL,v2:upper,19.37895346514813
7438,OPTIMAL,v2:upper,44.045739498895635
7439,OPTIMAL,v1:upper,855.6643796748845
7440,OPTIMAL,v2:upper,22.009377314020057
7441,OPTIMAL,v2:upper,99.3191736372504
7442,OPTIMAL,v2:upper,54.85805793748667
7443,OPTIMAL,v2:upper,243.41986765565758
7444,OPTIMAL,v2:upper,35.75173441602097
7445,OPTIMAL,v2:upper,214.48495180945864
7446,OPTIMAL,v1:upper,71.46041926590415
7447,OPTIMAL,v2:upper,382.1773731644304
7448,OPTIMAL,v2:upper,288.8807611771697
7449,OPTIMAL,v2:upper,131.39130977167838
7450,OPTIMAL,v2:upper,85.28213930945161
7451,OPTIMAL,v2:upper,63.48957109594296
7452,OPTIMAL,v2:upper,362.3565197243863
7453,OPTIMAL,v2:upper,487.68457531658385
7454,OPTIMAL,v2:upper,273.37058062185446
7455,OPTIMAL,v2:upper,219.68399172877074
7456,OPTIMAL,v2:upper,25.090190313401113
7457,OPTIMAL,v2:upper,145.63014031300267
7458,OPTIMAL,v2:upper,217.13057315844432
7459,OPTIMAL,v2:upper,31.231640807479994
7460,OPTIMAL,v2:upper,94.02285842849606
7461,OPTIMAL,v2:upper,289.75200619774637
7462,OPTIMAL,v2:upper,605.609203901052
7463,OPTIMAL,v2:upper,104.62595975255387
7464,OPTIMAL,v2:upper,79.72539314356449
7465,OPTIMAL,v2:upper,169.81290729843298
7466,OPTIMAL,v2:upper,75.10501165849773
7467,OPTIMAL,v2:upper,62.82725275111907
7468,OPTIMAL,v2:upper,175.6946848344238
7469,OPTIMAL,v2:upper,98.37121475183685
7470,OPTIMAL,v2:upper,23.12999162679823
7471,OPTIMAL,v2:upper,23.450304792564125
7472,OPTIMAL,v2:upper,16.727035924743962
7473,OPTIMAL,v2:upper,78.82464225911022
7474,OPTIMAL,v2:upper,85.03474955873062
7475,OPTIMAL,v2:upper,237.53910244597827
7476,OPTIMAL,v2:upper,456.5193649944321
7477,OPTIMAL,v2:upper,62.58149645817794
7478,OPTIMAL,v2:upper,70.5894335211649
7479,OPTIMAL,v2:upper,52.08128399309012
7480,OPTIMAL,v1:upper,171.9883240841307
7481,OPTIMAL,v2:upper,89.37767288753047
7482,OPTIMAL,v2:upper,404.49449309726475
7483,OPTIMAL,v2:upper,353.76338604446914
7484,OPTIMAL,v2:upper,400.0906895699492
7485,OPTIMAL,v2:upper,363.5702851557749
7486,OPTIMAL,v2:upper,27.928031374345114
7487,OPTIMAL,v1:upper,309.5750822934076
7488,OPTIMAL,v2:upper,75.87196890077539
7489,OPTIMAL,v2:upper,44.07395383546983
7490,OPTIMAL,v2:upper,29.729103306051325
7491,OPTIMAL,v1:upper,119.55956246947902
7492,OPTIMAL,v2:upper,123.5709309197534
7493,OPTIMAL,v1:upper,162.6868760338226
7494,OPTIMAL,v2:upper,881.7662584200644
7495,OPTIMAL,b1:lower;b2:lower;b3:upper;b4:upper;b5:lower;b6:upper;b7:upper;b8:upper;b14:lower,1000.0
7496,OPTIMAL,v2:upper,82.65547721375023
7497,OPTIMAL,v2:upper,20.47603316056905
7498,OPTIMAL,v2:upper,235.0235174990162
7499,OPTIMAL,v2:upper,173.315429209195
7500,OPTIMAL,v2:upper,31.952412168154968
7501,OPTIMAL,v2:upper,41.79240636245063
7502,OPTIMAL,v2:upper,77.16944253598021
7503,OPTIMAL,v2:upper,19.712316615899844
7504,OPTIMAL,v2:upper,56.94126592326906
7505,OPTIMAL,v1:upper,104.5234230348393
7506,OPTIMAL,v2:upper,43.454976985106136
7507,OPTIMAL,v2:upper,23.16111664032391
7508,OPTIMAL,v2:upper,73.14065504838572
7509,OPTIMAL,v2:upper,192.3273656652862
7510,OPTIMAL,v2:upper,322.1221960982472
7511,OPTIMAL,v2:upper,64.35271632623048
7512,OPTIMAL,v2:upper,62.26553724350031
7513,OPTIMAL,v2:upper,48.28759423861867
7514,OPTIMAL,v2:upper,178.7267972230498
7515,OPTIMAL,v2:upper,914.2597861008195
7516,OPTIMAL,v1:upper,728.9310264733009
7517,OPTIMAL,v2:upper,48.68467490764471
7518,OPTIMAL,v2:upper,125.88431793220748
7519,OPTIMAL,v2:upper,137.77840905897986
7520,OPTIMAL,v2:upper,160.36594052872908
7521,OPTIMAL,v2:upper,42.013903985183575
7522,OPTIMAL,v2:upper,88.50918162891676
7523,OPTIMAL,v2:upper,107.9938117249319
7524,OPTIMAL,v2:upper,70.76451655958289
7525,OPTIMAL,v2:upper,31.13509449973938
7526,OPTIMAL,v2:upper,50.634191075170506
7527,OPTIMAL,v2:upper,46.908986749635616
7528,OPTIMAL,v2:upper,146.53075945794075
7529,OPTIMAL,v2:upper,176.34531123275698
7530,OPTIMAL,v2:upper,170.29406837036953
7531,OPTIMAL,v2:upper,38.27108922361261
7532,OPTIMAL,v2:upper,89.53328436271269
7533,OPTIMAL,v1:upper,108.22917216806125
7534,OPTIMAL,v1:upper,135.30275523054144
7535,OPTIMAL,v2:upper,45.37475177947583
7536,OPTIMAL,v2:upper,46.881407383572196
7537,OPTIMAL,v2:upper,139.80395487244311
7538,OPTIMAL,v2:upper,244.19233393778342
7539,OPTIMAL,v2:upper,289.72212894745087
7540,OPTIMAL,v2:upper,13.193217078103851
7541,OPTIMAL,v2:upper,99.9343960764457
7542,OPTIMAL,v2:upper,51.75493675382233
7543,OPTIMAL,v2:upper,96.38818907377066
7544,OPTIMAL,b1:lower;b2:lower;b3:upper;b4:upper;b5:lower;b6:upper;b7:upper;b8:upper;b14:lower,1000.0
7545,OPTIMAL,v2:upper,72.00116388888752
7546,OPTIMAL,v2:upper,97.22131763890371
7547,OPTIMAL,v2:upper,138.98682419688456
7548,OPTIMAL,v2:upper,369.0017260473602
7549,OPTIMAL,v2:upper,585.90452414481
7550,OPTIMAL,v2:upper,23.50173061933594
7551,OPTIMAL,b1:lower;b2:lower;b3:upper;b4:upper;b5:lower;b6:upper;b7:upper;b8:upper;b14:lower,1000.0
7552,OPTIMAL,v2:upper,238.13364503556687
7553,OPTIMAL,v2:upper,44.51262607855028
7554,OPTIMAL,v2:upper,32.109508417799745
7555,OPTIMAL,v2:upper,37.11054096353302
7556,OPTIMAL,v2:upper,119.19761046839315
7557,OPTIMAL,v2:upper,104.67915433774407
7558,OPTIMAL,v2:upper,123.65614511936836
7559,OPTIMAL,v2:upper,92.99853502153208
7560,OPTIMAL,v2:upper,71.88771889790998
7561,OPTIMAL,v2:upper,347.54360601063746
7562,OPTIMAL,v2:upper,63.27457968065897
7563,OPTIMAL,v2:upper,346.02213896046317
7564,OPTIMAL,v2:upper,109.28159308047674
7565,OPTIMAL,v2:upper,45.143667907481884
7566,OPTIMAL,v2:upper,103.0290647532467
7567,OPTIMAL,v2:upper,791.2275510665344
7568,OPTIMAL,v1:upper,78.71213934997832
7569,OPTIMAL,v2:upper,35.96588356633622
7570,OPTIMAL,v2:upper,254.79524568389462
7571,OPTIMAL,v1:upper,146.49692949552193
7572,OPTIMAL,v2:upper,203.44564712628753
7573,OPTIMAL,v2:upper,71.6850921613074
7574,OPTIMAL,v2:upper,41.852689581388226
7575,OPTIMAL,v2:upper,166.85497412072436
7576,OPTIMAL,v1:upper,100.72342556915797
7577,OPTIMAL,v2:upper,134.86721383571697
7578,OPTIMAL,v2:upper,82.57692976625962
7579,OPTIMAL,v2:upper,105.3586772838815
7580,OPTIMAL,v2:upper,145.36237633657186
7581,OPTIMAL,b1:lower;b2:lower;b3:upper;b4:upper;b5:lower;b6:upper;b7:upper;b8:upper;b14:lower,1000.0
7582,OPTIMAL,v2:upper,268.2902675278811
7583,OPTIMAL,v2:upper,113.95469687922021
7584,OPTIMAL,v2:upper,33.22368369392143
7585,OPTIMAL,v2:upper,181.18539004662432
7586,OPTIMAL,v2:upper,113.69177700548296
7587,OPTIMAL,v2:upper,56.53769806542527
7588,OPTIMAL,v2:upper,55.89685621263602
7589,OPTIMAL,v2:upper,392.90335807689576
7590,OPTIMAL,v2:upper,14.329806212474583
7591,OPTIMAL,v2:upper,381.2592333208486
7592,OPTIMAL,v2:upper,30.96616345774002
7593,OPTIMAL,v2:upper,27.889957476558795
7594,OPTIMAL,v2:upper,37.75712430555032
7595,OPTIMAL,v2:upper,106.19131424597691
7596,OPTIMAL,v2:upper,195.90990396788808
7597,OPTIMAL,v1:upper,177.10263717040021
7598,OPTIMAL,v2:upper,111.58713936310079
7599,OPTIMAL,v1:upper,304.0285799177856
7600,OPTIMAL,v2:upper,125.15141267886173
7601,OPTIMAL,v1:upper,100.97985367367208
7602,OPTIMAL,v2:upper,30.64848450938946
7603,OPTIMAL,v2:upper,46.04321114387344
7604,OPTIMAL,v1:upper,198.15909583067747
7605,OPTIMAL,v2:upper,48.247236224686766
7606,OPTIMAL,v1:upper,184.8383965274784
7607,OPTIMAL,v2:upper,128.7051730896483
7608,OPTIMAL,v2:upper,225.36948596475426
7609,OPTIMAL,v2:upper,630.9156886696273
7610,OPTIMAL,v2:upper,146.349745835447
7611,OPTIMAL,v2:upper,311.7159802667379
7612,OPTIMAL,v2:upper,66.42075906231565
7613,OPTIMAL,v2:upper,116.25507654776627
7614,OPTIMAL,v2:upper,73.5064990746322
7615,OPTIMAL,v1:upper,292.5501524950218
7616,OPTIMAL,v2:upper,35.29975075405474
7617,OPTIMAL,v2:upper,154.67310912469023
7618,OPTIMAL,v2:upper,85.78161659472049
7619,OPTIMAL,v2:upper,142.76553223276912
7620,OPTIMAL,v2:upper,183.7957428525096
7621,OPTIMAL,v2:upper,104.91377312436911
7622,OPTIMAL,v2:upper,60.66909280407251
7623,OPTIMAL,v2:upper,171.03044502217054
7624,OPTIMAL,v1:upper,79.42106770269577
7625,OPTIMAL,v2:upper,104.4817888923899
7626,OPTIMAL,v2:upper,54.40856364316762
7627,OPTIMAL,v2:upper,169.42584504418343
7628,OPTIMAL,v2:upper,138.12016924354404
7629,OPTIMAL,v2:upper,96.12947895074886
7630,OPTIMAL,v1:upper,286.45402147552
7631,OPTIMAL,v2:upper,169.25286508626087
7632,OPTIMAL,v2:upper,94.77510663837278
7633,OPTIMAL,v2:upper,69.94388068375817
7634,OPTIMAL,v2:upper,158.5603885256294
7635,OPTIMAL,v2:upper,44.474705953162434
7636,OPTIMAL,v2:upper,118.75914645071843
7637,OPTIMAL,v2:upper,34.118313229105524
7638,OPTIMAL,v2:upper,21.227451790715218
7639,OPTIMAL,v2:upper,507.4122605673563
7640,OPTIMAL,v2:upper,11.254008523261732
7641,OPTIMAL,v2:upper,130.2052243785848
7642,OPTIMAL,v2:upper,983.7066382534721
7643,OPTIMAL,v2:upper,32.23219853061549
7644,OPTIMAL,v1:upper,29.886163523440622
7645,OPTIMAL,v2:upper,229.74072778482204
7646,OPTIMAL,v2:upper,963.0231938369883
7647,OPTIMAL,v2:upper,56.4008129561177
7648,OPTIMAL,v2:upper,387.85333786980567
7649,OPTIMAL,v2:upper,126.45626809991805
7650,OPTIMAL,v2:upper,191.0735593068978
7651,OPTIMAL,v2:upper,138.0059390983474
7652,OPTIMAL,v2:upper,159.1841878414312
7653,OPTIMAL,v2:upper,285.2143431843587
7654,OPTIMAL,v1:upper,875.971170789048
7655,OPTIMAL,v2:upper,65.02287091197624
7656,OPTIMAL,v2:upper,238.5651070913103
7657,OPTIMAL,v2:upper,298.67036429973314
7658,OPTIMAL,v2:upper,130.16316575929636
7659,OPTIMAL,v2:upper,288.56952837444106
7660,OPTIMAL,v2:upper,67.7957677126948
7661,OPTIMAL,v2:upper,47.21544960988084
7662,OPTIMAL,v2:upper,87.71210867930931
7663,OPTIMAL,v1:upper,397.62465292949526
7664,OPTIMAL,v2:upper,278.60406298147996
7665,OPTIMAL,v2:upper,115.50526997341572
7666,OPTIMAL,v2:upper,87.8619167096346
7667,OPTIMAL,v2:upper,54.13229352664069
7668,OPTIMAL,v2:upper,130.55423305703454
7669,OPTIMAL,v1:upper,162.41692948010115
7670,OPTIMAL,v2:upper,54.892898454113336
7671,OPTIMAL,v2:upper,66.13749705233705
7672,OPTIMAL,v2:upper,63.41661413281912
7673,OPTIMAL,v2:upper,545.2354527001736
7674,OPTIMAL,v2:upper,68.93395786397919
7675,OPTIMAL,v2:upper,108.51085711057962
7676,OPTIMAL,v2:upper,16.150323968894273
7677,OPTIMAL,v2:upper,141.25309532967174
7678,OPTIMAL,v1:upper,45.125719594857735
7679,OPTIMAL,v2:upper,91.90817164326022
7680,OPTIMAL,v2:upper,136.57678551420983
7681,OPTIMAL,v2:upper,141.52837385889933
7682,OPTIMAL,v2:upper,169.71783109573872
7683,OPTIMAL,v2:upper,155.3808240964501
7684,OPTIMAL,v2:upper,51.90211778623997
7685,OPTIMAL,v2:upper,163.78866265744188
7686,OPTIMAL,v2:upper,331.0508886720666
7687,OPTIMAL,v2:upper,394.5129252280084
7688,OPTIMAL,v2:upper,128.20863207742144
7689,OPTIMAL,v2:upper,149.07624820276092
7690,OPTIMAL,v2:upper,178.6844788408208
7691,OPTIMAL,v2:upper,67.08383500010375
7692,OPTIMAL,v2:upper,508.17244216894534
7693,OPTIMAL,v2:upper,50.89728483094405
7694,OPTIMAL,v2:upper,72.10657855804563
7695,OPTIMAL,v1:upper,51.75462046752494
7696,OPTIMAL,v2:upper,269.8376058643378
7697,OPTIMAL,v2:upper,123.60684591187436
7698,OPTIMAL,v2:upper,10.451718789663015
7699,OPTIMAL,v2:upper,92.91334369858737
7700,OPTIMAL,v1:upper,429.3509351700133
7701,OPTIMAL,v2:upper,30.529487512157143
7702,OPTIMAL,v2:upper,46.62287622494599
7703,OPTIMAL,v2:upper,166.4094630344766
7704,OPTIMAL,v2:upper,178.52811113938137
7705,OPTIMAL,v1:upper,97.77358883487605
7706,OPTIMAL,v2:upper,260.03325882706895
7707,OPTIMAL,v2:upper,331.24510190857404
7708,OPTIMAL,v2:upper,40.50417528694006
7709,OPTIMAL,v2:upper,52.48978708053925
7710,OPTIMAL,v2:upper,51.85555981405363
7711,OPTIMAL,v2:upper,82.20298418475001
7712,OPTIMAL,v2:upper,238.35711017530215
7713,OPTIMAL,v2:upper,181.85021305117243
7714,OPTIMAL,v2:upper,308.52129329078224
7715,OPTIMAL,v2:upper,52.882657146483766
7716,OPTIMAL,v2:upper,376.19115926536216
7717,OPTIMAL,v1:upper,108.29273810697151
7718,OPTIMAL,v2:upper,12.84518354568731
7719,OPTIMAL,v2:upper,220.82891613007064
7720,OPTIMAL,v2:upper,38.34622898030571
7721,OPTIMAL,v2:upper,129.42364877796322
7722,OPTIMAL,v2:upper,13.335533321828771
7723,OPTIMAL,v1:upper,58.033987370968866
7724,OPTIMAL,v2:upper,348.53233722160377
7725,OPTIMAL,v2:upper,90.0587309424486
7726,OPTIMAL,v2:upper,197.73985518291659
7727,OPTIMAL,v2:upper,118.66401659826263
7728,OPTIMAL,v2:upper,39.54060748682826
7729,OPTIMAL,v2:upper,376.88128110451936
7730,OPTIMAL,v2:upper,55.96223297441565
7731,OPTIMAL,v2:upper,189.5884319501333
7732,OPTIMAL,v2:upper,46.046232730737046
7733,OPTIMAL,v1:upper,179.70840277018408
7734,OPTIMAL,v2:upper,143.72274347677563
7735,OPTIMAL,v2:upper,552.8543394889751
7736,OPTIMAL,v2:upper,289.35004987704707
7737,OPTIMAL,v2:upper,44.22280594834062
7738,OPTIMAL,v2:upper,231.8219729603842
7739,OPTIMAL,v2:upper,45.133033213155734
7740,OPTIMAL,v2:upper,26.578796724836117
7741,OPTIMAL,v1:upper,62.482405103788814
7742,OPTIMAL,v2:upper,78.5167980770002
7743,OPTIMAL,v2:upper,54.62263343220134
7744,OPTIMAL,v2:upper,35.72948510186741
7745,OPTIMAL,v2:upper,28.06357515634517
7746,OPTIMAL,v2:upper,92.46651883696984
7747,OPTIMAL,v2:upper,88.82345250349528
7748,OPTIMAL,v2:upper,49.39073233086914
7749,OPTIMAL,v2:upper,22.234051431254134
7750,OPTIMAL,v2:upper,651.1100201821557
7751,OPTIMAL,v2:upper,140.8971579042433
7752,OPTIMAL,v2:upper,572.2698116509592
7753,OPTIMAL,v1:upper,78.02453584593044
7754,OPTIMAL,v2:upper,177.85000357785816
7755,OPTIMAL,v2:upper,444.6446175969523
7756,OPTIMAL,v1:upper,127.70987554018227
7757,OPTIMAL,v2:upper,69.31291847212013
7758,OPTIMAL,v1:upper,118.76806338291317
7759,OPTIMAL,v2:upper,91.31535606253215
7760,OPTIMAL,v2:upper,149.52216881722939
7761,OPTIMAL,v2:upper,33.340823873396516
7762,OPTIMAL,v2:upper,23.427710484042905
7763,OPTIMAL,v2:upper,109.51996159755143
7764,OPTIMAL,v2:upper,123.6616444282636
7765,OPTIMAL,v2:upper,219.71894956762736
7766,OPTIMAL,v2:upper,506.7957229624533
7767,OPTIMAL,v2:upper,162.93627862107988
7768,OPTIMAL,v2:upper,9.09851498452864
7769,OPTIMAL,v2:upper,257.89506761173715
7770,OPTIMAL,v2:upper,34.50663716374885
7771,OPTIMAL,v2:upper,678.1709170565393
7772,OPTIMAL,v2:upper,199.28946687347357
7773,OPTIMAL,v2:upper,164.17570688999166
7774,OPTIMAL,v2:upper,36.87588732604878
7775,OPTIMAL,v2:upper,550.6716314500601
7776,OPTIMAL,v2:upper,56.37060827252592
7777,OPTIMAL,v2:upper,37.28728578776017
7778,OPTIMAL,v2:upper,35.36493430727651
7779,OPTIMAL,v2:upper,105.73390410496634
7780,OPTIMAL,v2:upper,46.31123928167358
7781,OPTIMAL,v2:upper,87.63604026378006
7782,OPTIMAL,v2:upper,51.58044526340303
7783,OPTIMAL,v2:upper,443.61277048549516
7784,OPTIMAL,v1:upper,104.22816692846482
7785,OPTIMAL,v2:upper,155.38470408060778
7786,OPTIMAL,v2:upper,27.97480526892703
7787,OPTIMAL,v1:upper,478.65457283458284
7788,OPTIMAL,v2:upper,46.32047010595176
7789,OPTIMAL,v2:upper,91.11409085175893
7790,OPTIMAL,v1:upper,55.54090417121299
7791,OPTIMAL,v2:upper,91.93330579497729
7792,OPTIMAL,v1:upper,604.1215195494773
7793,OPTIMAL,v2:upper,115.81575711699948
7794,OPTIMAL,v1:upper,49.23344105950972
7795,OPTIMAL,v2:upper,87.5391259535463
7796,OPTIMAL,v2:upper,86.75316772857934
7797,OPTIMAL,v2:upper,240.49666089483782
7798,OPTIMAL,v2:upper,333.1310795943164
7799,OPTIMAL,v2:upper,97.03185397924685
7800,OPTIMAL,v2:upper,132.88315177885065
7801,OPTIMAL,v2:upper,378.6947760486032
7802,OPTIMAL,v2:upper,119.10978789372959
7803,OPTIMAL,v2:upper,137.42622077538786
7804,OPTIMAL,v1:upper,268.0313050512779
7805,OPTIMAL,v1:upper,11.578319940305326
7806,OPTIMAL,v2:upper,77.94320150216645
7807,OPTIMAL,v2:upper,82.66926111971058
7808,OPTIMAL,v1:upper,93.31405843639196
7809,OPTIMAL,v2:upper,138.02386890865665
7810,OPTIMAL,v2:upper,119.0909457876469
7811,OPTIMAL,v2:upper,50.44801790346168
7812,OPTIMAL,v2:upper,328.9585923898348
7813,OPTIMAL,v2:upper,47.408461603935585
7814,OPTIMAL,v2:upper,151.25351177701992
7815,OPTIMAL,v2:upper,18.227328552531183
7816,OPTIMAL,v1:upper,188.69571681498957
7817,OPTIMAL,v2:upper,323.1030990377503
7818,OPTIMAL,v2:upper,180.43966817218302
7819,OPTIMAL,v2:upper,28.276944494157
7820,OPTIMAL,v2:upper,199.78670099542668
7821,OPTIMAL,v2:upper,65.33116301772637
7822,OPTIMAL,v2:upper,176.63344183200172
7823,OPTIMAL,v2:upper,141.6546244987386
7824,OPTIMAL,v2:upper,70.10167767764041
7825,OPTIMAL,v2:upper,572.30619041096
7826,OPTIMAL,v2:upper,119.32857384517722
7827,OPTIMAL,v2:upper,362.82503786302993
7828,OPTIMAL,v2:upper,99.97933877098548
7829,OPTIMAL,v2:upper,12.021305256804787
7830,OPTIMAL,v2:upper,310.55430913475834
7831,OPTIMAL,v2:upper,370.2717680398694
7832,OPTIMAL,v2:upper,100.45728137802459
7833,OPTIMAL,v2:upper,203.67601948211993
7834,OPTIMAL,v2:upper,270.16504020883656
7835,OPTIMAL,v1:upper,167.64283451300827
7836,OPTIMAL,v2:upper,32.95917281110183
7837,OPTIMAL,v2:upper,22.163588758066613
7838,OPTIMAL,v1:upper,117.5392710210035
7839,OPTIMAL,v2:upper,201.06880287416982
7840,OPTIMAL,v2:upper,118.84687291721359
7841,OPTIMAL,v2:upper,68.07859265951389
7842,OPTIMAL,v1:upper,356.3405166914967
7843,OPTIMAL,v1:upper,51.01854758545985
7844,OPTIMAL,v2:upper,58.38843752812081
7845,OPTIMAL,v2:upper,76.64093485585732
7846,OPTIMAL,v2:upper,145.4419885244154
7847,OPTIMAL,v2:upper,107.22987123744281
7848,OPTIMAL,v2:upper,192.94686610113035
7849,OPTIMAL,v2:upper,488.4318566590126
7850,OPTIMAL,v2:upper,156.73207953996885
7851,OPTIMAL,v2:upper,96.86505276900401
7852,OPTIMAL,v2:upper,86.79743734259188
7853,OPTIMAL,v2:upper,46.65700498666536
7854,OPTIMAL,v2:upper,222.6833328562001
7855,OPTIMAL,v2:upper,35.48465493525696
7856,OPTIMAL,v2:upper,169.54090068565293
7857,OPTIMAL,v2:upper,40.740142177720216
7858,OPTIMAL,v2:upper,78.25979041284829
7859,OPTIMAL,v2:upper,71.5255061302955
7860,OPTIMAL,v2:upper,361.6362981124361
7861,OPTIMAL,v2:upper,216.46409997625037
7862,OPTIMAL,v2:upper,96.7833030049137
7863,OPTIMAL,v2:upper,139.19744790358794
7864,OPTIMAL,v2:upper,19.943937744885627
7865,OPTIMAL,v1:upper,47.08053733609599
7866,OPTIMAL,v2:upper,79.51865765368319
7867,OPTIMAL,v2:upper,52.70336106482416
7868,OPTIMAL,v2:upper,72.76239710426151
7869,OPTIMAL,v2:upper,308.2683113248958
7870,OPTIMAL,v1:upper,270.29151240164646
7871,OPTIMAL,v2:upper,205.69629284017316
7872,OPTIMAL,v2:upper,320.26455902982497
7873,OPTIMAL,v2:upper,176.68402488421415
7874,OPTIMAL,v2:upper,215.03964986968285
7875,OPTIMAL,v2:upper,17.563068938208037
7876,OPTIMAL,v2:upper,221.14246451828376
7877,OPTIMAL,v2:upper,134.4341206067453
7878,OPTIMAL,v2:upper,67.51555531767876
7879,OPTIMAL,v2:upper,229.85304411110275
7880,OPTIMAL,v2:upper,137.08313991505133
7881,OPTIMAL,v2:upper,18.851657170284895
7882,OPTIMAL,v2:upper,193.5364424023156
7883,OPTIMAL,v1:upper,135.24730727690076
7884,OPTIMAL,v2:upper,152.53259559827373
7885,OPTIMAL,v2:upper,277.2870242441422
7886,OPTIMAL,v2:upper,59.66640637658238
7887,OPTIMAL,v2:upper,35.454298673364995
7888,OPTIMAL,v2:upper,87.698063825066
7889,OPTIMAL,v2:upper,56.94311813692774
7890,OPTIMAL,v2:upper,369.16013832173894
7891,OPTIMAL,v1:upper,167.35018718656676
7892,OPTIMAL,b1:lower;b2:lower;b3:upper;b4:upper;b5:lower;b6:upper;b7:upper;b8:upper;b14:lower,1000.0
7893,OPTIMAL,v2:upper,111.41614641422572
7894,OPTIMAL,v2:upper,64.75584742693765
7895,OPTIMAL,v2:upper,273.13198216271644
7896,OPTIMAL,v2:upper,48.61311044937608
7897,OPTIMAL,v1:upper,550.148854607533
7898,OPTIMAL,v2:upper,223.3114747548962
7899,OPTIMAL,v2:upper,47.0763944005952
7900,OPTIMAL,v2:upper,25.84089440167681
7901,OPTIMAL,v2:upper,107.23777685026893
7902,OPTIMAL,v2:upper,121.58466238764935
7903,OPTIMAL,v2:upper,329.79444636905777
7904,OPTIMAL,v2:upper,153.95458050819408
7905,OPTIMAL,v2:upper,408.891976606838
7906,OPTIMAL,v2:upper,129.43728569844507
7907,OPTIMAL,v2:upper,556.0856637723191
7908,OPTIMAL,v2:upper,149.5223788988269
7909,OPTIMAL,v2:upper,23.971179994791953
7910,OPTIMAL,v2:upper,209.66941673677442
7911,OPTIMAL,v2:upper,194.0507057466154
7912,OPTIMAL,v2:upper,169.62898072216927
7913,OPTIMAL,v2:upper,29.248680766918064
7914,OPTIMAL,v2:upper,133.92328436737313
7915,OPTIMAL,v2:upper,210.3154932067984
7916,OPTIMAL,v2:upper,240.902101040578
7917,OPTIMAL,v1:upper,96.2564851964096
7918,OPTIMAL,v2:upper,97.71141834364916
7919,OPTIMAL,v1:upper,48.02043769283779
7920,OPTIMAL,v2:upper,61.03060601960288
7921,OPTIMAL,v2:upper,845.0718774602315
7922,OPTIMAL,v2:upper,168.3968822829722
7923,OPTIMAL,v2:upper,80.8134324339724
7924,OPTIMAL,v1:upper,103.83810427485807
7925,OPTIMAL,v2:upper,50.29606820292128
7926,OPTIMAL,v2:upper,74.5708372626096
7927,OPTIMAL,v2:upper,82.14431537413553
7928,OPTIMAL,v2:upper,143.93522669883663
7929,OPTIMAL,v2:upper,177.73389566853592
7930,OPTIMAL,v2:upper,55.12469896488493
7931,OPTIMAL,v2:upper,117.94853086673037
7932,OPTIMAL,v2:upper,20.837414951875296
7933,OPTIMAL,v2:upper,45.882227661721736
7934,OPTIMAL,v2:upper,39.8024680468434
7935,OPTIMAL,v2:upper,96.87183248842746
7936,OPTIMAL,v1:upper,202.3959359967578
7937,OPTIMAL,v2:upper,82.10983482057254
7938,OPTIMAL,v2:upper,40.61299678941746
7939,OPTIMAL,v2:upper,70.21236092660519
7940,OPTIMAL,v2:upper,210.59537299944478
7941,OPTIMAL,v2:upper,104.50612967702361
7942,OPTIMAL,v2:upper,170.73195869522286
7943,OPTIMAL,v2:upper,79.03398879479697
7944,OPTIMAL,v2:upper,90.83815143813968
7945,OPTIMAL,v2:upper,50.43451637921378
7946,OPTIMAL,v2:upper,46.17805575116599
7947,OPTIMAL,v2:upper,466.363057503549
7948,OPTIMAL,v2:upper,143.64446832466302
7949,OPTIMAL,v1:upper,101.13455524390511
7950,OPTIMAL,v2:upper,375.6353709043326
7951,OPTIMAL,v2:upper,73.88228773290182
7952,OPTIMAL,v2:upper,45.85882219151781
7953,OPTIMAL,v2:upper,602.4420646899398
7954,OPTIMAL,v2:upper,19.890033935731253
7955,OPTIMAL,v2:upper,163.88290668976452
7956,OPTIMAL,v2:upper,131.0516518192202
7957,OPTIMAL,v2:upper,237.41308605580886
7958,OPTIMAL,v2:upper,161.25618305234238
7959,OPTIMAL,v2:upper,66.97701308762774
7960,OPTIMAL,v2:upper,128.28010805207526
7961,OPTIMAL,v2:upper,193.95944988536704
7962,OPTIMAL,v2:upper,108.68656547070081
7963,OPTIMAL,v2:upper,27.849685349437568
7964,OPTIMAL,v2:upper,168.37780393969496
7965,OPTIMAL,v2:upper,67.05490544342841
7966,OPTIMAL,v2:upper,88.0647664443488
7967,OPTIMAL,v2:upper,151.0733132479392
7968,OPTIMAL,v2:upper,330.6207283779959
7969,OPTIMAL,v2:upper,708.1273722607281
7970,OPTIMAL,v2:upper,82.08341638723307
7971,OPTIMAL,v1:upper,300.8996276525989
7972,OPTIMAL,v2:upper,102.10172602220587
7973,OPTIMAL,v2:upper,27.303303487481667
7974,OPTIMAL,v2:upper,28.402873098427683
7975,OPTIMAL,v2:upper,63.324062972541135
7976,OPTIMAL,v1:upper,636.0007464229451
7977,OPTIMAL,v2:upper,172.72727124656362
7978,OPTIMAL,v2:upper,29.15235706958846
7979,OPTIMAL,v2:upper,17.43010182405303
7980,OPTIMAL,v1:upper,69.93693382721908
7981,OPTIMAL,v2:upper,37.63367382694161
7982,OPTIMAL,v1:upper,211.93557766689787
7983,OPTIMAL,v1:upper,73.64849973681143
7984,OPTIMAL,v2:upper,120.53598938058585
7985,OPTIMAL,v2:upper,156.9506007108547
7986,OPTIMAL,v2:upper,133.37372545905183
7987,OPTIMAL,v2:upper,384.6777417839968
7988,OPTIMAL,v2:upper,45.1389577869487
7989,OPTIMAL,v2:upper,77.02193812411231
7990,OPTIMAL,v2:upper,915.3629931256353
7991,OPTIMAL,v1:upper,199.15528783014022
7992,OPTIMAL,v2:upper,31.056781970944883
7993,OPTIMAL,v2:upper,19.496217500396682
7994,OPTIMAL,v2:upper,789.7774615519057
7995,OPTIMAL,v2:upper,183.14003540611935
7996,OPTIMAL,v2:upper,65.91332061362073
7997,OPTIMAL,v2:upper,148.0146564816139
7998,OPTIMAL,v2:upper,494.98140491760535
7999,OPTIMAL,v2:upper,77.28093043476176
8000,OPTIMAL,v2:upper,90.46273789766151
8001,OPTIMAL,v2:upper,149.24599678017273
8002,OPTIMAL,v2:upper,360.3226581382997
8003,OPTIMAL,v1:upper,111.53691175496667
8004,OPTIMAL,v1:upper,165.91529505437782
8005,OPTIMAL,v2:upper,73.23920800301488
8006,OPTIMAL,v1:upper,131.23269119825656
8007,OPTIMAL,v2:upper,75.92152395048959
8008,OPTIMAL,v2:upper,76.6585645829437
8009,OPTIMAL,v2:upper,82.64427270316898
8010,OPTIMAL,v2:upper,617.1716513776149
8011,OPTIMAL,v2:upper,116.48168140473547
8012,OPTIMAL,v2:upper,260.7031762277628
8013,OPTIMAL,v1:upper,138.37799067300423
8014,OPTIMAL,v2:upper,491.9763982094659
8015,OPTIMAL,v2:upper,104.22224414847291
8016,OPTIMAL,v2:upper,35.528381223545615
8017,OPTIMAL,v2:upper,85.09405096081781
8018,OPTIMAL,v2:upper,282.6978028469715
8019,OPTIMAL,v2:upper,74.3144584061296
8020,OPTIMAL,v2:upper,438.69411424301256
8021,OPTIMAL,v2:upper,219.92128451122494
8022,OPTIMAL,b1:lower;b2:lower;b3:upper;b4:upper;b5:lower;b6:upper;b7:upper;b8:upper;b14:lower,1000.0
8023,OPTIMAL,v2:upper,87.50211825146798
8024,OPTIMAL,v2:upper,35.6907292086585
8025,OPTIMAL,v2:upper,547.5718058216262
8026,OPTIMAL,v1:upper,171.71359036648943
8027,OPTIMAL,v2:upper,25.698458661367557
8028,OPTIMAL,v1:upper,214.43406816810636
8029,OPTIMAL,v2:upper,297.10732721057343
8030,OPTIMAL,v2:upper,439.3839794510834
8031,OPTIMAL,v2:upper,65.00276638387136
8032,OPTIMAL,v2:upper,224.27091512668386
8033,OPTIMAL,v2:upper,304.6932703715856
8034,OPTIMAL,v2:upper,424.9547657898288
8035,OPTIMAL,v2:upper,260.45727567025904
8036,OPTIMAL,v2:upper,69.29997067289416
8037,OPTIMAL,v2:upper,555.1177786331098
8038,OPTIMAL,v2:upper,130.50367342787834
8039,OPTIMAL,v2:upper,190.9826450127284
8040,OPTIMAL,v2:upper,217.58310227900736
8041,OPTIMAL,v2:upper,155.77510525200654
8042,OPTIMAL,v2:upper,76.84237076862689
8043,OPTIMAL,v1:upper,294.7544655817739
8044,OPTIMAL,v2:upper,167.85229567146334
8045,OPTIMAL,v2:upper,96.61752755324692
8046,OPTIMAL,v2:upper,335.77572805682155
8047,OPTIMAL,v1:upper,191.357475528195
8048,OPTIMAL,v2:upper,87.9187981520942
8049,OPTIMAL,v2:upper,84.37883818814271
8050,OPTIMAL,v2:upper,422.7100303410863
8051,OPTIMAL,v1:upper,292.0012745738159
8052,OPTIMAL,v2:upper,66.98938703016204
8053,OPTIMAL,v2:upper,42.87033475393751
8054,OPTIMAL,v2:upper,181.50009942308492
8055,OPTIMAL,v2:upper,147.93915666118707
8056,OPTIMAL,v2:upper,18.00930853904674
8057,OPTIMAL,v2:upper,172.62557345724264
8058,OPTIMAL,v2:upper,127.81078430475814
8059,OPTIMAL,v1:upper,43.425130837816084
8060,OPTIMAL,v2:upper,231.28701698100636
8061,OPTIMAL,v2:upper,115.0940226351216
8062,OPTIMAL,v2:upper,198.10029188740316
8063,OPTIMAL,v2:upper,172.96269706998382
8064,OPTIMAL,v2:upper,300.2104447302739
8065,OPTIMAL,v2:upper,73.49164276892968
8066,OPTIMAL,v2:upper,21.832213969836484
8067,OPTIMAL,v2:upper,111.4200150754513
8068,OPTIMAL,v2:upper,395.9615480182218
8069,OPTIMAL,v2:upper,188.10715653134469
8070,OPTIMAL,v1:upper,135.59450094699184
8071,OPTIMAL,v1:upper,393.77954723135946
8072,OPTIMAL,v2:upper,167.96686548432035
8073,OPTIMAL,v2:upper,68.00963469780423
8074,OPTIMAL,v2:upper,342.39350401038195
8075,OPTIMAL,v1:upper,142.0554949133947
8076,OPTIMAL,v2:upper,149.61974363999929
8077,OPTIMAL,v2:upper,11.220485288785635
8078,OPTIMAL,v1:upper,234.2292355471477
8079,OPTIMAL,v2:upper,66.16343573507416
8080,OPTIMAL,v2:upper,311.79698272838647
8081,OPTIMAL,v2:upper,74.05074229218087
8082,OPTIMAL,v2:upper,84.76183369143364
8083,OPTIMAL,v1:upper,137.40530657551355
8084,OPTIMAL,v2:upper,41.87367432872963
8085,OPTIMAL,v2:upper,492.3782129025944
8086,OPTIMAL,v2:upper,106.62807775939439
8087,OPTIMAL,v2:upper,122.16468168541164
8088,OPTIMAL,v2:upper,275.7469572379697
8089,OPTIMAL,v2:upper,206.8325618876779
8090,OPTIMAL,v2:upper,17.369747367372067
8091,OPTIMAL,v2:upper,138.7037805279727
8092,OPTIMAL,v2:upper,247.37978082493544
8093,OPTIMAL,v2:upper,146.15123163057314
8094,OPTIMAL,v1:upper,100.7888192143714
8095,OPTIMAL,v2:upper,129.62582786221094
8096,OPTIMAL,v2:upper,118.37769066407127
8097,OPTIMAL,v2:upper,96.85356874487178
8098,OPTIMAL,v2:upper,215.05186077480704
8099,OPTIMAL,v2:upper,216.614504002542
8100,OPTIMAL,v2:upper,312.0576297901732
8101,OPTIMAL,v1:upper,90.14488185582057
8102,OPTIMAL,v1:upper,98.10483531145088
8103,OPTIMAL,v2:upper,288.68763261085934
8104,OPTIMAL,v1:upper,75.20087374442207
8105,OPTIMAL,v2:upper,126.06746113713542
8106,OPTIMAL,v2:upper,152.58754570357215
8107,OPTIMAL,v2:upper,45.15091941915192
8108,OPTIMAL,v2:upper,12.84500332063596
8109,OPTIMAL,v2:upper,269.92923813416394
8110,OPTIMAL,v1:upper,132.83398824087465
8111,OPTIMAL,v1:upper,282.29939335574386
8112,OPTIMAL,v2:upper,42.31447703751839
8113,OPTIMAL,v2:upper,277.8742812703599
8114,OPTIMAL,v2:upper,100.41082821536729
8115,OPTIMAL,v2:upper,79.35173679226288
8116,OPTIMAL,v2:upper,15.37771577746095
8117,OPTIMAL,v2:upper,235.75356638106376
8118,OPTIMAL,v2:upper,188.15665594778795
8119,OPTIMAL,v1:upper,144.23249285905248
8120,OPTIMAL,v2:upper,60.96931963259005
8121,OPTIMAL,v1:upper,473.30977917394847
8122,OPTIMAL,v2:upper,116.7331683918393
8123,OPTIMAL,v2:upper,95.95399450002041
8124,OPTIMAL,v2:upper,205.78250877857016
8125,OPTIMAL,v2:upper,80.00359775013541
8126,OPTIMAL,v2:upper,175.17607589115525
8127,OPTIMAL,v2:upper,29.533350256980246
8128,OPTIMAL,b1:lower;b2:lower;b3:upper;b4:upper;b5:lower;b6:upper;b7:upper;b8:upper;b14:lower,1000.0
8129,OPTIMAL,v2:upper,135.32676652278235
8130,OPTIMAL,v1:upper,110.64210979965523
8131,OPTIMAL,v2:upper,107.05662249672218
8132,OPTIMAL,v2:upper,168.0725697117529
8133,OPTIMAL,v2:upper,132.14045385393447
8134,OPTIMAL,v2:upper,52.84222174367909
8135,OPTIMAL,v2:upper,53.50837610493737
8136,OPTIMAL,v1:upper,147.84209015772092
8137,OPTIMAL,v2:upper,191.2068725884898
8138,OPTIMAL,v2:upper,181.77205171738876
8139,OPTIMAL,v1:upper,43.568277389104004
8140,OPTIMAL,v2:upper,121.13442623818285
8141,OPTIMAL,v2:upper,141.09329814808515
8142,OPTIMAL,v2:upper,49.17087755529794
8143,OPTIMAL,v2:upper,168.06059072729477
8144,OPTIMAL,v2:upper,142.0790114316111
8145,OPTIMAL,v2:upper,41.129049146477925
8146,OPTIMAL,v2:upper,125.16085406173221
8147,OPTIMAL,v2:upper,156.5273679780869
8148,OPTIMAL,v2:upper,107.16529957372838
8149,OPTIMAL,v2:upper,103.44858653605903
8150,OPTIMAL,v2:upper,99.98458099313844
8151,OPTIMAL,v2:upper,101.55183710053355
8152,OPTIMAL,v2:upper,255.5945460117427
8153,OPTIMAL,v2:upper,957.1629348314138
8154,OPTIMAL,v2:upper,337.7711753490411
8155,OPTIMAL,v2:upper,153.16961033851769
8156,OPTIMAL,v2:upper,36.11503554522786
8157,OPTIMAL,v2:upper,10.601501539531572
8158,OPTIMAL,v1:upper,59.41419148555928
8159,OPTIMAL,v1:upper,367.0043849200939
8160,OPTIMAL,v2:upper,34.12889808719921
8161,OPTIMAL,v2:upper,388.0997773590437
8162,OPTIMAL,v2:upper,51.51624011628721
8163,OPTIMAL,v2:upper,117.99397702849744
8164,OPTIMAL,v2:upper,300.0836194024262
8165,OPTIMAL,v2:upper,28.742330259634517
8166,OPTIMAL,v1:upper,41.31442201987723
8167,OPTIMAL,v2:upper,346.8602774997822
8168,OPTIMAL,v2:upper,121.57386220920212
8169,OPTIMAL,v2:upper,91.54457612489499
8170,OPTIMAL,v2:upper,121.24958970375174
8171,OPTIMAL,v2:upper,60.45041166437489
8172,OPTIMAL,v2:upper,92.82802459625299
8173,OPTIMAL,v2:upper,227.90513022412944
8174,OPTIMAL,v2:upper,71.94784702782869
8175,OPTIMAL,v2:upper,64.09238691818136
8176,OPTIMAL,v2:upper,158.6623068753341
8177,OPTIMAL,v2:upper,115.29423409208336
8178,OPTIMAL,v2:upper,256.54374418617726
8179,OPTIMAL,v2:upper,127.41423053191934
8180,OPTIMAL,v2:upper,530.2459613667544
8181,OPTIMAL,v1:upper,202.42859498153786
8182,OPTIMAL,v2:upper,30.751519814695566
8183,OPTIMAL,v2:upper,883.3016778099794
8184,OPTIMAL,v2:upper,32.88956432605978
8185,OPTIMAL,v2:upper,255.9640254577612
8186,OPTIMAL,v2:upper,59.97246459288451
8187,OPTIMAL,v2:upper,990.477678193775
8188,OPTIMAL,v2:upper,836.0627647872913
8189,OPTIMAL,v2:upper,263.95783115773526
8190,OPTIMAL,v1:upper,68.3566549046682
8191,OPTIMAL,v2:upper,391.99562615493153
8192,OPTIMAL,v1:upper,249.47487775906984
8193,OPTIMAL,v2:upper,145.26235204375945
8194,OPTIMAL,v2:upper,279.0797478794694
8195,OPTIMAL,v2:upper,261.41656471260126
8196,OPTIMAL,v2:upper,50.333016342613845
8197,OPTIMAL,v1:upper,54.312795041392214
8198,OPTIMAL,v2:upper,127.45745900089915
8199,OPTIMAL,v2:upper,18.03380447776858
8200,OPTIMAL,v2:upper,87.33913221339807
8201,OPTIMAL,v2:upper,78.8542034142308
8202,OPTIMAL,v2:upper,70.01302056607305
8203,OPTIMAL,v2:upper,27.185384624243046
8204,OPTIMAL,v2:upper,70.74941238176946
8205,OPTIMAL,v2:upper,465.79622713914813
8206,OPTIMAL,v2:upper,31.47026251618842
8207,OPTIMAL,v1:upper,510.5483608692345
8208,OPTIMAL,v2:upper,220.8969475657676
8209,OPTIMAL,v2:upper,131.9509262744179
8210,OPTIMAL,v2:upper,52.5606901689783
8211,OPTIMAL,v2:upper,93.27649550462246
8212,OPTIMAL,v2:upper,175.6041696545718
8213,OPTIMAL,v2:upper,118.24173932079238
8214,OPTIMAL,v2:upper,410.74153984887363
8215,OPTIMAL,v2:upper,237.13773119005737
8216,OPTIMAL,v2:upper,123.01563607273468
8217,OPTIMAL,v2:upper,46.737470548078676
8218,OPTIMAL,v2:upper,27.68763884085271
8219,OPTIMAL,v2:upper,104.35444054860083
8220,OPTIMAL,v1:upper,155.53382309384742
8221,OPTIMAL,v2:upper,124.08564520493648
8222,OPTIMAL,v2:upper,148.22046363515915
8223,OPTIMAL,v2:upper,141.37113453649016
8224,OPTIMAL,v2:upper,50.239915744863296
8225,OPTIMAL,v1:upper,53.323527956729635
8226,OPTIMAL,v2:upper,300.36309582842847
8227,OPTIMAL,v2:upper,127.85154621943752
8228,OPTIMAL,v2:upper,88.93374111002409
8229,OPTIMAL,v1:upper,331.84825184603227
8230,OPTIMAL,v2:upper,22.376950717794635
8231,OPTIMAL,v2:upper,339.5140574727336
8232,OPTIMAL,v2:upper,62.56685613682521
8233,OPTIMAL,v1:upper,145.95870053104176
8234,OPTIMAL,v2:upper,30.538631712646957
8235,OPTIMAL,v2:upper,249.27085104702098
8236,OPTIMAL,v2:upper,67.14530918574476
8237,OPTIMAL,v2:upper,38.21254445145541
8238,OPTIMAL,v2:upper,102.54442583484126
8239,OPTIMAL,v2:upper,226.69009744624515
8240,OPTIMAL,v2:upper,151.74931754467374
8241,OPTIMAL,v2:upper,71.39443394358088
8242,OPTIMAL,v2:upper,46.31631628507077
8243,OPTIMAL,v1:upper,438.1785540649663
8244,OPTIMAL,v1:upper,143.4667004780656
8245,OPTIMAL,v2:upper,249.39753326584704
8246,OPTIMAL,v2:upper,19.04880263038135
8247,OPTIMAL,v2:upper,34.32769736082837
8248,OPTIMAL,v2:upper,303.1274884622662
8249,OPTIMAL,v2:upper,250.09413654791027
8250,OPTIMAL,v2:upper,29.00856406002346
8251,OPTIMAL,v2:upper,37.75283982047336
8252,OPTIMAL,v2:upper,60.45720589506241
8253,OPTIMAL,v2:upper,148.83342242278482
8254,OPTIMAL,v2:upper,33.92396593616253
8255,OPTIMAL,v2:upper,121.82550395563908
8256,OPTIMAL,v2:upper,122.73385095944865
8257,OPTIMAL,v2:upper,183.8516568878474
8258,OPTIMAL,v2:upper,192.92894396639105
8259,OPTIMAL,v2:upper,209.08009242149734
8260,OPTIMAL,v2:upper,107.2672260381076
8261,OPTIMAL,v2:upper,145.54418534198706
8262,OPTIMAL,v2:upper,476.05202245467535
8263,OPTIMAL,v2:upper,137.5311669843529
8264,OPTIMAL,v2:upper,213.307916628062
8265,OPTIMAL,v2:upper,63.50102753174441
8266,OPTIMAL,v1:upper,72.69023498410142
8267,OPTIMAL,v2:upper,113.19041463896085
8268,OPTIMAL,v2:upper,25.372475545582432
8269,OPTIMAL,v2:upper,137.69090568536717
8270,OPTIMAL,v2:upper,98.46169957411568
8271,OPTIMAL,v2:upper,560.5525348304382
8272,OPTIMAL,v2:upper,31.235587192385644
8273,OPTIMAL,v2:upper,82.73800748790644
8274,OPTIMAL,v2:upper,161.7749332102593
8275,OPTIMAL,v2:upper,201.5933342232793
8276,OPTIMAL,v2:upper,110.49414206663864
8277,OPTIMAL,v2:upper,33.29878402888032
8278,OPTIMAL,v1:upper,390.81907059595864
8279,OPTIMAL,v1:upper,408.4980437068611
8280,OPTIMAL,v2:upper,378.46732000046404
8281,OPTIMAL,v2:upper,64.88207286928771
8282,OPTIMAL,v2:upper,81.91466496373575
8283,OPTIMAL,v2:upper,69.8701897712004
8284,OPTIMAL,v2:upper,39.6739861691787
8285,OPTIMAL,v2:upper,128.48866312186962
8286,OPTIMAL,v2:upper,133.97195284671017
8287,OPTIMAL,v2:upper,57.74791582949928
8288,OPTIMAL,v2:upper,362.0832350065489
8289,OPTIMAL,v2:upper,256.70546870471225
8290,OPTIMAL,v2:upper,55.75115220852992
8291,OPTIMAL,v1:upper,170.61568135157523
8292,OPTIMAL,v2:upper,206.96674088365842
8293,OPTIMAL,v2:upper,139.0848142705852
8294,OPTIMAL,v2:upper,113.09814532288604
8295,OPTIMAL,v2:upper,131.7125838403051
8296,OPTIMAL,v2:upper,513.2256566805269
8297,OPTIMAL,v2:upper,62.38651035702652
8298,OPTIMAL,v2:upper,109.11091372597338
8299,OPTIMAL,v2:upper,131.2000418293153
8300,OPTIMAL,v1:upper,105.22034231376806
8301,OPTIMAL,v2:upper,178.3317421144689
8302,OPTIMAL,v1:upper,112.9136195191338
8303,OPTIMAL,v2:upper,631.4296136051183
8304,OPTIMAL,v2:upper,158.50040033798615
8305,OPTIMAL,v2:upper,23.193160076839405
8306,OPTIMAL,v2:upper,268.3532377272443
8307,OPTIMAL,v2:upper,132.46039085783835
8308,OPTIMAL,v2:upper,397.66046420177486
8309,OPTIMAL,v2:upper,97.96711622343796
8310,OPTIMAL,v2:upper,819.0664225550806
8311,OPTIMAL,v2:upper,34.095652313847545
8312,OPTIMAL,v2:upper,425.64272374314555
8313,OPTIMAL,v2:upper,215.24466005230107
8314,OPTIMAL,v2:upper,31.12381386492147
8315,OPTIMAL,v2:upper,98.16062962849873
8316,OPTIMAL,v2:upper,29.86253623385712
8317,OPTIMAL,v2:upper,76.14021603555062
8318,OPTIMAL,v2:upper,160.44515484622116
8319,OPTIMAL,v1:upper,104.47172763212066
8320,OPTIMAL,v2:upper,87.20781336637569
8321,OPTIMAL,v2:upper,61.60257072390506
8322,OPTIMAL,v2:upper,47.875896473845444
8323,OPTIMAL,v2:upper,124.56162563878655
8324,OPTIMAL,v2:upper,74.2209261136244
8325,OPTIMAL,v2:upper,159.29651618231804
8326,OPTIMAL,v2:upper,43.79158423342151
8327,OPTIMAL,v2:upper,231.35183613554977
8328,OPTIMAL,v1:upper,36.97800102664588
8329,OPTIMAL,v2:upper,77.68745768946768
8330,OPTIMAL,v1:upper,138.11175225434175
8331,OPTIMAL,v2:upper,215.16061775224233
8332,OPTIMAL,v2:upper,38.616459655189715
8333,OPTIMAL,v2:upper,268.2496464677006
8334,OPTIMAL,v2:upper,102.29065858711782
8335,OPTIMAL,v2:upper,8.77646876482678
8336,OPTIMAL,v2:upper,135.479829698748
8337,OPTIMAL,v2:upper,32.67395073371071
8338,OPTIMAL,v2:upper,87.6984251118882
8339,OPTIMAL,v2:upper,180.0518399180831
8340,OPTIMAL,v2:upper,136.85472055630854
8341,OPTIMAL,v2:upper,79.99043828726859
8342,OPTIMAL,v2:upper,63.48673351323768
8343,OPTIMAL,v2:upper,121.38173426374335
8344,OPTIMAL,v1:upper,223.23408132393772
8345,OPTIMAL,v2:upper,635.6212466697042
8346,OPTIMAL,v2:upper,85.78257000954602
8347,OPTIMAL,v2:upper,119.59118234499545
8348,OPTIMAL,v1:upper,131.2616994259699
8349,OPTIMAL,v2:upper,112.57027306585542
8350,OPTIMAL,v1:upper,57.215171584337575
8351,OPTIMAL,v2:upper,584.9861585918018
8352,OPTIMAL,v1:upper,417.4829228965574
8353,OPTIMAL,v2:upper,72.35887851087165
8354,OPTIMAL,v2:upper,111.53964554872194
8355,OPTIMAL,v2:upper,26.6475034887348
8356,OPTIMAL,v2:upper,226.7810010661575
8357,OPTIMAL,v2:upper,71.28157018301437
8358,OPTIMAL,v2:upper,114.79543345662594
8359,OPTIMAL,v2:upper,428.6578891756632
8360,OPTIMAL,v2:upper,121.14663380790172
8361,OPTIMAL,v2:upper,121.8078628643539
8362,OPTIMAL,v2:upper,37.25118242271337
8363,OPTIMAL,v2:upper,122.72125897552417
8364,OPTIMAL,v2:upper,46.872030895890745
8365,OPTIMAL,v2:upper,73.4361625591389
8366,OPTIMAL,v2:upper,201.4282719208821
8367,OPTIMAL,v2:upper,11.698388941993539
8368,OPTIMAL,v2:upper,68.59960151211553
8369,OPTIMAL,v2:upper,214.30790464660026
8370,OPTIMAL,v2:upper,49.11591153094651
8371,OPTIMAL,v2:upper,403.2548604069995
8372,OPTIMAL,v1:upper,645.1882200402645
8373,OPTIMAL,v2:upper,26.23489072026822
8374,OPTIMAL,v2:upper,67.93669267066824
8375,OPTIMAL,v2:upper,109.83264148220704
8376,OPTIMAL,v2:upper,28.333938462607613
8377,OPTIMAL,v2:upper,297.23818054767224
8378,OPTIMAL,v2:upper,65.11791539511145
8379,OPTIMAL,v2:upper,54.84601087024083
8380,OPTIMAL,v2:upper,122.2411563325047
8381,OPTIMAL,v2:upper,67.40999329150166
8382,OPTIMAL,v2:upper,175.02131134785617
8383,OPTIMAL,v2:upper,159.81532688443633
8384,OPTIMAL,v2:upper,35.04756545476338
8385,OPTIMAL,v2:upper,86.06118847009428
8386,OPTIMAL,v2:upper,39.16463316605966
8387,OPTIMAL,b1:lower;b2:lower;b3:upper;b4:upper;b5:lower;b6:upper;b7:upper;b8:upper;b14:lower,1000.0
8388,OPTIMAL,v2:upper,61.78561689862756
8389,OPTIMAL,v2:upper,25.924396110155495
8390,OPTIMAL,v2:upper,77.35679860542638
8391,OPTIMAL,v1:upper,61.18945063882304
8392,OPTIMAL,v2:upper,98.06402666935404
8393,OPTIMAL,v2:upper,13.352693956572187
8394,OPTIMAL,v2:upper,127.2255712620277
8395,OPTIMAL,v2:upper,59.59201091426891
8396,OPTIMAL,v2:upper,80.51027931450965
8397,OPTIMAL,v2:upper,252.97945884023986
8398,OPTIMAL,v2:upper,109.2965217192947
8399,OPTIMAL,v2:upper,277.35729637705026
8400,OPTIMAL,v2:upper,36.14093222876436
8401,OPTIMAL,v2:upper,79.99252034145107
8402,OPTIMAL,v2:upper,36.61958941440286
8403,OPTIMAL,v2:upper,180.20073025227788
8404,OPTIMAL,v2:upper,114.1032466691984
8405,OPTIMAL,v2:upper,73.79476263330282
8406,OPTIMAL,v2:upper,283.95918758452456
8407,OPTIMAL,v2:upper,598.3407914010296
8408,OPTIMAL,v2:upper,413.23966304362375
8409,OPTIMAL,v2:upper,72.28434348700713
8410,OPTIMAL,v2:upper,87.73248367648722
8411,OPTIMAL,v2:upper,276.71358336574536
8412,OPTIMAL,v2:upper,118.61677143124508
8413,OPTIMAL,v1:upper,25.183694095160334
8414,OPTIMAL,v2:upper,156.4563875514358
8415,OPTIMAL,v2:upper,109.20628847946807
8416,OPTIMAL,v2:upper,62.56277799675055
8417,OPTIMAL,v2:upper,181.22872005011527
8418,OPTIMAL,v2:upper,157.87697590344777
8419,OPTIMAL,v2:upper,457.5117970066764
8420,OPTIMAL,v2:upper,421.4117178681558
8421,OPTIMAL,v2:upper,645.0998206275598
8422,OPTIMAL,v2:upper,631.2601102024029
8423,OPTIMAL,v2:upper,136.56512534345327
8424,OPTIMAL,v2:upper,179.61650817908128
8425,OPTIMAL,v2:upper,142.1932454236795
8426,OPTIMAL,v2:upper,56.112596749983545
8427,OPTIMAL,v2:upper,303.0568476026652
8428,OPTIMAL,v2:upper,386.52067957010877
8429,OPTIMAL,v2:upper,48.00609281746021
8430,OPTIMAL,v2:upper,26.72039853749184
8431,OPTIMAL,v1:upper,68.19449797411158
8432,OPTIMAL,v2:upper,55.56907681942655
8433,OPTIMAL,v2:upper,32.092188896815905
8434,OPTIMAL,v2:upper,69.64035751668665
8435,OPTIMAL,v2:upper,53.98765526690291
8436,OPTIMAL,v2:upper,197.44229966472597
8437,OPTIMAL,v2:upper,56.67143424626583
8438,OPTIMAL,v2:upper,167.44303525011702
8439,OPTIMAL,v2:upper,79.15083123498407
8440,OPTIMAL,v2:upper,99.11602536477659
8441,OPTIMAL,v2:upper,21.85182903203051
8442,OPTIMAL,v2:upper,54.219859965903666
8443,OPTIMAL,v2:upper,9.935094235903678
8444,OPTIMAL,v2:upper,78.02034432596386
8445,OPTIMAL,v2:upper,100.04146465684704
8446,OPTIMAL,v2:upper,29.541135413634002
8447,OPTIMAL,v2:upper,48.96643794144119
8448,OPTIMAL,v2:upper,192.42913627713833
8449,OPTIMAL,v2:upper,95.5009944189392
8450,OPTIMAL,v2:upper,568.5658538358459
8451,OPTIMAL,v2:upper,45.365564967768286
8452,OPTIMAL,v2:upper,61.952353325798576
8453,OPTIMAL,v2:upper,37.06155565757542
8454,OPTIMAL,v2:upper,115.46872936583021
8455,OPTIMAL,v2:upper,75.80494363337601
8456,OPTIMAL,v2:upper,325.4325923535812
8457,OPTIMAL,v2:upper,33.80541812533435
8458,OPTIMAL,v2:upper,198.94773825302886
8459,OPTIMAL,v1:upper,361.19327482298354
8460,OPTIMAL,v2:upper,76.57238562756385
8461,OPTIMAL,v2:upper,25.518247525181206
8462,OPTIMAL,v2:upper,119.63359776690376
8463,OPTIMAL,v2:upper,231.30226897005156
8464,OPTIMAL,v2:upper,256.6368584433843
8465,OPTIMAL,v2:upper,185.7140806056451
8466,OPTIMAL,v2:upper,219.57939534281454
8467,OPTIMAL,v2:upper,208.6671368560671
8468,OPTIMAL,v2:upper,151.4049086523083
8469,OPTIMAL,v2:upper,58.17314735746361
8470,OPTIMAL,v2:upper,351.56646492647053
8471,OPTIMAL,v2:upper,320.6203033442269
8472,OPTIMAL,v2:upper,142.78940395473862
8473,OPTIMAL,v2:upper,140.97019401247073
8474,OPTIMAL,v2:upper,105.89999454209176
8475,OPTIMAL,v1:upper,130.69710307339224
8476,OPTIMAL,v2:upper,82.41806649179401
8477,OPTIMAL,v2:upper,522.8287725075477
8478,OPTIMAL,v2:upper,13.964611045715678
8479,OPTIMAL,v2:upper,153.25290427082302
8480,OPTIMAL,v2:upper,51.508310076139985
8481,OPTIMAL,v2:upper,65.19861804723996
8482,OPTIMAL,v2:upper,77.16312229743622
8483,OPTIMAL,v2:upper,78.70346703876433
8484,OPTIMAL,v2:upper,669.7817876803555
8485,OPTIMAL,v2:upper,79.25253677921047
8486,OPTIMAL,v2:upper,251.72013002930086
8487,OPTIMAL,v2:upper,108.97780152579422
8488,OPTIMAL,v2:upper,215.92243133025272
8489,OPTIMAL,v1:upper,38.07144049060724
8490,OPTIMAL,v1:upper,111.00573389627297
8491,OPTIMAL,v2:upper,35.51614615506231
8492,OPTIMAL,v1:upper,166.18067855817577
8493,OPTIMAL,v2:upper,150.575965414569
8494,OPTIMAL,v2:upper,34.62158991616535
8495,OPTIMAL,b1:lower;b2:lower;b3:upper;b4:upper;b5:lower;b6:upper;b7:upper;b8:upper;b14:lower,1000.0
8496,OPTIMAL,v2:upper,118.99585600142561
8497,OPTIMAL,v2:upper,306.10186878542675
8498,OPTIMAL,v2:upper,48.05470639836112
8499,OPTIMAL,v1:upper,136.0504858052175
8500,OPTIMAL,v1:upper,552.1524469331325
8501,OPTIMAL,v2:upper,41.11198417423908
8502,OPTIMAL,v2:upper,173.92515473952156
8503,OPTIMAL,v2:upper,148.0851225933526
8504,OPTIMAL,v1:upper,191.53745628926492
8505,OPTIMAL,v2:upper,112.8910613352479
8506,OPTIMAL,v2:upper,48.86708820938025
8507,OPTIMAL,v2:upper,76.49747337393555
8508,OPTIMAL,v2:upper,38.111668689155586
8509,OPTIMAL,v2:upper,154.314317107579
8510,OPTIMAL,v2:upper,172.51941613414542
8511,OPTIMAL,v2:upper,111.84732724797885
8512,OPTIMAL,v2:upper,64.63517489040417
8513,OPTIMAL,v1:upper,189.06906000598246
8514,OPTIMAL,v2:upper,80.89010701045882
8515,OPTIMAL,v1:upper,170.12139865179068
8516,OPTIMAL,v2:upper,25.891251700459847
8517,OPTIMAL,v2:upper,166.61346092655506
8518,OPTIMAL,v2:upper,195.0196689846289
8519,OPTIMAL,v2:upper,150.72210203274514
8520,OPTIMAL,v2:upper,121.61764377446566
8521,OPTIMAL,v1:upper,36.304553173187635
8522,OPTIMAL,v2:upper,255.4718904704016
8523,OPTIMAL,v2:upper,35.3822359826704
8524,OPTIMAL,v2:upper,102.20987271745663
8525,OPTIMAL,v1:upper,312.4542104655662
8526,OPTIMAL,v2:upper,78.52595585718919
8527,OPTIMAL,v2:upper,35.987616197309244
8528,OPTIMAL,v2:upper,104.70779934790775
8529,OPTIMAL,v2:upper,146.20373053245947
8530,OPTIMAL,v2:upper,121.38066300838786
8531,OPTIMAL,v2:upper,139.9442719360977
8532,OPTIMAL,v2:upper,903.5083295401441
8533,OPTIMAL,v2:upper,263.8684552884731
8534,OPTIMAL,v2:upper,272.7841578654309
8535,OPTIMAL,v2:upper,235.24368103789195
8536,OPTIMAL,v2:upper,44.194911101489495
8537,OPTIMAL,v2:upper,105.26392299571529
8538,OPTIMAL,v2:upper,123.73451563652144
8539,OPTIMAL,v2:upper,27.936020185688147
8540,OPTIMAL,v2:upper,39.322015399346064
8541,OPTIMAL,v2:upper,114.08216535709401
8542,OPTIMAL,v2:upper,376.80453590732304
8543,OPTIMAL,v2:upper,35.584689588403776
8544,OPTIMAL,v2:upper,169.53906933912774
8545,OPTIMAL,v2:upper,201.27989865560932
8546,OPTIMAL,v2:upper,90.4152139263964
8547,OPTIMAL,v2:upper,565.8134349323135
8548,OPTIMAL,v1:upper,131.875008596935
8549,OPTIMAL,v2:upper,192.74602435618084
8550,OPTIMAL,v2:upper,64.89047685233164
8551,OPTIMAL,v2:upper,9.10914037887558
8552,OPTIMAL,v2:upper,70.58767735857101
8553,OPTIMAL,v2:upper,177.61044064529335
8554,OPTIMAL,v2:upper,42.767687971001294
8555,OPTIMAL,v2:upper,185.74626432176888
8556,OPTIMAL,v2:upper,51.09829675630042
8557,OPTIMAL,v1:upper,154.25677304012527
8558,OPTIMAL,v1:upper,41.706096777412306
8559,OPTIMAL,v2:upper,216.70583550181928
8560,OPTIMAL,v2:upper,94.2921175852184
8561,OPTIMAL,v2:upper,10.71784938443297
8562,OPTIMAL,v2:upper,158.24073752372098
8563,OPTIMAL,v2:upper,270.49058689564146
8564,OPTIMAL,v1:upper,110.41320278834394
8565,OPTIMAL,v2:upper,119.91141568393726
8566,OPTIMAL,v2:upper,111.48158740177196
8567,OPTIMAL,v2:upper,30.917239904112467
8568,OPTIMAL,v2:upper,170.8916597649818
8569,OPTIMAL,v2:upper,220.0514731987498
8570,OPTIMAL,v2:upper,29.862488330206936
8571,OPTIMAL,v2:upper,54.76977013882813
8572,OPTIMAL,v2:upper,43.95018183634725
8573,OPTIMAL,v2:upper,58.847220859480096
8574,OPTIMAL,v2:upper,45.84888230598216
8575,OPTIMAL,v1:upper,105.76831729869372
8576,OPTIMAL,v2:upper,108.98878773824643
8577,OPTIMAL,v2:upper,392.2796917692971
8578,OPTIMAL,v2:upper,59.04637118417104
8579,OPTIMAL,v2:upper,242.01558577221513
8580,OPTIMAL,v1:upper,135.44247281624973
8581,OPTIMAL,v2:upper,96.5921599908787
8582,OPTIMAL,v2:upper,241.80239245002903
8583,OPTIMAL,v1:upper,243.48232982706728
8584,OPTIMAL,v2:upper,19.73458360190336
8585,OPTIMAL,v2:upper,565.6525529860637
8586,OPTIMAL,v2:upper,95.44714568059757
8587,OPTIMAL,v2:upper,293.2521489526927
8588,OPTIMAL,v2:upper,79.28580330960726
8589,OPTIMAL,v2:upper,25.957755050786414
8590,OPTIMAL,v2:upper,71.0817753310835
8591,OPTIMAL,v2:upper,58.443562820886235
8592,OPTIMAL,v2:upper,94.83974150772798
8593,OPTIMAL,b1:lower;b2:lower;b3:upper;b4:upper;b5:lower;b6:upper;b7:upper;b8:upper;b14:lower,1000.0
8594,OPTIMAL,v1:upper,267.77461637302474
8595,OPTIMAL,v2:upper,384.8175292905497
8596,OPTIMAL,v2:upper,23.84089884936246
8597,OPTIMAL,v2:upper,9.30624013614978
8598,OPTIMAL,v2:upper,65.20932438160342
8599,OPTIMAL,v2:upper,49.60848111394947
8600,OPTIMAL,v2:upper,30.4934646644318
8601,OPTIMAL,v2:upper,376.69145797701253
8602,OPTIMAL,v2:upper,560.0517561905212
8603,OPTIMAL,v2:upper,112.60701658949105
8604,OPTIMAL,v2:upper,85.20344531865145
8605,OPTIMAL,v2:upper,233.5879393602882
8606,OPTIMAL,v2:upper,51.889355980263076
8607,OPTIMAL,v2:upper,21.724607242021637
8608,OPTIMAL,v2:upper,95.12384746333016
8609,OPTIMAL,v2:upper,129.99896657050408
8610,OPTIMAL,v2:upper,335.3349086251114
8611,OPTIMAL,b1:lower;b2:lower;b3:upper;b4:upper;b5:lower;b6:upper;b7:upper;b8:upper;b14:lower,1000.0
8612,OPTIMAL,v2:upper,79.36736829813859
8613,OPTIMAL,v2:upper,37.68440395530462
8614,OPTIMAL,v2:upper,223.08384440399013
8615,OPTIMAL,v1:upper,94.52527195156199
8616,OPTIMAL,v2:upper,747.3063889100275
8617,OPTIMAL,v2:upper,58.666274298220664
8618,OPTIMAL,v2:upper,88.83918476988694
8619,OPTIMAL,v2:upper,69.47128178414339
8620,OPTIMAL,v2:upper,122.47647541124441
8621,OPTIMAL,v2:upper,180.27317448237733
8622,OPTIMAL,v2:upper,129.55708825789003
8623,OPTIMAL,v2:upper,252.87403609891857
8624,OPTIMAL,v2:upper,22.70491529201621
8625,OPTIMAL,b1:lower;b2:lower;b3:upper;b4:upper;b5:lower;b6:upper;b7:upper;b8:upper;b14:lower,1000.0
8626,OPTIMAL,v2:upper,229.6488046431163
8627,OPTIMAL,v2:upper,121.05397218948002
8628,OPTIMAL,v2:upper,23.17907956110223
8629,OPTIMAL,v2:upper,73.57367935955712
8630,OPTIMAL,v2:upper,8.287017562305747
8631,OPTIMAL,v2:upper,225.7371287176826
8632,OPTIMAL,v2:upper,111.75143618765873
8633,OPTIMAL,v2:upper,142.77121834084375
8634,OPTIMAL,v2:upper,632.5443918567383
8635,OPTIMAL,v2:upper,117.05358611022726
8636,OPTIMAL,v2:upper,249.49150390046088
8637,OPTIMAL,v2:upper,347.4731350465905
8638,OPTIMAL,v2:upper,35.50286904692573
8639,OPTIMAL,v2:upper,176.70821592725994
8640,OPTIMAL,v2:upper,12.403846254476209
8641,OPTIMAL,v2:upper,153.95256587341675
8642,OPTIMAL,v2:upper,72.93317043483334
8643,OPTIMAL,v2:upper,223.56736484329022
8644,OPTIMAL,v2:upper,90.92399353909408
8645,OPTIMAL,b1:lower;b2:lower;b3:upper;b4:upper;b5:lower;b6:upper;b7:upper;b8:upper;b14:lower,1000.0
8646,OPTIMAL,v2:upper,17.966686130629185
8647,OPTIMAL,v2:upper,51.09696590834161
8648,OPTIMAL,v2:upper,249.02264476090215
8649,OPTIMAL,v2:upper,65.397956606992
8650,OPTIMAL,v2:upper,83.85543069273392
8651,OPTIMAL,v2:upper,175.50207166187417
8652,OPTIMAL,v1:upper,100.57363297708258
8653,OPTIMAL,v2:upper,56.82133459728873
8654,OPTIMAL,v2:upper,44.794807708444864
8655,OPTIMAL,v2:upper,166.4987885016036
8656,OPTIMAL,v2:upper,178.99738582686334
8657,OPTIMAL,v1:upper,30.02045154046435
8658,OPTIMAL,v2:upper,58.51420000151827
8659,OPTIMAL,v2:upper,290.5207458189693
8660,OPTIMAL,v2:upper,33.53812317196576
8661,OPTIMAL,v2:upper,189.7600511390254
8662,OPTIMAL,v2:upper,169.6522644430386
8663,OPTIMAL,v2:upper,67.1204113084836
8664,OPTIMAL,v2:upper,128.01095210219287
8665,OPTIMAL,v2:upper,140.98325926000035
8666,OPTIMAL,v1:upper,137.1329293003192
8667,OPTIMAL,v2:upper,156.92995256362798
8668,OPTIMAL,v1:upper,177.34551169612737
8669,OPTIMAL,v2:upper,47.83242971821578
8670,OPTIMAL,v2:upper,86.08326187083577
8671,OPTIMAL,v1:upper,411.66980155899415
8672,OPTIMAL,v2:upper,94.74473955796965
8673,OPTIMAL,v2:upper,15.03074561346462
8674,OPTIMAL,v2:upper,59.231618443308534
8675,OPTIMAL,v1:upper,53.832879496280135
8676,OPTIMAL,v2:upper,40.315694702978845
8677,OPTIMAL,v2:upper,212.44290784774492
8678,OPTIMAL,v2:upper,190.56625011525557
8679,OPTIMAL,v2:upper,76.99879188020248
8680,OPTIMAL,v1:upper,282.0168536481622
8681,OPTIMAL,v1:upper,121.22043954580727
8682,OPTIMAL,v2:upper,100.85669233604007
8683,OPTIMAL,v2:upper,71.39882970125947
8684,OPTIMAL,v1:upper,356.48002101078146
8685,OPTIMAL,v2:upper,196.3508948020612
8686,OPTIMAL,v2:upper,66.56781729438127
8687,OPTIMAL,v2:upper,150.57647864302908
8688,OPTIMAL,v2:upper,214.72539756700982
8689,OPTIMAL,v1:upper,109.60572944681753
8690,OPTIMAL,v2:upper,247.32614443693063
8691,OPTIMAL,v2:upper,28.230990616578588
8692,OPTIMAL,v2:upper,89.9689186731599
8693,OPTIMAL,v2:upper,307.50080718391735
8694,OPTIMAL,v2:upper,66.51695972394428
8695,OPTIMAL,v2:upper,768.7653532520633
8696,OPTIMAL,v1:upper,30.12530162862141
8697,OPTIMAL,v2:upper,869.806246162211
8698,OPTIMAL,v2:upper,140.63630216259475
8699,OPTIMAL,v2:upper,134.9334703604664
8700,OPTIMAL,v2:upper,304.85156574593935
8701,OPTIMAL,v2:upper,193.51259934616763
8702,OPTIMAL,v2:upper,104.74689894203665
8703,OPTIMAL,v2:upper,118.71951381876322
8704,OPTIMAL,v1:upper,194.98629738963604
8705,OPTIMAL,v2:upper,113.67914946141592
8706,OPTIMAL,v1:upper,328.4380625555985
8707,OPTIMAL,v2:upper,38.40089564469952
8708,OPTIMAL,v2:upper,7.654139212388445
8709,OPTIMAL,v2:upper,41.78325004373637
8710,OPTIMAL,v2:upper,227.7036221730705
8711,OPTIMAL,v2:upper,147.2029591783269
8712,OPTIMAL,v2:upper,27.34081749482718
8713,OPTIMAL,v1:upper,30.31713364585922
8714,OPTIMAL,v2:upper,28.096455755945207
8715,OPTIMAL,v2:upper,71.03210885372523
8716,OPTIMAL,v2:upper,77.58630681509757
8717,OPTIMAL,v2:upper,54.718199381152296
8718,OPTIMAL,v2:upper,246.1488297567568
8719,OPTIMAL,v1:upper,422.1448509572884
8720,OPTIMAL,v2:upper,44.47138911936311
8721,OPTIMAL,v2:upper,55.07997448143494
8722,OPTIMAL,v2:upper,154.13054263961214
8723,OPTIMAL,v2:upper,83.96859359630798
8724,OPTIMAL,v2:upper,34.89669753507806
8725,OPTIMAL,v2:upper,234.00910835545284
8726,OPTIMAL,v2:upper,177.67708043211928
8727,OPTIMAL,v2:upper,253.13531223714534
8728,OPTIMAL,v2:upper,108.64181698986714
8729,OPTIMAL,v2:upper,160.94844747408976
8730,OPTIMAL,v2:upper,230.9096618632039
8731,OPTIMAL,v2:upper,344.92973304398134
8732,OPTIMAL,v2:upper,208.16759060473234
8733,OPTIMAL,v2:upper,93.16301508427269
8734,OPTIMAL,v1:upper,355.5344775721038
8735,OPTIMAL,v2:upper,438.1314571100438
8736,OPTIMAL,v2:upper,187.6567860066107
8737,OPTIMAL,v2:upper,99.56827979550262
8738,OPTIMAL,v1:upper,146.3002387717374
8739,OPTIMAL,v2:upper,110.43898046158711
8740,OPTIMAL,v2:upper,128.6096809602154
8741,OPTIMAL,v2:upper,63.72082740986746
8742,OPTIMAL,v2:upper,104.66473403717028
8743,OPTIMAL,v2:upper,69.15124981668997
8744,OPTIMAL,v1:upper,371.1113264120806
8745,OPTIMAL,v2:upper,329.06513781662443
8746,OPTIMAL,v2:upper,93.40000708303705
8747,OPTIMAL,v2:upper,73.25728356705768
8748,OPTIMAL,v2:upper,51.50896503752208
8749,OPTIMAL,v2:upper,191.25055345198325
8750,OPTIMAL,v1:upper,349.3864834230487
8751,OPTIMAL,v2:upper,107.78106662925147
8752,OPTIMAL,v2:upper,297.4511342320434
8753,OPTIMAL,v2:upper,126.8234882207038
8754,OPTIMAL,v2:upper,74.80457180931401
8755,OPTIMAL,v2:upper,21.930419713176057
8756,OPTIMAL,v2:upper,51.92759607226953
8757,OPTIMAL,v1:upper,591.9427025066118
8758,OPTIMAL,v2:upper,180.39750215212877
8759,OPTIMAL,v2:upper,324.88725215756915
8760,OPTIMAL,v2:upper,88.61126596828183
8761,OPTIMAL,v2:upper,118.85207283210678
8762,OPTIMAL,v2:upper,116.11449709603183
8763,OPTIMAL,v2:upper,38.02776646017073
8764,OPTIMAL,v2:upper,75.63004893844803
8765,OPTIMAL,v2:upper,165.1034835957335
8766,OPTIMAL,v2:upper,155.1742769030131
8767,OPTIMAL,v2:upper,396.89387089723004
8768,OPTIMAL,v2:upper,161.54114534577715
8769,OPTIMAL,v2:upper,119.97019767839832
8770,OPTIMAL,v2:upper,34.37507269900415
8771,OPTIMAL,v2:upper,37.22578260325372
8772,OPTIMAL,v2:upper,32.909331365707736
8773,OPTIMAL,v2:upper,167.1439690196409
8774,OPTIMAL,v2:upper,35.026084366548744
8775,OPTIMAL,v2:upper,523.8043140146381
8776,OPTIMAL,v2:upper,68.57963574021088
8777,OPTIMAL,v2:upper,102.51678362569753
8778,OPTIMAL,v2:upper,62.464126891272954
8779,OPTIMAL,v2:upper,89.10479885489654
8780,OPTIMAL,v2:upper,95.2493231014775
8781,OPTIMAL,v2:upper,58.89554594351133
8782,OPTIMAL,v1:upper,80.37275870173777
8783,OPTIMAL,v1:upper,276.74602225032686
8784,OPTIMAL,v2:upper,36.27933010463126
8785,OPTIMAL,v2:upper,145.3327477637105
8786,OPTIMAL,v2:upper,26.95522338008272
8787,OPTIMAL,v2:upper,50.37798379827694
8788,OPTIMAL,v2:upper,22.712453644134026
8789,OPTIMAL,v2:upper,22.296525840392256
8790,OPTIMAL,v2:upper,354.85906897186413
8791,OPTIMAL,v2:upper,135.86213203745754
8792,OPTIMAL,v2:upper,183.3139770799305
8793,OPTIMAL,v2:upper,27.3645370331483
8794,OPTIMAL,v2:upper,31.591806478789394
8795,OPTIMAL,v2:upper,908.6467088120046
8796,OPTIMAL,v2:upper,12.89187466197471
8797,OPTIMAL,v2:upper,371.56018892065504
8798,OPTIMAL,v2:upper,132.59004157756854
8799,OPTIMAL,v2:upper,40.456388778197855
8800,OPTIMAL,v2:upper,123.37609423079567
8801,OPTIMAL,v2:upper,127.39875282678204
8802,OPTIMAL,v2:upper,147.33785280926685
8803,OPTIMAL,v2:upper,689.341325452453
8804,OPTIMAL,v2:upper,650.5470180244023
8805,OPTIMAL,v2:upper,122.27821414688457
8806,OPTIMAL,v2:upper,221.8262129053616
8807,OPTIMAL,v2:upper,263.47676720666016
8808,OPTIMAL,v2:upper,195.1230963724979
8809,OPTIMAL,v2:upper,72.02023330757488
8810,OPTIMAL,v2:upper,342.7594201231714
8811,OPTIMAL,v2:upper,291.01734262731947
8812,OPTIMAL,v1:upper,875.2826766164891
8813,OPTIMAL,v2:upper,95.00717442836464
8814,OPTIMAL,v2:upper,479.9584008915522
8815,OPTIMAL,v2:upper,282.2495490896541
8816,OPTIMAL,v2:upper,140.52717714426754
8817,OPTIMAL,v2:upper,85.43874366255424
8818,OPTIMAL,v1:upper,105.49296975001894
8819,OPTIMAL,v2:upper,656.4657913609091
8820,OPTIMAL,v2:upper,92.2627967527214
8821,OPTIMAL,v2:upper,26.80932476287655
8822,OPTIMAL,v2:upper,167.60390488356026
8823,OPTIMAL,v2:upper,279.57374915408116
8824,OPTIMAL,v2:upper,174.2681641224293
8825,OPTIMAL,v2:upper,99.24032081596077
8826,OPTIMAL,v2:upper,26.57776451848684
8827,OPTIMAL,v2:upper,114.86988060592836
8828,OPTIMAL,v2:upper,73.59082109849851
8829,OPTIMAL,v1:upper,204.00650069860544
8830,OPTIMAL,v2:upper,133.09834389867285
8831,OPTIMAL,v2:upper,19.991867575021935
8832,OPTIMAL,v2:upper,46.46535999673893
8833,OPTIMAL,v2:upper,148.42344976657293
8834,OPTIMAL,v2:upper,26.139460201891406
8835,OPTIMAL,v1:upper,96.0852561254341
8836,OPTIMAL,v2:upper,69.21209911363403
8837,OPTIMAL,v1:upper,68.46267592655414
8838,OPTIMAL,v2:upper,50.34671008834266
8839,OPTIMAL,v2:upper,47.49965251565684
8840,OPTIMAL,v2:upper,777.8097425965176
8841,OPTIMAL,v2:upper,255.98806261895948
8842,OPTIMAL,v2:upper,34.31485853124152
8843,OPTIMAL,v2:upper,43.775617282806294
8844,OPTIMAL,v1:upper,174.740573295691
8845,OPTIMAL,v2:upper,91.33970870573911
8846,OPTIMAL,v2:upper,266.3798702948455
8847,OPTIMAL,v2:upper,35.584562464957074
8848,OPTIMAL,v1:upper,541.5807287681495
8849,OPTIMAL,v2:upper,84.79881023024511
8850,OPTIMAL,v1:upper,331.0678234029782
8851,OPTIMAL,v2:upper,332.684659631436
8852,OPTIMAL,v2:upper,12.873943263252164
8853,OPTIMAL,v2:upper,170.37868346942065
8854,OPTIMAL,v2:upper,136.64758521120183
8855,OPTIMAL,v2:upper,93.20870695295177
8856,OPTIMAL,v2:upper,175.0427765641247
8857,OPTIMAL,v2:upper,23.381387485976994
8858,OPTIMAL,v1:upper,142.71620028597292
8859,OPTIMAL,v2:upper,93.13374206128246
8860,OPTIMAL,b1:lower;b2:lower;b3:upper;b4:upper;b5:lower;b6:upper;b7:upper;b8:upper;b14:lower,1000.0
8861,OPTIMAL,v1:upper,87.52294097493129
8862,OPTIMAL,v2:upper,243.45725562422814
8863,OPTIMAL,v2:upper,87.31775655437472
8864,OPTIMAL,v2:upper,121.81725362143976
8865,OPTIMAL,v2:upper,120.67985478502239
8866,OPTIMAL,v2:upper,267.27698898183223
8867,OPTIMAL,v2:upper,439.3826724194563
8868,OPTIMAL,v1:upper,261.9912343113159
8869,OPTIMAL,v2:upper,785.2344200465658
8870,OPTIMAL,v2:upper,22.78581883021699
8871,OPTIMAL,v2:upper,86.54515300181937
8872,OPTIMAL,v2:upper,140.30963940921626
8873,OPTIMAL,v2:upper,95.76502725128752
8874,OPTIMAL,v2:upper,81.21719207289156
8875,OPTIMAL,v2:upper,62.53442603302082
8876,OPTIMAL,v2:upper,81.53132660422176
8877,OPTIMAL,v2:upper,88.74164629911272
8878,OPTIMAL,v1:upper,475.50643126137703
8879,OPTIMAL,v2:upper,108.22686166733752
8880,OPTIMAL,v2:upper,74.26303331653075
8881,OPTIMAL,v2:upper,153.99686802694322
8882,OPTIMAL,v2:upper,111.21186360032803
8883,OPTIMAL,v2:upper,210.84549473696924
8884,OPTIMAL,v2:upper,64.3924101390334
8885,OPTIMAL,v2:upper,43.222332395081594
8886,OPTIMAL,v2:upper,172.84658151412742
8887,OPTIMAL,v2:upper,30.346705850967137
8888,OPTIMAL,v2:upper,44.706851158193885
8889,OPTIMAL,v2:upper,387.45906584963336
8890,OPTIMAL,v1:upper,115.93449468201017
8891,OPTIMAL,v2:upper,215.35301466815238
8892,OPTIMAL,v2:upper,60.07917379580575
8893,OPTIMAL,v2:upper,260.2559818536456
8894,OPTIMAL,v2:upper,793.5186211438063
8895,OPTIMAL,v1:upper,95.0193857278937
8896,OPTIMAL,v2:upper,49.598673718232014
8897,OPTIMAL,v2:upper,43.13003921296174
8898,OPTIMAL,v2:upper,319.9468690434493
8899,OPTIMAL,v2:upper,196.20537266413785
8900,OPTIMAL,v2:upper,32.831218945158454
8901,OPTIMAL,v2:upper,80.89431376995383
8902,OPTIMAL,v2:upper,4.102353629483028
8903,OPTIMAL,v2:upper,64.8136582022815
8904,OPTIMAL,v2:upper,145.55153881604718
8905,OPTIMAL,v2:upper,140.99864938524624
8906,OPTIMAL,v2:upper,351.7571070843363
8907,OPTIMAL,v2:upper,75.35421093191863
8908,OPTIMAL,v2:upper,210.4011925005627
8909,OPTIMAL,v2:upper,43.76262517030541
8910,OPTIMAL,v1:upper,142.3530255486793
8911,OPTIMAL,v2:upper,148.7690999800807
8912,OPTIMAL,v2:upper,134.66362178818173
8913,OPTIMAL,v2:upper,71.63724026973193
8914,OPTIMAL,v2:upper,935.8958117621388
8915,OPTIMAL,v2:upper,360.1323226128034
8916,OPTIMAL,v2:upper,63.24133825597207
8917,OPTIMAL,v1:upper,20.621838031274443
8918,OPTIMAL,b1:lower;b2:lower;b3:upper;b4:upper;b5:lower;b6:upper;b7:upper;b8:upper;b14:lower,1000.0
8919,OPTIMAL,v2:upper,461.17976733221747
8920,OPTIMAL,v2:upper,88.31509203275995
8921,OPTIMAL,b1:lower;b2:lower;b3:upper;b4:upper;b5:lower;b6:upper;b7:upper;b8:upper;b14:lower,1000.0
8922,OPTIMAL,v1:upper,62.56824651762836
8923,OPTIMAL,v2:upper,245.50843417121678
8924,OPTIMAL,v2:upper,202.3320563876735
8925,OPTIMAL,v2:upper,22.196820837189822
8926,OPTIMAL,v2:upper,62.82546886456225
8927,OPTIMAL,v2:upper,293.8577183281629
8928,OPTIMAL,v2:upper,366.48622051093963
8929,OPTIMAL,v2:upper,351.2813762867991
8930,OPTIMAL,v2:upper,187.93276036870375
8931,OPTIMAL,v2:upper,180.50702859368067
8932,OPTIMAL,v2:upper,311.2826587308978
8933,OPTIMAL,v2:upper,284.9741478528655
8934,OPTIMAL,v2:upper,147.2161198299822
8935,OPTIMAL,v2:upper,17.71341024090329
8936,OPTIMAL,v2:upper,770.5821020010712
8937,OPTIMAL,v2:upper,110.28666346461996
8938,OPTIMAL,v2:upper,100.62527468765757
8939,OPTIMAL,v2:upper,131.56895504291347
8940,OPTIMAL,v2:upper,68.42378408658833
8941,OPTIMAL,v2:upper,30.028473896212994
8942,OPTIMAL,v2:upper,162.25174200506476
8943,OPTIMAL,v1:upper,226.25080730648645
8944,OPTIMAL,v2:upper,75.311400135996
8945,OPTIMAL,v1:upper,185.33408268425143
8946,OPTIMAL,v1:upper,124.73883420042533
8947,OPTIMAL,v1:upper,491.26999343101795
8948,OPTIMAL,v2:upper,82.45434167408321
8949,OPTIMAL,v2:upper,154.43084026977363
8950,OPTIMAL,v2:upper,53.07554490240201
8951,OPTIMAL,v2:upper,506.49567797687484
8952,OPTIMAL,v2:upper,109.48336842545817
8953,OPTIMAL,v2:upper,156.63401671165994
8954,OPTIMAL,v2:upper,44.4184010127101
8955,OPTIMAL,v2:upper,29.279302718151474
8956,OPTIMAL,v2:upper,94.33660757767692
8957,OPTIMAL,v2:upper,56.22979182719261
8958,OPTIMAL,v2:upper,338.12233409840053
8959,OPTIMAL,v2:upper,53.38754866657195
8960,OPTIMAL,v1:upper,212.5152070738156
8961,OPTIMAL,v2:upper,205.87806110559987
8962,OPTIMAL,v2:upper,90.79663282032142
8963,OPTIMAL,v1:upper,103.82997674177975
8964,OPTIMAL,v1:upper,36.606223348579
8965,OPTIMAL,v2:upper,34.36747378482926
8966,OPTIMAL,v2:upper,26.219291531120206
8967,OPTIMAL,v2:upper,55.73771299208406
8968,OPTIMAL,v2:upper,21.304778332933314
8969,OPTIMAL,v1:upper,255.72301232212894
8970,OPTIMAL,v2:upper,155.45057061909634
8971,OPTIMAL,v2:upper,66.9335931486262
8972,OPTIMAL,v1:upper,156.10954212593995
8973,OPTIMAL,v2:upper,93.67935521157189
8974,OPTIMAL,v2:upper,50.00867032986623
8975,OPTIMAL,v2:upper,74.96657795885552
8976,OPTIMAL,v2:upper,39.79797225923543
8977,OPTIMAL,v2:upper,40.45476776327747
8978,OPTIMAL,v2:upper,218.32090904130789
8979,OPTIMAL,v1:upper,134.99854414795686
8980,OPTIMAL,v2:upper,505.91274434343916
8981,OPTIMAL,v2:upper,633.8181181493886
8982,OPTIMAL,v2:upper,344.57996603308914
8983,OPTIMAL,v2:upper,45.47583900091387
8984,OPTIMAL,v2:upper,136.32490769259482
8985,OPTIMAL,v2:upper,145.37853435294636
8986,OPTIMAL,v2:upper,63.81423436878079
8987,OPTIMAL,v2:upper,160.35704860170782
8988,OPTIMAL,v2:upper,325.3254953155632
8989,OPTIMAL,v2:upper,36.74074716984159
8990,OPTIMAL,v2:upper,223.7344045808477
8991,OPTIMAL,v2:upper,172.35663134503827
8992,OPTIMAL,v2:upper,333.38564995167053
8993,OPTIMAL,v2:upper,356.2832003175719
8994,OPTIMAL,v2:upper,261.1027964053224
8995,OPTIMAL,v2:upper,370.60000276688453
8996,OPTIMAL,v2:upper,94.67573965155087
8997,OPTIMAL,v2:upper,197.2902004018123
8998,OPTIMAL,v2:upper,85.53195544399361
8999,OPTIMAL,v2:upper,205.7856232155247
9000,OPTIMAL,v2:upper,96.73907431571935
9001,OPTIMAL,v2:upper,12.586579530273202
9002,OPTIMAL,v2:upper,53.041015819945194
9003,OPTIMAL,v2:upper,38.032902135415874
9004,OPTIMAL,v2:upper,423.4595453265606
9005,OPTIMAL,v2:upper,473.97744771226735
9006,OPTIMAL,v2:upper,206.80737473364846
9007,OPTIMAL,v2:upper,95.33351082100197
9008,OPTIMAL,v2:upper,156.7136700870602
9009,OPTIMAL,v2:upper,146.90934594394815
9010,OPTIMAL,v2:upper,34.75210029266702
9011,OPTIMAL,v2:upper,30.85179918966091
9012,OPTIMAL,v2:upper,16.423364613142954
9013,OPTIMAL,v1:upper,83.81866346053258
9014,OPTIMAL,v2:upper,264.9426775399738
9015,OPTIMAL,v2:upper,72.62682470180505
9016,OPTIMAL,v1:upper,68.90747145218516
9017,OPTIMAL,v2:upper,90.20025633155441
9018,OPTIMAL,v2:upper,29.850496253281527
9019,OPTIMAL,v2:upper,123.14317891930249
9020,OPTIMAL,v2:upper,246.6744319373569
9021,OPTIMAL,v2:upper,22.815052781888678
9022,OPTIMAL,v2:upper,373.08135589015853
9023,OPTIMAL,v2:upper,66.36177726772033
9024,OPTIMAL,v2:upper,42.37818145749601
9025,OPTIMAL,v2:upper,29.32736755866932
9026,OPTIMAL,v2:upper,61.22698085216834
9027,OPTIMAL,v2:upper,60.542156437611716
9028,OPTIMAL,v1:upper,200.3824012873874
9029,OPTIMAL,v2:upper,38.77688674013589
9030,OPTIMAL,v2:upper,318.52344695598475
9031,OPTIMAL,v2:upper,148.490314465715
9032,OPTIMAL,v2:upper,61.52393918643125
9033,OPTIMAL,v1:upper,106.17176230688627
9034,OPTIMAL,v2:upper,419.9866195942048
9035,OPTIMAL,v2:upper,177.37375032031747
9036,OPTIMAL,v2:upper,152.53183396583157
9037,OPTIMAL,v2:upper,96.7803296617764
9038,OPTIMAL,v2:upper,51.541211832206535
9039,OPTIMAL,v2:upper,239.51179522384462
9040,OPTIMAL,v2:upper,82.04667256105495
9041,OPTIMAL,v2:upper,31.7941075517818
9042,OPTIMAL,v2:upper,46.0846907630087
9043,OPTIMAL,v2:upper,99.88702411462056
9044,OPTIMAL,v2:upper,56.394289850585075
9045,OPTIMAL,v1:upper,308.0269576263739
9046,OPTIMAL,v2:upper,34.63548236254682
9047,OPTIMAL,v2:upper,181.30309980000845
9048,OPTIMAL,v2:upper,95.9994207048365
9049,OPTIMAL,v2:upper,458.16296822316957
9050,OPTIMAL,v2:upper,16.359962296922905
9051,OPTIMAL,v1:upper,30.743472251828763
9052,OPTIMAL,v2:upper,85.0848191534606
9053,OPTIMAL,v2:upper,334.5336474327037
9054,OPTIMAL,v2:upper,238.7720996779488
9055,OPTIMAL,v1:upper,289.3097965606604
9056,OPTIMAL,v1:upper,45.78580091346372
9057,OPTIMAL,v2:upper,47.60953561828337
9058,OPTIMAL,v2:upper,19.500898879434683
9059,OPTIMAL,v2:upper,149.593515110454
9060,OPTIMAL,v2:upper,219.5851181031721
9061,OPTIMAL,v2:upper,100.94389501248871
9062,OPTIMAL,v2:upper,186.6135612277979
9063,OPTIMAL,v2:upper,478.2063113846279
9064,OPTIMAL,v2:upper,41.568130050899164
9065,OPTIMAL,v1:upper,149.66164057596134
9066,OPTIMAL,v2:upper,115.61744953067739
9067,OPTIMAL,v2:upper,45.847433446264596
9068,OPTIMAL,v2:upper,259.74420152966155
9069,OPTIMAL,v1:upper,118.21568150558207
9070,OPTIMAL,v2:upper,293.2449407348207
9071,OPTIMAL,v2:upper,122.52277511881087
9072,OPTIMAL,v2:upper,83.3791088650939
9073,OPTIMAL,v2:upper,34.422912959429674
9074,OPTIMAL,v2:upper,50.18984766446062
9075,OPTIMAL,v2:upper,206.3738993697765
9076,OPTIMAL,v2:upper,98.93983619614913
9077,OPTIMAL,v2:upper,209.02593429818742
9078,OPTIMAL,v2:upper,456.02341801683264
9079,OPTIMAL,v2:upper,106.37067316006436
9080,OPTIMAL,v2:upper,62.38625800526952
9081,OPTIMAL,v2:upper,66.63214432619374
9082,OPTIMAL,v2:upper,96.85587213456738
9083,OPTIMAL,v1:upper,87.16623551660156
9084,OPTIMAL,v2:upper,75.17447781338855
9085,OPTIMAL,v2:upper,40.470857071723245
9086,OPTIMAL,v2:upper,41.802538419199216
9087,OPTIMAL,v2:upper,393.8023549118629
9088,OPTIMAL,v2:upper,102.60020228745009
9089,OPTIMAL,v1:upper,42.068704622275696
9090,OPTIMAL,v2:upper,291.0079400928988
9091,OPTIMAL,v2:upper,69.20884770024978
9092,OPTIMAL,v2:upper,44.07931834124831
9093,OPTIMAL,v1:upper,183.40041236028364
9094,OPTIMAL,v2:upper,42.60861981468773
9095,OPTIMAL,v2:upper,88.6670469127101
9096,OPTIMAL,v2:upper,258.95558258414377
9097,OPTIMAL,v2:upper,353.88911052578703
9098,OPTIMAL,v2:upper,110.79310809427437
9099,OPTIMAL,v2:upper,168.86402132913153
9100,OPTIMAL,v2:upper,183.70940434068763
9101,OPTIMAL,v2:upper,44.70425952971566
9102,OPTIMAL,v2:upper,132.73376563204346
9103,OPTIMAL,v1:upper,81.42842342518448
9104,OPTIMAL,v1:upper,224.42818835561542
9105,OPTIMAL,v2:upper,96.67804931161709
9106,OPTIMAL,v2:upper,141.9864090723849
9107,OPTIMAL,v2:upper,221.55463283115617
9108,OPTIMAL,v2:upper,540.9071225614862
9109,OPTIMAL,v2:upper,61.83433276454139
9110,OPTIMAL,v2:upper,105.97593922419523
9111,OPTIMAL,v2:upper,443.74090600243954
9112,OPTIMAL,v2:upper,12.030174442980739
9113,OPTIMAL,v1:upper,138.95516600582502
9114,OPTIMAL,v2:upper,278.18990868579806
9115,OPTIMAL,v2:upper,22.79507907435206
9116,OPTIMAL,v1:upper,83.81968559601248
9117,OPTIMAL,v2:upper,208.25031086432392
9118,OPTIMAL,v2:upper,66.80788146083154
9119,OPTIMAL,v1:upper,92.87137542418132
9120,OPTIMAL,v2:upper,105.33997989323805
9121,OPTIMAL,v2:upper,129.34622534757108
9122,OPTIMAL,v2:upper,47.35153636419785
9123,OPTIMAL,v2:upper,107.16629650332264
9124,OPTIMAL,v1:upper,162.8309208017305
9125,OPTIMAL,v2:upper,37.256280388762455
9126,OPTIMAL,v2:upper,152.72237569641698
9127,OPTIMAL,v2:upper,81.16423719012266
9128,OPTIMAL,v2:upper,90.97675119425065
9129,OPTIMAL,v2:upper,135.9721928113053
9130,OPTIMAL,v2:upper,43.77113044205234
9131,OPTIMAL,v2:upper,60.99461148717899
9132,OPTIMAL,v2:upper,85.53261302984488
9133,OPTIMAL,v2:upper,54.03650793706255
9134,OPTIMAL,v1:upper,98.90586865905806
9135,OPTIMAL,v1:upper,237.3429321909621
9136,OPTIMAL,v2:upper,114.25325977247577
9137,OPTIMAL,v2:upper,260.5771132170233
9138,OPTIMAL,v2:upper,52.05822616066403
9139,OPTIMAL,v2:upper,241.14900088186747
9140,OPTIMAL,v2:upper,53.087168425727306
9141,OPTIMAL,v2:upper,72.08701348572967
9142,OPTIMAL,v1:upper,66.6652124254477
9143,OPTIMAL,v2:upper,107.15261622293924
9144,OPTIMAL,v2:upper,72.46449686788178
9145,OPTIMAL,v2:upper,290.6187228187933
9146,OPTIMAL,v1:upper,948.8088679275894
9147,OPTIMAL,v2:upper,65.3995333665979
9148,OPTIMAL,v2:upper,66.63221697340424
9149,OPTIMAL,v2:upper,117.04118789510038
9150,OPTIMAL,v2:upper,86.63674813676926
9151,OPTIMAL,v2:upper,328.39974698550276
9152,OPTIMAL,v2:upper,98.46284069121901
9153,OPTIMAL,v2:upper,197.63557433495302
9154,OPTIMAL,v2:upper,429.66941579970205
9155,OPTIMAL,v2:upper,175.89587694175964
9156,OPTIMAL,v2:upper,65.99902179404415
9157,OPTIMAL,v2:upper,75.38620863417258
9158,OPTIMAL,v2:upper,85.75084010569078
9159,OPTIMAL,v2:upper,72.92534036167993
9160,OPTIMAL,v2:upper,166.09386811634522
9161,OPTIMAL,v2:upper,64.12984148739318
9162,OPTIMAL,v2:upper,56.387542261067026
9163,OPTIMAL,v2:upper,49.38163540008205
9164,OPTIMAL,v2:upper,80.69540608064024
9165,OPTIMAL,v2:upper,58.83164047533498
9166,OPTIMAL,v2:upper,92.87489175084195
9167,OPTIMAL,v2:upper,62.34149710111381
9168,OPTIMAL,v2:upper,126.15559762723078
9169,OPTIMAL,v2:upper,78.61383324143068
9170,OPTIMAL,v2:upper,457.9943935992791
9171,OPTIMAL,v2:upper,27.853963928483104
9172,OPTIMAL,v2:upper,81.97237847637956
9173,OPTIMAL,v2:upper,525.3124837512754
9174,OPTIMAL,v1:upper,51.2986331735302
9175,OPTIMAL,v2:upper,55.555507825544744
9176,OPTIMAL,v2:upper,353.9861253591
9177,OPTIMAL,v2:upper,41.26219547747825
9178,OPTIMAL,v2:upper,150.2241556481709
9179,OPTIMAL,v2:upper,130.52283714525856
9180,OPTIMAL,v2:upper,191.29366557319392
9181,OPTIMAL,v2:upper,122.11861427100717
9182,OPTIMAL,v2:upper,55.46433136709283
9183,OPTIMAL,v2:upper,16.628383119160798
9184,OPTIMAL,v2:upper,35.58686479455294
9185,OPTIMAL,v2:upper,99.43117207695015
9186,OPTIMAL,v2:upper,38.53345737522697
9187,OPTIMAL,v2:upper,25.947795052225246
9188,OPTIMAL,v1:upper,233.55360158100285
9189,OPTIMAL,v2:upper,33.407583861339404
9190,OPTIMAL,v2:upper,25.82293739412346
9191,OPTIMAL,v2:upper,78.65823746300367
9192,OPTIMAL,v2:upper,183.41929635632442
9193,OPTIMAL,v2:upper,264.30922756512695
9194,OPTIMAL,v1:upper,107.81578687690914
9195,OPTIMAL,v2:upper,133.45991137736098
9196,OPTIMAL,v2:upper,84.96887923238083
9197,OPTIMAL,v2:upper,4.369083166437409
9198,OPTIMAL,v1:upper,117.82012652036839
9199,OPTIMAL,b1:lower;b2:lower;b3:upper;b4:upper;b5:lower;b6:upper;b7:upper;b8:upper;b14:lower,1000.0
9200,OPTIMAL,v1:upper,75.03944692513342
9201,OPTIMAL,v2:upper,286.6189754887505
9202,OPTIMAL,v1:upper,95.85734493805397
9203,OPTIMAL,v2:upper,104.34642566071481
9204,OPTIMAL,v1:upper,35.760535553204335
9205,OPTIMAL,v1:upper,741.0655986043009
9206,OPTIMAL,v2:upper,74.17824185781473
9207,OPTIMAL,v2:upper,81.81097656852565
9208,OPTIMAL,v2:upper,4.163573473577646
9209,OPTIMAL,v2:upper,52.73843045017344
9210,OPTIMAL,v2:upper,388.24252444301413
9211,OPTIMAL,v2:upper,198.24420598274418
9212,OPTIMAL,v2:upper,165.0272837022845
9213,OPTIMAL,v2:upper,565.057670532115
9214,OPTIMAL,v2:upper,13.029283254721385
9215,OPTIMAL,v2:upper,149.4696770813996
9216,OPTIMAL,v2:upper,57.802176776820005
9217,OPTIMAL,v2:upper,281.01679715888764
9218,OPTIMAL,v1:upper,147.34596486942417
9219,OPTIMAL,v2:upper,30.961339116093587
9220,OPTIMAL,v2:upper,69.93667763135484
9221,OPTIMAL,v2:upper,86.06094394700978
9222,OPTIMAL,v2:upper,569.8602792429821
9223,OPTIMAL,v2:upper,174.74220091163107
9224,OPTIMAL,v2:upper,65.29153578618114
9225,OPTIMAL,v2:upper,63.87763370199725
9226,OPTIMAL,v2:upper,12.570203162349726
9227,OPTIMAL,v2:upper,57.757744007237164
9228,OPTIMAL,v2:upper,57.94326871121188
9229,OPTIMAL,v2:upper,34.70792577440476
9230,OPTIMAL,v2:upper,73.53005570742134
9231,OPTIMAL,v1:upper,90.25883472543897
9232,OPTIMAL,v2:upper,256.3648130093661
9233,OPTIMAL,v2:upper,68.64963669943491
9234,OPTIMAL,v2:upper,59.457788730668305
9235,OPTIMAL,v2:upper,75.10621031074758
9236,OPTIMAL,v2:upper,97.08625941724077
9237,OPTIMAL,v2:upper,96.08579805960586
9238,OPTIMAL,v2:upper,42.38892306002473
9239,OPTIMAL,v2:upper,935.8449831935156
9240,OPTIMAL,v2:upper,44.26125125117791
9241,OPTIMAL,v2:upper,67.28541745969973
9242,OPTIMAL,v1:upper,164.9924185313334
9243,OPTIMAL,v2:upper,59.169136522759864
9244,OPTIMAL,v2:upper,114.69103136219319
9245,OPTIMAL,v2:upper,42.912469566994346
9246,OPTIMAL,v2:upper,174.19969563465762
9247,OPTIMAL,v2:upper,202.67208894512174
9248,OPTIMAL,v2:upper,194.3945587421572
9249,OPTIMAL,v1:upper,246.48890979786202
9250,OPTIMAL,v1:upper,214.37832022284272
9251,OPTIMAL,v2:upper,46.28833120498856
9252,OPTIMAL,v2:upper,193.59167001991776
9253,OPTIMAL,v2:upper,36.86982234533057
9254,OPTIMAL,v1:upper,593.9164274927522
9255,OPTIMAL,v1:upper,335.0356416722802
9256,OPTIMAL,v2:upper,53.347010024048174
9257,OPTIMAL,v2:upper,404.5693546620014
9258,OPTIMAL,v2:upper,124.75628877972004
9259,OPTIMAL,v1:upper,27.582652784171966
9260,OPTIMAL,v2:upper,174.47532389960577
9261,OPTIMAL,v2:upper,31.900033675559154
9262,OPTIMAL,v2:upper,102.97348153299941
9263,OPTIMAL,v2:upper,35.68905208832656
9264,OPTIMAL,v2:upper,312.0248349751393
9265,OPTIMAL,v2:upper,70.47401774552365
9266,OPTIMAL,v2:upper,56.90628549973504
9267,OPTIMAL,v2:upper,69.62333491359982
9268,OPTIMAL,v2:upper,38.31875377949027
9269,OPTIMAL,v2:upper,185.93170821712405
9270,OPTIMAL,v2:upper,50.89368971023922
9271,OPTIMAL,v2:upper,16.90288693525034
9272,OPTIMAL,v2:upper,87.95269194076569
9273,OPTIMAL,v2:upper,535.3096664010636
9274,OPTIMAL,v2:upper,35.7916781690408
9275,OPTIMAL,v2:upper,81.38289192972702
9276,OPTIMAL,v2:upper,118.19083960413921
9277,OPTIMAL,v1:upper,939.7319327322837
9278,OPTIMAL,v2:upper,121.7005712846967
9279,OPTIMAL,v2:upper,111.97588938848254
9280,OPTIMAL,v2:upper,73.60968913358836
9281,OPTIMAL,v2:upper,40.096272201436456
9282,OPTIMAL,b1:lower;b2:lower;b3:upper;b4:upper;b5:lower;b6:upper;b7:upper;b8:upper;b14:lower,1000.0
9283,OPTIMAL,v2:upper,69.08001804924072
9284,OPTIMAL,v2:upper,85.9614078317795
9285,OPTIMAL,v2:upper,91.12394019438513
9286,OPTIMAL,v2:upper,13.806207353361696
9287,OPTIMAL,v1:upper,433.22899473946853
9288,OPTIMAL,v2:upper,148.34977830248363
9289,OPTIMAL,v2:upper,46.94049700827511
9290,OPTIMAL,v2:upper,109.86114469857776
9291,OPTIMAL,v2:upper,32.15413661096668
9292,OPTIMAL,v2:upper,24.85114845640068
9293,OPTIMAL,v2:upper,94.44387903320722
9294,OPTIMAL,v2:upper,61.272499737746635
9295,OPTIMAL,v1:upper,501.4745942840283
9296,OPTIMAL,v2:upper,367.9421243581181
9297,OPTIMAL,b1:lower;b2:lower;b3:upper;b4:upper;b5:lower;b6:upper;b7:upper;b8:upper;b14:lower,1000.0
9298,OPTIMAL,v2:upper,56.090943243782
9299,OPTIMAL,v2:upper,74.35831698561083
9300,OPTIMAL,v2:upper,141.17361367981698
9301,OPTIMAL,v2:upper,146.54853803071111
9302,OPTIMAL,v2:upper,25.28248394727796
9303,OPTIMAL,v2:upper,94.89790121051102
9304,OPTIMAL,v2:upper,35.54797983716837
9305,OPTIMAL,v2:upper,54.48496860609124
9306,OPTIMAL,v2:upper,217.26445506371817
9307,OPTIMAL,v2:upper,26.23378850785098
9308,OPTIMAL,v2:upper,219.58822584962246
9309,OPTIMAL,v2:upper,26.322978440542503
9310,OPTIMAL,v2:upper,120.08263743228616
9311,OPTIMAL,v2:upper,288.23599973783604
9312,OPTIMAL,v2:upper,174.35536036023407
9313,OPTIMAL,v2:upper,418.4835917507038
9314,OPTIMAL,v2:upper,69.08130809053124
9315,OPTIMAL,v2:upper,191.4389694847702
9316,OPTIMAL,v2:upper,85.58134089398746
9317,OPTIMAL,v2:upper,140.13865654788137
9318,OPTIMAL,v2:upper,270.85212307017963
9319,OPTIMAL,v2:upper,236.73371153391656
9320,OPTIMAL,v2:upper,98.87639451837353
9321,OPTIMAL,v1:upper,108.43842969939274
9322,OPTIMAL,v2:upper,426.66861379580183
9323,OPTIMAL,v2:upper,121.63642042795063
9324,OPTIMAL,v2:upper,265.40121722933554
9325,OPTIMAL,v2:upper,145.66795669144173
9326,OPTIMAL,v2:upper,288.10405718572986
9327,OPTIMAL,v1:upper,177.3554275960288
9328,OPTIMAL,v2:upper,51.89117863606338
9329,OPTIMAL,v2:upper,63.190744741431054
9330,OPTIMAL,v2:upper,20.311414107172357
9331,OPTIMAL,v1:upper,135.45326457372127
9332,OPTIMAL,v2:upper,110.27640361798156
9333,OPTIMAL,v2:upper,98.74197588133921
9334,OPTIMAL,v2:upper,106.79297200648061
9335,OPTIMAL,v2:upper,106.40094715528066
9336,OPTIMAL,v2:upper,261.33866400681796
9337,OPTIMAL,v2:upper,105.99326027861741
9338,OPTIMAL,v1:upper,300.43436081861506
9339,OPTIMAL,v2:upper,241.2294282332733
9340,OPTIMAL,v2:upper,115.26860270443666
9341,OPTIMAL,v2:upper,342.87778518697945
9342,OPTIMAL,v2:upper,78.65482146041167
9343,OPTIMAL,v1:upper,315.2730713079881
9344,OPTIMAL,v2:upper,203.81365839273946
9345,OPTIMAL,v2:upper,76.82715739597934
9346,OPTIMAL,v2:upper,68.62778875115906
9347,OPTIMAL,v2:upper,370.31232912501264
9348,OPTIMAL,v2:upper,82.98589220804676
9349,OPTIMAL,v2:upper,107.40765863951225
9350,OPTIMAL,v2:upper,46.00594652265334
9351,OPTIMAL,v2:upper,128.58829250437074
9352,OPTIMAL,v2:upper,82.91149098305442
9353,OPTIMAL,v2:upper,316.82265813500123
9354,OPTIMAL,v2:upper,92.01920273187535
9355,OPTIMAL,v2:upper,64.37732423557296
9356,OPTIMAL,v2:upper,195.769602998731
9357,OPTIMAL,v2:upper,116.72194593579259
9358,OPTIMAL,v2:upper,632.9939290922446
9359,OPTIMAL,v2:upper,84.92125541833582
9360,OPTIMAL,v2:upper,277.67210357191794
9361,OPTIMAL,v2:upper,66.3029400308955
9362,OPTIMAL,v1:upper,49.77421560571606
9363,OPTIMAL,v2:upper,620.1798902870858
9364,OPTIMAL,v2:upper,210.22777805748362
9365,OPTIMAL,v2:upper,88.39408547935857
9366,OPTIMAL,v2:upper,76.12541985697922
9367,OPTIMAL,v2:upper,30.814162262740567
9368,OPTIMAL,v2:upper,243.3039063602998
9369,OPTIMAL,v2:upper,290.77968299096034
9370,OPTIMAL,v2:upper,108.8160170605064
9371,OPTIMAL,v2:upper,169.0355206839186
9372,OPTIMAL,v2:upper,60.7676781694946
9373,OPTIMAL,v2:upper,183.07607029416172
9374,OPTIMAL,v2:upper,116.45357432672952
9375,OPTIMAL,v1:upper,79.263432936632
9376,OPTIMAL,v2:upper,314.98035606860674
9377,OPTIMAL,v2:upper,257.4250159152712
9378,OPTIMAL,v2:upper,320.4977196493772
9379,OPTIMAL,v2:upper,53.787487143854946
9380,OPTIMAL,v2:upper,61.770734848472436
9381,OPTIMAL,b1:lower;b2:lower;b3:upper;b4:upper;b5:lower;b6:upper;b7:upper;b8:upper;b14:lower,1000.0
9382,OPTIMAL,v2:upper,234.7395153639174
9383,OPTIMAL,v1:upper,306.15920398974333
9384,OPTIMAL,v2:upper,29.912044668421316
9385,OPTIMAL,v2:upper,68.13765763288589
9386,OPTIMAL,v2:upper,92.7360827375986
9387,OPTIMAL,v2:upper,23.32138213483183
9388,OPTIMAL,v1:upper,323.6507314735373
9389,OPTIMAL,v2:upper,80.34079526045169
9390,OPTIMAL,v2:upper,84.98860539297281
9391,OPTIMAL,v2:upper,76.5316097518688
9392,OPTIMAL,v2:upper,142.29074662730042
9393,OPTIMAL,v2:upper,114.52723774700841
9394,OPTIMAL,v2:upper,198.03580903868098
9395,OPTIMAL,v2:upper,51.6556849258277
9396,OPTIMAL,v2:upper,276.0020255002029
9397,OPTIMAL,v2:upper,252.47198818320354
9398,OPTIMAL,v2:upper,48.016890585041644
9399,OPTIMAL,v2:upper,147.19117492184304
9400,OPTIMAL,v2:upper,242.32249702712033
9401,OPTIMAL,v2:upper,109.97616005817457
9402,OPTIMAL,v2:upper,16.782107579634967
9403,OPTIMAL,v2:upper,159.63654932150894
9404,OPTIMAL,v2:upper,99.47633875911343
9405,OPTIMAL,v2:upper,188.7086289523227
9406,OPTIMAL,v2:upper,787.1443784225135
9407,OPTIMAL,v2:upper,273.71710212319186
9408,OPTIMAL,v2:upper,106.93714676245786
9409,OPTIMAL,v2:upper,195.27811710427932
9410,OPTIMAL,v2:upper,98.60600099822945
9411,OPTIMAL,v2:upper,102.44932188439533
9412,OPTIMAL,v1:upper,333.61014528298756
9413,OPTIMAL,v2:upper,108.30377636449151
9414,OPTIMAL,v2:upper,28.43761551917156
9415,OPTIMAL,v2:upper,30.830940094775862
9416,OPTIMAL,v2:upper,183.30976634289476
9417,OPTIMAL,v2:upper,352.8257654892348
9418,OPTIMAL,v2:upper,39.4242818856943
9419,OPTIMAL,v2:upper,24.82724642703094
9420,OPTIMAL,v2:upper,305.54041039010025
9421,OPTIMAL,v2:upper,121.40587838848002
9422,OPTIMAL,v2:upper,99.4891575773751
9423,OPTIMAL,b1:lower;b2:lower;b3:upper;b4:upper;b5:lower;b6:upper;b7:upper;b8:upper;b14:lower,1000.0
9424,OPTIMAL,v2:upper,364.4325047035773
9425,OPTIMAL,v2:upper,246.6900472692059
9426,OPTIMAL,v2:upper,60.83101822861138
9427,OPTIMAL,v1:upper,232.379783973238
9428,OPTIMAL,v2:upper,101.97478586687582
9429,OPTIMAL,v2:upper,224.32512154335694
9430,OPTIMAL,v2:upper,376.38416070858045
9431,OPTIMAL,v2:upper,95.07135677405414
9432,OPTIMAL,v2:upper,85.09750314943479
9433,OPTIMAL,b1:lower;b2:lower;b3:upper;b4:upper;b5:lower;b6:upper;b7:upper;b8:upper;b14:lower,1000.0
9434,OPTIMAL,v2:upper,24.292187876551278
9435,OPTIMAL,v2:upper,41.86800871477553
9436,OPTIMAL,v2:upper,16.2210766631296
9437,OPTIMAL,v2:upper,86.08398816763683
9438,OPTIMAL,v2:upper,417.42796046583925
9439,OPTIMAL,v2:upper,238.5826482279926
9440,OPTIMAL,v2:upper,14.190763333982671
9441,OPTIMAL,v2:upper,166.5477790853307
9442,OPTIMAL,v2:upper,262.14179464403117
9443,OPTIMAL,v2:upper,60.91817292240424
9444,OPTIMAL,v2:upper,37.98840531346678
9445,OPTIMAL,v2:upper,226.1195870990607
9446,OPTIMAL,v2:upper,213.8674283549976
9447,OPTIMAL,v2:upper,32.57501909547445
9448,OPTIMAL,v2:upper,138.30887655625793
9449,OPTIMAL,v2:upper,175.9373713182401
9450,OPTIMAL,v2:upper,231.0656409091515
9451,OPTIMAL,v2:upper,70.87620772640534
9452,OPTIMAL,v2:upper,169.85461633529198
9453,OPTIMAL,v2:upper,95.83237204694844
9454,OPTIMAL,v2:upper,100.98448550465938
9455,OPTIMAL,v2:upper,603.7409855329762
9456,OPTIMAL,v2:upper,160.18046198392534
9457,OPTIMAL,v2:upper,115.18077210330407
9458,OPTIMAL,v2:upper,132.36955913025054
9459,OPTIMAL,v2:upper,138.12617989993998
9460,OPTIMAL,v2:upper,110.00206299591794
9461,OPTIMAL,v2:upper,281.04036806617046
9462,OPTIMAL,v2:upper,54.71801254791192
9463,OPTIMAL,v2:upper,111.26037622664045
9464,OPTIMAL,v2:upper,433.3205294486976
9465,OPTIMAL,v1:upper,41.87451584436441
9466,OPTIMAL,v2:upper,372.7129234591475
9467,OPTIMAL,v2:upper,18.869209236174783
9468,OPTIMAL,v1:upper,137.7426898345312
9469,OPTIMAL,v2:upper,368.6337384395222
9470,OPTIMAL,v2:upper,81.49478332047993
9471,OPTIMAL,v2:upper,151.31347847128097
9472,OPTIMAL,v2:upper,125.20783460587847
9473,OPTIMAL,v2:upper,336.5623032980081
9474,OPTIMAL,v2:upper,5.847104563119626
9475,OPTIMAL,v2:upper,157.13708615307476
9476,OPTIMAL,v2:upper,590.306911380176
9477,OPTIMAL,v2:upper,162.55207558850665
9478,OPTIMAL,v2:upper,131.77989084457093
9479,OPTIMAL,v2:upper,34.89583501707853
9480,OPTIMAL,v2:upper,40.04703182091269
9481,OPTIMAL,v2:upper,293.0617903994122
9482,OPTIMAL,v2:upper,508.09319127671995
9483,OPTIMAL,v1:upper,261.0809614622607
9484,OPTIMAL,v1:upper,76.69687680352706
9485,OPTIMAL,v2:upper,154.88368984636932
9486,OPTIMAL,v2:upper,94.41860156722439
9487,OPTIMAL,v2:upper,112.48808997610728
9488,OPTIMAL,v2:upper,30.593128424573564
9489,OPTIMAL,v2:upper,84.4426843661634
9490,OPTIMAL,v2:upper,507.8076636904964
9491,OPTIMAL,v2:upper,31.16042698917676
9492,OPTIMAL,v2:upper,127.70272124130723
9493,OPTIMAL,v2:upper,40.87723266576249
9494,OPTIMAL,v2:upper,114.5119750963477
9495,OPTIMAL,v2:upper,130.5321634250605
9496,OPTIMAL,v2:upper,271.0595455937429
9497,OPTIMAL,v2:upper,107.92325805088063
9498,OPTIMAL,v1:upper,37.85596801839498
9499,OPTIMAL,v2:upper,105.98178484125388
9500,OPTIMAL,v2:upper,103.22688493468867
9501,OPTIMAL,v2:upper,247.93155433134868
9502,OPTIMAL,v2:upper,279.8236376742534
9503,OPTIMAL,v2:upper,564.4764657394812
9504,OPTIMAL,v2:upper,178.03903277248187
9505,OPTIMAL,v1:upper,271.5843501230723
9506,OPTIMAL,v1:upper,774.432909404846
9507,OPTIMAL,v2:upper,65.48718984754754
9508,OPTIMAL,v2:upper,100.66195214331779
9509,OPTIMAL,v2:upper,35.58001304135487
9510,OPTIMAL,v2:upper,23.64380936913933
9511,OPTIMAL,v2:upper,189.8996459202465
9512,OPTIMAL,v2:upper,108.20094298667405
9513,OPTIMAL,v2:upper,17.040776679750394
9514,OPTIMAL,v2:upper,134.42516167639113
9515,OPTIMAL,v2:upper,70.75408647521672
9516,OPTIMAL,v2:upper,182.07182861784264
9517,OPTIMAL,v2:upper,166.5051124284816
9518,OPTIMAL,v2:upper,272.4419167534432
9519,OPTIMAL,v2:upper,261.5744192022861
9520,OPTIMAL,v2:upper,83.66885613340288
9521,OPTIMAL,v2:upper,99.79212792969872
9522,OPTIMAL,v2:upper,485.0591694896215
9523,OPTIMAL,v2:upper,19.967153484912515
9524,OPTIMAL,v2:upper,11.714323476246816
9525,OPTIMAL,v2:upper,362.7864151556325
9526,OPTIMAL,v2:upper,81.84821731919413
9527,OPTIMAL,v2:upper,563.5039759173749
9528,OPTIMAL,v2:upper,261.0157159898298
9529,OPTIMAL,v2:upper,58.32264469596163
9530,OPTIMAL,v2:upper,238.67526908635742
9531,OPTIMAL,v2:upper,186.9822950231382
9532,OPTIMAL,v2:upper,21.168554438653473
9533,OPTIMAL,v2:upper,201.0017282274633
9534,OPTIMAL,v1:upper,336.79877315117096
9535,OPTIMAL,v2:upper,185.9914155274404
9536,OPTIMAL,v1:upper,105.76023362241256
9537,OPTIMAL,v2:upper,131.69890405347877
9538,OPTIMAL,v2:upper,55.32103300022976
9539,OPTIMAL,v2:upper,601.398369214
9540,OPTIMAL,v1:upper,167.65432226710365
9541,OPTIMAL,v2:upper,106.4854233000263
9542,OPTIMAL,v2:upper,38.020205383378375
9543,OPTIMAL,b1:lower;b2:lower;b3:upper;b4:upper;b5:lower;b6:upper;b7:upper;b8:upper;b14:lower,1000.0
9544,OPTIMAL,v2:upper,105.72224562944724
9545,OPTIMAL,v2:upper,88.74211333147085
9546,OPTIMAL,v2:upper,179.3162968672829
9547,OPTIMAL,v2:upper,179.01876193744312
9548,OPTIMAL,v2:upper,95.68742450624683
9549,OPTIMAL,v2:upper,256.7556252420647
9550,OPTIMAL,v2:upper,145.9830961135449
9551,OPTIMAL,v2:upper,230.9295353455074
9552,OPTIMAL,v2:upper,161.35556186999327
9553,OPTIMAL,v2:upper,274.57745265560607
9554,OPTIMAL,v2:upper,125.86824790690275
9555,OPTIMAL,v2:upper,29.38420711526892
9556,OPTIMAL,v2:upper,115.07952395848363
9557,OPTIMAL,v2:upper,146.69712498041076
9558,OPTIMAL,v2:upper,653.1290503086798
9559,OPTIMAL,v2:upper,101.06448202066814
9560,OPTIMAL,v1:upper,230.62076810230832
9561,OPTIMAL,v2:upper,88.10022883735263
9562,OPTIMAL,v2:upper,149.02630679304067
9563,OPTIMAL,v2:upper,132.95761382878857
9564,OPTIMAL,v2:upper,22.434593566715865
9565,OPTIMAL,v2:upper,57.926762916957784
9566,OPTIMAL,v2:upper,263.63636949218716
9567,OPTIMAL,v1:upper,235.66033676542654
9568,OPTIMAL,v2:upper,206.64105581325842
9569,OPTIMAL,v2:upper,70.89152207440455
9570,OPTIMAL,v2:upper,81.37661136877395
9571,OPTIMAL,v2:upper,25.50413371717829
9572,OPTIMAL,v1:upper,134.55900843277766
9573,OPTIMAL,v2:upper,129.75119824088387
9574,OPTIMAL,v2:upper,218.91482706539136
9575,OPTIMAL,v2:upper,121.45607955150437
9576,OPTIMAL,v1:upper,185.41306562090745
9577,OPTIMAL,v2:upper,66.95779732015913
9578,OPTIMAL,v2:upper,116.37075493519428
9579,OPTIMAL,v2:upper,145.39191063121868
9580,OPTIMAL,v1:upper,52.29800376155856
9581,OPTIMAL,v1:upper,312.08662425517025
9582,OPTIMAL,v2:upper,52.00149133125401
9583,OPTIMAL,v2:upper,77.9050211673593
9584,OPTIMAL,v2:upper,437.9973219684936
9585,OPTIMAL,v2:upper,193.92290754686505
9586,OPTIMAL,v2:upper,272.54887076851287
9587,OPTIMAL,v2:upper,59.38064722935533
9588,OPTIMAL,v2:upper,72.71845712352324
9589,OPTIMAL,v2:upper,195.90584541906262
9590,OPTIMAL,v2:upper,65.21540840206436
9591,OPTIMAL,v2:upper,20.353255010416177
9592,OPTIMAL,v2:upper,71.54620104780344
9593,OPTIMAL,v1:upper,412.0851933186849
9594,OPTIMAL,v2:upper,40.421201156149706
9595,OPTIMAL,v2:upper,324.15115124878866
9596,OPTIMAL,v2:upper,52.915512025719416
9597,OPTIMAL,v2:upper,202.16634263248216
9598,OPTIMAL,v2:upper,34.60730624427213
9599,OPTIMAL,v2:upper,107.84817011356917
9600,OPTIMAL,v2:upper,148.69475717033578
9601,OPTIMAL,v2:upper,45.36944754950211
9602,OPTIMAL,v2:upper,45.68242708130136
9603,OPTIMAL,v2:upper,33.117870337142314
9604,OPTIMAL,v2:upper,31.77731813766891
9605,OPTIMAL,v2:upper,174.45364791929424
9606,OPTIMAL,v2:upper,107.32022134573162
9607,OPTIMAL,v2:upper,332.28824064985713
9608,OPTIMAL,v2:upper,165.2219507515214
9609,OPTIMAL,v2:upper,46.8222782349593
9610,OPTIMAL,v2:upper,96.76078006040349
9611,OPTIMAL,v2:upper,88.6868820512976
9612,OPTIMAL,v2:upper,227.3116248638428
9613,OPTIMAL,v2:upper,10.22489244030716
9614,OPTIMAL,v2:upper,21.811203819734278
9615,OPTIMAL,v2:upper,123.25992929535711
9616,OPTIMAL,v2:upper,69.48540462628814
9617,OPTIMAL,v2:upper,376.5191994898122
9618,OPTIMAL,v2:upper,112.28041145497143
9619,OPTIMAL,v2:upper,481.986069006648
9620,OPTIMAL,v2:upper,219.4533218428022
9621,OPTIMAL,v2:upper,72.65827103028565
9622,OPTIMAL,v2:upper,277.4400078393166
9623,OPTIMAL,v1:upper,69.64106228382269
9624,OPTIMAL,v2:upper,176.18278742448192
9625,OPTIMAL,v2:upper,39.693253242854695
9626,OPTIMAL,v2:upper,405.0890807189621
9627,OPTIMAL,v2:upper,79.3686886609844
9628,OPTIMAL,v2:upper,79.57654174697828
9629,OPTIMAL,v2:upper,35.01034247651788
9630,OPTIMAL,v2:upper,51.971315520236416
9631,OPTIMAL,v2:upper,63.77415820410866
9632,OPTIMAL,v2:upper,209.3130455757561
9633,OPTIMAL,v2:upper,62.99816488963399
9634,OPTIMAL,v2:upper,35.96089999315064
9635,OPTIMAL,b1:lower;b2:lower;b3:upper;b4:upper;b5:lower;b6:upper;b7:upper;b8:upper;b14:lower,1000.0
9636,OPTIMAL,v2:upper,102.8304377028837
9637,OPTIMAL,v2:upper,26.217365174185883
9638,OPTIMAL,v2:upper,79.2517833426691
9639,OPTIMAL,v2:upper,91.23635401112313
9640,OPTIMAL,v2:upper,233.36374737879714
9641,OPTIMAL,v2:upper,152.24208201178317
9642,OPTIMAL,v2:upper,152.74328549846163
9643,OPTIMAL,v2:upper,393.7957277582499
9644,OPTIMAL,v2:upper,93.17088877403519
9645,OPTIMAL,v2:upper,155.3175746646886
9646,OPTIMAL,v2:upper,114.33414512652797
9647,OPTIMAL,v1:upper,99.97523806372966
9648,OPTIMAL,v2:upper,54.14630455780172
9649,OPTIMAL,v2:upper,37.981132639033916
9650,OPTIMAL,v2:upper,8.08369291388777
9651,OPTIMAL,v2:upper,150.4781119121273
9652,OPTIMAL,v2:upper,40.111138061345976
9653,OPTIMAL,v2:upper,35.341979741244444
9654,OPTIMAL,v2:upper,27.73745527377313
9655,OPTIMAL,v2:upper,813.0976999898344
9656,OPTIMAL,v2:upper,56.824818496531414
9657,OPTIMAL,v2:upper,126.21750211142772
9658,OPTIMAL,v2:upper,312.3275433588591
9659,OPTIMAL,v2:upper,202.5029534384614
9660,OPTIMAL,v1:upper,39.927482755426276
9661,OPTIMAL,v2:upper,313.64812924358176
9662,OPTIMAL,v2:upper,170.39195619122432
9663,OPTIMAL,v2:upper,13.123013883784623
9664,OPTIMAL,v2:upper,99.76369574493144
9665,OPTIMAL,v1:upper,363.07447254685525
9666,OPTIMAL,v2:upper,38.78665772368911
9667,OPTIMAL,v2:upper,61.97184620097352
9668,OPTIMAL,v2:upper,77.15797697903022
9669,OPTIMAL,v2:upper,32.60153346145326
9670,OPTIMAL,v2:upper,171.48264684894264
9671,OPTIMAL,v2:upper,318.82316805980963
9672,OPTIMAL,v2:upper,175.37416967890232
9673,OPTIMAL,v2:upper,262.2707151102839
9674,OPTIMAL,v2:upper,73.36751095215864
9675,OPTIMAL,v2:upper,334.5604312630655
9676,OPTIMAL,v2:upper,70.21740448691375
9677,OPTIMAL,v1:upper,473.47511755139294
9678,OPTIMAL,v2:upper,42.77129549219127
9679,OPTIMAL,v2:upper,226.71033420389992
9680,OPTIMAL,v2:upper,49.99623094256967
9681,OPTIMAL,v2:upper,165.9985708589339
9682,OPTIMAL,v2:upper,32.8534709665882
9683,OPTIMAL,v2:upper,117.95238385134373
9684,OPTIMAL,v2:upper,125.03913170584391
9685,OPTIMAL,v2:upper,9.762303173368975
9686,OPTIMAL,v2:upper,22.288642761602848
9687,OPTIMAL,v2:upper,114.44593807466198
9688,OPTIMAL,v2:upper,210.2182874062821
9689,OPTIMAL,v2:upper,122.19636933777501
9690,OPTIMAL,v2:upper,162.06088778123416
9691,OPTIMAL,v2:upper,246.5444338031624
9692,OPTIMAL,v2:upper,94.20421400998349
9693,OPTIMAL,v2:upper,67.81736491372233
9694,OPTIMAL,v2:upper,221.1545353057948
9695,OPTIMAL,v2:upper,145.8612971521529
9696,OPTIMAL,v2:upper,61.794310192749535
9697,OPTIMAL,v1:upper,28.401905461901965
9698,OPTIMAL,v1:upper,737.3392125599048
9699,OPTIMAL,v2:upper,292.3754241178756
9700,OPTIMAL,v2:upper,25.08425789946577
9701,OPTIMAL,v1:upper,143.6573138335873
9702,OPTIMAL,v1:upper,210.10952107177854
9703,OPTIMAL,v2:upper,352.2496727304166
9704,OPTIMAL,v2:upper,135.37991452971218
9705,OPTIMAL,v2:upper,679.6260423105175
9706,OPTIMAL,v2:upper,217.79449701148909
9707,OPTIMAL,v2:upper,257.0329543170552
9708,OPTIMAL,v2:upper,26.107316347888638
9709,OPTIMAL,v2:upper,50.34382034445845
9710,OPTIMAL,v2:upper,506.6767865452574
9711,OPTIMAL,v2:upper,36.816901941037855
9712,OPTIMAL,v2:upper,67.86280643515055
9713,OPTIMAL,v2:upper,140.89276407782495
9714,OPTIMAL,v2:upper,61.61034327109388
9715,OPTIMAL,v2:upper,230.90269815695868
9716,OPTIMAL,v2:upper,54.76858252887234
9717,OPTIMAL,v2:upper,29.717503152091428
9718,OPTIMAL,v1:upper,291.98325022182183
9719,OPTIMAL,v2:upper,38.841016911978635
9720,OPTIMAL,v2:upper,116.9543365091783
9721,OPTIMAL,v1:upper,68.12606334935305
9722,OPTIMAL,v2:upper,35.652129203070714
9723,OPTIMAL,v2:upper,112.13723982072071
9724,OPTIMAL,v1:upper,206.44041373953934
9725,OPTIMAL,v2:upper,327.9315906059228
9726,OPTIMAL,v2:upper,236.64250399013022
9727,OPTIMAL,v2:upper,58.96658124241694
9728,OPTIMAL,v2:upper,5.501689801705487
9729,OPTIMAL,v2:upper,97.76918657793662
9730,OPTIMAL,v2:upper,75.39058009514643
9731,OPTIMAL,v2:upper,118.39830908677257
9732,OPTIMAL,v2:upper,76.55580015460278
9733,OPTIMAL,v2:upper,573.4459854853391
9734,OPTIMAL,v2:upper,62.696328480874854
9735,OPTIMAL,v2:upper,189.46687253892637
9736,OPTIMAL,v2:upper,657.2732500883702
9737,OPTIMAL,v2:upper,282.4977272007016
9738,OPTIMAL,v2:upper,14.92778276249765
9739,OPTIMAL,v2:upper,495.3438832304554
9740,OPTIMAL,v2:upper,131.5389664405765
9741,OPTIMAL,v1:upper,128.5845315566929
9742,OPTIMAL,v2:upper,278.4139428861504
9743,OPTIMAL,v2:upper,822.3764667925791
9744,OPTIMAL,v2:upper,61.03395743050083
9745,OPTIMAL,v2:upper,12.621508264095839
9746,OPTIMAL,v2:upper,329.99752332837846
9747,OPTIMAL,v2:upper,28.653468668369143
9748,OPTIMAL,v2:upper,88.6039439427694
9749,OPTIMAL,v2:upper,399.41540918215003
9750,OPTIMAL,v2:upper,83.04124409906527
9751,OPTIMAL,v2:upper,70.43292732193599
9752,OPTIMAL,v2:upper,289.7430020101646
9753,OPTIMAL,v2:upper,28.8108406102999
9754,OPTIMAL,v2:upper,105.59222627857865
9755,OPTIMAL,v2:upper,33.86057812568128
9756,OPTIMAL,v2:upper,27.461904479985353
9757,OPTIMAL,v2:upper,236.66468013182143
9758,OPTIMAL,v2:upper,23.068955940354087
9759,OPTIMAL,v2:upper,38.53498967299183
9760,OPTIMAL,v2:upper,13.532395328296273
9761,OPTIMAL,v2:upper,344.0297115930643
9762,OPTIMAL,v2:upper,72.89860327567938
9763,OPTIMAL,v2:upper,53.90234898720814
9764,OPTIMAL,v2:upper,264.5133291011938
9765,OPTIMAL,v2:upper,118.37791938653824
9766,OPTIMAL,v2:upper,39.414168891940434
9767,OPTIMAL,v2:upper,667.4913233397517
9768,OPTIMAL,v2:upper,143.6557252946803
9769,OPTIMAL,v2:upper,78.05719598393375
9770,OPTIMAL,v2:upper,32.51282333345245
9771,OPTIMAL,v2:upper,481.04438539603063
9772,OPTIMAL,v2:upper,41.33646602528801
9773,OPTIMAL,v2:upper,65.11518133395691
9774,OPTIMAL,v2:upper,17.758536316086268
9775,OPTIMAL,v2:upper,78.72922644888175
9776,OPTIMAL,v2:upper,75.58026222917684
9777,OPTIMAL,v2:upper,50.20538096273758
9778,OPTIMAL,v2:upper,31.48121232314512
9779,OPTIMAL,v2:upper,693.2045819678644
9780,OPTIMAL,v2:upper,410.8263293131775
9781,OPTIMAL,v2:upper,33.529913625894814
9782,OPTIMAL,v2:upper,17.087516007155873
9783,OPTIMAL,v2:upper,60.075394132225036
9784,OPTIMAL,v2:upper,50.51461309182448
9785,OPTIMAL,v2:upper,157.21522979449307
9786,OPTIMAL,v2:upper,157.59026429491456
9787,OPTIMAL,b1:lower;b2:lower;b3:upper;b4:upper;b5:lower;b6:upper;b7:upper;b8:upper;b14:lower,1000.0
9788,OPTIMAL,v2:upper,88.0533863025197
9789,OPTIMAL,v2:upper,46.73423829650722
9790,OPTIMAL,v2:upper,29.88107456758198
9791,OPTIMAL,v2:upper,46.37416564133717
9792,OPTIMAL,v2:upper,395.39851372205266
9793,OPTIMAL,v2:upper,72.483013293096
9794,OPTIMAL,v2:upper,84.93401956306434
9795,OPTIMAL,v2:upper,173.0095240814421
9796,OPTIMAL,v2:upper,288.1402300019283
9797,OPTIMAL,v2:upper,309.8600439649403
9798,OPTIMAL,v2:upper,60.26944589630386
9799,OPTIMAL,v2:upper,367.8479178697553
9800,OPTIMAL,v2:upper,142.6624907895105
9801,OPTIMAL,v2:upper,90.63946451451262
9802,OPTIMAL,v1:upper,71.83756525903726
9803,OPTIMAL,v2:upper,89.48071420326524
9804,OPTIMAL,v2:upper,211.9921902221111
9805,OPTIMAL,v2:upper,68.83002050318004
9806,OPTIMAL,v2:upper,206.1859516372553
9807,OPTIMAL,v2:upper,126.75060348037435
9808,OPTIMAL,v2:upper,169.53014415005137
9809,OPTIMAL,v2:upper,84.68001231150033
9810,OPTIMAL,v2:upper,115.93223525266193
9811,OPTIMAL,v2:upper,41.532538842861186
9812,OPTIMAL,v2:upper,144.7889318591861
9813,OPTIMAL,v2:upper,410.80815463868174
9814,OPTIMAL,v2:upper,316.62231008449584
9815,OPTIMAL,v1:upper,148.70052183591505
9816,OPTIMAL,v1:upper,86.10178170603952
9817,OPTIMAL,v1:upper,169.63650552434734
9818,OPTIMAL,v2:upper,51.07897015477913
9819,OPTIMAL,v2:upper,127.27281879915847
9820,OPTIMAL,v2:upper,72.94553998642665
9821,OPTIMAL,v2:upper,147.84198989576592
9822,OPTIMAL,v2:upper,116.86722456130978
9823,OPTIMAL,v2:upper,37.583004886327146
9824,OPTIMAL,v1:upper,68.34320024723145
9825,OPTIMAL,v2:upper,759.4829326369677
9826,OPTIMAL,v2:upper,140.8498282364011
9827,OPTIMAL,v2:upper,28.98396990168367
9828,OPTIMAL,v2:upper,242.61157357264415
9829,OPTIMAL,v2:upper,175.74853953666522
9830,OPTIMAL,v2:upper,152.5251587916671
9831,OPTIMAL,v2:upper,42.42181738628369
9832,OPTIMAL,v1:upper,249.45347632985394
9833,OPTIMAL,v2:upper,6.920580955075611
9834,OPTIMAL,v1:upper,42.90448370916278
9835,OPTIMAL,b1:lower;b2:lower;b3:upper;b4:upper;b5:lower;b6:upper;b7:upper;b8:upper;b14:lower,1000.0
9836,OPTIMAL,v2:upper,43.73366456326455
9837,OPTIMAL,v2:upper,66.96723929061812
9838,OPTIMAL,v2:upper,27.610664953328232
9839,OPTIMAL,v2:upper,41.43669357602707
9840,OPTIMAL,v2:upper,85.9849504031823
9841,OPTIMAL,v2:upper,44.77642201408883
9842,OPTIMAL,v2:upper,234.92897780315258
9843,OPTIMAL,v1:upper,567.3926118896534
9844,OPTIMAL,v2:upper,425.98376777341866
9845,OPTIMAL,v2:upper,71.92939167592816
9846,OPTIMAL,v2:upper,218.46413987971317
9847,OPTIMAL,v2:upper,26.043607946216
9848,OPTIMAL,v2:upper,40.73217614526824
9849,OPTIMAL,v2:upper,33.4560514135224
9850,OPTIMAL,v2:upper,33.566084268452286
9851,OPTIMAL,v2:upper,97.01298072393935
9852,OPTIMAL,v2:upper,14.274615787595973
9853,OPTIMAL,v2:upper,16.338804036862854
9854,OPTIMAL,v2:upper,312.50717705052165
9855,OPTIMAL,v2:upper,53.79779116653493
9856,OPTIMAL,v2:upper,86.78520889313356
9857,OPTIMAL,v2:upper,122.40705454100213
9858,OPTIMAL,v2:upper,151.116183512224
9859,OPTIMAL,v2:upper,70.58310129692424
9860,OPTIMAL,v2:upper,32.558867288433845
9861,OPTIMAL,v2:upper,20.322947406080132
9862,OPTIMAL,v2:upper,137.42274362092022
9863,OPTIMAL,v2:upper,265.7757221151619
9864,OPTIMAL,v2:upper,220.46435495417006
9865,OPTIMAL,v2:upper,47.46817297424472
9866,OPTIMAL,v2:upper,189.62283911234005
9867,OPTIMAL,v2:upper,368.3917129780535
9868,OPTIMAL,v2:upper,26.61579351072594
9869,OPTIMAL,v2:upper,102.90518078859232
9870,OPTIMAL,v2:upper,175.49471570420818
9871,OPTIMAL,v2:upper,48.40060632616634
9872,OPTIMAL,v2:upper,148.80201212274622
9873,OPTIMAL,v2:upper,49.95414740822375
9874,OPTIMAL,v2:upper,111.9684390727089
9875,OPTIMAL,v2:upper,24.805846651360515
9876,OPTIMAL,v2:upper,43.55734670169619
9877,OPTIMAL,v2:upper,132.37024194565183
9878,OPTIMAL,v2:upper,54.90714337140764
9879,OPTIMAL,v2:upper,84.7208143387903
9880,OPTIMAL,v1:upper,168.8785788808416
9881,OPTIMAL,v2:upper,80.36678145751559
9882,OPTIMAL,v1:upper,287.85032987021856
9883,OPTIMAL,v2:upper,101.08202737282605
9884,OPTIMAL,v2:upper,190.4316568722212
9885,OPTIMAL,v2:upper,328.13633073139425
9886,OPTIMAL,v2:upper,829.8965529878508
9887,OPTIMAL,v1:upper,294.4009498034566
9888,OPTIMAL,v2:upper,75.29860730825433
9889,OPTIMAL,v2:upper,116.46806426280247
9890,OPTIMAL,v2:upper,281.27875589138273
9891,OPTIMAL,v2:upper,20.550170055911686
9892,OPTIMAL,v2:upper,179.55196720067715
9893,OPTIMAL,v2:upper,125.37351017392542
9894,OPTIMAL,v2:upper,34.32650945428529
9895,OPTIMAL,v2:upper,388.5187070482368
9896,OPTIMAL,v2:upper,29.457951983729043
9897,OPTIMAL,v2:upper,141.69731568010783
9898,OPTIMAL,v2:upper,78.97499629136856
9899,OPTIMAL,v2:upper,156.85980202064326
9900,OPTIMAL,v2:upper,224.83780706938902
9901,OPTIMAL,v1:upper,88.52654153719052
9902,OPTIMAL,v2:upper,259.7584332336723
9903,OPTIMAL,v2:upper,170.5716169838549
9904,OPTIMAL,v2:upper,246.1501104860748
9905,OPTIMAL,v2:upper,371.10023545348616
9906,OPTIMAL,v2:upper,27.424076190250226
9907,OPTIMAL,v2:upper,129.79327516177634
9908,OPTIMAL,v2:upper,95.64951214518557
9909,OPTIMAL,v1:upper,46.17878488908697
9910,OPTIMAL,v1:upper,34.022059400889994
9911,OPTIMAL,v2:upper,218.17321134790578
9912,OPTIMAL,v2:upper,196.3836842903944
9913,OPTIMAL,v2:upper,160.22658246004391
9914,OPTIMAL,v2:upper,111.82683379977742
9915,OPTIMAL,v1:upper,74.82532982176178
9916,OPTIMAL,v2:upper,150.16295263644375
9917,OPTIMAL,v2:upper,132.35396931429668
9918,OPTIMAL,v1:upper,47.64693891680949
9919,OPTIMAL,v2:upper,321.6668228215283
9920,OPTIMAL,v2:upper,109.20456655876247
9921,OPTIMAL,v2:upper,85.66087765543816
9922,OPTIMAL,v2:upper,176.9450966068273
9923,OPTIMAL,v2:upper,102.59635906723823
9924,OPTIMAL,v2:upper,155.12832747741442
9925,OPTIMAL,v2:upper,24.56577057427093
9926,OPTIMAL,v2:upper,14.549343509423283
9927,OPTIMAL,v1:upper,172.8438954910812
9928,OPTIMAL,v2:upper,31.722434260434696
9929,OPTIMAL,v2:upper,143.44406634372788
9930,OPTIMAL,v2:upper,79.42269565255275
9931,OPTIMAL,v2:upper,145.51621449539323
9932,OPTIMAL,v2:upper,79.35092518641711
9933,OPTIMAL,v2:upper,231.09498779422057
9934,OPTIMAL,v2:upper,203.45151978318864
9935,OPTIMAL,v2:upper,505.8656953470956
9936,OPTIMAL,v2:upper,104.33063318616462
9937,OPTIMAL,v1:upper,122.9560582750422
9938,OPTIMAL,v1:upper,100.87336145803314
9939,OPTIMAL,v2:upper,69.44162513935723
9940,OPTIMAL,v2:upper,132.52559927627428
9941,OPTIMAL,v2:upper,214.01405858743084
9942,OPTIMAL,v2:upper,52.5420305522664
9943,OPTIMAL,v1:upper,52.9115383476098
9944,OPTIMAL,v2:upper,99.54791585026722
9945,OPTIMAL,v2:upper,28.504637164239554
9946,OPTIMAL,v2:upper,55.57766970327633
9947,OPTIMAL,v1:upper,51.042733758809426
9948,OPTIMAL,v2:upper,92.35048172542255
9949,OPTIMAL,v2:upper,76.73123555052025
9950,OPTIMAL,v2:upper,269.68064626616604
9951,OPTIMAL,v1:upper,187.55901639255202
9952,OPTIMAL,v2:upper,191.35827006623268
9953,OPTIMAL,v1:upper,99.08387943700004
9954,OPTIMAL,v2:upper,58.953286691402425
9955,OPTIMAL,v2:upper,140.63829914751835
9956,OPTIMAL,v1:upper,245.3940171095409
9957,OPTIMAL,v2:upper,28.29061224955844
9958,OPTIMAL,v2:upper,95.87667241186132
9959,OPTIMAL,v2:upper,40.954832521229186
9960,OPTIMAL,v2:upper,175.73705023088155
9961,OPTIMAL,v2:upper,68.39002421692318
9962,OPTIMAL,v2:upper,659.0329252155368
9963,OPTIMAL,v2:upper,236.19439979691023
9964,OPTIMAL,v2:upper,148.5352300410015
9965,OPTIMAL,v2:upper,185.98741728181253
9966,OPTIMAL,v2:upper,94.36659232208669
9967,OPTIMAL,v1:upper,297.1052000830372
9968,OPTIMAL,v2:upper,236.38484792618647
9969,OPTIMAL,v2:upper,86.55695178670177
9970,OPTIMAL,v2:upper,150.89709264480877
9971,OPTIMAL,v2:upper,129.88572456553067
9972,OPTIMAL,v2:upper,264.74538055472624
9973,OPTIMAL,v2:upper,147.17657733087708
9974,OPTIMAL,v2:upper,19.745571601031457
9975,OPTIMAL,v2:upper,487.70971730139195
9976,OPTIMAL,v2:upper,27.55521261181216
9977,OPTIMAL,v2:upper,547.5874539030401
9978,OPTIMAL,v2:upper,187.03538651575806
9979,OPTIMAL,v2:upper,15.176791834729443
9980,OPTIMAL,v2:upper,171.39639836684785
9981,OPTIMAL,v2:upper,64.21617772255759
9982,OPTIMAL,v1:upper,72.33752461918111
9983,OPTIMAL,v1:upper,347.6739304121779
9984,OPTIMAL,v2:upper,151.95117347210396
9985,OPTIMAL,v2:upper,254.83430921999386
9986,OPTIMAL,v2:upper,357.87019533840623
9987,OPTIMAL,v2:upper,13.155230496813251
9988,OPTIMAL,v2:upper,192.1046101886924
9989,OPTIMAL,v2:upper,151.72019014311581
9990,OPTIMAL,v2:upper,14.104018565361901
9991,OPTIMAL,v2:upper,23.43700276176261
9992,OPTIMAL,v1:upper,149.5186121732111
9993,OPTIMAL,v2:upper,139.64829452186277
9994,OPTIMAL,v2:upper,210.45386504865687
9995,OPTIMAL,v2:upper,63.532982938381934
9996,OPTIMAL,v2:upper,234.7438809382562
9997,OPTIMAL,v2:upper,25.293252727210476
9998,OPTIMAL,v2:upper,111.81471994456139
9999,OPTIMAL,v2:upper,270.3892970687581
10000,OPTIMAL,b1:lower;b2:lower;b3:upper;b4:upper;b5:lower;b6:upper;b7:upper;b8:upper;b14:lower,1000.0
