config,f2,urea_export
A,1.0,27.702205412613996
A,1.0,85.0667908978025
A,1.0,100.04108618423712
A,1.0,189.37608687825386
A,1.0,15.78085073209327
A,1.0,93.41928864828866
A,1.0,431.7091959573824
A,1.0,83.11993504434022
A,1.0,120.44861551419315
A,1.0,56.78695684777965
A,1.0,94.63280902310163
A,1.0,52.518256309926265
A,1.0,26.597269380096403
A,1.0,169.20296712731806
A,1.0,27.68331127715052
A,1.0,225.57334531452082
A,1.0,34.71552866019318
A,1.0,52.66629451865207
A,1.0,152.0318550925961
A,1.0,166.49519860642982
A,1.0,306.9084981140419
A,1.0,285.9278487475513
A,1.0,18.659937217143504
A,1.0,522.2480903287129
A,1.0,38.88175971655795
A,1.0,183.9173890598465
A,1.0,234.68176678175772
A,1.0,205.71428719889678
A,1.0,24.129727027076253
A,1.0,130.51074209349264
A,1.0,95.71084064983675
A,1.0,46.674953062689696
A,1.0,142.73587802415167
A,1.0,127.41636642872636
A,1.0,161.17366085284013
A,1.0,48.66899179817052
A,1.0,159.81779484911104
A,1.0,833.4964371181438
A,1.0,34.58256518995036
A,1.0,40.42557735578544
A,1.0,406.22938781698474
A,1.0,166.49072622459792
A,1.0,144.49690857707796
A,1.0,96.67701633576404
A,1.0,89.46273768936388
A,1.0,137.52285440428716
A,1.0,557.9259123829634
A,1.0,205.73599077942058
A,1.0,111.84698506379615
A,1.0,212.31199819958456
A,1.0,170.9135204109528
A,1.0,82.84816921096184
A,1.0,58.08193465715238
A,1.0,706.0328067327636
A,1.0,258.09765314419315
A,1.0,128.4798478702315
A,1.0,41.577643157867584
A,1.0,133.74062695410677
A,1.0,162.1807027499806
A,1.0,90.643396507094
A,1.0,86.69380728667987
A,1.0,57.02967167218704
A,1.0,82.83339931463708
A,1.0,459.4562978246807
A,1.0,213.48969012021325
A,1.0,20.780156329051596
A,1.0,227.10195986204508
A,1.0,426.21496714617336
A,1.0,127.39898470162574
A,1.0,27.898126042459804
A,1.0,19.16204752168934
A,1.0,425.12678993873374
A,1.0,83.1073717022193
A,1.0,38.21065104686641
A,1.0,92.93758625564037
A,1.0,113.84948744173657
A,1.0,57.457513458557884
A,1.0,279.8272705371289
A,1.0,82.6826717306625
A,1.0,229.56854479061636
A,1.0,137.35677158747396
A,1.0,769.326578478077
A,1.0,80.56425144485792
A,1.0,113.08405275203597
A,1.0,130.4532112015881
A,1.0,49.20583829728102
A,1.0,1000.0
A,1.0,429.87373468664634
A,1.0,168.3048231045073
A,1.0,29.03326497325546
A,1.0,205.06364208546177
A,1.0,448.3820742725381
A,1.0,149.50003720364282
A,1.0,93.45578900604293
A,1.0,105.86373960705683
A,1.0,169.9362653390457
A,1.0,118.19121909342097
A,1.0,44.74701847517171
A,1.0,160.57678215870712
A,1.0,52.881603101464165
A,1.0,178.18190098197704
A,1.0,98.85313262094623
A,1.0,112.5000394529775
A,1.0,97.36852858370288
A,1.0,104.4800896791225
A,1.0,430.2290103596788
A,1.0,151.66199912438483
A,1.0,44.39739915305514
A,1.0,178.51248340410314
A,1.0,199.94281198642696
A,1.0,241.21457250912852
A,1.0,170.64939547047115
A,1.0,336.52669870190704
A,1.0,260.71133578560244
A,1.0,355.03284082735087
A,1.0,93.32783236784294
A,1.0,236.70604275625922
A,1.0,188.42468644526267
A,1.0,135.38901856216972
A,1.0,254.18662945647296
A,1.0,172.83734855032
A,1.0,61.91306898683912
A,1.0,163.76793876616378
A,1.0,296.59052575262604
A,1.0,26.716317654075315
A,1.0,87.85720090590509
A,1.0,105.29765085090273
A,1.0,104.7309101973542
A,1.0,71.42377129903835
A,1.0,484.2806352120655
A,1.0,141.39105428511257
A,1.0,205.369126236725
A,1.0,36.22185062532126
A,1.0,48.347961348069056
A,1.0,171.3063396348869
A,1.0,123.2382691565183
A,1.0,422.8745581051704
A,1.0,25.002611218832765
A,1.0,22.410130744636056
A,1.0,184.71328561002326
A,1.0,546.5871624225641
A,1.0,86.56995083854765
A,1.0,151.06537593673994
A,1.0,117.77368537947115
A,1.0,110.80691945204954
A,1.0,158.95168012406708
A,1.0,114.11498912816475
A,1.0,102.61804806643632
A,1.0,40.29896664033684
A,1.0,95.31826497222092
A,1.0,315.35685492281556
A,1.0,42.97150109133175
A,1.0,268.08641054094085
A,1.0,325.2225401933818
A,1.0,49.99451785587585
A,1.0,63.03034827396137
A,1.0,263.62319822976
A,1.0,154.8021550065716
A,1.0,73.35283729283822
A,1.0,52.42864460517293
A,1.0,57.83061253792067
A,1.0,21.874954175187156
A,1.0,52.60762457378846
A,1.0,99.27029725348115
A,1.0,38.567999134702355
A,1.0,17.935480202288936
A,1.0,39.02918744317134
A,1.0,254.86362625529208
A,1.0,64.49584675516834
A,1.0,73.68958271458918
A,1.0,67.82406431222503
A,1.0,75.04297242354905
A,1.0,82.4393619521602
A,1.0,70.58030851183953
A,1.0,503.1085372164483
A,1.0,55.26041630043279
A,1.0,189.62478885174326
A,1.0,189.96580485871445
A,1.0,147.19421156688944
A,1.0,45.83888455383475
A,1.0,102.03743621706559
A,1.0,98.95186422750596
A,1.0,61.72689040581943
A,1.0,280.6367409187335
A,1.0,103.20622910710382
A,1.0,67.2794981969924
A,1.0,173.00232683048978
A,1.0,68.28357713160156
A,1.0,23.262490372537737
A,1.0,112.12291945860207
A,1.0,11.782530299972569
A,1.0,107.63199481971381
A,1.0,69.28345130715138
A,1.0,45.78001584952216
A,1.0,187.89943396893275
A,1.0,59.57955651289578
A,1.0,92.21874705424852
A,1.0,25.52591812247595
A,1.0,18.63435559967138
A,1.0,57.92891426446181
A,1.0,84.61985902101283
A,1.0,78.47113728357554
A,1.0,326.35051117145423
A,1.0,40.003264285540894
A,1.0,88.87108809881268
A,1.0,203.28022696434724
A,1.0,36.29401986031776
A,1.0,23.599202338759802
A,1.0,259.5953868864836
A,1.0,127.60425684579405
A,1.0,184.95288798988838
A,1.0,280.4587889011178
A,1.0,174.03136145741928
A,1.0,92.4951793937968
A,1.0,92.31183765027247
A,1.0,77.41142804762036
A,1.0,76.15978227437076
A,1.0,110.7239077249229
A,1.0,32.48092668179379
A,1.0,295.8084417962802
A,1.0,53.53211397712377
A,1.0,88.74115096569449
A,1.0,71.26611636037984
A,1.0,74.25054859501262
A,1.0,680.4569445655048
A,1.0,107.83861761717888
A,1.0,149.56898098810157
A,1.0,229.1943455835926
A,1.0,127.26286117152247
A,1.0,49.77254223496464
A,1.0,141.1930647763662
A,1.0,354.1867929877516
A,1.0,139.0297592480932
A,1.0,669.7592362315606
A,1.0,124.82467257996362
A,1.0,54.87522948929804
A,1.0,65.67657469144137
A,1.0,63.81806303870594
A,1.0,86.62463614107807
A,1.0,31.343273761884355
A,1.0,93.47962101753201
A,1.0,31.797406302985152
A,1.0,38.15852541824294
A,1.0,487.30915278735586
A,1.0,75.45415667996653
A,1.0,30.236351697892932
A,1.0,40.35968544652186
A,1.0,48.85304434515363
A,1.0,217.65338326539035
A,1.0,100.11258980924131
A,1.0,237.39075195028244
A,1.0,73.72014962953219
A,1.0,181.64888475164318
A,1.0,676.4313960715085
A,1.0,49.19596380502443
A,1.0,333.93524810501896
A,1.0,60.89488187747732
A,1.0,94.30852839410481
A,1.0,158.0400755464845
A,1.0,83.01849014932826
A,1.0,167.62901172337038
A,1.0,74.67543396118825
A,1.0,404.44426715027106
A,1.0,120.48686113752058
A,1.0,90.82754964377298
A,1.0,74.68359050392195
A,1.0,121.67646186541343
A,1.0,204.00906469027134
A,1.0,69.30150584439862
A,1.0,34.888017586927056
A,1.0,159.60706016654223
A,1.0,573.0050576811906
A,1.0,27.918665037555904
A,1.0,69.87899251402315
A,1.0,49.328610320734604
A,1.0,50.60458584176328
A,1.0,33.86008971622081
A,1.0,9.734113324407062
A,1.0,53.96240142399817
A,1.0,156.9937563061385
A,1.0,29.562322189605865
A,1.0,76.71307013563937
A,1.0,186.58825567273033
A,1.0,274.69452455759034
A,1.0,385.9337264940353
A,1.0,29.841307024409023
A,1.0,140.28551105259876
A,1.0,447.48416686098955
A,1.0,101.29349959705937
A,1.0,97.2353052862479
A,1.0,103.64541140531797
A,1.0,222.58807756432353
A,1.0,72.89222688706447
A,1.0,187.70765083437408
A,1.0,35.326674811359645
A,1.0,321.5972318119227
A,1.0,34.78368722807383
A,1.0,393.8985704510049
A,1.0,185.14551698941753
A,1.0,78.33205207816219
A,1.0,110.09368331951255
A,1.0,29.015584155145977
A,1.0,41.24798993612974
A,1.0,51.18539936910011
A,1.0,95.26242803691476
A,1.0,109.28347843207706
A,1.0,41.34671695380922
A,1.0,45.13136903763295
A,1.0,266.30719496151545
A,1.0,155.92321970575696
A,1.0,193.47314943683068
A,1.0,242.85215959807152
A,1.0,119.89437231034249
A,1.0,307.0559793374532
A,1.0,85.77211477332536
A,1.0,697.7170375667388
A,1.0,295.9584450718809
A,1.0,54.86763441333692
A,1.0,53.90305600982225
A,1.0,73.00109528780764
A,1.0,47.7633876502501
A,1.0,140.8710274509248
A,1.0,58.723011691347956
A,1.0,43.00158229614918
A,1.0,49.38448137633893
A,1.0,1000.0
A,1.0,248.26514938978644
A,1.0,67.98464499077167
A,1.0,202.424952856385
A,1.0,57.96062961772954
A,1.0,250.23374006893258
A,1.0,87.15243605376449
A,1.0,131.62084323306385
A,1.0,48.89272142429871
A,1.0,103.10988636655286
A,1.0,230.74608061464397
A,1.0,25.83592235458955
A,1.0,9.737181539859234
A,1.0,55.49365553627524
A,1.0,268.6271057236447
A,1.0,15.631293264822688
A,1.0,22.24197891507391
A,1.0,71.24753304700164
A,1.0,87.96807145936957
A,1.0,210.61203395373983
A,1.0,107.84693908990074
A,1.0,158.298068761345
A,1.0,182.60500769649272
A,1.0,59.077129306393296
A,1.0,65.98056762860845
A,1.0,149.67862178833855
A,1.0,57.24500022660833
A,1.0,105.21768751918673
A,1.0,51.22142599429776
A,1.0,43.962163263912835
A,1.0,102.1971166330344
A,1.0,144.0796145176467
A,1.0,69.32794765267549
A,1.0,113.9252232714137
A,1.0,16.36639812820504
A,1.0,33.35409111295703
A,1.0,256.1347380422989
A,1.0,41.90844611887289
A,1.0,102.39810657889127
A,1.0,204.16016025297225
A,1.0,279.38859012856807
A,1.0,132.47138743631763
A,1.0,203.73467140022834
A,1.0,20.72969301575702
A,1.0,69.21420358520423
A,1.0,134.72131207454066
A,1.0,141.50138800881652
A,1.0,370.5304296784091
A,1.0,165.87550545591796
A,1.0,238.38135584190573
A,1.0,57.29976270922544
A,1.0,358.8634813723237
A,1.0,172.9858394026937
A,1.0,80.43249391559371
A,1.0,139.478997805594
A,1.0,100.78532615791336
A,1.0,120.57475206561365
A,1.0,21.8975644951083
A,1.0,157.65995165040317
A,1.0,100.3999395494491
A,1.0,204.44533583076756
A,1.0,435.80104915266014
A,1.0,50.675467399677025
A,1.0,48.26329433800424
A,1.0,336.45995545647366
A,1.0,58.37052860243464
A,1.0,219.98679278777732
A,1.0,146.52320925140856
A,1.0,121.48010293802679
A,1.0,137.9656953737865
A,1.0,41.49752440719629
A,1.0,42.85864205966143
A,1.0,29.45448976996437
A,1.0,97.59910063409791
A,1.0,178.7462404633489
A,1.0,89.94067794327425
A,1.0,246.95565798365607
A,1.0,255.3276364079098
A,1.0,218.3262391431818
A,1.0,75.1686782305045
A,1.0,116.63834424493402
A,1.0,61.28482293796235
A,1.0,153.47278619432385
A,1.0,93.89199689576296
A,1.0,95.76650317503157
A,1.0,180.39286502192292
A,1.0,131.33536620284426
A,1.0,178.08058990954945
A,1.0,124.0031193163023
A,1.0,48.78921751322916
A,1.0,191.38717849610805
A,1.0,50.29834193397391
A,1.0,195.83754050360866
A,1.0,312.5105187264959
A,1.0,80.01582422680478
A,1.0,285.25125414146794
A,1.0,156.70673774494475
A,1.0,168.67998325404383
A,1.0,35.609174491452215
A,1.0,145.15524987352836
A,1.0,157.99362837855787
A,1.0,171.9024597480731
A,1.0,291.5354451968525
A,1.0,98.31548497799184
A,1.0,57.59638273530795
A,1.0,29.042865374545077
A,1.0,53.98800527103074
A,1.0,33.502524904767796
A,1.0,17.311095356178722
A,1.0,88.63729190976704
A,1.0,28.770219931658165
A,1.0,94.62729746143117
A,1.0,152.6310495100369
A,1.0,38.14624817438156
A,1.0,231.99379073442333
A,1.0,131.82331805111858
A,1.0,166.1989466628243
A,1.0,127.94390389438756
A,1.0,218.12499657067747
A,1.0,1000.0
A,1.0,85.78690423122421
A,1.0,19.19581064217842
A,1.0,105.87709263747871
A,1.0,26.712007445999767
A,1.0,69.88597532989405
A,1.0,183.31958555646676
A,1.0,112.69952701702547
A,1.0,833.0039203667319
A,1.0,520.0061264029111
A,1.0,14.376605264478245
A,1.0,39.48512462118565
A,1.0,38.930114188571174
A,1.0,181.48063554140444
A,1.0,206.0057593549253
A,1.0,16.719105039550985
A,1.0,470.87191769287074
A,1.0,73.84960230841133
A,1.0,43.57617515020254
A,1.0,240.6657131869772
A,1.0,109.29241206793402
A,1.0,30.31878820974758
A,1.0,183.10785191871364
A,1.0,160.82037882866624
A,1.0,183.09701883007068
A,1.0,374.9083049910613
A,1.0,170.50296734008174
A,1.0,55.06389253430497
A,1.0,17.89837669948359
A,1.0,80.73244748212
A,1.0,147.47783502820144
A,1.0,101.73339090929935
A,1.0,35.66450985572508
A,1.0,184.71543449760998
A,1.0,82.56598981064302
A,1.0,98.38889377985417
A,1.0,85.3181662241922
A,1.0,101.37924953392357
A,1.0,128.14472810635755
A,1.0,34.30804384698559
A,1.0,116.74639014958706
A,1.0,239.94215946631093
A,1.0,57.6784309839662
A,1.0,74.05241969325829
A,1.0,53.74029831633614
A,1.0,111.4113771799462
A,1.0,107.32136399315041
A,1.0,20.581693467349027
A,1.0,108.9078132965214
A,1.0,285.54276066945175
A,1.0,324.5944276248632
A,1.0,51.6046141792795
A,1.0,662.3692853347642
A,1.0,362.808804105617
A,1.0,51.664118174566426
A,1.0,22.7144445240705
A,1.0,24.29339334531018
A,1.0,17.23331890822679
A,1.0,64.78022553999489
A,1.0,467.7833324912906
A,1.0,342.0372501035526
A,1.0,21.127916615163127
A,1.0,92.29874056512985
A,1.0,80.44000407046387
A,1.0,253.28945245731467
A,1.0,103.81574260321591
A,1.0,62.29380437398398
A,1.0,133.9122548938251
A,1.0,171.88127831865387
A,1.0,15.928992604708187
A,1.0,84.3815273805411
A,1.0,20.810653034815502
A,1.0,77.91805845876668
A,1.0,205.9215379155887
A,1.0,79.22580003022463
A,1.0,82.9379842134954
A,1.0,196.47050254449044
A,1.0,133.96781946622306
A,1.0,420.95947482312016
A,1.0,158.7385661241353
A,1.0,26.365526947332725
A,1.0,39.53300382285752
A,1.0,149.81235858068402
A,1.0,11.571521860882953
A,1.0,185.56477981504898
A,1.0,89.72390504487154
A,1.0,125.01825485332795
A,1.0,45.72810164544909
A,1.0,207.51036472806757
A,1.0,291.0375592689925
A,1.0,375.1375215629367
A,1.0,116.24361577561577
A,1.0,266.6124755532135
A,1.0,102.4710645779352
A,1.0,30.08652656305406
A,1.0,21.453453884549795
A,1.0,307.2662584864283
A,1.0,631.7354852633733
A,1.0,29.025634680367208
A,1.0,216.26302195381814
A,1.0,122.11245901057268
A,1.0,99.38508891958413
A,1.0,91.92930996368686
A,1.0,354.21252814827284
A,1.0,190.29749032076612
A,1.0,43.37865718916876
A,1.0,171.54496304879197
A,1.0,35.36067695576124
A,1.0,88.07682919314776
A,1.0,123.5328153162143
A,1.0,591.4812980243856
A,1.0,13.032450827005258
A,1.0,150.16615311755575
A,1.0,371.77048506026495
A,1.0,379.44511075673097
A,1.0,184.31221050043672
A,1.0,114.32911508873536
A,1.0,56.36158639363901
A,1.0,44.132886029174315
A,1.0,229.26723668330592
A,1.0,261.0632857226996
A,1.0,417.25807893453725
A,1.0,456.851837794358
A,1.0,49.79687704921595
A,1.0,148.78648706514676
A,1.0,175.7441148909207
A,1.0,67.46393465957166
A,1.0,150.32440896156794
A,1.0,95.58734203609362
A,1.0,106.36086927928355
A,1.0,221.18360653173096
A,1.0,33.246987197104154
A,1.0,212.5422362456809
A,1.0,61.73408085979005
A,1.0,97.14201649904062
A,1.0,151.13398683465914
A,1.0,10.448467152729405
A,1.0,114.91939907476652
A,1.0,55.17908793153855
A,1.0,57.05027034671213
A,1.0,113.5340563045253
A,1.0,86.95096503100994
A,1.0,41.8316920653491
A,1.0,673.4414548331912
A,1.0,35.520237736063194
A,1.0,16.8417264107173
A,1.0,761.736332246753
A,1.0,546.4672211826557
A,1.0,56.53141013767039
A,1.0,17.99722223103564
A,1.0,40.717832642787045
A,1.0,204.37665674334423
A,1.0,240.88090125849357
A,1.0,317.5854141018872
A,1.0,93.45124953541185
A,1.0,52.40138680307869
A,1.0,15.207586591625546
A,1.0,7.093004330347687
A,1.0,302.722995875091
A,1.0,57.784251944072125
A,1.0,361.65039063398206
A,1.0,233.3730810017116
A,1.0,55.76000944043662
A,1.0,112.48758918386946
A,1.0,110.94562765331769
A,1.0,584.235200356668
A,1.0,19.474539439824206
A,1.0,116.77042881919873
A,1.0,135.68858928246647
A,1.0,59.995094150041965
A,1.0,324.9923515217358
A,1.0,85.12810590770071
A,1.0,630.6754224057939
A,1.0,68.85099162044986
A,1.0,107.57516706356506
A,1.0,68.08903140611095
A,1.0,737.8595229028884
A,1.0,39.00544226739659
A,1.0,61.55152514634928
A,1.0,128.28791534650486
A,1.0,73.63333664920482
A,1.0,247.92050865261982
A,1.0,132.16238021853968
A,1.0,340.70520552596736
A,1.0,181.69369241152773
A,1.0,249.77973607004114
A,1.0,101.59676986605287
A,1.0,57.42886587559336
A,1.0,391.93342547121557
A,1.0,311.9243830363518
A,1.0,66.48107981027267
A,1.0,159.19723917787778
A,1.0,53.52005599431422
A,1.0,56.1220590043928
A,1.0,86.14965199176254
A,1.0,15.298938349226914
A,1.0,177.81299808315202
A,1.0,138.40216279737217
A,1.0,146.99008228902653
A,1.0,169.61197891980987
A,1.0,27.195719809728523
A,1.0,29.799415715051765
A,1.0,120.05520678938878
A,1.0,47.36355736359314
A,1.0,187.01422921803646
A,1.0,89.3586118064947
A,1.0,86.23153493379642
A,1.0,47.5847619454224
A,1.0,61.53537584551391
A,1.0,119.63329910205968
A,1.0,116.54890984160681
A,1.0,64.70650226598927
A,1.0,58.447349210901095
A,1.0,239.49428632123988
A,1.0,74.01252796021537
A,1.0,76.97418020447353
A,1.0,173.44086074444846
A,1.0,93.16445377133272
A,1.0,16.35131760678081
A,1.0,41.32036659213189
A,1.0,263.93349463902297
A,1.0,88.44550525953468
A,1.0,22.67571923404522
A,1.0,97.94126265973354
A,1.0,118.69495067820445
A,1.0,319.5926956535404
A,1.0,179.1190854955522
A,1.0,95.65941603278365
A,1.0,20.246685781235083
A,1.0,142.4943004889242
A,1.0,53.97407753159413
A,1.0,138.19553511995974
A,1.0,58.17679030351748
A,1.0,44.95856989508622
A,1.0,585.4609344136588
A,1.0,167.61960719759932
A,1.0,50.817077076409376
A,1.0,45.525507495789114
A,1.0,34.285281356393504
A,1.0,89.1700552777627
A,1.0,206.75979671155852
A,1.0,184.67040372650234
A,1.0,154.2506887529275
A,1.0,125.68027240259997
A,1.0,108.40820564197757
A,1.0,1000.0
A,1.0,85.22113347197262
A,1.0,81.73136274757077
A,1.0,16.071024870164603
A,1.0,77.72271161011173
A,1.0,150.2211127164672
A,1.0,274.2031083363615
A,1.0,410.63731491454104
A,1.0,363.5109335415632
A,1.0,89.12195978266861
A,1.0,104.94662862796741
A,1.0,861.4016629697752
A,1.0,565.1368698857553
A,1.0,25.379098914020798
A,1.0,1000.0
A,1.0,331.67926042330726
A,1.0,148.15683377770597
A,1.0,315.9956569728641
A,1.0,210.1572155558087
A,1.0,10.556160702197701
A,1.0,110.26208774904102
A,1.0,409.90882846800946
A,1.0,40.59922552678791
A,1.0,36.29568683752556
A,1.0,45.850671125852564
A,1.0,74.44213504077867
A,1.0,212.04910664544246
A,1.0,307.15829323850716
A,1.0,33.21504399685111
A,1.0,83.10000034910814
A,1.0,200.44685323855276
A,1.0,48.78711166844552
A,1.0,184.39046390555637
A,1.0,329.8484321367661
A,1.0,53.15102863377185
A,1.0,314.2300963300255
A,1.0,414.6008037285341
A,1.0,85.41910781021785
A,1.0,712.4482440008245
A,1.0,192.54769954201006
A,1.0,113.77086476299057
A,1.0,674.401426029345
A,1.0,41.661111603206905
A,1.0,58.699051847837346
A,1.0,37.460756591839036
A,1.0,76.61563620523107
A,1.0,375.4848116072701
A,1.0,272.52592186342275
A,1.0,67.5161706830621
A,1.0,48.3277680269704
A,1.0,197.48890206506158
A,1.0,50.36815194134153
A,1.0,323.10021822771375
A,1.0,300.25824349174724
A,1.0,39.96928607913168
A,1.0,425.4322448982243
A,1.0,289.5315512568244
A,1.0,55.08853281806695
A,1.0,90.47521554680289
A,1.0,207.5193679996753
A,1.0,85.10634587454068
A,1.0,33.40122255846191
A,1.0,187.23087516936252
A,1.0,98.11817360785373
A,1.0,153.2208710486549
A,1.0,96.97015737750957
A,1.0,190.9605930795297
A,1.0,45.180236433293345
A,1.0,230.5317489470863
A,1.0,474.87020196063446
A,1.0,93.06397427179827
A,1.0,87.56001469431818
A,1.0,55.790444478805505
A,1.0,96.48705625928908
A,1.0,28.339138398530284
A,1.0,40.97853199069965
A,1.0,79.98003424161007
A,1.0,121.93789858815141
A,1.0,57.03402050416884
A,1.0,277.0821899703257
A,1.0,66.45832397754005
A,1.0,178.99867999611044
A,1.0,280.19148087371366
A,1.0,26.46865996664001
A,1.0,68.56962472491394
A,1.0,76.49253795901204
A,1.0,160.74594201808875
A,1.0,69.89505845461635
A,1.0,168.22806896101352
A,1.0,881.8120890770211
A,1.0,42.81758638810372
A,1.0,143.36212210643424
A,1.0,136.9863367366696
A,1.0,42.515135155780115
A,1.0,147.2578476859765
A,1.0,327.94911156944596
A,1.0,488.3086792516325
A,1.0,34.26817779868972
A,1.0,81.13282273752809
A,1.0,63.282691571358846
A,1.0,51.8015106986655
A,1.0,97.30223871637912
A,1.0,590.4723209638289
A,1.0,147.7193865452593
A,1.0,425.44773752261574
A,1.0,133.65342927741537
A,1.0,50.75973616243543
A,1.0,96.134315934213
A,1.0,100.73844743219605
A,1.0,411.93932264365196
A,1.0,133.35243858278102
A,1.0,74.12823538730173
A,1.0,31.793106610350083
A,1.0,53.0671934897869
A,1.0,59.1803306377462
A,1.0,98.74276623041598
A,1.0,249.64716565554463
A,1.0,396.0458912946819
A,1.0,29.877789489977335
A,1.0,71.84341853968989
A,1.0,58.68538430247773
A,1.0,136.63411967370115
A,1.0,66.34328275715005
A,1.0,148.89978936941088
A,1.0,42.21063869800503
A,1.0,89.45312753788166
A,1.0,76.54079433930517
A,1.0,181.70820081062595
A,1.0,239.73594219639776
A,1.0,202.8238483462962
A,1.0,74.31542207323682
A,1.0,240.7051664192526
A,1.0,79.81516684125616
A,1.0,415.7711030270971
A,1.0,156.13954271113175
A,1.0,27.398556874456723
A,1.0,56.90625885460699
A,1.0,87.62132556750002
A,1.0,77.64799723501822
A,1.0,35.1672529178992
A,1.0,85.50981550543165
A,1.0,77.71717833675245
A,1.0,40.096554354458405
A,1.0,71.92063856557999
A,1.0,234.65472770604148
A,1.0,68.39550903780021
A,1.0,61.75617987342232
A,1.0,88.2203866915827
A,1.0,125.82848690188058
A,1.0,142.393279284039
A,1.0,76.28033380562336
A,1.0,112.39593989868399
A,1.0,59.08022806381564
A,1.0,1000.0
A,1.0,73.02686168523184
A,1.0,95.18646772955786
A,1.0,66.72329723307024
A,1.0,131.26172242435123
A,1.0,175.96579933678106
A,1.0,300.30663617681074
A,1.0,121.66464040954361
A,1.0,129.83988258958053
A,1.0,158.7380684803799
A,1.0,199.7112021401679
A,1.0,514.770775226676
A,1.0,10.183392148387759
A,1.0,128.69741207819877
A,1.0,56.11237818038054
A,1.0,270.79688215105506
A,1.0,769.8125518615758
A,1.0,62.831203635903485
A,1.0,391.65215156941184
A,1.0,195.3660893598969
A,1.0,62.659818349189756
A,1.0,67.94788175336718
A,1.0,325.39560831290436
A,1.0,167.34092716025572
A,1.0,24.75920959091096
A,1.0,640.446691528812
A,1.0,64.8741746122918
A,1.0,96.47644112563417
A,1.0,97.79534177662316
A,1.0,58.697346914573586
A,1.0,161.165383077108
A,1.0,100.1296511277527
A,1.0,285.23487260312555
A,1.0,126.53702565179277
A,1.0,42.26947090657894
A,1.0,144.20042431802884
A,1.0,54.449212631494866
A,1.0,238.29057576235627
A,1.0,314.7935165995255
A,1.0,183.49040335414725
A,1.0,277.8456569475851
A,1.0,98.80055953431275
A,1.0,130.24763929455526
A,1.0,173.3760442974089
A,1.0,72.47497233541121
A,1.0,468.24123663439974
A,1.0,177.1072158041228
A,1.0,39.85599474278826
A,1.0,27.75165947968664
A,1.0,114.21316128845964
A,1.0,30.889358603077973
A,1.0,63.7530198464548
A,1.0,206.20076176943255
A,1.0,85.91533630706331
A,1.0,469.32012168112425
A,1.0,43.07588001049586
A,1.0,106.75155026951487
A,1.0,68.70789817961257
A,1.0,28.820641862187063
A,1.0,65.70719718531588
A,1.0,14.827146867959485
A,1.0,24.727203288350005
A,1.0,53.5744300923177
A,1.0,687.684107580041
A,1.0,250.6416703341015
A,1.0,581.196319827123
A,1.0,13.094373221177566
A,1.0,65.99702946555551
A,1.0,127.88651502480815
A,1.0,11.33840771325658
A,1.0,32.76093010235591
A,1.0,24.129420063914342
A,1.0,45.29979822781333
A,1.0,54.74786319045238
A,1.0,91.22796980152067
A,1.0,6.110388167373348
A,1.0,32.66585143384879
A,1.0,41.06602452262539
A,1.0,138.22431452248253
A,1.0,53.45297026040987
A,1.0,203.97858463170206
A,1.0,61.31541682474206
A,1.0,610.9036131465065
A,1.0,25.35465605807055
A,1.0,127.19199614338305
A,1.0,190.48103446313888
A,1.0,112.53549904135467
A,1.0,59.058477624413555
A,1.0,59.068224724665264
A,1.0,153.26858387515063
A,1.0,64.31325928552594
A,1.0,88.29242661037746
A,1.0,221.99098216275144
A,1.0,412.0486911440978
A,1.0,86.97815230367397
A,1.0,635.0992554301685
A,1.0,62.13087725062945
A,1.0,95.08006544254832
A,1.0,521.9689087638723
A,1.0,35.62380298973702
A,1.0,150.89605991284247
A,1.0,30.88112312689274
A,1.0,45.608533703910425
A,1.0,239.9360129091929
A,1.0,267.03017241501215
A,1.0,416.77034704110844
A,1.0,117.7229686151952
A,1.0,37.11683431222703
A,1.0,178.65177921027282
A,1.0,458.8186026065285
A,1.0,121.59712657443198
A,1.0,99.0723887428978
A,1.0,49.58782529705362
A,1.0,107.53052733871036
A,1.0,32.593354477851435
A,1.0,74.28653966177454
A,1.0,95.96958799566443
A,1.0,99.47911580572266
A,1.0,44.95675564408268
A,1.0,119.47845074604145
A,1.0,65.56017566423087
A,1.0,30.192394017198215
A,1.0,13.5861780184696
A,1.0,47.75594152911906
A,1.0,63.83591313200315
A,1.0,46.97142252485814
A,1.0,21.188984610003338
A,1.0,1000.0
A,1.0,160.5226943882511
A,1.0,103.97892515285886
A,1.0,134.1566827852044
A,1.0,44.01837976646757
A,1.0,511.058216722768
A,1.0,556.1649593311171
A,1.0,396.84916312157105
A,1.0,208.52291587441547
A,1.0,54.50001706065495
A,1.0,95.33427309339464
A,1.0,237.0541225167851
A,1.0,19.361695437366826
A,1.0,52.13487532387544
A,1.0,161.43097529302096
A,1.0,30.639284764298075
A,1.0,49.08649691855534
A,1.0,27.79824126366197
A,1.0,58.90583670860712
A,1.0,40.63734920956983
A,1.0,31.70428649311847
A,1.0,35.301679419309565
A,1.0,123.24003602746238
A,1.0,197.7035943011381
A,1.0,79.57731906285727
A,1.0,21.497367868404744
A,1.0,258.0900237832439
A,1.0,76.0872111256931
A,1.0,17.867227061170674
A,1.0,133.16964297111852
A,1.0,151.5726921756555
A,1.0,418.11486974624364
A,1.0,76.87686617816655
A,1.0,69.98868428245626
A,1.0,15.235587888773075
A,1.0,58.01609280530921
A,1.0,202.74918717627483
A,1.0,72.05208223294936
A,1.0,84.4323929431852
A,1.0,17.41872005707791
A,1.0,111.29757280227858
A,1.0,452.4767366574214
A,1.0,130.42020421327516
A,1.0,23.776026307491335
A,1.0,35.489126294592594
A,1.0,65.18758893931384
A,1.0,124.21888004155824
A,1.0,305.7852694354617
A,1.0,381.1004195821094
A,1.0,105.06195940807083
A,1.0,39.99109651102668
A,1.0,468.30119524435565
A,1.0,73.71688075267915
A,1.0,204.65172217765496
A,1.0,233.19843768513803
A,1.0,198.7771142794308
A,1.0,56.60850477687362
A,1.0,51.68988821433383
A,1.0,75.02415936286155
A,1.0,187.1473032440984
A,1.0,120.68704678265443
A,1.0,219.42997142690322
A,1.0,30.802198753342225
A,1.0,127.76121119322232
A,1.0,141.38259035021505
A,1.0,392.46159689849884
A,1.0,241.570595160353
A,1.0,79.71480090366273
A,1.0,64.59961844240898
A,1.0,134.73871124062035
A,1.0,166.94795409861106
A,1.0,101.39408003185055
A,1.0,254.14440606644365
A,1.0,24.79008087343535
A,1.0,271.1796734575697
A,1.0,22.754479797130394
A,1.0,237.3858553014071
A,1.0,88.11038592259467
A,1.0,133.6549883398538
A,1.0,63.112724520566786
A,1.0,251.743495576213
A,1.0,43.884793946410994
A,1.0,91.61232876271589
A,1.0,325.0002024025944
A,1.0,232.66534369878573
A,1.0,31.79849043819986
A,1.0,142.13357536249217
A,1.0,76.39761037538659
A,1.0,253.45700677786198
A,1.0,65.98614204232342
A,1.0,170.29989489727947
A,1.0,105.9681193617532
A,1.0,207.77832879927348
A,1.0,42.06699705655194
A,1.0,67.88470249409545
A,1.0,507.1851961713022
A,1.0,48.33852807306662
A,1.0,44.00767743267901
A,1.0,66.50831801468726
A,1.0,173.58978557893616
A,1.0,32.13462102078849
A,1.0,155.47331479411966
A,1.0,373.9639848924283
A,1.0,71.48340587275342
A,1.0,140.04377767254223
A,1.0,319.5398580633785
A,1.0,66.15064721949841
A,1.0,322.2984231076814
A,1.0,164.74600508397904
A,1.0,133.94902079243283
A,1.0,138.1088591560034
A,1.0,352.22229399622347
A,1.0,109.5630738630911
A,1.0,40.08186949652164
A,1.0,865.9533838015113
A,1.0,580.7049049176268
A,1.0,110.30198685926104
A,1.0,249.90434493511265
A,1.0,149.53650255402545
A,1.0,429.4488481703807
A,1.0,31.812029614332683
A,1.0,41.61571302263002
A,1.0,126.36808652258469
A,1.0,330.5363453593831
A,1.0,125.0869842215952
A,1.0,37.99915966794441
A,1.0,62.355932497186856
A,1.0,96.56626547070296
A,1.0,26.535390955589303
A,1.0,344.88188055809746
A,1.0,244.2828147981266
A,1.0,117.23741200598006
A,1.0,80.32262340005481
A,1.0,167.01105008476702
A,1.0,60.4946764638334
A,1.0,1000.0
A,1.0,61.04821575777319
A,1.0,126.78545851700417
A,1.0,188.31788796654877
A,1.0,29.12882186733127
A,1.0,309.0481015901371
A,1.0,120.08588918879605
A,1.0,110.41683979904901
A,1.0,74.06561375016861
A,1.0,169.86625415173643
A,1.0,79.38586493706318
A,1.0,39.16212061622075
A,1.0,57.625629310893885
A,1.0,27.646128980839148
A,1.0,135.9334739604906
A,1.0,40.926494594461715
A,1.0,77.79664973321779
A,1.0,145.08192318491865
A,1.0,104.42021995409692
A,1.0,92.6755300562169
A,1.0,56.61196094422335
A,1.0,43.320460495767925
A,1.0,149.87370764134752
A,1.0,97.65189034129098
A,1.0,204.33665288761642
A,1.0,54.75089790558497
A,1.0,27.964137037167074
A,1.0,287.7218336007517
A,1.0,67.10243622939451
A,1.0,16.503769781000933
A,1.0,24.901467790958282
A,1.0,91.39553309712171
A,1.0,251.34285408096727
A,1.0,47.42784636377723
A,1.0,236.02852240793356
A,1.0,188.03947041775186
A,1.0,29.135671982732536
A,1.0,130.4370856682946
A,1.0,75.04809982666417
A,1.0,115.72307850704063
A,1.0,47.73705983094819
A,1.0,91.58977569000172
A,1.0,338.22856947165593
A,1.0,64.56125602115524
A,1.0,140.20712708114766
A,1.0,69.16630254426573
A,1.0,150.37445179314113
A,1.0,542.472364593183
A,1.0,114.16107026284169
A,1.0,146.97754967581068
A,1.0,24.70200293053675
A,1.0,32.679919071670945
A,1.0,332.0444478675724
A,1.0,23.706982894848178
A,1.0,63.7757393047844
A,1.0,51.73940528158939
A,1.0,34.981374244302074
A,1.0,270.8506922984109
A,1.0,229.92143508336616
A,1.0,151.2955809035798
A,1.0,28.268112452601112
A,1.0,39.260783189739044
A,1.0,462.0936860800756
A,1.0,115.05783231821579
A,1.0,290.12940342776733
A,1.0,222.94763750183208
A,1.0,233.19800634442134
A,1.0,49.19832755608838
A,1.0,214.93841243119246
A,1.0,33.67012349603343
A,1.0,223.96778737618166
A,1.0,115.35351811164507
A,1.0,241.8207406541106
A,1.0,52.38986799090814
A,1.0,65.50489449443188
A,1.0,71.96564245942548
A,1.0,298.2676842101902
A,1.0,219.35889388925025
A,1.0,172.05014883576538
A,1.0,11.709694905937814
A,1.0,172.37075386318816
A,1.0,16.097073562006337
A,1.0,32.39634279652381
A,1.0,41.994288202319844
A,1.0,33.75499701605825
A,1.0,157.43876630819594
A,1.0,19.890554951409936
A,1.0,53.51069450113014
A,1.0,180.79694809377773
A,1.0,86.60504836224978
A,1.0,280.17176502420693
A,1.0,98.6548954835163
A,1.0,49.42471002704143
A,1.0,43.4126693784264
A,1.0,675.7839780476717
A,1.0,38.04362147745789
A,1.0,23.045503851271544
A,1.0,108.71628744484292
A,1.0,51.58609330071304
A,1.0,310.27946317462533
A,1.0,67.66893198371157
A,1.0,469.042114755397
A,1.0,19.17970837460338
A,1.0,227.54475026762415
A,1.0,147.07709459425968
A,1.0,297.1442519983409
A,1.0,253.34598720696667
A,1.0,134.77207419436246
A,1.0,62.88153320271162
A,1.0,10.178928922727875
A,1.0,29.840464593414776
A,1.0,70.87274952500621
A,1.0,154.5519538086679
A,1.0,77.60004989314183
A,1.0,190.8625309591156
A,1.0,127.27928166652629
A,1.0,140.9218615161972
A,1.0,136.81368465572058
A,1.0,85.63061820702313
A,1.0,143.57783444791716
A,1.0,53.87671981906749
A,1.0,25.871559498056243
A,1.0,84.92041400633855
A,1.0,88.949369289804
A,1.0,37.093123425737275
A,1.0,444.53181014186987
A,1.0,28.288641674369607
A,1.0,218.81984482845954
A,1.0,126.3972967428002
A,1.0,72.02097249306179
A,1.0,272.0003503533763
A,1.0,70.65442011980521
A,1.0,15.146116790143216
A,1.0,53.74936612816243
A,1.0,270.1230685696946
A,1.0,49.25948257734365
A,1.0,88.56149052239205
A,1.0,137.32633930084492
A,1.0,89.19441714837065
A,1.0,348.5314542965995
A,1.0,80.61987210315621
A,1.0,22.599254187996937
A,1.0,319.11078641638335
A,1.0,26.18721478611963
A,1.0,41.6954085352446
A,1.0,1000.0
A,1.0,45.0258423396529
A,1.0,366.50925595684555
A,1.0,491.9495248037586
A,1.0,159.40927754523972
A,1.0,84.62838237943313
A,1.0,429.68671081296173
A,1.0,443.59199961470136
A,1.0,91.49869989835678
A,1.0,234.19253431466683
A,1.0,68.48167671682295
A,1.0,190.16456611075793
A,1.0,821.9741610770756
A,1.0,108.08749141806827
A,1.0,76.3563479026156
A,1.0,272.6617520074434
A,1.0,176.0930688008782
A,1.0,109.85246190449664
A,1.0,68.59023633129394
A,1.0,61.44935246366304
A,1.0,68.86864662441133
A,1.0,40.637926707367306
A,1.0,57.94540798159362
A,1.0,66.63491414221966
A,1.0,17.358246788207808
A,1.0,220.70660866629493
A,1.0,81.60590048351034
A,1.0,481.3692930743174
A,1.0,104.69061318081924
A,1.0,99.34500634293
A,1.0,122.12965677843417
A,1.0,123.51854640591155
A,1.0,189.70761314152927
A,1.0,72.9791463993428
A,1.0,176.03748872309265
A,1.0,18.31351629995617
A,1.0,99.08339203914457
A,1.0,53.618299410688564
A,1.0,82.42668173065398
A,1.0,81.06792202365354
A,1.0,29.53496438376303
A,1.0,56.44989143265098
A,1.0,134.34837363975367
A,1.0,33.01955940939278
A,1.0,29.78503909043265
A,1.0,253.7727859716421
A,1.0,122.37281037234672
A,1.0,624.6027889143452
A,1.0,95.34182595938385
A,1.0,60.30589221060642
A,1.0,99.41581604459242
A,1.0,132.37396374158737
A,1.0,47.632288603354155
A,1.0,213.57416091292578
A,1.0,27.139972287224523
A,1.0,52.721126902272985
A,1.0,51.17771385869752
A,1.0,163.36315967657623
A,1.0,45.22747008954445
A,1.0,172.9120263140967
A,1.0,52.28658756263007
A,1.0,67.80112550744867
A,1.0,459.59210545257287
A,1.0,72.14724927415891
A,1.0,165.71151752229144
A,1.0,157.6855781148292
A,1.0,35.083783124865406
A,1.0,95.47828028472505
A,1.0,29.88109595484422
A,1.0,319.7648105468269
A,1.0,108.93986349297147
A,1.0,47.24969722079436
A,1.0,23.095788495574066
A,1.0,28.429908882079932
A,1.0,407.3408381573946
A,1.0,21.777573701907016
A,1.0,142.96973712112978
A,1.0,91.60790830537516
A,1.0,37.022569458067714
A,1.0,146.6566853628081
A,1.0,358.8605320182268
A,1.0,67.16342215921937
A,1.0,329.7409207576609
A,1.0,94.57038566770392
A,1.0,18.896066849906067
A,1.0,34.15664532901177
A,1.0,15.263542597922813
A,1.0,78.06273905381197
A,1.0,125.8360901758722
A,1.0,125.92148458647551
A,1.0,39.58919543149526
A,1.0,148.18198038143234
A,1.0,145.85132372251115
A,1.0,132.92099001755994
A,1.0,263.5513146803228
A,1.0,35.50867907296786
A,1.0,57.1141113988892
A,1.0,27.3753287626021
A,1.0,171.60978598861834
A,1.0,196.65175649341228
A,1.0,441.84518403706056
A,1.0,196.90057813166698
A,1.0,307.72604262441126
A,1.0,90.87391520132623
A,1.0,16.837135001244402
A,1.0,84.39968435727468
A,1.0,155.6049168780638
A,1.0,653.4804545430286
A,1.0,48.21430512417073
A,1.0,33.06076816247585
A,1.0,49.16701829592852
A,1.0,44.72284071122456
A,1.0,683.1146087047831
A,1.0,96.37095936074755
A,1.0,30.10469254140754
A,1.0,95.41822378043916
A,1.0,232.28091936378803
A,1.0,386.0984780394877
A,1.0,368.223031059148
A,1.0,497.7232638633138
A,1.0,276.7147814005948
A,1.0,174.57148840050448
A,1.0,245.2692267960808
A,1.0,192.6574393737941
A,1.0,45.49357946827133
A,1.0,158.28305125978397
A,1.0,136.17864019296016
A,1.0,386.27852876416426
A,1.0,53.94241716575833
A,1.0,168.5108237795028
A,1.0,47.72258493498274
A,1.0,26.552683470102906
A,1.0,152.39335943835272
A,1.0,71.72546408605847
A,1.0,99.39300036547236
A,1.0,65.56240040766077
A,1.0,236.48799399155047
A,1.0,58.69266145754093
A,1.0,115.24504767693188
A,1.0,352.7402359974561
A,1.0,38.227046687460316
A,1.0,269.1997392644787
A,1.0,590.8990084446999
A,1.0,201.14689497962513
A,1.0,29.901097004865953
A,1.0,34.10802607550098
A,1.0,64.18990793160548
A,1.0,78.88207767424993
A,1.0,477.2096310704665
A,1.0,84.97976081656506
A,1.0,93.11877465864926
A,1.0,61.115193193346556
A,1.0,249.45323959627729
A,1.0,82.45510405206002
A,1.0,188.46275585337344
A,1.0,41.596825290413925
A,1.0,138.90210175477065
A,1.0,26.285817415700105
A,1.0,104.79213582312917
A,1.0,181.69125865169485
A,1.0,128.14485021352095
A,1.0,459.0914063212687
A,1.0,57.79322625766086
A,1.0,481.97424215229495
A,1.0,40.322654041143515
A,1.0,437.0132942660685
A,1.0,17.889334751158504
A,1.0,13.054900253611866
A,1.0,105.928402391871
A,1.0,100.66453488397948
A,1.0,59.58114606479215
A,1.0,28.84246551073675
A,1.0,218.65660475043458
A,1.0,335.447714711848
A,1.0,35.63204887891837
A,1.0,196.11111746149493
A,1.0,141.55008511652778
A,1.0,61.99610003706774
A,1.0,64.93467847126885
A,1.0,42.326891279657225
A,1.0,304.70760140470634
A,1.0,244.76335061128532
A,1.0,94.28238907697205
A,1.0,146.55818667944385
A,1.0,150.5060375055166
A,1.0,145.49153319774746
A,1.0,56.801334817842225
A,1.0,84.25545024577421
A,1.0,122.09812384395065
A,1.0,105.32658173151404
A,1.0,49.86501478717417
A,1.0,95.00008081733658
A,1.0,223.82345001772381
A,1.0,89.08760248199773
A,1.0,151.98312949831376
A,1.0,102.37469647127597
A,1.0,703.8599032558674
A,1.0,14.170624050795706
A,1.0,49.520305219992004
A,1.0,52.37340046203348
A,1.0,27.640470250087024
A,1.0,18.728986689193754
A,1.0,200.46944535486585
A,1.0,19.806508451355082
A,1.0,27.99638895722629
A,1.0,388.555560501859
A,1.0,621.2488204567593
A,1.0,59.462957163170394
A,1.0,119.34566294974533
A,1.0,79.98469337115213
A,1.0,304.7082400341118
A,1.0,43.75180785880209
A,1.0,260.1720632693321
A,1.0,210.2902103740237
A,1.0,26.875233009900658
A,1.0,213.6938970275424
A,1.0,501.1073906954572
A,1.0,46.512314950650236
A,1.0,107.09762602210743
A,1.0,124.28975168563433
A,1.0,36.33026659791651
A,1.0,51.42202576473245
A,1.0,45.54330595629563
A,1.0,81.14682107269498
A,1.0,51.296429981505035
A,1.0,216.80380064925046
A,1.0,49.30150668487838
A,1.0,59.24745614233098
A,1.0,54.287530925887935
A,1.0,48.14439127778463
A,1.0,159.02983786553978
A,1.0,68.65077333593085
A,1.0,150.95353159925122
A,1.0,59.28944922018102
A,1.0,185.13987714985646
A,1.0,56.05594504946294
A,1.0,228.25126625279148
A,1.0,70.15521423426789
A,1.0,93.53427088774104
A,1.0,672.918146789813
A,1.0,133.60965980624576
A,1.0,387.470638983801
A,1.0,455.0565824228228
A,1.0,577.6512038954286
A,1.0,81.46696569254442
A,1.0,326.45202140809306
A,1.0,193.3597148148074
A,1.0,158.40896706546826
A,1.0,82.50147267463298
A,1.0,80.78854678808024
A,1.0,391.7378807345962
A,1.0,68.10720996313712
A,1.0,12.416395700094428
A,1.0,27.35954611144786
A,1.0,151.12571448393786
A,1.0,139.477614759623
A,1.0,46.39171468191598
A,1.0,19.879964814997084
A,1.0,236.61114147647595
A,1.0,58.470327196754006
A,1.0,99.54141236797737
A,1.0,215.9551390764468
A,1.0,22.713028278413166
A,1.0,125.20471208338134
A,1.0,171.29656708776818
A,1.0,262.88475908055017
A,1.0,380.69296401806514
A,1.0,302.9044996055634
A,1.0,119.17296104050659
A,1.0,56.42688146407747
A,1.0,425.7748872000853
A,1.0,58.92074228689077
A,1.0,19.902931680480165
A,1.0,47.10454789767336
A,1.0,42.29290221415138
A,1.0,143.42169539926616
A,1.0,493.3475626932491
A,1.0,40.80530592576434
A,1.0,141.05332590480373
A,1.0,188.92001570394663
A,1.0,157.49415943232773
A,1.0,37.149382950347054
A,1.0,471.34057630721514
A,1.0,132.4532326451356
A,1.0,189.53621116162242
A,1.0,629.1045173303713
A,1.0,46.87037114958247
A,1.0,82.16236464622759
A,1.0,203.01608098952246
A,1.0,100.34692768796138
A,1.0,40.71957101598065
A,1.0,53.9633638215694
A,1.0,109.95701626146582
A,1.0,27.217916199537914
A,1.0,147.35407557768647
A,1.0,72.84860680530238
A,1.0,383.34715359736174
A,1.0,93.28856427872962
A,1.0,179.3332146765613
A,1.0,71.35601347591813
A,1.0,754.5442522446322
A,1.0,44.22190627844362
A,1.0,61.89878912869592
A,1.0,123.64088789532488
A,1.0,129.16484311402957
A,1.0,33.00992830742802
A,1.0,52.716312990193536
A,1.0,79.63679584247325
A,1.0,106.55068755824414
A,1.0,287.43404895282725
A,1.0,83.53216625499158
A,1.0,33.880890922914745
A,1.0,13.527674152681682
A,1.0,250.56150364129556
A,1.0,98.5710345612028
A,1.0,124.45790637598039
A,1.0,206.60007948546578
A,1.0,120.71238384052793
A,1.0,79.52299593567413
A,1.0,62.243756284023824
A,1.0,63.825539615426095
A,1.0,142.69091607162156
A,1.0,159.7496258679877
A,1.0,358.0444258636917
A,1.0,172.07023989133714
A,1.0,150.74209282671237
A,1.0,41.3830903812873
A,1.0,31.242311682877055
A,1.0,50.78183344092085
A,1.0,33.999772340869995
A,1.0,291.21864362020233
A,1.0,219.26027468411772
A,1.0,44.570845554636726
A,1.0,368.3657356411472
A,1.0,190.93044364189066
A,1.0,160.31819716351316
A,1.0,238.56519374858885
A,1.0,125.56005772458971
A,1.0,163.57104055450387
A,1.0,66.93494935934683
A,1.0,207.15942768571148
A,1.0,81.68037156961034
A,1.0,252.99604468621163
A,1.0,84.13843598678146
A,1.0,228.03934486382252
A,1.0,176.2248393955735
A,1.0,69.90512341144132
A,1.0,60.71412821198282
A,1.0,154.94626181122825
A,1.0,92.56884417022512
A,1.0,39.76507340736641
A,1.0,39.9873832861356
A,1.0,70.25918825620897
A,1.0,10.013593992777865
A,1.0,187.8556202455098
A,1.0,69.21321377961898
A,1.0,165.45591419759631
A,1.0,33.35286864741352
A,1.0,75.94487319830294
A,1.0,115.50776308781528
A,1.0,228.40585071273628
A,1.0,368.06743588730626
A,1.0,39.54229128103662
A,1.0,228.79917635412127
A,1.0,39.669337350279775
A,1.0,494.39785158020464
A,1.0,62.41120577010795
A,1.0,180.334527843038
A,1.0,226.99321078533671
A,1.0,148.7674516221824
A,1.0,196.76533226702554
A,1.0,62.08630457058966
A,1.0,34.657568431305606
A,1.0,152.23777523804807
A,1.0,108.36974044150507
A,1.0,590.9441480713858
A,1.0,48.63743713785354
A,1.0,38.160176917895974
A,1.0,17.496189807744276
A,1.0,309.2423508539427
A,1.0,9.511670925466584
A,1.0,42.430328584864206
A,1.0,22.439401115299432
A,1.0,41.61311377619732
A,1.0,187.9505677183099
A,1.0,165.35492608223697
A,1.0,129.46924773431152
A,1.0,59.276954378979546
A,1.0,76.60621484153089
A,1.0,113.33090715136962
A,1.0,272.67842605811336
A,1.0,122.5539601483326
A,1.0,94.88107097453134
A,1.0,52.21039899002954
A,1.0,737.1849723068161
A,1.0,126.79398661811659
A,1.0,191.45340486766074
A,1.0,276.3812793782772
A,1.0,88.90698339125257
A,1.0,28.69844377810239
A,1.0,152.13044080297848
A,1.0,241.7761668012611
A,1.0,182.35804873791687
A,1.0,68.4797551867612
A,1.0,102.93760178837864
A,1.0,79.4907966350383
A,1.0,50.457012269918046
A,1.0,242.47470101072554
A,1.0,89.8852933787022
A,1.0,39.87904325106759
A,1.0,43.04025917576302
A,1.0,268.03671782244646
A,1.0,79.00938746062336
A,1.0,88.6206904642138
A,1.0,57.93028289252359
A,1.0,51.856789754370894
A,1.0,63.24922688541988
A,1.0,114.15839235697315
A,1.0,67.98128410973652
A,1.0,172.64834718558726
A,1.0,41.397473417290186
A,1.0,214.26970924581522
A,1.0,98.22170397523399
A,1.0,20.125745829303025
A,1.0,69.24021646579668
A,1.0,277.0301966660665
A,1.0,93.54027714299926
A,1.0,190.4037442445693
A,1.0,103.51172471676031
A,1.0,152.4823845002774
A,1.0,415.1459487865801
A,1.0,456.35153890459037
A,1.0,218.81714540391513
A,1.0,528.516720964002
A,1.0,123.3781754556479
A,1.0,348.963291031452
A,1.0,338.1201807757631
A,1.0,129.14644453061456
A,1.0,111.9942115434165
A,1.0,171.48734633988465
A,1.0,177.25063767576103
A,1.0,78.3744256671197
A,1.0,847.3683734425373
A,1.0,199.06224076573034
A,1.0,116.76732273876347
A,1.0,103.78698705601747
A,1.0,35.929420547610874
A,1.0,285.82263084746194
A,1.0,381.35648602027885
A,1.0,36.50440108062449
A,1.0,107.6790885490905
A,1.0,460.2320787142607
A,1.0,139.4546483136944
A,1.0,43.87298781165107
A,1.0,65.71027030637246
A,1.0,220.59605996349293
A,1.0,141.88261866245603
A,1.0,56.93831430827568
A,1.0,107.40907518482824
A,1.0,154.20478563541184
A,1.0,77.19866800220777
A,1.0,134.79454109409036
A,1.0,120.14782847352839
A,1.0,281.81289063464806
A,1.0,145.58046594012856
A,1.0,127.16039498683432
A,1.0,114.10004692487318
A,1.0,118.53588047721209
A,1.0,93.08976211824033
A,1.0,150.25241728309632
A,1.0,148.14135731271406
A,1.0,82.76235143937551
A,1.0,50.13953024889205
A,1.0,45.9680998687825
A,1.0,90.84108674728974
A,1.0,131.1622887840009
A,1.0,132.8893718924437
A,1.0,273.9477527924786
A,1.0,61.54891481418869
A,1.0,50.904750316397006
A,1.0,400.7543888138591
A,1.0,30.97928101710749
A,1.0,37.156602416416476
A,1.0,139.88184476418527
A,1.0,107.45118304307381
A,1.0,840.2602846776489
A,1.0,28.442264199499686
A,1.0,20.134102971743317
A,1.0,359.2034588253199
A,1.0,134.47362633903825
A,1.0,55.44317156220126
A,1.0,130.52636399628182
A,1.0,82.00464137471846
A,1.0,127.43724247972526
A,1.0,214.0719731320164
A,1.0,17.53647612547576
A,1.0,102.89910386701858
A,1.0,11.180244137321122
A,1.0,152.69682945762855
A,1.0,31.226568316868896
A,1.0,352.82370858866426
A,1.0,304.81963272121845
A,1.0,94.10395760214791
A,1.0,43.38665692700358
A,1.0,179.07208856816197
A,1.0,93.31195613066753
A,1.0,178.18363361523186
A,1.0,77.04785498956993
A,1.0,197.43368940007284
A,1.0,172.94321415484404
A,1.0,65.35184687253911
A,1.0,199.07556070804975
A,1.0,65.00739123746344
A,1.0,17.81177627891659
A,1.0,29.52850107157473
A,1.0,23.31464379519516
A,1.0,201.28424492930847
A,1.0,228.24330688938298
A,1.0,116.97941555141152
A,1.0,45.20011804030706
A,1.0,310.2358870237118
A,1.0,147.8521487166822
A,1.0,105.63945585828466
A,1.0,120.41945081736203
A,1.0,80.80455670364884
A,1.0,1000.0
A,1.0,53.088807030129914
A,1.0,213.89008297305168
A,1.0,20.77365534682458
A,1.0,52.93618210404593
A,1.0,39.25334516139418
A,1.0,291.65228872243813
A,1.0,32.67155280657022
A,1.0,36.12626931940949
A,1.0,28.238223682883618
A,1.0,324.65629723760316
A,1.0,181.43296567813212
A,1.0,39.21022449761704
A,1.0,457.5126873784406
A,1.0,42.45020246240744
A,1.0,52.023881201745766
A,1.0,615.7319713878635
A,1.0,282.4674149920038
A,1.0,96.35376287904568
A,1.0,29.006426786006596
A,1.0,132.99299514187553
A,1.0,11.0618900766101
A,1.0,119.62394211602181
A,1.0,166.70136277943055
A,1.0,75.60832849460698
A,1.0,107.66860961981368
A,1.0,45.106489880246855
A,1.0,112.66370503747592
A,1.0,208.63574185542862
A,1.0,87.62706593495517
A,1.0,207.7848049372622
A,1.0,73.35679242373625
A,1.0,22.83465416299356
A,1.0,72.15806926487946
A,1.0,212.13414802226447
A,1.0,526.1626578364858
A,1.0,16.052707882986844
A,1.0,152.67572923216426
A,1.0,25.340340610236986
A,1.0,46.23638881295395
A,1.0,20.254811937441886
A,1.0,90.45846074449423
A,1.0,26.244776831944897
A,1.0,204.32485100925848
A,1.0,25.87265727681926
A,1.0,107.89839708847637
A,1.0,89.41458927138113
A,1.0,211.66896366880525
A,1.0,56.8891706281689
A,1.0,36.25504944345536
A,1.0,90.00731456127836
A,1.0,194.99366158401523
A,1.0,121.49278698817034
A,1.0,20.77716287238042
A,1.0,85.30129849156769
A,1.0,39.78175816194459
A,1.0,65.99393942409314
A,1.0,41.861039600523476
A,1.0,70.91210184720686
A,1.0,247.14536124156015
A,1.0,85.22857069776775
A,1.0,57.58336827848295
A,1.0,1000.0
A,1.0,91.77178178618044
A,1.0,30.157556354084758
A,1.0,218.29937296238265
A,1.0,87.45196018451054
A,1.0,255.04590722067246
A,1.0,391.4946783321383
A,1.0,54.53386526254541
A,1.0,105.78243762174095
A,1.0,199.9020475863921
A,1.0,171.79378222386254
A,1.0,267.0890134897393
A,1.0,40.498260136999804
A,1.0,44.196157949804764
A,1.0,81.68522983773981
A,1.0,564.8117779606869
A,1.0,528.2607576033208
A,1.0,102.21537488561394
A,1.0,157.69878979129223
A,1.0,79.63790241683742
A,1.0,151.1460374445564
A,1.0,72.34768025195872
A,1.0,276.7242146676788
A,1.0,189.58779394935334
A,1.0,118.65424272494019
A,1.0,108.46449401459023
A,1.0,271.4412518446692
A,1.0,314.5118117229945
A,1.0,188.69155337742222
A,1.0,69.12941112013611
A,1.0,407.58379856189305
A,1.0,16.51105256771263
A,1.0,177.15090495171492
A,1.0,16.916342593148165
A,1.0,148.82474062375877
A,1.0,69.01976294124574
A,1.0,271.68870367000034
A,1.0,33.250727833780125
A,1.0,212.84822887925552
A,1.0,93.37339383641068
A,1.0,132.2905233090866
A,1.0,34.341501275887396
A,1.0,57.956292627699256
A,1.0,37.414240069762606
A,1.0,84.65537906640658
A,1.0,137.76830962794293
A,1.0,79.71967259376176
A,1.0,97.18211930928076
A,1.0,80.89595506867164
A,1.0,59.757118486081254
A,1.0,53.19418945933597
A,1.0,37.6136162012118
A,1.0,209.56815350738214
A,1.0,71.26996439616444
A,1.0,30.744686060918067
A,1.0,34.681546823785204
A,1.0,239.07924900663383
A,1.0,86.59553944711891
A,1.0,130.27901358720047
A,1.0,282.3771470034128
A,1.0,52.071088344513754
A,1.0,55.72156437499034
A,1.0,118.45017104792244
A,1.0,151.99737574175944
A,1.0,79.1411465155772
A,1.0,259.57179212766096
A,1.0,69.79291623248973
A,1.0,125.01259346286811
A,1.0,103.58101959943667
A,1.0,71.6031553291587
A,1.0,281.76108483877636
A,1.0,123.0830251607905
A,1.0,77.2761162261676
A,1.0,110.81046641145856
A,1.0,248.745453085368
A,1.0,396.20602564966526
A,1.0,165.48804057561748
A,1.0,42.820215790102694
A,1.0,887.2395932114528
A,1.0,88.26907780810102
A,1.0,415.9110085663682
A,1.0,94.37941255812484
A,1.0,105.51292832534982
A,1.0,96.1858400502041
A,1.0,44.907471644891984
A,1.0,146.22269868121109
A,1.0,463.04597924632236
A,1.0,82.64902648648498
A,1.0,124.26456540127985
A,1.0,110.73860544159233
A,1.0,118.85100887526194
A,1.0,130.52302826026465
A,1.0,48.05049526586392
A,1.0,121.17109151789886
A,1.0,395.8540656620249
A,1.0,427.8491736667377
A,1.0,118.19161675839523
A,1.0,388.1327846444205
A,1.0,230.4259029198539
A,1.0,165.11411114260494
A,1.0,90.55343337800932
A,1.0,44.73618539180606
A,1.0,49.860102933040125
A,1.0,69.06476188225295
A,1.0,100.10794893530436
A,1.0,35.30189919259426
A,1.0,226.98718690297292
A,1.0,31.056177432468996
A,1.0,97.22586781474193
A,1.0,157.42441711607748
A,1.0,20.725017420427484
A,1.0,229.33520703905648
A,1.0,81.28275865694101
A,1.0,137.2968719422349
A,1.0,64.66397077571139
A,1.0,181.44869481737916
A,1.0,26.633644398469944
A,1.0,302.8075806903687
A,1.0,191.83234542739186
A,1.0,95.168546343649
A,1.0,105.01066787402785
A,1.0,56.50860268632911
A,1.0,462.0573185168907
A,1.0,152.17755194771146
A,1.0,23.5676463466313
A,1.0,37.3001855016249
A,1.0,292.1229932802706
A,1.0,36.660484977577795
A,1.0,300.28436590988076
A,1.0,84.66536397393637
A,1.0,61.14896650518962
A,1.0,80.50069256468646
A,1.0,23.060738845619586
A,1.0,37.279571107494256
A,1.0,578.9907876503979
A,1.0,58.736056871525
A,1.0,230.68112072269935
A,1.0,49.26666457431759
A,1.0,78.62764522236714
A,1.0,136.6348002793531
A,1.0,202.8734490265668
A,1.0,313.23949319006806
A,1.0,134.45311157533683
A,1.0,226.45126389227758
A,1.0,18.33022943142001
A,1.0,84.73080486724844
A,1.0,173.67290585875386
A,1.0,133.95599707869835
A,1.0,161.24192433222828
A,1.0,27.72601433763701
A,1.0,291.52703822245445
A,1.0,145.97088514678202
A,1.0,96.83665628885028
A,1.0,67.24698563027287
A,1.0,87.17927542096533
A,1.0,98.13070793289907
A,1.0,41.33366072493943
A,1.0,35.09298375721
A,1.0,128.01916431624014
A,1.0,316.7112128156761
A,1.0,166.78438283492187
A,1.0,87.4123635368363
A,1.0,70.10494746550054
A,1.0,244.5621485466323
A,1.0,52.67691646630568
A,1.0,150.02278048551855
A,1.0,135.34608206771765
A,1.0,138.97884495453278
A,1.0,62.61366700543514
A,1.0,395.268559652106
A,1.0,89.69322340706877
A,1.0,194.46152753112852
A,1.0,69.85618560716566
A,1.0,37.99030460203167
A,1.0,28.896612041941157
A,1.0,69.12183432503207
A,1.0,38.72379903558008
A,1.0,113.95511422657269
A,1.0,22.694447824829957
A,1.0,128.5806523924264
A,1.0,412.3697204124566
A,1.0,583.4875193434813
A,1.0,117.7747807977648
A,1.0,45.17137143387727
A,1.0,75.86968107328971
A,1.0,171.79606780587625
A,1.0,58.93171679810079
A,1.0,142.76091568613924
A,1.0,20.233146936188803
A,1.0,79.82628061353677
A,1.0,39.61822254132566
A,1.0,180.15461760514833
A,1.0,237.45850781154704
A,1.0,143.7508180074855
A,1.0,221.47834455675292
A,1.0,113.17719367089425
A,1.0,102.84132021321939
A,1.0,169.8912921306688
A,1.0,41.6009472902972
A,1.0,177.37768513842417
A,1.0,57.472017618841775
A,1.0,404.1652497829301
A,1.0,68.81610271969741
A,1.0,122.41707527446653
A,1.0,156.76266425576628
A,1.0,64.49114151383003
A,1.0,473.19558816828106
A,1.0,207.51505842483402
A,1.0,177.36621741699477
A,1.0,127.86307334888357
A,1.0,70.0256609722712
A,1.0,38.767779026198916
A,1.0,19.06951070564301
A,1.0,34.19579971367328
A,1.0,55.898510086617726
A,1.0,52.37037620763675
A,1.0,77.88564195578691
A,1.0,224.77944879867465
A,1.0,29.939560813211006
A,1.0,37.57498886830368
A,1.0,138.55120297331055
A,1.0,129.81901270287017
A,1.0,56.59656860275622
A,1.0,274.52137931608496
A,1.0,108.2507929332615
A,1.0,20.951296677928998
A,1.0,39.15818617380528
A,1.0,395.99526020717474
A,1.0,28.56672273209639
A,1.0,196.2939837963675
A,1.0,312.2217183752385
A,1.0,35.40933364997859
A,1.0,35.130582063396375
A,1.0,366.0707022427483
A,1.0,285.2441532729574
A,1.0,42.58990222726545
A,1.0,95.94352591267999
A,1.0,56.59215658539617
A,1.0,73.80260912403946
A,1.0,116.51633345677837
A,1.0,188.7016539048543
A,1.0,70.36404432843638
A,1.0,60.18414533954682
A,1.0,1000.0
A,1.0,490.7898572602255
A,1.0,79.53418906194584
A,1.0,92.92925992778426
A,1.0,54.247606416991395
A,1.0,733.6535446611814
A,1.0,60.545872668447224
A,1.0,71.35838328779653
A,1.0,75.26782334831093
A,1.0,93.19089979532303
A,1.0,330.5571277088764
A,1.0,312.3017134375454
A,1.0,1000.0
A,1.0,72.57351819867112
A,1.0,63.31443631151325
A,1.0,338.1654649527985
A,1.0,67.76996594521253
A,1.0,44.889128326612976
A,1.0,329.17688637509565
A,1.0,87.26007549363366
A,1.0,51.80531273466256
A,1.0,112.08697061964203
A,1.0,189.8765053850471
A,1.0,40.933323941205444
A,1.0,74.71962430803333
A,1.0,56.16352524311356
A,1.0,160.82971411282747
A,1.0,113.69903543943572
A,1.0,227.52700736807242
A,1.0,124.92450830783538
A,1.0,26.307666080937945
A,1.0,221.61907139109243
A,1.0,119.7144933530853
A,1.0,7.356909391806892
A,1.0,35.2950497186096
A,1.0,149.85714835874953
A,1.0,64.36346223289877
A,1.0,32.199080998325236
A,1.0,326.4921078234793
A,1.0,58.84205176338361
A,1.0,52.8161744481594
A,1.0,97.22524519582613
A,1.0,17.28653279239219
A,1.0,139.87768914173026
A,1.0,34.678910704068066
A,1.0,101.98182238427985
A,1.0,349.2349304390939
A,1.0,841.0190524991049
A,1.0,56.89961032643462
A,1.0,31.055900179533637
A,1.0,159.6342437926699
A,1.0,74.72890344527222
A,1.0,116.26843147438552
A,1.0,293.17077310225756
A,1.0,88.3345578747428
A,1.0,82.07126163284596
A,1.0,157.84714047398407
A,1.0,94.17458363057693
A,1.0,43.30829614482333
A,1.0,301.75500418432006
A,1.0,67.4135863272299
A,1.0,107.86999460875916
A,1.0,35.19242183514214
A,1.0,429.4348606011038
A,1.0,65.2866897596239
A,1.0,12.480689216716797
A,1.0,47.6796342343817
A,1.0,431.9319529139966
A,1.0,163.31813838796256
A,1.0,47.13306697446478
A,1.0,298.2817379631197
A,1.0,341.83720129450046
A,1.0,383.031441144226
A,1.0,206.95540425895058
A,1.0,154.1392961393092
A,1.0,76.45875460865331
A,1.0,99.74156566546468
A,1.0,59.82907486031339
A,1.0,434.8788287246476
A,1.0,74.03632241881195
A,1.0,135.1590200035152
A,1.0,241.69185832436793
A,1.0,18.59113992693531
A,1.0,194.79459626066344
A,1.0,142.95921346010593
A,1.0,71.22042460393526
A,1.0,212.24230389865807
A,1.0,53.2530065922623
A,1.0,91.60589812460424
A,1.0,175.26678690905246
A,1.0,321.526480470799
A,1.0,122.85455996856508
A,1.0,20.508405554271302
A,1.0,31.739011846775988
A,1.0,150.15541758344577
A,1.0,55.08432389311322
A,1.0,719.3741171352281
A,1.0,78.79268788510633
A,1.0,60.23095280032057
A,1.0,421.6917878742953
A,1.0,100.32975325380312
A,1.0,160.59072040989415
A,1.0,74.02416149897161
A,1.0,45.05423325654086
A,1.0,94.4523789776412
A,1.0,26.278582895742446
A,1.0,220.05926499147233
A,1.0,51.62114293059462
A,1.0,213.02361576895152
A,1.0,209.6064436994005
A,1.0,80.74327720917276
A,1.0,100.47318947843567
A,1.0,61.49574507566695
A,1.0,128.36902828446046
A,1.0,50.400905832419696
A,1.0,330.47996701003905
A,1.0,88.66626582351438
A,1.0,72.53301731126821
A,1.0,99.82712541940775
A,1.0,10.379419129067575
A,1.0,99.23536904392115
A,1.0,50.567773842875944
A,1.0,130.36985256954856
A,1.0,25.543787028002132
A,1.0,45.98292400570087
A,1.0,291.3473523575254
A,1.0,59.93379019845638
A,1.0,181.51355309650558
A,1.0,162.11153619188752
A,1.0,87.99302377708702
A,1.0,118.50567168302268
A,1.0,125.51320157657447
A,1.0,42.457622554597165
A,1.0,72.46848606970961
A,1.0,18.66214221136758
A,1.0,159.08450608768595
A,1.0,656.3761741028061
A,1.0,91.87848200138109
A,1.0,164.60569336826154
A,1.0,198.49490638240093
A,1.0,138.00656467356927
A,1.0,293.6430999690457
A,1.0,163.14168951929793
A,1.0,60.101074718070244
A,1.0,18.4837268635416
A,1.0,71.47075733020174
A,1.0,79.3049485758285
A,1.0,378.59388869231765
A,1.0,61.11936608303716
A,1.0,224.71852853056782
A,1.0,182.3148023212204
A,1.0,124.24192885122868
A,1.0,187.89865609849093
A,1.0,62.5242776203291
A,1.0,141.1177886269011
A,1.0,334.2541078763918
A,1.0,38.87726626810307
A,1.0,31.151142150327324
A,1.0,85.14490275036177
A,1.0,180.74387176182373
A,1.0,54.07718949249955
A,1.0,9.888051734023058
A,1.0,146.35069948259354
A,1.0,470.1832042846696
A,1.0,79.46377836395853
A,1.0,37.17738782662735
A,1.0,180.6210249409475
A,1.0,77.49650723354623
A,1.0,172.6434755613017
A,1.0,21.550340630664103
A,1.0,1000.0
A,1.0,76.27576616713228
A,1.0,266.0277271989155
A,1.0,178.87863411038217
A,1.0,86.62397279495956
A,1.0,105.60453333934683
A,1.0,185.68734087481243
A,1.0,385.2596250941481
A,1.0,154.31758474147213
A,1.0,53.87626313713771
A,1.0,23.231390191881214
A,1.0,10.00248377294319
A,1.0,176.67823171273503
A,1.0,262.8859577636582
A,1.0,670.415746543215
A,1.0,98.04705897502015
A,1.0,33.89481728190842
A,1.0,34.174649006954255
A,1.0,88.73261739123788
A,1.0,98.42219112380397
A,1.0,61.71135473567415
A,1.0,160.7734923730575
A,1.0,36.039810246049626
A,1.0,398.97192298835137
A,1.0,58.75583631722497
A,1.0,492.3154006820045
A,1.0,87.2511083917216
A,1.0,91.78533712997357
A,1.0,190.5299397705066
A,1.0,127.54518810105682
A,1.0,55.967623167091695
A,1.0,172.292874127783
A,1.0,110.80311141726042
A,1.0,718.3009574918724
A,1.0,380.2865038655427
A,1.0,60.40574756684648
A,1.0,114.54317675050677
A,1.0,336.7712050365765
A,1.0,39.2853799930237
A,1.0,194.83973916440962
A,1.0,194.759268994719
A,1.0,329.94720179971864
A,1.0,178.48461494666222
A,1.0,868.7394313915792
A,1.0,35.701256320355
A,1.0,43.39976628174309
A,1.0,22.778566368123045
A,1.0,115.38960647952581
A,1.0,50.83134764271533
A,1.0,69.42456843134184
A,1.0,36.625918459509634
A,1.0,69.9124682304799
A,1.0,17.148677095453866
A,1.0,13.262215318715528
A,1.0,254.202565618186
A,1.0,337.68824653103957
A,1.0,98.3161188857929
A,1.0,137.72220919432897
A,1.0,35.35973006244342
A,1.0,93.90030619331509
A,1.0,372.3396577976446
A,1.0,78.04041236760038
A,1.0,102.91031103097927
A,1.0,211.52132642716396
A,1.0,30.53095184230573
A,1.0,29.625648599870377
A,1.0,81.48016598300029
A,1.0,65.49334638790462
A,1.0,146.58044182906087
A,1.0,30.0804479436933
A,1.0,295.5869804794046
A,1.0,59.90408787109226
A,1.0,91.62112602179431
A,1.0,109.97844969016917
A,1.0,111.38254881722777
A,1.0,93.10482454621801
A,1.0,194.20919243093408
A,1.0,68.15360407727451
A,1.0,619.3482056474513
A,1.0,64.33190054720261
A,1.0,270.4512526779075
A,1.0,37.900270032069805
A,1.0,36.66463366337047
A,1.0,75.00315252941446
A,1.0,158.26574405268158
A,1.0,50.66445101710621
A,1.0,125.48062137235502
A,1.0,421.18678534402767
A,1.0,188.34211871881095
A,1.0,171.42081395784876
A,1.0,60.71635265396125
A,1.0,127.02682870879575
A,1.0,105.02122617106465
A,1.0,78.16701234819487
A,1.0,93.04795334203921
A,1.0,59.91390720121663
A,1.0,57.10271904311291
A,1.0,53.812988373359545
A,1.0,113.52868059931085
A,1.0,37.79939765822321
A,1.0,82.92004078877069
A,1.0,226.2737662978803
A,1.0,117.52087907733866
A,1.0,262.90999754243956
A,1.0,52.06662564999365
A,1.0,207.23122317415547
A,1.0,112.35153988884467
A,1.0,185.16671735660094
A,1.0,150.1634757546777
A,1.0,49.53285507526855
A,1.0,46.57558043477981
A,1.0,113.2890788087811
A,1.0,95.06790460554912
A,1.0,88.9919357194741
A,1.0,65.05492244426712
A,1.0,140.09139030827845
A,1.0,216.621873098744
A,1.0,37.47096221583611
A,1.0,386.08169883196865
A,1.0,83.6785565189121
A,1.0,256.8697252005218
A,1.0,70.8156248396629
A,1.0,68.637837663834
A,1.0,215.09584211273102
A,1.0,45.76555934225114
A,1.0,958.3278768872141
A,1.0,24.516113469414215
A,1.0,387.58704998480414
A,1.0,5.751510308884342
A,1.0,23.173868109179416
A,1.0,22.005404521699717
A,1.0,144.69555784289722
A,1.0,164.7031056300463
A,1.0,53.73154062108631
A,1.0,109.03898732436085
A,1.0,53.72234021314945
A,1.0,133.11182625160896
A,1.0,117.14671592485404
A,1.0,127.87666156223649
A,1.0,51.76292293370597
A,1.0,160.7421895212167
A,1.0,119.43635216289258
A,1.0,967.7960443804086
A,1.0,46.64980324794258
A,1.0,36.04947680338142
A,1.0,185.84977056536292
A,1.0,356.29361423428827
A,1.0,112.06248284013363
A,1.0,104.89100707259202
A,1.0,106.46980905733064
A,1.0,212.3105376110546
A,1.0,13.975849550070002
A,1.0,322.3724856069233
A,1.0,44.11781951211551
A,1.0,109.42410126836528
A,1.0,84.62929965742613
A,1.0,149.59637463848674
A,1.0,89.0897059684274
A,1.0,277.99611654532777
A,1.0,182.19628322082932
A,1.0,41.69011663067256
A,1.0,51.80737809025536
A,1.0,206.63470689166525
A,1.0,62.9247579347632
A,1.0,61.43762359861488
A,1.0,108.11335068228865
A,1.0,338.62951100224944
A,1.0,66.0491148997814
A,1.0,163.45254439232505
A,1.0,224.24070575345223
A,1.0,170.41951445301603
A,1.0,96.73965948228106
A,1.0,68.77747386541175
A,1.0,53.40830297586658
A,1.0,41.73759875595278
A,1.0,71.24047897591733
A,1.0,35.38544647472866
A,1.0,51.68357023991859
A,1.0,48.14596747411657
A,1.0,334.56030840661134
A,1.0,38.31643124508737
A,1.0,157.7017847932188
A,1.0,66.76394885766216
A,1.0,227.4106257245179
A,1.0,41.83082334916477
A,1.0,94.05438524787832
A,1.0,189.20377010448667
A,1.0,66.98210336678581
A,1.0,306.22988061470113
A,1.0,203.86488323517165
A,1.0,109.37611128644178
A,1.0,37.243331562624185
A,1.0,29.96135835148178
A,1.0,144.63962505192117
A,1.0,201.94879427134327
A,1.0,73.37117817290563
A,1.0,247.59739632467443
A,1.0,72.74559903296057
A,1.0,78.58141950361744
A,1.0,87.88290236286234
A,1.0,112.98240211312279
A,1.0,115.2479142132524
A,1.0,383.7221709933005
A,1.0,46.3634956520815
A,1.0,57.38696982530667
A,1.0,194.45720987280805
A,1.0,86.23039607930683
A,1.0,513.8676284743834
A,1.0,78.54335397581197
A,1.0,1000.0
A,1.0,26.37600208702207
A,1.0,78.4448388368329
A,1.0,202.19451353757916
A,1.0,118.08750559929963
A,1.0,107.99271381558138
A,1.0,129.82022577208306
A,1.0,74.21195238200707
A,1.0,48.649759964885824
A,1.0,54.28323965705986
A,1.0,275.75691447721306
A,1.0,111.43697078515261
A,1.0,1000.0
A,1.0,94.0454993396407
A,1.0,93.56131974612968
A,1.0,173.5331643837735
A,1.0,90.57442097492584
A,1.0,53.5905683330425
A,1.0,103.91845528654872
A,1.0,80.93077755598075
A,1.0,132.2945907002157
A,1.0,91.71122383674472
A,1.0,126.14891378393695
A,1.0,474.0873398773047
A,1.0,155.34949020467073
A,1.0,20.029315116634667
A,1.0,86.45837602761989
A,1.0,125.56132323981055
A,1.0,57.211749165499825
A,1.0,166.59887866141952
A,1.0,35.6724061343953
A,1.0,85.77191527219642
A,1.0,69.0781184211169
A,1.0,32.153159578155844
A,1.0,380.7454414883903
A,1.0,121.41559715232319
A,1.0,21.706107668530123
A,1.0,797.4791111697648
A,1.0,678.3408012269657
A,1.0,29.72523984166721
A,1.0,274.6536269685442
A,1.0,131.96727607429514
A,1.0,85.79578429974292
A,1.0,79.86916236914851
A,1.0,415.9896928875274
A,1.0,66.12949289546376
A,1.0,119.97086950046881
A,1.0,62.12329496593325
A,1.0,44.7987217871222
A,1.0,51.96013271626945
A,1.0,234.00874455735178
A,1.0,61.65315737185328
A,1.0,143.4087158343359
A,1.0,366.31382980564945
A,1.0,263.789423053821
A,1.0,82.21775966202141
A,1.0,284.5347018890168
A,1.0,137.00484852331726
A,1.0,321.84760352842187
A,1.0,199.69442807512652
A,1.0,334.4014287135999
A,1.0,105.31542564630092
A,1.0,360.8996371102627
A,1.0,79.24107439451694
A,1.0,67.54134419660107
A,1.0,430.4929317855281
A,1.0,212.71933565275646
A,1.0,65.31121648300656
A,1.0,44.29185372892167
A,1.0,32.23254704124274
A,1.0,270.7775878767824
A,1.0,25.38429669212741
A,1.0,36.52054610674128
A,1.0,59.89593905750484
A,1.0,160.31140817683834
A,1.0,42.63306291537629
A,1.0,201.73500144563167
A,1.0,110.16305740200508
A,1.0,228.34095523257494
A,1.0,43.21015373564387
A,1.0,86.63797811807602
A,1.0,122.79013247351887
A,1.0,65.0386139056034
A,1.0,264.41599781304484
A,1.0,360.84975233831756
A,1.0,116.79029380248542
A,1.0,151.69809545661607
A,1.0,250.56345897440508
A,1.0,132.35282753600967
A,1.0,599.0242615758352
A,1.0,286.80728616634457
A,1.0,366.53861805912913
A,1.0,85.92479458373192
A,1.0,15.90172945737315
A,1.0,47.88240906392581
A,1.0,113.76929955525792
A,1.0,159.64859215060915
A,1.0,45.847068923175456
A,1.0,56.03369560503143
A,1.0,32.05360373462799
A,1.0,305.4340301569116
A,1.0,53.655192039645364
A,1.0,113.35144666677637
A,1.0,458.29882621659556
A,1.0,532.762550727762
A,1.0,48.94280663357806
A,1.0,184.73555813808863
A,1.0,57.10473945704463
A,1.0,142.06569654356443
A,1.0,49.241354711246785
A,1.0,48.228892203726566
A,1.0,30.604625471953785
A,1.0,145.7264793423956
A,1.0,406.34143785383014
A,1.0,98.3645223126102
A,1.0,39.64380229399074
A,1.0,62.84244400430511
A,1.0,458.35412932274494
A,1.0,47.752890307094724
A,1.0,209.6646406898004
A,1.0,540.2072787872103
A,1.0,78.10510132885575
A,1.0,724.3269409646706
A,1.0,2.9283018871972173
A,1.0,58.93226432023987
A,1.0,481.8501515619871
A,1.0,63.04097936993567
A,1.0,197.7036887018061
A,1.0,403.27909477000964
A,1.0,336.9301520823391
A,1.0,338.66522937535615
A,1.0,473.87715056378187
A,1.0,77.66367548314116
A,1.0,70.65410186084587
A,1.0,64.21360745074404
A,1.0,48.214696166410405
A,1.0,106.77890106642059
A,1.0,135.0611246981064
A,1.0,176.09271516195048
A,1.0,234.3582119970008
A,1.0,17.43647332476736
A,1.0,115.03675209121126
A,1.0,199.40165476552414
A,1.0,38.967761348519105
A,1.0,69.0057073399275
A,1.0,380.06721084210756
A,1.0,77.96595262747411
A,1.0,181.66607495716315
A,1.0,203.00606434449875
A,1.0,139.3710907170904
A,1.0,61.91802386855376
A,1.0,114.8913862653402
A,1.0,114.74860407420114
A,1.0,65.01307636016062
A,1.0,82.20517842778835
A,1.0,35.45429640249635
A,1.0,78.14598006643153
A,1.0,211.79742750464888
A,1.0,63.94136551776839
A,1.0,167.1319133741192
A,1.0,59.3397112891063
A,1.0,184.9385848534275
A,1.0,270.07885629776536
A,1.0,107.93958155723064
A,1.0,14.213570837770314
A,1.0,263.5012021800283
A,1.0,78.37157781542437
A,1.0,7.4061885308833935
A,1.0,146.60024747479784
A,1.0,210.58660927630083
A,1.0,80.66858555420866
A,1.0,46.50387847115718
A,1.0,53.13654096816217
A,1.0,462.57535273253905
A,1.0,146.16725286481514
A,1.0,108.22222174569919
A,1.0,133.52699889477458
A,1.0,47.436884044449265
A,1.0,242.9721594452146
A,1.0,245.59370228062073
A,1.0,218.80716290692828
A,1.0,106.35369593776637
A,1.0,524.8412110869784
A,1.0,35.043192326529635
A,1.0,46.12591405332639
A,1.0,22.542805308451864
A,1.0,55.32865196838301
A,1.0,268.8460752364005
A,1.0,307.137887401047
A,1.0,93.40222465703422
A,1.0,226.52211169319358
A,1.0,40.57204343943375
A,1.0,120.459469090243
A,1.0,119.92801057596955
A,1.0,212.04857109098816
A,1.0,107.52153878289593
A,1.0,71.32823810221562
A,1.0,54.770374407155515
A,1.0,35.156103544227825
A,1.0,57.85397751806533
A,1.0,307.44257729007717
A,1.0,344.9625957824167
A,1.0,16.79997045475786
A,1.0,50.17230215474714
A,1.0,42.50599161344549
A,1.0,53.95905328629469
A,1.0,153.4926841816209
A,1.0,327.9231925204165
A,1.0,211.6964026232646
A,1.0,80.81944507049323
A,1.0,295.73318539637177
A,1.0,64.21604909480732
A,1.0,116.63372979107243
A,1.0,31.022123775178688
A,1.0,72.49337448055464
A,1.0,82.02429902207165
A,1.0,46.851684927304134
A,1.0,249.71108567722573
A,1.0,19.423617102728308
A,1.0,109.26589845637027
A,1.0,135.5565599675094
A,1.0,145.64067043650036
A,1.0,89.99586016497429
A,1.0,175.62182498464526
A,1.0,69.1216893718899
A,1.0,285.97229247960666
A,1.0,112.4933788203247
A,1.0,159.96440604927716
A,1.0,114.49731198740193
A,1.0,383.8660080376526
A,1.0,52.587194721845535
A,1.0,138.56844657684988
A,1.0,179.4344780190862
A,1.0,164.30568101543034
A,1.0,139.7227942304144
A,1.0,25.11458523598386
A,1.0,197.6943754655872
A,1.0,594.7218379802622
A,1.0,31.882454326341904
A,1.0,150.48541994966277
A,1.0,613.0156630474554
A,1.0,103.18450956180347
A,1.0,59.96755535030953
A,1.0,37.68271873276778
A,1.0,21.971166818149946
A,1.0,259.0563759697111
A,1.0,71.69739007920354
A,1.0,91.97708619088691
A,1.0,156.5993766263448
A,1.0,63.96380885697941
A,1.0,26.53736036564962
A,1.0,228.34093443489897
A,1.0,42.9342692801783
A,1.0,59.70894830833141
A,1.0,337.84213361952294
A,1.0,142.35071627055544
A,1.0,40.41972621255314
A,1.0,114.66568244216357
A,1.0,30.747691053067335
A,1.0,39.000642511886504
A,1.0,69.54926268452066
A,1.0,117.51822384509745
A,1.0,32.23777325421862
A,1.0,62.02808207843835
A,1.0,232.0615650244827
A,1.0,509.56651993488987
A,1.0,18.315223835869773
A,1.0,162.3899901622551
A,1.0,103.20815065329629
A,1.0,141.9430633207867
A,1.0,91.29062905617819
A,1.0,608.2469681337903
A,1.0,89.54979231168453
A,1.0,97.13447847546412
A,1.0,57.57232678232512
A,1.0,282.3139718826829
A,1.0,29.356260499288712
A,1.0,77.25488879418846
A,1.0,54.851788109781175
A,1.0,73.44674062578284
A,1.0,164.23444542488775
A,1.0,60.20651495396336
A,1.0,367.6791769612398
A,1.0,86.68616875504979
A,1.0,334.3773131749598
A,1.0,307.0687870901621
A,1.0,207.89162857457126
A,1.0,198.5972889117039
A,1.0,172.25294081149246
A,1.0,160.5685732439796
A,1.0,59.29817629130328
A,1.0,355.34138462053477
A,1.0,156.09531739066452
A,1.0,80.96228835719398
A,1.0,820.1227299920262
A,1.0,464.34195799023735
A,1.0,33.17382389352549
A,1.0,183.04304585193742
A,1.0,42.21968510094201
A,1.0,72.22586111241289
A,1.0,21.736050908694338
A,1.0,420.7163525803648
A,1.0,279.4679403343229
A,1.0,119.70084928811882
A,1.0,49.546159226867374
A,1.0,736.3135607306158
A,1.0,366.1798557338106
A,1.0,32.05966136842316
A,1.0,50.73635008312644
A,1.0,68.79037657838994
A,1.0,111.32830048941285
A,1.0,55.80463950427175
A,1.0,177.31119661455043
A,1.0,131.0083295744686
A,1.0,148.07625487258588
A,1.0,151.6094961931878
A,1.0,25.62121485285284
A,1.0,75.08801337204054
A,1.0,202.34721928615824
A,1.0,159.7701810322384
A,1.0,106.6134082660034
A,1.0,45.08604830274025
A,1.0,157.17945780295773
A,1.0,119.4053036651581
A,1.0,278.1348808711278
A,1.0,167.91235891267178
A,1.0,326.5807716541163
A,1.0,569.4696831332533
A,1.0,123.65366278263186
A,1.0,116.64547559903103
A,1.0,42.92621557789548
A,1.0,42.89063644823226
A,1.0,84.51829484565307
A,1.0,323.5634677029763
A,1.0,143.30062565558654
A,1.0,136.07024342488018
A,1.0,176.39014579227438
A,1.0,138.39149264784743
A,1.0,128.34386959916017
A,1.0,84.1790435838709
A,1.0,16.135618894341672
A,1.0,103.00175330257632
A,1.0,181.8841903308608
A,1.0,326.4078873688858
A,1.0,159.60012421826605
A,1.0,49.284385724942034
A,1.0,56.65893616915958
A,1.0,358.1608876188742
A,1.0,123.48318331878768
A,1.0,136.7522621678706
A,1.0,153.72728517320274
A,1.0,64.04890637061217
A,1.0,31.421350179751748
A,1.0,48.66763432255933
A,1.0,74.57984626897864
A,1.0,90.61265342291158
A,1.0,67.05655343651084
A,1.0,154.20770877824617
A,1.0,93.58824603179436
A,1.0,72.76498312444772
A,1.0,443.14821816174896
A,1.0,133.74007657820843
A,1.0,69.34425474848764
A,1.0,34.78835005976847
A,1.0,145.72704299592024
A,1.0,188.40892953039946
A,1.0,151.32744044728506
A,1.0,306.3514457677945
A,1.0,352.3618040296902
A,1.0,64.66740536027156
A,1.0,104.67801082352892
A,1.0,233.47911293152578
A,1.0,35.61250312409584
A,1.0,124.13792490174174
A,1.0,94.25958697680315
A,1.0,81.09419695964256
A,1.0,481.51014512474814
A,1.0,56.92069399334637
A,1.0,69.25571495822683
A,1.0,132.42497456949837
A,1.0,196.93643329609165
A,1.0,161.63722645875143
A,1.0,40.47230163230709
A,1.0,67.83052232535975
A,1.0,154.31497053368838
A,1.0,400.35440080502536
A,1.0,62.617161037098754
A,1.0,18.40515134701782
A,1.0,210.38686810947033
A,1.0,22.016604631919645
A,1.0,228.03106494638678
A,1.0,302.5441351164531
A,1.0,58.7387485060523
A,1.0,112.82179903826585
A,1.0,67.53646761770275
A,1.0,39.092007469732806
A,1.0,325.57825650798486
A,1.0,64.4354257099934
A,1.0,95.37831394382954
A,1.0,61.01402611484786
A,1.0,316.4307557836038
A,1.0,237.77968405312313
A,1.0,133.7159300690373
A,1.0,208.24316026789435
A,1.0,2.3084139950704525
A,1.0,245.30183828807785
A,1.0,85.71391809335843
A,1.0,53.670649574024026
A,1.0,138.06800308182125
A,1.0,78.20579043111728
A,1.0,173.98299817060405
A,1.0,124.9560428796586
A,1.0,101.71913385020589
A,1.0,40.131892903909474
A,1.0,31.012757341400963
A,1.0,59.58079517264082
A,1.0,142.41887208118763
A,1.0,9.788625260964366
A,1.0,181.8245002296222
A,1.0,126.00633704104494
A,1.0,83.32135553823647
A,1.0,193.64735080966477
A,1.0,58.8089340829717
A,1.0,240.1770696080973
A,1.0,5.7539131238398165
A,1.0,41.151382817730884
A,1.0,42.01158469922662
A,1.0,57.549966362049
A,1.0,361.10081036916955
A,1.0,77.13155889866874
A,1.0,64.97241284601103
A,1.0,158.9092621042082
A,1.0,86.5940513807461
A,1.0,115.35179407537935
A,1.0,64.72006974244364
A,1.0,100.69232045660942
A,1.0,22.989183458961513
A,1.0,377.9161855491673
A,1.0,410.17614535336855
A,1.0,688.0771406347158
A,1.0,153.38710724062736
A,1.0,69.34877900452965
A,1.0,188.9109398777838
A,1.0,40.68291109298232
A,1.0,33.918906205360884
A,1.0,270.8818209424586
A,1.0,30.350241808838383
A,1.0,249.69818864668085
A,1.0,116.46025984508087
A,1.0,85.30540914336949
A,1.0,170.14500158665268
A,1.0,48.36255587865916
A,1.0,168.65515709775377
A,1.0,66.83395356842001
A,1.0,39.451103855342375
A,1.0,146.2644651658602
A,1.0,82.412267275546
A,1.0,44.401257280942104
A,1.0,86.95273923939041
A,1.0,157.61591049383682
A,1.0,132.4113949069878
A,1.0,183.52071317572265
A,1.0,45.65308514527152
A,1.0,146.23200291765704
A,1.0,276.9222041993547
A,1.0,31.51172162209351
A,1.0,84.48540622949076
A,1.0,376.5164488779921
A,1.0,261.32821728350456
A,1.0,74.08097029048746
A,1.0,50.64260858476416
A,1.0,90.33165841446146
A,1.0,71.57550810711399
A,1.0,54.25486125178894
A,1.0,22.021697277834086
A,1.0,422.219038934042
A,1.0,64.24615107659275
A,1.0,485.6365113269589
A,1.0,82.29668287271315
A,1.0,490.4009583772009
A,1.0,330.0073694552982
A,1.0,39.157117728280774
A,1.0,80.01636873786752
A,1.0,142.70164459095773
A,1.0,541.5207702738767
A,1.0,10.809355394420498
A,1.0,394.75466913335606
A,1.0,214.64145175946484
A,1.0,40.385193991751585
A,1.0,912.2791586829383
A,1.0,74.46660219364907
A,1.0,157.56668954856184
A,1.0,315.62935192559087
A,1.0,175.65603424206736
A,1.0,412.8068044501301
A,1.0,48.56811413383348
A,1.0,73.9274595186142
A,1.0,107.90444159205003
A,1.0,121.8107973039201
A,1.0,83.7260108121999
A,1.0,28.78601331102036
A,1.0,110.83217824263727
A,1.0,307.34573592574924
A,1.0,126.62379576640882
A,1.0,50.29998217251153
A,1.0,80.31511222966691
A,1.0,669.5273503384614
A,1.0,39.67787528089646
A,1.0,73.1012213566114
A,1.0,87.08703194400087
A,1.0,381.7890318968836
A,1.0,224.5327880355643
A,1.0,143.7377743060576
A,1.0,476.6696775573203
A,1.0,225.75980881401475
A,1.0,135.058456823364
A,1.0,62.83434900827396
A,1.0,174.16800794011033
A,1.0,63.92136385397948
A,1.0,93.65724702328004
A,1.0,146.19828438800783
A,1.0,135.23159191367557
A,1.0,139.68745599017817
A,1.0,38.26990098872505
A,1.0,180.89447835688085
A,1.0,618.8182928822469
A,1.0,153.05068212332844
A,1.0,59.04443433088186
A,1.0,248.25235937042098
A,1.0,348.7324113091412
A,1.0,119.87714045649608
A,1.0,11.628399130575405
A,1.0,150.50812330428525
A,1.0,61.420438491247474
A,1.0,74.79271600193053
A,1.0,111.70849668466185
A,1.0,32.871278956034566
A,1.0,64.65828166962595
A,1.0,106.59653484627013
A,1.0,129.09973447900063
A,1.0,64.75573881289166
A,1.0,321.4837430653821
A,1.0,896.3019868826985
A,1.0,138.2760248496415
A,1.0,14.291816817768252
A,1.0,170.37051170179245
A,1.0,64.6148894179995
A,1.0,246.92180972786684
A,1.0,337.17853678415463
A,1.0,27.98748905024482
A,1.0,152.85981191220813
A,1.0,125.23150789419894
A,1.0,65.36836871644937
A,1.0,105.42468769361734
A,1.0,175.62629101418904
A,1.0,231.6115028765686
A,1.0,103.85562627173803
A,1.0,93.55872360487581
A,1.0,201.265352380093
A,1.0,141.59395956991753
A,1.0,87.71940356909427
A,1.0,26.286195038132092
A,1.0,137.1899340617588
A,1.0,19.257559245738154
A,1.0,32.28539437361303
A,1.0,18.328288729602633
A,1.0,234.094354000676
A,1.0,94.01693754719273
A,1.0,308.5443487449594
A,1.0,14.144835359972351
A,1.0,141.1250166315145
A,1.0,236.93725125737052
A,1.0,73.93270923167493
A,1.0,102.32109082313188
A,1.0,87.16242303452734
A,1.0,59.54279660654635
A,1.0,70.52840318312148
A,1.0,39.58675786479347
A,1.0,123.10372342523463
A,1.0,252.09278273299515
A,1.0,356.02686620335624
A,1.0,359.843176036374
A,1.0,13.62432437065888
A,1.0,45.8066428061668
A,1.0,17.23871406224946
A,1.0,365.74248398490676
A,1.0,139.76757633925226
A,1.0,133.1312072769503
A,1.0,47.5714473330979
A,1.0,191.90548278654862
A,1.0,134.63179619010754
A,1.0,325.7263938318321
A,1.0,13.472835289053336
A,1.0,62.03731627576025
A,1.0,72.63246611399745
A,1.0,76.35395084547623
A,1.0,80.64043372219662
A,1.0,47.76555445187755
A,1.0,4.481535235077888
A,1.0,60.35939966501396
A,1.0,234.38938424348265
A,1.0,31.509510525168626
A,1.0,14.450673005263187
A,1.0,77.29741675396865
A,1.0,337.4600449231364
A,1.0,230.8883963078959
A,1.0,82.22746298710028
A,1.0,165.38426750776367
A,1.0,412.9580065333239
A,1.0,13.512410281782156
A,1.0,63.54388747254402
A,1.0,15.045126795312404
A,1.0,365.2561187272792
A,1.0,130.79199337769683
A,1.0,104.57433757149265
A,1.0,18.146513410738937
A,1.0,84.33142326043658
A,1.0,136.45432755741234
A,1.0,188.47399771278063
A,1.0,88.84720135950997
A,1.0,9.607306206266278
A,1.0,68.4046724823066
A,1.0,124.8004831694476
A,1.0,207.78177601564394
A,1.0,102.8084494687706
A,1.0,131.03325525898535
A,1.0,134.51403894656963
A,1.0,107.42840608856275
A,1.0,52.47191170383614
A,1.0,237.70393648494948
A,1.0,116.59379341086222
A,1.0,74.07273751562911
A,1.0,50.56093265839078
A,1.0,24.98523446137356
A,1.0,41.455644604307345
A,1.0,40.70711198250755
A,1.0,189.06711732403502
A,1.0,383.8134648815928
A,1.0,47.90311893378998
A,1.0,111.9585233922479
A,1.0,549.4326211364291
A,1.0,279.79503558884426
A,1.0,51.00865257046087
A,1.0,57.22625052117731
A,1.0,23.914028216022658
A,1.0,36.36672492546433
A,1.0,383.6061460935066
A,1.0,8.104847175594815
A,1.0,152.81662036126835
A,1.0,516.0747970866937
A,1.0,261.911574098818
A,1.0,101.17352132099364
A,1.0,139.93437700163298
A,1.0,53.5767801594879
A,1.0,51.07304795144078
A,1.0,35.56911012947251
A,1.0,72.94065935226466
A,1.0,231.48946416374594
A,1.0,125.07173524918893
A,1.0,38.50951080230359
A,1.0,72.02268628143251
A,1.0,320.6860246319216
A,1.0,135.86120036578035
A,1.0,42.33985981002158
A,1.0,20.82871832990187
A,1.0,268.222879540095
A,1.0,47.14634891817814
A,1.0,30.46167946091781
A,1.0,95.88234077454136
A,1.0,151.0585110828296
A,1.0,149.03286409665526
A,1.0,119.97681609193185
A,1.0,20.0590410914042
A,1.0,110.96602327100366
A,1.0,30.347358544484116
A,1.0,447.6365383364719
A,1.0,93.91912597369075
A,1.0,64.75449985989763
A,1.0,88.72528953960149
A,1.0,55.45884944368185
A,1.0,21.146616650462303
A,1.0,303.561094987893
A,1.0,9.047515471040285
A,1.0,104.09666295086708
A,1.0,160.71703238425343
A,1.0,27.20372634810528
A,1.0,60.14528422409722
A,1.0,129.9219809691176
A,1.0,762.2437662287672
A,1.0,132.5613746979228
A,1.0,184.1004088830151
A,1.0,66.74958457463548
A,1.0,89.82281548862599
A,1.0,50.99696796601354
A,1.0,21.739994815880898
A,1.0,196.08785836205797
A,1.0,315.0909119991571
A,1.0,110.84361838632306
A,1.0,222.52639988773512
A,1.0,181.6931718799419
A,1.0,43.577166226657184
A,1.0,62.33648037246451
A,1.0,116.94962540444246
A,1.0,104.89708459994483
A,1.0,11.698955040956212
A,1.0,178.8758300825936
A,1.0,144.79383410402966
A,1.0,220.04433816866955
A,1.0,98.00902035975814
A,1.0,23.496497915647478
A,1.0,184.23358479589396
A,1.0,12.617418489699396
A,1.0,69.51142032747755
A,1.0,426.5954233487967
A,1.0,307.55841090815767
A,1.0,52.43853761132537
A,1.0,83.60964597400148
A,1.0,54.49109456509891
A,1.0,1000.0
A,1.0,351.16293502512775
A,1.0,16.99583580139708
A,1.0,590.456796935017
A,1.0,210.51269248116347
A,1.0,278.7313119461121
A,1.0,33.51196507435216
A,1.0,47.372621303390744
A,1.0,528.4714976458466
A,1.0,81.8447256554547
A,1.0,60.37805532707989
A,1.0,88.70609980199036
A,1.0,210.64563971480163
A,1.0,84.12724316972296
A,1.0,97.89320915421926
A,1.0,50.58695023400763
A,1.0,200.4400260337127
A,1.0,400.77827885658763
A,1.0,144.71821635731547
A,1.0,7.734284116308886
A,1.0,38.691911963178285
A,1.0,113.0764028297548
A,1.0,913.6692330220944
A,1.0,77.54037131079359
A,1.0,288.3196688713074
A,1.0,4.799027646168875
A,1.0,116.53347440121527
A,1.0,127.78262931725358
A,1.0,9.976709837360845
A,1.0,241.11988081024398
A,1.0,113.35156064664336
A,1.0,258.52769598794265
A,1.0,113.1914071008108
A,1.0,15.934959294749612
A,1.0,137.33974261973407
A,1.0,128.26538653356417
A,1.0,113.27882023616918
A,1.0,306.25302698867785
A,1.0,150.79818786564923
A,1.0,136.74319875565277
A,1.0,41.15748514132836
A,1.0,73.46175673652657
A,1.0,88.58835149912723
A,1.0,54.66315049690988
A,1.0,197.9182734880978
A,1.0,45.324769653659985
A,1.0,353.0194732600527
A,1.0,36.08204877262497
A,1.0,190.76733273604844
A,1.0,42.349898901513654
A,1.0,26.858603152557734
A,1.0,123.36539643810914
A,1.0,39.3667937920396
A,1.0,84.66430905534277
A,1.0,173.49649545919004
A,1.0,71.27488841755577
A,1.0,290.10827592904207
A,1.0,49.89975326073583
A,1.0,85.8171673137155
A,1.0,57.91285618963151
A,1.0,89.22302999298465
A,1.0,183.57405149950512
A,1.0,50.60751626330144
A,1.0,39.21757342535119
A,1.0,25.51882647653884
A,1.0,108.39839571567431
A,1.0,391.6068397653301
A,1.0,190.23565265591802
A,1.0,200.26603932189423
A,1.0,187.5763436921244
A,1.0,36.972419210669294
A,1.0,58.87085639423695
A,1.0,93.12293606861034
A,1.0,401.30975039088446
A,1.0,54.22580862005918
A,1.0,78.57410510608904
A,1.0,50.89674909768973
A,1.0,149.72927196258502
A,1.0,73.46340623737848
A,1.0,16.606253421919796
A,1.0,78.80397135220728
A,1.0,217.48544766972165
A,1.0,135.85609382725048
A,1.0,88.97754658730865
A,1.0,338.2851460723304
A,1.0,57.48895728671154
A,1.0,1000.0
A,1.0,1000.0
A,1.0,238.45905530937938
A,1.0,96.24635871210556
A,1.0,58.22430372780662
A,1.0,144.17338171443475
A,1.0,677.079441752627
A,1.0,22.500833777247355
A,1.0,27.074796802936277
A,1.0,252.79852824883642
A,1.0,185.62098550814167
A,1.0,113.70104940073774
A,1.0,362.46514731152763
A,1.0,506.42479660576737
A,1.0,106.9950877101194
A,1.0,174.83947893169594
A,1.0,72.06204098886793
A,1.0,1000.0
A,1.0,18.803788577663436
A,1.0,205.7012325400555
A,1.0,1000.0
A,1.0,134.27438500306218
A,1.0,139.52505961423805
A,1.0,119.73048100275192
A,1.0,120.20612056729438
A,1.0,113.29845262941456
A,1.0,173.41889516488126
A,1.0,15.682855276838916
A,1.0,181.5324541934504
A,1.0,80.23578774767954
A,1.0,176.40756211676646
A,1.0,248.99629492301088
A,1.0,375.5187809261103
A,1.0,67.27388905194489
A,1.0,296.90092013072035
A,1.0,195.50231566629736
A,1.0,275.57924008243833
A,1.0,131.07959763762918
A,1.0,187.05326006610179
A,1.0,284.41950906456447
A,1.0,228.01209357824493
A,1.0,170.07624398677194
A,1.0,24.566698612550415
A,1.0,264.9508345078796
A,1.0,40.98797750963249
A,1.0,303.00448174919455
A,1.0,65.759894545799
A,1.0,93.95807522858054
A,1.0,100.28713518988347
A,1.0,387.3134731004694
A,1.0,77.32128935036728
A,1.0,271.8061602683917
A,1.0,79.27737547707878
A,1.0,74.15709673428286
A,1.0,165.3445399189023
A,1.0,88.00336455601399
A,1.0,495.6077842995065
A,1.0,115.81560031503412
A,1.0,797.3706550260763
A,1.0,99.36626257674466
A,1.0,40.79699008908185
A,1.0,49.298622610008145
A,1.0,23.218068857897713
A,1.0,66.29562467227632
A,1.0,189.49960896886185
A,1.0,72.03630779487837
A,1.0,109.54924628365092
A,1.0,68.44963048422447
A,1.0,63.476361612783045
A,1.0,183.4546717032718
A,1.0,75.25641981962005
A,1.0,406.3908930302706
A,1.0,56.25931618641901
A,1.0,272.0432551066236
A,1.0,96.67993407888815
A,1.0,670.4149098781751
A,1.0,38.727872434066185
A,1.0,186.23422770138188
A,1.0,112.76828084421491
A,1.0,72.29225022386218
A,1.0,468.2761767836846
A,1.0,195.74324649898116
A,1.0,31.457061382241424
A,1.0,89.53898766006405
A,1.0,44.25239616926047
A,1.0,36.48637089635422
A,1.0,35.29929958329735
A,1.0,99.60765826891908
A,1.0,105.9345245855132
A,1.0,59.5289755987851
A,1.0,202.62023124516014
A,1.0,43.151356283540316
A,1.0,388.58116601925434
A,1.0,222.92538634863186
A,1.0,59.618908005638325
A,1.0,36.601644756666985
A,1.0,131.50460936597608
A,1.0,90.77802997627218
A,1.0,136.07283692861475
A,1.0,44.10511996062854
A,1.0,34.73487905652816
A,1.0,241.9608104096509
A,1.0,134.45683902942443
A,1.0,573.5165164758815
A,1.0,70.21007458856873
A,1.0,90.29907064241887
A,1.0,45.44612111889804
A,1.0,231.77053650473138
A,1.0,171.53919699984584
A,1.0,133.45084194579462
A,1.0,206.07188783057893
A,1.0,238.06111341398838
A,1.0,138.2037950128733
A,1.0,8.88281468522087
A,1.0,121.92487141816716
A,1.0,664.3296966576006
A,1.0,131.0577269056502
A,1.0,165.77921441120316
A,1.0,548.0137527292219
A,1.0,59.05437679008116
A,1.0,269.43723022134344
A,1.0,72.27245313542542
A,1.0,110.32289239087848
A,1.0,82.50997886310182
A,1.0,211.6455279811642
A,1.0,460.024727514545
A,1.0,282.4032667218306
A,1.0,682.9187189489262
A,1.0,127.0017973348408
A,1.0,80.89276766424669
A,1.0,261.4503092140259
A,1.0,215.8348623121547
A,1.0,94.14237840907043
A,1.0,103.28897268496102
A,1.0,78.01994286054439
A,1.0,161.28958839475163
A,1.0,428.80338636190413
A,1.0,86.59919872676376
A,1.0,54.30666175995554
A,1.0,364.38059325027433
A,1.0,82.41452903341981
A,1.0,38.048028761428746
A,1.0,499.3300726774992
A,1.0,94.47862656538477
A,1.0,39.42066463764784
A,1.0,156.6018505519731
A,1.0,42.319480003935084
A,1.0,470.07885488672076
A,1.0,89.21586181450536
A,1.0,25.052044201313784
A,1.0,17.42089191769452
A,1.0,152.68633064613672
A,1.0,45.43546370258696
A,1.0,29.52862578901766
A,1.0,319.31809655496113
A,1.0,38.817737096527026
A,1.0,133.3588062072776
A,1.0,250.80064765968794
A,1.0,62.73885134126721
A,1.0,558.0256551846944
A,1.0,56.49806881582203
A,1.0,223.09060386758128
A,1.0,132.92068147118263
A,1.0,250.6107261544997
A,1.0,67.82870915080416
A,1.0,88.69926323684068
A,1.0,133.884954352179
A,1.0,67.54139335791079
A,1.0,12.376457685610555
A,1.0,37.18715874866997
A,1.0,26.41995785939
A,1.0,139.53580410275285
A,1.0,45.75855737143336
A,1.0,82.09943337301216
A,1.0,22.242970816198866
A,1.0,145.96083957622946
A,1.0,91.68629502961208
A,1.0,52.32300221559714
A,1.0,176.49609423709592
A,1.0,37.12667680698383
A,1.0,438.5168609261974
A,1.0,578.0352090574563
A,1.0,294.64765268205696
A,1.0,38.18006365399745
A,1.0,46.824556107825636
A,1.0,774.1958079715503
A,1.0,178.17722579708698
A,1.0,267.0868931784355
A,1.0,115.54345119996054
A,1.0,362.19677040240464
A,1.0,193.6429346263768
A,1.0,30.601676067858822
A,1.0,597.1440466389249
A,1.0,83.16125678566112
A,1.0,23.901122910563203
A,1.0,126.10199295967232
A,1.0,44.60057194416672
A,1.0,87.28452309728522
A,1.0,51.20088183840728
A,1.0,201.47957391466338
A,1.0,159.10356442456313
A,1.0,184.74194992607812
A,1.0,239.14948088106968
A,1.0,33.639619515001336
A,1.0,58.72651865044001
A,1.0,55.49129437186617
A,1.0,330.4627799385448
A,1.0,326.1062362358075
A,1.0,45.777492755475635
A,1.0,278.94679779118485
A,1.0,210.11061431537217
A,1.0,243.72059455223012
A,1.0,161.3701596925057
A,1.0,40.67827315649286
A,1.0,517.1921974617452
A,1.0,161.94959704256237
A,1.0,34.226047565470175
A,1.0,45.24040705118117
A,1.0,23.390722393958143
A,1.0,266.0968378980122
A,1.0,470.31341712072094
A,1.0,389.589802976821
A,1.0,125.37013639463802
A,1.0,19.083253972620373
A,1.0,391.8819416432214
A,1.0,76.54164790503816
A,1.0,26.483453470380397
A,1.0,292.70844428637804
A,1.0,101.789489449349
A,1.0,24.828402659785244
A,1.0,60.317324031082784
A,1.0,41.929101491874626
A,1.0,99.26430188196059
A,1.0,38.08275525925694
A,1.0,136.02678498918428
A,1.0,223.32216553246678
A,1.0,216.48224313531756
A,1.0,133.29377087702483
A,1.0,134.73949690079675
A,1.0,117.0956732682304
A,1.0,35.0922427189684
A,1.0,203.71952847102128
A,1.0,293.6598180690228
A,1.0,90.38699043696275
A,1.0,109.61253243421326
A,1.0,336.2502200483382
A,1.0,40.0595263960575
A,1.0,27.962702359583705
A,1.0,109.28861925606488
A,1.0,146.24352217937906
A,1.0,133.8816715557492
A,1.0,17.698508217973192
A,1.0,100.298521504543
A,1.0,32.93708424195935
A,1.0,116.9132907073558
A,1.0,21.630889696663978
A,1.0,48.69738553887787
A,1.0,36.518436481562425
A,1.0,255.08408853793438
A,1.0,17.818124695254504
A,1.0,36.38138446171225
A,1.0,32.82001788476943
A,1.0,133.96900631356326
A,1.0,214.80266617113625
A,1.0,68.94351206684215
A,1.0,166.12538337583277
A,1.0,67.72324614204744
A,1.0,22.645774976302715
A,1.0,46.51022164990686
A,1.0,52.32678593888824
A,1.0,161.12437241523438
A,1.0,132.96751708705557
A,1.0,46.70286432690496
A,1.0,77.802955391153
A,1.0,53.59554345131225
A,1.0,146.8338159454865
A,1.0,408.73865565385717
A,1.0,306.7177349022963
A,1.0,30.81809848110072
A,1.0,40.58874296060817
A,1.0,139.0110634120644
A,1.0,76.61660241118892
A,1.0,88.5269803403768
A,1.0,121.34337629473123
A,1.0,25.173674066029232
A,1.0,139.54640595014106
A,1.0,214.61134779322333
A,1.0,234.36690717211602
A,1.0,694.9029240071551
A,1.0,65.16574894743671
A,1.0,28.071246854482467
A,1.0,370.3503287652055
A,1.0,468.3631831816949
A,1.0,108.63930462737518
A,1.0,7.902247021634295
A,1.0,280.44388275285274
A,1.0,159.6177278913524
A,1.0,463.5414931927993
A,1.0,575.5123392383819
A,1.0,108.28492206015042
A,1.0,132.24255550642278
A,1.0,43.015618479248346
A,1.0,22.01103417463471
A,1.0,239.28886939600002
A,1.0,67.97396523185195
A,1.0,69.55639863008925
A,1.0,123.05577573786485
A,1.0,29.24616642587964
A,1.0,49.39907063147317
A,1.0,61.8534902708784
A,1.0,59.40246856915952
A,1.0,39.95799188239223
A,1.0,166.78836871731073
A,1.0,287.76461824901673
A,1.0,52.44016561754755
A,1.0,36.55092546785472
A,1.0,367.5641034739068
A,1.0,11.654517104862268
A,1.0,65.84620577345605
A,1.0,43.70394806219239
A,1.0,19.483958907906963
A,1.0,129.59550918225546
A,1.0,227.25115164495426
A,1.0,399.9359566895081
A,1.0,169.75835030580396
A,1.0,103.28465274611534
A,1.0,65.6638003129089
A,1.0,111.0210146654614
A,1.0,96.78791194748844
A,1.0,20.212343705782008
A,1.0,139.12402341081767
A,1.0,216.9069937664266
A,1.0,149.0024657495025
A,1.0,974.1981911454616
A,1.0,175.9114009403616
A,1.0,179.4156908418426
A,1.0,41.3808181741369
A,1.0,102.01459557338154
A,1.0,134.9766387117994
A,1.0,72.14573332717275
A,1.0,61.58579103400846
A,1.0,273.97190519795925
A,1.0,44.24713150496918
A,1.0,158.13634021195398
A,1.0,325.900562669833
A,1.0,267.7641408864228
A,1.0,145.79864718996254
A,1.0,520.9166778488208
A,1.0,77.32741454390039
A,1.0,139.02758923038962
A,1.0,140.38001648473605
A,1.0,66.585214479188
A,1.0,185.9401787061757
A,1.0,41.33045736497234
A,1.0,57.32018806516202
A,1.0,837.2095137982946
A,1.0,68.95217244854103
A,1.0,179.69799333645418
A,1.0,39.597700848265596
A,1.0,168.03135316086008
A,1.0,60.812317056837905
A,1.0,657.7170608870723
A,1.0,185.48350591873077
A,1.0,182.38536920040147
A,1.0,59.888300497240124
A,1.0,84.34955337607347
A,1.0,143.67444205323483
A,1.0,265.69483659935577
A,1.0,104.45995315282482
A,1.0,129.50415340555153
A,1.0,151.80089531330344
A,1.0,330.3322340036428
A,1.0,202.42058269137706
A,1.0,354.2027817202983
A,1.0,97.15059071480178
A,1.0,37.063321801703374
A,1.0,44.59651038151581
A,1.0,82.43325576491979
A,1.0,267.899253425669
A,1.0,1000.0
A,1.0,34.16183324783043
A,1.0,154.33388409049138
A,1.0,102.73539106751946
A,1.0,34.860219140568965
A,1.0,88.5175995979075
A,1.0,84.14659548776619
A,1.0,62.415518259608675
A,1.0,16.37718942254964
A,1.0,158.91766437140055
A,1.0,160.46767982998577
A,1.0,45.596653806130504
A,1.0,56.88841922737582
A,1.0,79.2954718480769
A,1.0,161.75255917678174
A,1.0,376.2153551434444
A,1.0,20.09137466091774
A,1.0,699.9992281769796
A,1.0,38.31820007429335
A,1.0,110.10448096578114
A,1.0,444.41306879865596
A,1.0,7.247443641308656
A,1.0,39.12307662484558
A,1.0,182.835778962077
A,1.0,41.21493823989995
A,1.0,60.827658927485764
A,1.0,17.203446618809945
A,1.0,113.18220672982446
A,1.0,13.22451887076661
A,1.0,288.03116673037744
A,1.0,69.53528631611879
A,1.0,246.96587996004948
A,1.0,155.43605067259023
A,1.0,129.1922555431583
A,1.0,125.15010622960793
A,1.0,67.81718587874468
A,1.0,135.4524333254127
A,1.0,741.7242527001308
A,1.0,76.36505661028836
A,1.0,107.54337314278256
A,1.0,41.81484964255114
A,1.0,263.27703169761503
A,1.0,26.918940029155063
A,1.0,277.3284185722399
A,1.0,38.553819512082626
A,1.0,203.68737934784332
A,1.0,289.26219557869985
A,1.0,47.21465447090787
A,1.0,56.08667708504021
A,1.0,107.72214913860604
A,1.0,235.06218524096724
A,1.0,372.2831971911596
A,1.0,205.80399714921236
A,1.0,62.41695693465932
A,1.0,20.39310060631063
A,1.0,99.49799304304528
A,1.0,431.4841866436604
A,1.0,50.33209713097248
A,1.0,120.04293800430366
A,1.0,243.91078260080988
A,1.0,35.926676946061
A,1.0,78.31974035723667
A,1.0,96.07573450009875
A,1.0,115.70117325365521
A,1.0,50.40067906184645
A,1.0,186.8023980397043
A,1.0,71.42404636833953
A,1.0,216.89896647947177
A,1.0,57.105818502772465
A,1.0,132.467056805875
A,1.0,18.730201686632455
A,1.0,55.21128796205216
A,1.0,43.305886493029966
A,1.0,69.21788039253296
A,1.0,26.381452107035944
A,1.0,97.88638872142661
A,1.0,101.54277151705921
A,1.0,643.7768373214642
A,1.0,143.88914497526875
A,1.0,147.28439351876784
A,1.0,136.42099729804286
A,1.0,103.17944788632347
A,1.0,272.3400735710889
A,1.0,303.56261826362027
A,1.0,325.73159206386
A,1.0,254.35165449815932
A,1.0,75.47108724237813
A,1.0,333.4139828654331
A,1.0,60.0710924459303
A,1.0,200.1815301611764
A,1.0,163.34085115301627
A,1.0,35.81903441448741
A,1.0,364.38049080317853
A,1.0,62.73343082163506
A,1.0,43.72020462990238
A,1.0,189.42162103168786
A,1.0,187.02574672245774
A,1.0,35.84459921444191
A,1.0,388.76899482819135
A,1.0,101.86220499423021
A,1.0,146.37138481293073
A,1.0,42.78744078543102
A,1.0,133.23100424728446
A,1.0,145.65548912858983
A,1.0,171.50527034689324
A,1.0,259.90218626312327
A,1.0,376.98844013266967
A,1.0,121.20576335945385
A,1.0,63.819974769550115
A,1.0,957.3632680635626
A,1.0,41.94610862762428
A,1.0,278.42393791194905
A,1.0,96.7466212981686
A,1.0,217.09315507318706
A,1.0,30.347150509301397
A,1.0,35.18386565771771
A,1.0,558.7789997078833
A,1.0,54.134390634058086
A,1.0,207.3713436245035
A,1.0,141.31172548790926
A,1.0,93.92709277361025
A,1.0,445.93389920868117
A,1.0,429.5605105215728
A,1.0,61.25388663194871
A,1.0,34.913954029130466
A,1.0,522.2107646552379
A,1.0,101.56969684795631
A,1.0,22.43392707955905
A,1.0,98.22294622603239
A,1.0,186.08599402051792
A,1.0,314.5482571984493
A,1.0,68.91027275184102
A,1.0,309.1921137051021
A,1.0,373.4409452122101
A,1.0,83.43595243412365
A,1.0,41.179509478787125
A,1.0,43.78938092360203
A,1.0,163.3830332228164
A,1.0,277.9579377795304
A,1.0,13.149667621340898
A,1.0,944.2086859175458
A,1.0,105.76779559845839
A,1.0,44.05776863154608
A,1.0,112.35240643779342
A,1.0,217.2867841210111
A,1.0,78.0153082645864
A,1.0,79.32652919778577
A,1.0,24.793508819602927
A,1.0,67.09067176551817
A,1.0,69.54986324091142
A,1.0,20.03285940962142
A,1.0,83.24402013669733
A,1.0,157.11559336088624
A,1.0,22.42797278980013
A,1.0,337.29091965749166
A,1.0,187.11902174865045
A,1.0,165.38516961208725
A,1.0,30.921546170477658
A,1.0,157.7161082404547
A,1.0,92.6393524415224
A,1.0,47.714983167716326
A,1.0,81.56459867406154
A,1.0,151.26472356574484
A,1.0,37.67912138297175
A,1.0,43.942093124752255
A,1.0,43.033926599158384
A,1.0,227.15705345271726
A,1.0,65.61489054596287
A,1.0,34.667154415706754
A,1.0,165.41342196067558
A,1.0,23.34885827286979
A,1.0,73.02411126657037
A,1.0,62.886272223967985
A,1.0,819.9338222393939
A,1.0,153.2414479810178
A,1.0,52.39553319752743
A,1.0,57.77800036562102
A,1.0,89.18172713026496
A,1.0,107.6362522676226
A,1.0,133.18470035140894
A,1.0,102.20419861621895
A,1.0,129.68030764305652
A,1.0,1000.0
A,1.0,304.3188981910467
A,1.0,812.9541277416045
A,1.0,71.468201378428
A,1.0,54.132319251477206
A,1.0,283.3601953868522
A,1.0,79.37953192865756
A,1.0,173.3817916896324
A,1.0,293.2247187961823
A,1.0,149.4237440180415
A,1.0,48.21561492048702
A,1.0,37.64204256004418
A,1.0,225.60688841211726
A,1.0,61.932541186649146
A,1.0,81.71298504401717
A,1.0,75.88214538787233
A,1.0,61.445027945114184
A,1.0,1000.0
A,1.0,48.37702134626335
A,1.0,27.024120803701994
A,1.0,125.24852189442933
A,1.0,284.159208101381
A,1.0,158.94309513566364
A,1.0,46.03620323162192
A,1.0,198.07180039630185
A,1.0,148.1623469179088
A,1.0,100.72579656896983
A,1.0,213.4781487644065
A,1.0,150.1408489415627
A,1.0,53.58888290277093
A,1.0,711.3731631661367
A,1.0,565.567487549182
A,1.0,138.9059968494981
A,1.0,175.20580044434337
A,1.0,257.3665326186306
A,1.0,44.482701047904015
A,1.0,71.51941907611061
A,1.0,92.05782343260178
A,1.0,74.55742628680916
A,1.0,216.43606402365776
A,1.0,315.8656048934001
A,1.0,35.66993139200665
A,1.0,121.18535540986328
A,1.0,64.63650695089191
A,1.0,68.40399526896482
A,1.0,85.09736449497478
A,1.0,219.6757825856396
A,1.0,98.03931322390594
A,1.0,524.730048989847
A,1.0,159.7931615038086
A,1.0,133.14738383145385
A,1.0,73.37671317305647
A,1.0,195.7013657490431
A,1.0,78.01176226014768
A,1.0,78.47066607796275
A,1.0,169.430003097077
A,1.0,50.04313311609124
A,1.0,184.92252304791208
A,1.0,165.48402935988827
A,1.0,182.8371952607663
A,1.0,211.54886642526085
A,1.0,23.82421826778603
A,1.0,64.10398722319033
A,1.0,255.01143629218544
A,1.0,253.1795409715115
A,1.0,152.0276684757191
A,1.0,324.31204706383494
A,1.0,236.2971087749399
A,1.0,172.97554523082255
A,1.0,317.69180695259297
A,1.0,388.5998196936786
A,1.0,124.33485128291186
A,1.0,1000.0
A,1.0,711.4827304138821
A,1.0,127.93399756128699
A,1.0,16.30442510218517
A,1.0,158.21367475716445
A,1.0,178.65143676573396
A,1.0,19.178496294983262
A,1.0,153.2851296733856
A,1.0,111.85458764540155
A,1.0,306.18101369667596
A,1.0,34.11646308414572
A,1.0,57.833072530507344
A,1.0,105.86582311477483
A,1.0,66.90198531760235
A,1.0,488.2392303119439
A,1.0,130.91874696509606
A,1.0,384.69361723137575
A,1.0,136.5880706595214
A,1.0,21.37212671344113
A,1.0,370.2291515875089
A,1.0,53.47342983619689
A,1.0,16.54467098431039
A,1.0,320.0359458602355
A,1.0,685.8988476027243
A,1.0,205.30003398255877
A,1.0,139.3060580940832
A,1.0,119.53410833467233
A,1.0,105.68346016179467
A,1.0,129.40341408273798
A,1.0,127.99349411368547
A,1.0,413.7996624339054
A,1.0,157.84104084328442
A,1.0,83.89999901300506
A,1.0,76.26962290961936
A,1.0,234.08757861704314
A,1.0,269.8704524089546
A,1.0,27.39108701785143
A,1.0,627.8603691644992
A,1.0,433.1136592961154
A,1.0,759.5612854
A,1.0,24.674213205018596
A,1.0,12.852618116165
A,1.0,203.8947442383903
A,1.0,49.77595801258235
A,1.0,123.79035819188643
A,1.0,33.18654062548272
A,1.0,416.08294628461186
A,1.0,60.2727154751691
A,1.0,352.7595336877742
A,1.0,162.25197583903463
A,1.0,107.0337207790141
A,1.0,355.69374491652695
A,1.0,332.6462546707373
A,1.0,58.83943011209952
A,1.0,40.124260603418406
A,1.0,104.23019478276193
A,1.0,71.64214957759683
A,1.0,80.69559446579566
A,1.0,89.22210340893422
A,1.0,296.10729143409117
A,1.0,817.0878445565221
A,1.0,556.0989279230689
A,1.0,1000.0
A,1.0,78.75871435251523
A,1.0,56.6046648499981
A,1.0,61.391244098453356
A,1.0,223.10871853816636
A,1.0,86.92002571855797
A,1.0,22.290817320316517
A,1.0,72.5961090044977
A,1.0,196.67968097620513
A,1.0,212.9398394242388
A,1.0,125.35587417260297
A,1.0,113.97923369828916
A,1.0,69.2695844894375
A,1.0,68.5733447284485
A,1.0,18.900796248860658
A,1.0,366.43990649723173
A,1.0,246.28954741626154
A,1.0,145.58495321911965
A,1.0,113.21073726618435
A,1.0,67.70271521255836
A,1.0,179.15683244156676
A,1.0,556.6833189686029
A,1.0,108.39772151775182
A,1.0,182.71439037818706
A,1.0,120.59501371803621
A,1.0,320.6232908905918
A,1.0,66.21343480387765
A,1.0,33.39107115326332
A,1.0,301.80570177033053
A,1.0,34.27174367911539
A,1.0,113.3359895029517
A,1.0,117.55774271394556
A,1.0,233.70905095402495
A,1.0,20.191151811171757
A,1.0,159.8117470421688
A,1.0,74.20180625885304
A,1.0,120.19311564683522
A,1.0,109.06433534138893
A,1.0,255.02976781862932
A,1.0,10.88253352293868
A,1.0,82.43165805115848
A,1.0,93.99337822933849
A,1.0,508.2105434780151
A,1.0,101.52826766708581
A,1.0,29.45969519935174
A,1.0,36.521157287400285
A,1.0,72.22673033418299
A,1.0,23.099346271571278
A,1.0,46.65478889955788
A,1.0,87.50259626757742
A,1.0,65.35375696617878
A,1.0,94.95385132076069
A,1.0,206.71931782856728
A,1.0,80.93994674250375
A,1.0,681.8349074903482
A,1.0,233.99023533216206
A,1.0,39.098282550834526
A,1.0,54.965577837807096
A,1.0,74.62617752911721
A,1.0,260.820148426095
A,1.0,63.75744163580519
A,1.0,533.0582943093594
A,1.0,113.65742458745486
A,1.0,64.59508379928664
A,1.0,35.42803453849389
A,1.0,168.31776426275002
A,1.0,85.45733714356177
A,1.0,132.54373239407278
A,1.0,265.6864541465422
A,1.0,388.81575837401016
A,1.0,131.57726950230546
A,1.0,167.54996936730367
A,1.0,59.549036831335464
A,1.0,183.95463202374322
A,1.0,187.7370835975051
A,1.0,226.4070784055776
A,1.0,72.6759140905903
A,1.0,91.19718417275375
A,1.0,39.72709046465782
A,1.0,89.6304581891397
A,1.0,256.87207307076915
A,1.0,86.49647878219415
A,1.0,796.8923711773773
A,1.0,84.67049752775337
A,1.0,256.4658829244246
A,1.0,243.87949971045074
A,1.0,100.84409944163053
A,1.0,88.14001879337677
A,1.0,303.8770526919911
A,1.0,170.3596768032416
A,1.0,138.82015406860071
A,1.0,26.867260037545453
A,1.0,27.49346593483564
A,1.0,44.22271888999689
A,1.0,365.9070739363328
A,1.0,46.61377297612405
A,1.0,29.043557876959966
A,1.0,144.50947570115616
A,1.0,245.46599404478485
A,1.0,383.83218767533145
A,1.0,47.81649516070143
A,1.0,45.67372107450215
A,1.0,68.79921950769622
A,1.0,110.985056092729
A,1.0,338.51907192692306
A,1.0,142.6328391496627
A,1.0,73.96510344465572
A,1.0,222.5949335079813
A,1.0,33.992296497373744
A,1.0,95.07201554849719
A,1.0,54.61673906879968
A,1.0,261.9391064126566
A,1.0,198.1052711305992
A,1.0,83.41505157378143
A,1.0,67.31517271218245
A,1.0,17.502663727592914
A,1.0,251.9769395530213
A,1.0,84.88203057222813
A,1.0,89.20299766371343
A,1.0,18.866754215528513
A,1.0,56.84408300289124
A,1.0,80.952626094786
A,1.0,171.89347153417145
A,1.0,243.70834443572554
A,1.0,56.233401320298654
A,1.0,222.42508334305066
A,1.0,47.140378467821385
A,1.0,299.78745492501696
A,1.0,73.18142632185366
A,1.0,116.17536999398
A,1.0,124.02540218917106
A,1.0,349.7962401416956
A,1.0,90.54743106432763
A,1.0,514.9672997586614
A,1.0,39.2990846530218
A,1.0,166.98327606983625
A,1.0,93.13419829793419
A,1.0,147.1709159421644
A,1.0,49.83218857008699
A,1.0,27.728365777690094
A,1.0,131.70342526905623
A,1.0,156.61273912703848
A,1.0,57.33124034214642
A,1.0,74.83141431301247
A,1.0,589.4812603265352
A,1.0,51.627872625668864
A,1.0,20.405929993315883
A,1.0,330.0065314723067
A,1.0,182.56652683822088
A,1.0,109.77805331344304
A,1.0,69.08945714001483
A,1.0,213.9164525051925
A,1.0,163.37717338762616
A,1.0,77.54569937954665
A,1.0,218.7414208522496
A,1.0,264.9232629556498
A,1.0,48.08247837456605
A,1.0,377.3001175485819
A,1.0,143.5809327322822
A,1.0,175.13527180290862
A,1.0,23.38793144686079
A,1.0,67.40848351792404
A,1.0,371.362783768988
A,1.0,260.58976803428027
A,1.0,179.54634848979111
A,1.0,56.50013152625885
A,1.0,1000.0
A,1.0,321.93346684914
A,1.0,155.79274849795368
A,1.0,210.44981461797082
A,1.0,49.2567091902483
A,1.0,144.99806600260652
A,1.0,54.499547795320865
A,1.0,159.80068839814643
A,1.0,18.66761861129392
A,1.0,51.09840639800282
A,1.0,51.54209206341529
A,1.0,59.70805366827898
A,1.0,112.40846446366037
A,1.0,347.84354105034885
A,1.0,165.9089054291639
A,1.0,51.8018340944258
A,1.0,81.49392163363568
A,1.0,159.52182201322213
A,1.0,155.87519370389745
A,1.0,192.27196799369253
A,1.0,234.12859528819413
A,1.0,59.081826773130345
A,1.0,24.829143920369294
A,1.0,36.60798723087216
A,1.0,365.62518049927655
A,1.0,165.88016893732865
A,1.0,82.22822419914715
A,1.0,350.48390920610495
A,1.0,17.68371090501598
A,1.0,53.053922698535544
A,1.0,19.0404956109747
A,1.0,156.442194784706
A,1.0,120.45233983398604
A,1.0,364.0554287672002
A,1.0,355.1840457747373
A,1.0,175.5934163259961
A,1.0,104.82153496916828
A,1.0,68.33629498870603
A,1.0,251.0471860285225
A,1.0,663.434810308277
A,1.0,879.6970499571946
A,1.0,136.70565794381565
A,1.0,8.834071407083874
A,1.0,68.70971055202725
A,1.0,101.56211904453575
A,1.0,204.5311080894016
A,1.0,227.1205643992946
A,1.0,62.684922534504885
A,1.0,33.37345771788519
A,1.0,37.64685622742042
A,1.0,402.52649326396255
A,1.0,69.3333648756086
A,1.0,96.2447093365812
A,1.0,123.22278986951831
A,1.0,426.88101121634503
A,1.0,316.3048898317502
A,1.0,315.29125699554345
A,1.0,130.38296359785318
A,1.0,87.55385169345408
A,1.0,149.71925615688212
A,1.0,215.48570686508222
A,1.0,124.68083315531533
A,1.0,97.06149109770443
A,1.0,229.7171740289869
A,1.0,279.62715308102304
A,1.0,67.06816091805818
A,1.0,122.69111672973273
A,1.0,146.56640713257767
A,1.0,181.66555972936428
A,1.0,103.50079863712389
A,1.0,225.00897805672005
A,1.0,219.51183106991064
A,1.0,166.41566183773966
A,1.0,79.90587567462183
A,1.0,273.73608978792845
A,1.0,36.71939981892617
A,1.0,301.4750186454601
A,1.0,33.885637201776724
A,1.0,81.26220085823363
A,1.0,135.5208483845239
A,1.0,139.6770102232255
A,1.0,79.63471741104193
A,1.0,36.826004430007444
A,1.0,147.9705542430822
A,1.0,534.865572457611
A,1.0,169.13942551735502
A,1.0,40.89940880591715
A,1.0,407.61550487858034
A,1.0,217.9899193327882
A,1.0,34.225446392138004
A,1.0,63.434707270538894
A,1.0,97.99905447619511
A,1.0,102.30677984637815
A,1.0,736.2617107654355
A,1.0,90.49887242221293
A,1.0,79.03966462459884
A,1.0,36.59970801436114
A,1.0,163.44082644998366
A,1.0,230.3166372637105
A,1.0,59.65579452390193
A,1.0,89.74670536612071
A,1.0,345.9792695408291
A,1.0,39.48378667150303
A,1.0,198.15979252242795
A,1.0,50.52604507290031
A,1.0,35.0128919289573
A,1.0,241.18054328400507
A,1.0,52.71811046367242
A,1.0,243.00697344770134
A,1.0,224.2751358216788
A,1.0,169.15174636223463
A,1.0,29.203198806103185
A,1.0,27.2869978361078
A,1.0,84.7647799500738
A,1.0,73.7713856608528
A,1.0,139.0788384524325
A,1.0,214.93104945775815
A,1.0,35.8821437379672
A,1.0,54.29603189468007
A,1.0,245.26163617104118
A,1.0,254.9637621594876
A,1.0,42.01400426148935
A,1.0,177.32057795196675
A,1.0,142.17195347694158
A,1.0,107.98521372791345
A,1.0,45.27416695807929
A,1.0,34.899246270870016
A,1.0,468.8123264732219
A,1.0,54.479087064101876
A,1.0,213.65014511325265
A,1.0,276.26567003507785
A,1.0,17.989653058180366
A,1.0,419.9115851911576
A,1.0,90.42535366833333
A,1.0,119.10554302044656
A,1.0,80.21167456673007
A,1.0,29.869417826367027
A,1.0,203.89027724518482
A,1.0,86.6350129013484
A,1.0,255.47456488115017
A,1.0,44.21587774547532
A,1.0,16.61523118124415
A,1.0,92.81666589519958
A,1.0,25.162063688683098
A,1.0,107.79036863120162
A,1.0,268.54415374129127
A,1.0,142.47024413003444
A,1.0,58.28578023665846
A,1.0,19.631125011445864
A,1.0,106.0422341275325
A,1.0,198.73547221850998
A,1.0,152.32819615969024
A,1.0,160.92293272308103
A,1.0,31.814297785571444
A,1.0,19.522321133740668
A,1.0,108.83777056991427
A,1.0,53.29831407309095
A,1.0,561.0858912827364
A,1.0,28.05250460357541
A,1.0,521.8180278336064
A,1.0,33.85009993779967
A,1.0,89.48572242719531
A,1.0,155.27477125365039
A,1.0,83.5261195753392
A,1.0,206.51781302634055
A,1.0,28.429191600995992
A,1.0,432.4159694741031
A,1.0,118.52885548995548
A,1.0,33.62948406689669
A,1.0,40.51616215687035
A,1.0,660.0920855254343
A,1.0,78.38866749110556
A,1.0,60.306204361688806
A,1.0,244.86623838559322
A,1.0,75.32428926021332
A,1.0,34.567215268365494
A,1.0,36.556280018460306
A,1.0,115.28701443778706
A,1.0,46.34714916856002
A,1.0,6.539729628265284
A,1.0,78.9004962884088
A,1.0,37.098340880037966
A,1.0,398.30998987199257
A,1.0,1000.0
A,1.0,41.40938820300396
A,1.0,87.16884128658573
A,1.0,99.08009268983555
A,1.0,79.33232499508892
A,1.0,108.3750267910474
A,1.0,131.39130977167838
A,1.0,104.55136081434469
A,1.0,59.16953648879586
A,1.0,246.5738199931738
A,1.0,131.77003829773554
A,1.0,327.1597626981923
A,1.0,19.10754976673662
A,1.0,102.19941949536852
A,1.0,189.40314905747948
A,1.0,355.8200996009134
A,1.0,101.94874339839772
A,1.0,175.6946848344238
A,1.0,159.74982195170574
A,1.0,51.05073526574449
A,1.0,70.64952714414773
A,1.0,93.76944205730634
A,1.0,35.569314836012644
A,1.0,5.529418730882013
A,1.0,230.18897335561516
A,1.0,191.57031207984417
A,1.0,216.07097100283008
A,1.0,238.36886092874798
A,1.0,218.979479086893
A,1.0,121.34010145634987
A,1.0,208.3218393127083
A,1.0,123.81129980559555
A,1.0,142.94301147852354
A,1.0,99.42063958312411
A,1.0,53.2102620519816
A,1.0,76.95075416843389
A,1.0,238.15060678287313
A,1.0,31.221673277991677
A,1.0,17.24996185534504
A,1.0,43.454976985106136
A,1.0,29.91892902011896
A,1.0,161.70996218057104
A,1.0,109.57502001829317
A,1.0,51.34204252698331
A,1.0,107.35960171049823
A,1.0,14.535891480709475
A,1.0,33.47038751730446
A,1.0,87.1851281242262
A,1.0,79.14781112813422
A,1.0,180.14538078274916
A,1.0,31.13509449973938
A,1.0,28.48444690718658
A,1.0,26.784923945849687
A,1.0,214.73110985287101
A,1.0,43.482862920161985
A,1.0,503.19333030864965
A,1.0,67.90190144165898
A,1.0,68.99008479566766
A,1.0,56.81350742690612
A,1.0,167.57474825818787
A,1.0,30.785559962096233
A,1.0,1000.0
A,1.0,463.5769955474558
A,1.0,68.0417970611408
A,1.0,279.338144128692
A,1.0,702.5383325751319
A,1.0,38.58677097256804
A,1.0,33.9796724031253
A,1.0,360.62831712671095
A,1.0,58.1428610215817
A,1.0,323.78278062978666
A,1.0,58.296272137269696
A,1.0,346.02213896046317
A,1.0,39.21502679837788
A,1.0,740.6968685183674
A,1.0,148.5890595786423
A,1.0,188.13133454714387
A,1.0,227.9927074670202
A,1.0,130.4932746033432
A,1.0,158.7935679124255
A,1.0,217.0239355771381
A,1.0,148.15624180521854
A,1.0,83.62438093001283
A,1.0,268.2902675278811
A,1.0,431.931345141127
A,1.0,137.8107008143541
A,1.0,393.0468044257664
A,1.0,261.3062771679905
A,1.0,161.61259274779997
A,1.0,68.25602685791588
A,1.0,47.510082112491844
A,1.0,37.43990657286526
A,1.0,125.62338987756307
A,1.0,93.7939039869618
A,1.0,80.18411441953018
A,1.0,82.62759688039654
A,1.0,38.66209457656718
A,1.0,179.81956408847137
A,1.0,29.768647966621707
A,1.0,110.4058169990296
A,1.0,240.6783233574683
A,1.0,72.17231591621042
A,1.0,69.6599674670258
A,1.0,1000.0
A,1.0,34.90187014108511
A,1.0,183.7957428525096
A,1.0,49.55357795791583
A,1.0,27.227528709793827
A,1.0,13.801808088664734
A,1.0,122.92091135114144
A,1.0,68.06919522525946
A,1.0,122.41998544788932
A,1.0,29.12685536787364
A,1.0,65.03691947310676
A,1.0,71.74726680038553
A,1.0,157.36671238471112
A,1.0,507.4122605673563
A,1.0,245.17835934483654
A,1.0,146.56613612931585
A,1.0,168.29062962258806
A,1.0,199.7186420730431
A,1.0,196.6475648335353
A,1.0,51.16660259785865
A,1.0,279.94380731580117
A,1.0,422.05963882356224
A,1.0,66.7173390222524
A,1.0,46.68087351766672
A,1.0,122.70909068178547
A,1.0,89.15421991113153
A,1.0,112.15766770890431
A,1.0,45.91705756492158
A,1.0,24.11576789538477
A,1.0,29.219616414608904
A,1.0,294.53681121264714
A,1.0,211.0242626724457
A,1.0,134.19879116685615
A,1.0,91.6208343328281
A,1.0,107.15079758606423
A,1.0,141.25309532967174
A,1.0,140.21918815454052
A,1.0,166.1600788276929
A,1.0,122.15901015521688
A,1.0,105.02495313517142
A,1.0,370.00895043605254
A,1.0,490.4972994318768
A,1.0,353.72285539825697
A,1.0,234.80381042113942
A,1.0,40.92403137508412
A,1.0,32.43788339884292
A,1.0,269.8376058643378
A,1.0,35.21942861553514
A,1.0,34.77812607520295
A,1.0,247.33597131149733
A,1.0,612.2126089073325
A,1.0,324.9298910705894
A,1.0,165.55342827568126
A,1.0,631.9153422235592
A,1.0,19.025782503201594
A,1.0,113.60224166765911
A,1.0,856.9950839708944
A,1.0,52.882657146483766
A,1.0,36.84415894605212
A,1.0,12.134132454404865
A,1.0,521.5422856001775
A,1.0,109.80094650484502
A,1.0,195.43952729023187
A,1.0,79.35361575479403
A,1.0,86.58215293693111
A,1.0,1000.0
A,1.0,129.47522661327346
A,1.0,228.28138008790742
A,1.0,129.84605411331205
A,1.0,123.11468792165256
A,1.0,277.9977504971775
A,1.0,121.25576956920472
A,1.0,26.349874458834392
A,1.0,96.3835584826246
A,1.0,69.49108427785237
A,1.0,35.73746835028749
A,1.0,21.423944668392963
A,1.0,53.21980866782764
A,1.0,262.5070068583613
A,1.0,72.6526260662263
A,1.0,39.612609027973484
A,1.0,143.09109108292154
A,1.0,47.814025772746085
A,1.0,60.2056086074882
A,1.0,40.22232285739246
A,1.0,49.25454161871667
A,1.0,176.28555915740142
A,1.0,151.1074032847944
A,1.0,118.11471461677101
A,1.0,56.54007238678649
A,1.0,199.28946687347357
A,1.0,72.6041671106206
A,1.0,28.86008674895058
A,1.0,103.666602071774
A,1.0,174.09693388063246
A,1.0,67.30228946329885
A,1.0,84.65392812214732
A,1.0,82.43005145476221
A,1.0,179.43796610437582
A,1.0,50.9605415209009
A,1.0,280.8608972623344
A,1.0,91.93330579497729
A,1.0,83.08159523729638
A,1.0,63.73883251755519
A,1.0,137.5115000336854
A,1.0,91.85165731942132
A,1.0,115.04358560326938
A,1.0,62.31899737810304
A,1.0,79.73003514275757
A,1.0,78.46987880691864
A,1.0,90.6081962255306
A,1.0,283.35400219250135
A,1.0,119.0909457876469
A,1.0,25.416520994151448
A,1.0,61.395684064646076
A,1.0,61.06582933231588
A,1.0,574.7578339821822
A,1.0,96.92647089660075
A,1.0,116.41718730907738
A,1.0,56.464357776638415
A,1.0,63.496294098462364
A,1.0,39.42704771551371
A,1.0,184.3051960145517
A,1.0,12.021305256804787
A,1.0,334.36440546409597
A,1.0,8.922232351362814
A,1.0,274.51367868847586
A,1.0,85.04623276611936
A,1.0,282.33050427605696
A,1.0,54.743031982680286
A,1.0,32.78246723885872
A,1.0,59.784232647448036
A,1.0,58.36377314662538
A,1.0,41.060092935413486
A,1.0,192.94686610113035
A,1.0,156.6944515097723
A,1.0,109.07930611100461
A,1.0,115.31346971114036
A,1.0,500.6271816939853
A,1.0,190.49491912665508
A,1.0,119.50308841717587
A,1.0,73.01486881601429
A,1.0,397.1798632364994
A,1.0,155.6417372184395
A,1.0,131.7851543115131
A,1.0,52.70336106482416
A,1.0,41.78412932912203
A,1.0,45.712524959307814
A,1.0,213.22918746528478
A,1.0,80.69339289460324
A,1.0,103.6770673421742
A,1.0,131.92352493634186
A,1.0,173.46691038806344
A,1.0,44.010719238013166
A,1.0,32.0027300717702
A,1.0,89.95583128493614
A,1.0,59.66640637658238
A,1.0,153.60326588983708
A,1.0,48.13610077549188
A,1.0,89.45267912162583
A,1.0,119.82228169254792
A,1.0,169.29104703975145
A,1.0,23.02426266820041
A,1.0,214.87908764968859
A,1.0,235.86393892781146
A,1.0,78.01227493725092
A,1.0,19.08146490006458
A,1.0,408.891976606838
A,1.0,396.2061853467342
A,1.0,135.67144456570813
A,1.0,307.50012145246086
A,1.0,107.32179764189968
A,1.0,77.69490804166055
A,1.0,357.40321829398664
A,1.0,171.16310460838858
A,1.0,51.65922713928471
A,1.0,123.97521666506367
A,1.0,49.84051480379636
A,1.0,83.19753448229142
A,1.0,189.11753250204126
A,1.0,35.857088743810976
A,1.0,369.99190221688605
A,1.0,605.408298564549
A,1.0,24.4310999328887
A,1.0,32.23661609975948
A,1.0,789.2356844775037
A,1.0,38.754537527687184
A,1.0,263.01767416966106
A,1.0,364.27961798427475
A,1.0,79.03398879479697
A,1.0,7.274551018013864
A,1.0,128.89936778916825
A,1.0,73.97204226808059
A,1.0,34.51673817878556
A,1.0,23.95972963950849
A,1.0,89.69728363452732
A,1.0,27.01306032420173
A,1.0,1000.0
A,1.0,101.94379220468564
A,1.0,128.52102562250295
A,1.0,108.68656547070081
A,1.0,223.27681551060772
A,1.0,100.00261666478646
A,1.0,109.6060451115978
A,1.0,111.68120987535809
A,1.0,326.5283204230507
A,1.0,74.63482932823572
A,1.0,53.37008570455681
A,1.0,25.455676653905154
A,1.0,25.15206435489975
A,1.0,59.89891538531679
A,1.0,37.63367382694161
A,1.0,106.93327873149458
A,1.0,185.3451217888166
A,1.0,136.32853249806215
A,1.0,63.813858738346845
A,1.0,211.0355177702286
A,1.0,102.43430355950031
A,1.0,28.412907117522128
A,1.0,71.02968072972361
A,1.0,98.97124532297653
A,1.0,223.2649555728829
A,1.0,90.46273789766151
A,1.0,170.99565221294245
A,1.0,101.81522740410811
A,1.0,166.0726554050698
A,1.0,151.12258997536705
A,1.0,191.71579105459045
A,1.0,229.19699257677294
A,1.0,458.9518011485198
A,1.0,182.5103804309067
A,1.0,173.591144081357
A,1.0,70.16246411564245
A,1.0,74.3144584061296
A,1.0,87.45363425442969
A,1.0,148.20499215325393
A,1.0,135.52776252945813
A,1.0,165.803873221712
A,1.0,158.29006415261887
A,1.0,160.54331031857143
A,1.0,82.61432540369584
A,1.0,34.683579316595306
A,1.0,307.26264738266246
A,1.0,102.55712826598487
A,1.0,130.50367342787834
A,1.0,54.913458342441764
A,1.0,30.67893898517203
A,1.0,39.6572655067798
A,1.0,173.66091931920263
A,1.0,195.04636246716143
A,1.0,58.89003374994129
A,1.0,198.48869201747618
A,1.0,88.92149972217473
A,1.0,257.97746556633007
A,1.0,21.841080673986742
A,1.0,172.62557345724264
A,1.0,127.45082989480095
A,1.0,190.93930982460455
A,1.0,29.439909695525923
A,1.0,413.2582403734853
A,1.0,74.66718602647924
A,1.0,73.56917956824269
A,1.0,149.24627928277457
A,1.0,181.26295022898154
A,1.0,63.561713895679816
A,1.0,276.6408660172512
A,1.0,149.61974363999929
A,1.0,74.91161503214353
A,1.0,149.6969938781453
A,1.0,362.6601534888071
A,1.0,57.43696644915918
A,1.0,361.07662412356035
A,1.0,193.92395040978928
A,1.0,46.72756206102541
A,1.0,125.14719106274796
A,1.0,207.54412749359832
A,1.0,236.24555849929274
A,1.0,129.62582786221094
A,1.0,15.182406588445632
A,1.0,10.055338230890053
A,1.0,211.25101804720015
A,1.0,30.488041758287878
A,1.0,316.4274138243353
A,1.0,123.64588139291979
A,1.0,56.296869761369315
A,1.0,87.45238202030225
A,1.0,203.70441412759106
A,1.0,34.10557084404593
A,1.0,100.41082821536729
A,1.0,109.10491655071067
A,1.0,8.53912858230136
A,1.0,481.3981009688776
A,1.0,301.7620059692031
A,1.0,87.45005914964517
A,1.0,120.87893407487267
A,1.0,49.33623339689013
A,1.0,171.40286782216023
A,1.0,184.0631780994238
A,1.0,86.96379262762169
A,1.0,132.14045385393447
A,1.0,41.257724439300304
A,1.0,128.27492691724032
A,1.0,558.8647941144944
A,1.0,213.36120872082418
A,1.0,75.52747114265652
A,1.0,61.01574579923741
A,1.0,233.01482699534586
A,1.0,40.8076658347374
A,1.0,54.69201681151347
A,1.0,36.98944372803651
A,1.0,236.14132814411136
A,1.0,112.78960542450949
A,1.0,38.13548678248274
A,1.0,48.888519330669844
A,1.0,46.18285245724267
A,1.0,460.7493095334746
A,1.0,160.40443402888366
A,1.0,64.40942044366037
A,1.0,89.6922512609112
A,1.0,129.06535402365472
A,1.0,19.085788342852915
A,1.0,60.45041166437489
A,1.0,199.3209984261686
A,1.0,39.96263398751414
A,1.0,32.79310429571083
A,1.0,41.77636907250723
A,1.0,93.59739385283623
A,1.0,162.28602718267985
A,1.0,79.21013798369178
A,1.0,32.7672270617374
A,1.0,355.2792601473942
A,1.0,715.0622421094012
A,1.0,58.35328459198503
A,1.0,90.28090769380077
A,1.0,175.30480689322167
A,1.0,158.0103346737461
A,1.0,10.565854620978286
A,1.0,7.123548148835862
A,1.0,275.75962894705566
A,1.0,134.22399091309896
A,1.0,193.0873771358181
A,1.0,73.22805309906707
A,1.0,17.598544722257977
A,1.0,131.9509262744179
A,1.0,53.313921848994674
A,1.0,89.95627176116612
A,1.0,246.8556869261923
A,1.0,52.313685402707726
A,1.0,12.023792440436065
A,1.0,343.87218346931706
A,1.0,48.464968833502446
A,1.0,225.93543818793665
A,1.0,43.643647900112576
A,1.0,52.91974833202589
A,1.0,88.93374111002409
A,1.0,143.8286194955473
A,1.0,203.07983893207555
A,1.0,440.8884693369438
A,1.0,214.63801156892768
A,1.0,135.27754764264535
A,1.0,21.3409715738851
A,1.0,90.12681856957711
A,1.0,127.48988881868168
A,1.0,92.64333271332022
A,1.0,196.58753952125252
A,1.0,34.32769736082837
A,1.0,250.37436310757997
A,1.0,34.61801353739776
A,1.0,217.7998176238799
A,1.0,71.23399097363814
A,1.0,614.0042732538694
A,1.0,124.39168692991652
A,1.0,211.27288388190783
A,1.0,388.8775158534977
A,1.0,101.66003174253449
A,1.0,97.33097938427704
A,1.0,65.01783478956423
A,1.0,37.7751564898383
A,1.0,110.50851258292154
A,1.0,288.2828572574821
A,1.0,158.23077711212812
A,1.0,52.473178305233965
A,1.0,180.81350468387507
A,1.0,45.35455306096128
A,1.0,68.14815712935601
A,1.0,173.45409214061365
A,1.0,123.09605207769339
A,1.0,128.48866312186962
A,1.0,292.31228305746987
A,1.0,32.59696122442379
A,1.0,443.13862199473624
A,1.0,90.51006504772401
A,1.0,76.55971820772685
A,1.0,70.8842283411929
A,1.0,80.45389853623925
A,1.0,186.69538143704762
A,1.0,22.974103523031186
A,1.0,64.66165313274628
A,1.0,158.50040033798615
A,1.0,133.49079165254116
A,1.0,151.4512457481133
A,1.0,119.90444198914997
A,1.0,70.66771002702002
A,1.0,86.9488456455328
A,1.0,100.75226896834005
A,1.0,183.7198523781358
A,1.0,91.4205223446397
A,1.0,328.0284875532444
A,1.0,175.9607108576638
A,1.0,124.56162563878655
A,1.0,113.63458482691395
A,1.0,32.94740902271046
A,1.0,201.75667250626663
A,1.0,68.46048234567205
A,1.0,141.82285160475436
A,1.0,493.23285670695293
A,1.0,127.62035505339065
A,1.0,77.44999704840637
A,1.0,149.1221008690958
A,1.0,138.16939488926067
A,1.0,63.48673351323768
A,1.0,623.0193021428026
A,1.0,69.27059644580176
A,1.0,30.944465228488067
A,1.0,114.23217818910796
A,1.0,195.12100129617255
A,1.0,170.8498859603201
A,1.0,398.68221415991604
A,1.0,229.15370265051516
A,1.0,253.14121020811942
A,1.0,94.68478354906654
A,1.0,121.8078628643539
A,1.0,185.25489247013056
A,1.0,136.0002831792636
A,1.0,101.10027808873807
A,1.0,65.74914887671508
A,1.0,100.48087145109575
A,1.0,165.06032180248698
A,1.0,165.02740845815822
A,1.0,82.93109826803956
A,1.0,37.85488844038455
A,1.0,119.87117916417805
A,1.0,122.2411563325047
A,1.0,80.32745399834211
A,1.0,94.1716980303132
A,1.0,57.922528954237386
A,1.0,308.7744612075181
A,1.0,49.82441773683375
A,1.0,130.563002844182
A,1.0,23.52815048165821
A,1.0,404.422452076834
A,1.0,222.02006175170342
A,1.0,233.0449406368487
A,1.0,277.35729637705026
A,1.0,19.115721957176685
A,1.0,115.74143325370844
A,1.0,211.26236638039268
A,1.0,502.6571930698345
A,1.0,128.6029337594897
A,1.0,87.68689658341349
A,1.0,56.12248815102303
A,1.0,38.194325508434744
A,1.0,104.85495131877661
A,1.0,239.53965128067523
A,1.0,132.94183382387675
A,1.0,188.29899821386672
A,1.0,403.6129065441112
A,1.0,25.792043283543688
A,1.0,135.14318322212387
A,1.0,61.53899851983462
A,1.0,98.15340731664652
A,1.0,10.390908657658555
A,1.0,55.36915553965282
A,1.0,124.9996129079941
A,1.0,362.1832154998211
A,1.0,56.67143424626583
A,1.0,22.444284562532726
A,1.0,311.3717247416031
A,1.0,146.11283771552172
A,1.0,56.71977257140796
A,1.0,282.02511943350726
A,1.0,74.69422427384853
A,1.0,269.7962080754762
A,1.0,494.2860439571598
A,1.0,23.533492391641317
A,1.0,117.01258423142711
A,1.0,325.4325923535812
A,1.0,308.78039223746083
A,1.0,121.45150444924019
A,1.0,77.36598698335997
A,1.0,154.176096677773
A,1.0,96.40240627691952
A,1.0,170.89411218735182
A,1.0,49.79877549630214
A,1.0,48.95614694456566
A,1.0,575.7327044763264
A,1.0,108.1004611002538
A,1.0,110.50731858353114
A,1.0,390.48017748984455
A,1.0,138.58934353745303
A,1.0,377.3983972289714
A,1.0,157.82558872537186
A,1.0,68.38745555484935
A,1.0,56.99061050229176
A,1.0,76.20030540127479
A,1.0,59.197800190007754
A,1.0,57.95978299745625
A,1.0,554.5322908117136
A,1.0,34.62158991616535
A,1.0,162.66242582621462
A,1.0,21.6713752748449
A,1.0,90.81096765323842
A,1.0,79.95068374915788
A,1.0,547.4732757629198
A,1.0,378.68800743228496
A,1.0,40.708323363289885
A,1.0,55.63086299881655
A,1.0,20.14216594251746
A,1.0,67.47193217331002
A,1.0,178.1648307383309
A,1.0,52.99941597752448
A,1.0,34.17808912855784
A,1.0,110.41364293253291
A,1.0,170.01030357579646
A,1.0,155.47569775245364
A,1.0,96.97861313659534
A,1.0,27.654129738975133
A,1.0,140.32078384927607
A,1.0,93.87265377735434
A,1.0,61.03959867701259
A,1.0,903.5083295401441
A,1.0,64.40315459358618
A,1.0,484.37565518664354
A,1.0,42.99039596424102
A,1.0,274.42085983880565
A,1.0,22.5651773122584
A,1.0,99.50561666721265
A,1.0,118.41550474580606
A,1.0,453.86400579460764
A,1.0,45.22932094507865
A,1.0,169.1436252071944
A,1.0,9.10914037887558
A,1.0,145.5893673187559
A,1.0,19.53736716961852
A,1.0,34.2316024869797
A,1.0,76.95635419153727
A,1.0,76.02607225781122
A,1.0,54.54388083211053
A,1.0,10.824702435630597
A,1.0,22.18775651560579
A,1.0,59.980778585248515
A,1.0,32.773306144994876
A,1.0,29.862488330206936
A,1.0,37.15843857465679
A,1.0,147.99811797516446
A,1.0,170.78269503488264
A,1.0,14.960010830355
A,1.0,186.29093460189264
A,1.0,121.2870465530356
A,1.0,100.98981663848616
A,1.0,251.32898506669628
A,1.0,33.17234769368102
A,1.0,44.6924579912941
A,1.0,25.957755050786414
A,1.0,152.02988362746248
A,1.0,352.23956312684624
A,1.0,82.6157215551103
A,1.0,439.8077043596655
A,1.0,118.32104573654215
A,1.0,63.76949688306111
A,1.0,29.341129084451758
A,1.0,665.5043046318235
A,1.0,184.358417000314
A,1.0,42.92683514236869
A,1.0,95.12384746333016
A,1.0,137.92317744773572
A,1.0,87.97593283537078
A,1.0,117.1549900457475
A,1.0,26.24721040157655
A,1.0,38.17328658394115
A,1.0,215.12545310731386
A,1.0,20.61471794491916
A,1.0,34.93667455662406
A,1.0,157.754584732883
A,1.0,57.53250340200256
A,1.0,121.05397218948002
A,1.0,555.4744105031517
A,1.0,69.46056603969396
A,1.0,81.74740050834183
A,1.0,215.89046821373026
A,1.0,291.9329504863203
A,1.0,328.4110043456147
A,1.0,67.72206664791135
A,1.0,48.35914990954319
A,1.0,193.84986493466724
A,1.0,444.91611004516244
A,1.0,17.966686130629185
A,1.0,86.43151980845566
A,1.0,83.64567190385702
A,1.0,191.0109823603987
A,1.0,97.60401283694155
A,1.0,39.060760434625564
A,1.0,291.0166015627007
A,1.0,73.51944622770847
A,1.0,67.6543317272407
A,1.0,34.369783364000305
A,1.0,214.88791584897547
A,1.0,140.98325926000035
A,1.0,30.619768070185586
A,1.0,73.23793855941939
A,1.0,28.31494649652874
A,1.0,42.95529336751613
A,1.0,139.68808797341137
A,1.0,75.70163079744702
A,1.0,304.85348976622726
A,1.0,39.46866722898031
A,1.0,46.45852639929182
A,1.0,8.582244262423513
A,1.0,349.17399948223215
A,1.0,51.20647688988825
A,1.0,69.12449730430014
A,1.0,57.34260783664541
A,1.0,83.98744992817417
A,1.0,126.80310678443587
A,1.0,649.1956697665443
A,1.0,50.51236246499389
A,1.0,58.6936839117532
A,1.0,49.87234341457348
A,1.0,28.955497176541666
A,1.0,29.755912379505713
A,1.0,73.19546045841803
A,1.0,93.33963363386039
A,1.0,240.5092925138161
A,1.0,282.29531776101265
A,1.0,69.64122721184037
A,1.0,40.638459309440364
A,1.0,125.56147638540655
A,1.0,34.39757175231215
A,1.0,40.60204748317494
A,1.0,115.10582772262262
A,1.0,154.13054263961214
A,1.0,737.9989991719339
A,1.0,100.91078640986987
A,1.0,210.54986665396126
A,1.0,9.460748077273223
A,1.0,233.7018611414397
A,1.0,57.58165416282378
A,1.0,550.0846580774199
A,1.0,85.01404219007074
A,1.0,32.4753759424528
A,1.0,525.5860694868018
A,1.0,63.72082740986746
A,1.0,25.634468592512373
A,1.0,66.63258666005815
A,1.0,216.18755468033805
A,1.0,104.24198735621252
A,1.0,87.68616249515959
A,1.0,71.7730674882923
A,1.0,186.42686375522044
A,1.0,36.516686139748565
A,1.0,5.36686256583054
A,1.0,83.53052291259006
A,1.0,88.61126596828183
A,1.0,303.5909301595501
A,1.0,191.88482356911635
A,1.0,44.20340562409082
A,1.0,219.6264648224488
A,1.0,526.5332568849426
A,1.0,163.20110858917442
A,1.0,81.69704626177655
A,1.0,178.77412128563526
A,1.0,84.75454928870013
A,1.0,82.30482093448977
A,1.0,89.10479885489654
A,1.0,117.15851741392322
A,1.0,57.42456927112027
A,1.0,50.781868828040366
A,1.0,142.05498611570556
A,1.0,32.011014610571
A,1.0,84.14240267568533
A,1.0,51.329165079308666
A,1.0,185.59446525360332
A,1.0,238.9947466813755
A,1.0,28.52378393251082
A,1.0,132.59004157756854
A,1.0,148.57481815734036
A,1.0,25.090133553212176
A,1.0,181.17259316605475
A,1.0,399.0719646013018
A,1.0,85.00233166289324
A,1.0,111.36674261550671
A,1.0,24.719229632998246
A,1.0,30.33442985563319
A,1.0,306.8546097341932
A,1.0,71.21277321195184
A,1.0,85.43874366255424
A,1.0,80.04762650739356
A,1.0,95.86198161940443
A,1.0,66.78682544163638
A,1.0,16.57940051493095
A,1.0,43.171710707043154
A,1.0,226.40936369251833
A,1.0,76.71700268014376
A,1.0,54.85081925798105
A,1.0,123.36036334815564
A,1.0,90.86835361251455
A,1.0,69.21209911363403
A,1.0,379.2532052883749
A,1.0,53.38651576226551
A,1.0,49.89422617148064
A,1.0,49.16575139867664
A,1.0,21.205315988838866
A,1.0,795.3800089665292
A,1.0,13.926455246309438
A,1.0,196.72297025574946
A,1.0,60.03154783081302
A,1.0,173.0421758411182
A,1.0,93.20870695295177
A,1.0,111.78432247001791
A,1.0,34.8847233338943
A,1.0,160.05269601330576
A,1.0,124.63391218578461
A,1.0,151.45956771138512
A,1.0,143.71571835598115
A,1.0,57.330498166291115
A,1.0,109.87501378784609
A,1.0,469.1361284221771
A,1.0,327.4645332669651
A,1.0,81.21719207289156
A,1.0,45.17340030467715
A,1.0,155.41394312379566
A,1.0,47.8902494861917
A,1.0,46.13754963400599
A,1.0,302.31019176828136
A,1.0,47.5785086698564
A,1.0,92.51200651995417
A,1.0,4.322721570561898
A,1.0,42.37418596039952
A,1.0,167.1641310239142
A,1.0,260.2559818536456
A,1.0,51.21982414605235
A,1.0,232.77956158725388
A,1.0,94.57027156616452
A,1.0,115.5691703479642
A,1.0,116.12977462368019
A,1.0,113.82846599514637
A,1.0,93.2710922795678
A,1.0,136.4204773437038
A,1.0,181.61185834578686
A,1.0,92.36281653585836
A,1.0,134.66362178818173
A,1.0,25.011068478543212
A,1.0,307.4839075951556
A,1.0,168.16337639039307
A,1.0,324.01117572604323
A,1.0,233.48395162791775
A,1.0,35.995477384576304
A,1.0,152.22020224834515
A,1.0,59.954395007641544
A,1.0,147.44945789579242
A,1.0,64.03262996913085
A,1.0,180.50702859368067
A,1.0,103.20919253786148
A,1.0,39.1542296640145
A,1.0,466.4482253956177
A,1.0,23.39796798446107
A,1.0,72.87513913346582
A,1.0,17.06226114087583
A,1.0,147.64270320171818
A,1.0,117.0346603771124
A,1.0,30.883251644900756
A,1.0,31.02713248076785
A,1.0,53.07554490240201
A,1.0,130.08626855969578
A,1.0,50.59031051699431
A,1.0,118.91622433702052
A,1.0,159.74478327003672
A,1.0,38.61481998016057
A,1.0,80.5627639471711
A,1.0,43.72035124740568
A,1.0,28.737479996242058
A,1.0,40.62271823331501
A,1.0,120.0053517439267
A,1.0,184.4143205523315
A,1.0,16.30099018351801
A,1.0,127.16908382742383
A,1.0,87.44271806498146
A,1.0,70.96255111255094
A,1.0,88.09893707127513
A,1.0,175.94697879645338
A,1.0,46.23418246509703
A,1.0,150.87209579261395
A,1.0,178.1204828150239
A,1.0,54.267123934371945
A,1.0,325.3254953155632
A,1.0,41.63216592072284
A,1.0,141.17593562658618
A,1.0,60.48264744178657
A,1.0,225.16790272559817
A,1.0,206.650903126757
A,1.0,646.2942949171577
A,1.0,202.21626059018388
A,1.0,564.7051159954742
A,1.0,56.70723094430254
A,1.0,71.85649399240503
A,1.0,95.33351082100197
A,1.0,79.66243372867187
A,1.0,58.64561548552195
A,1.0,203.04216797864336
A,1.0,127.59689713799017
A,1.0,491.0907936379887
A,1.0,305.0369531270759
A,1.0,106.46617738044982
A,1.0,72.76095019140725
A,1.0,198.3916267596257
A,1.0,21.829342497504992
A,1.0,61.22698085216834
A,1.0,281.0999915585094
A,1.0,79.14592306290916
A,1.0,216.90641535572178
A,1.0,92.76100969337138
A,1.0,72.9053348215355
A,1.0,98.55189270751202
A,1.0,12.035508924579355
A,1.0,43.47565692161199
A,1.0,26.388024016447993
A,1.0,41.93941471211616
A,1.0,303.2930073862044
A,1.0,163.01639352381224
A,1.0,42.007647191747594
A,1.0,39.722379786110764
A,1.0,95.30838288889225
A,1.0,631.9407570220394
A,1.0,40.074641674772586
A,1.0,46.17915127465217
A,1.0,156.05642763021066
A,1.0,181.9898439329051
A,1.0,25.92297528373076
A,1.0,41.568130050899164
A,1.0,106.49465833295275
A,1.0,118.26084468111418
A,1.0,13.212612697607618
A,1.0,107.84670164416524
A,1.0,94.91699598105936
A,1.0,38.50043558007481
A,1.0,21.27916256516131
A,1.0,73.6234170864598
A,1.0,177.56292085980834
A,1.0,188.77117115133336
A,1.0,80.59212814893655
A,1.0,169.17737026520368
A,1.0,117.5704464701899
A,1.0,89.45831186317388
A,1.0,197.68951275852348
A,1.0,35.770705953421576
A,1.0,222.8260903324066
A,1.0,117.21925459808668
A,1.0,154.4828786807018
A,1.0,59.665558437212795
A,1.0,39.556697429589256
A,1.0,132.73376563204346
A,1.0,59.65594998122939
A,1.0,236.40700703577645
A,1.0,90.86244690561502
A,1.0,94.23904736963203
A,1.0,64.16383678031903
A,1.0,30.62365067623006
A,1.0,8.527049055524962
A,1.0,100.51294670806936
A,1.0,18.004471379402098
A,1.0,80.05374397263431
A,1.0,129.34622534757108
A,1.0,43.78882120375963
A,1.0,56.837956556647825
A,1.0,83.1859569906683
A,1.0,43.642195307670214
A,1.0,69.43482592757383
A,1.0,135.97691533385833
A,1.0,273.16737696202927
A,1.0,26.38428498350705
A,1.0,253.1605710029923
A,1.0,45.847701527043334
A,1.0,53.087168425727306
A,1.0,112.90049253474231
A,1.0,162.92427489545105
A,1.0,147.59469046714162
A,1.0,139.5488855509214
A,1.0,75.39752103853802
A,1.0,59.51992091276251
A,1.0,45.6145973497494
A,1.0,232.15399780181923
A,1.0,394.8466821970664
A,1.0,351.87379057873164
A,1.0,72.92534036167993
A,1.0,27.410734946568798
A,1.0,52.31831379120279
A,1.0,69.51615585446748
A,1.0,89.16126447110678
A,1.0,164.42828000030065
A,1.0,197.50630333672976
A,1.0,167.0783675350059
A,1.0,78.64000467367282
A,1.0,50.50336520381435
A,1.0,120.3963176268348
A,1.0,150.2241556481709
A,1.0,21.17099130264819
A,1.0,162.23319741043971
A,1.0,202.77835551331614
A,1.0,161.0908463200723
A,1.0,83.92897064243813
A,1.0,134.0779245175454
A,1.0,168.8614410045657
A,1.0,123.76424428498042
A,1.0,45.2733779052677
A,1.0,144.63044230970775
A,1.0,4.369083166437409
A,1.0,116.32893293990905
A,1.0,70.80042419967013
A,1.0,43.619658642881596
A,1.0,5.660587330264864
A,1.0,70.75714418427745
A,1.0,120.11127441235232
A,1.0,134.0482320043166
A,1.0,289.3498489579433
A,1.0,89.19956038297178
A,1.0,98.39568537036511
A,1.0,57.802176776820005
A,1.0,22.52135052703355
A,1.0,29.81627458765212
A,1.0,558.5695464047329
A,1.0,287.99348561557105
A,1.0,111.41149274484745
A,1.0,27.556524597977972
A,1.0,232.6635197650961
A,1.0,95.90850123359427
A,1.0,72.24947467766776
A,1.0,154.9052759232369
A,1.0,75.10621031074758
A,1.0,23.636129399945148
A,1.0,60.82369378308651
A,1.0,293.60470117708746
A,1.0,22.62065943352943
A,1.0,70.24638214348106
A,1.0,130.52082518181192
A,1.0,427.3024274676305
A,1.0,9.327736434812902
A,1.0,234.33971386170043
A,1.0,77.713501390685
A,1.0,563.9479919016695
A,1.0,71.13007415989868
A,1.0,63.18774419964589
A,1.0,52.462831946704405
A,1.0,29.374437330027025
A,1.0,88.75640559245626
A,1.0,202.14735315644535
A,1.0,64.72491382771835
A,1.0,218.19518329536643
A,1.0,244.87555883620757
A,1.0,92.03395544978916
A,1.0,535.3096664010636
A,1.0,137.65136910371544
A,1.0,327.44524676251837
A,1.0,75.788626958081
A,1.0,187.12024811821675
A,1.0,137.93001414703187
A,1.0,75.60842936144614
A,1.0,121.81901371470693
A,1.0,465.74826075268
A,1.0,147.80183701934217
A,1.0,85.82268395797622
A,1.0,24.85114845640068
A,1.0,134.37208879871787
A,1.0,74.57143540867358
A,1.0,52.29410068712333
A,1.0,135.00840478442615
A,1.0,126.29124754423655
A,1.0,12.1040740926967
A,1.0,107.73239558432073
A,1.0,14.957370345967307
A,1.0,50.794786196848925
A,1.0,56.09120064776954
A,1.0,288.23599973783604
A,1.0,313.4680635815178
A,1.0,66.20236919699964
A,1.0,153.23851262806832
A,1.0,163.13089534661037
A,1.0,122.7242045993132
A,1.0,172.00454461356753
A,1.0,36.06102545011593
A,1.0,339.6772598230059
A,1.0,51.0292334994317
A,1.0,69.0266380296066
A,1.0,20.311414107172357
A,1.0,14.828991826946192
A,1.0,281.11288911226876
A,1.0,83.14270958618911
A,1.0,145.2951824594208
A,1.0,59.410217556553214
A,1.0,89.84337116876124
A,1.0,31.338774954821353
A,1.0,77.48768009845155
A,1.0,439.4058852992123
A,1.0,33.35258622661123
A,1.0,107.40765863951225
A,1.0,17.840995074237203
A,1.0,258.63157913755737
A,1.0,109.65209318731971
A,1.0,186.00182175598155
A,1.0,414.324932571122
A,1.0,139.9794389900175
A,1.0,176.5561798984311
A,1.0,285.1129359693153
A,1.0,89.11334952219389
A,1.0,78.22036284147785
A,1.0,243.3039063602998
A,1.0,30.943142848152178
A,1.0,35.14368630693438
A,1.0,87.38815443965323
A,1.0,63.092336697169095
A,1.0,51.88270194035895
A,1.0,274.0796192314855
A,1.0,104.72262478808278
A,1.0,208.33819477921412
A,1.0,63.739810369414535
A,1.0,134.03262391918753
A,1.0,23.32138213483183
A,1.0,31.310950174698398
A,1.0,103.59429728116278
A,1.0,191.58223933217192
A,1.0,87.0732752854542
A,1.0,54.55641615691817
A,1.0,248.2264186000526
A,1.0,213.24234131591643
A,1.0,112.94996622353935
A,1.0,86.2705624810799
A,1.0,81.08621702211663
A,1.0,787.1443784225135
A,1.0,44.59370657998113
A,1.0,746.8074214507848
A,1.0,7.4114681335961965
A,1.0,86.5458733084399
A,1.0,79.36537894707439
A,1.0,69.41009254774507
A,1.0,21.83944033210679
A,1.0,102.27844003627715
A,1.0,69.78827741707276
A,1.0,135.28453620086367
A,1.0,246.6900472692059
A,1.0,33.72740917301122
A,1.0,93.33078961358787
A,1.0,40.78658919130342
A,1.0,287.2160720191256
A,1.0,12.976534468734148
A,1.0,54.763833611335336
A,1.0,264.95482749186016
A,1.0,23.952547662617828
A,1.0,90.31374874669663
A,1.0,54.679241437359664
A,1.0,37.98840531346678
A,1.0,94.59598749511488
A,1.0,81.25228817885751
A,1.0,107.62405596815417
A,1.0,91.36002630410108
A,1.0,109.45433894397411
A,1.0,118.80224295455906
A,1.0,270.45278364076256
A,1.0,113.82143733508721
A,1.0,455.9614735791408
A,1.0,36.20074703885896
A,1.0,74.55777776370901
A,1.0,24.948259960261343
A,1.0,99.4865112147395
A,1.0,122.71077748488864
A,1.0,66.84125643874938
A,1.0,80.34389131914584
A,1.0,219.4553306495325
A,1.0,211.72292996985144
A,1.0,436.6226766291575
A,1.0,226.4254203989477
A,1.0,97.5630812170106
A,1.0,508.09319127671995
A,1.0,173.43729808289456
A,1.0,33.94884958944187
A,1.0,95.82741551577465
A,1.0,20.258348610675696
A,1.0,72.10831028863936
A,1.0,31.633488648604793
A,1.0,444.0396319328684
A,1.0,210.97564664916982
A,1.0,16.324254869426813
A,1.0,96.25740778554356
A,1.0,247.93155433134868
A,1.0,238.4026499336375
A,1.0,73.54627905317153
A,1.0,28.971341721788793
A,1.0,162.49330698995385
A,1.0,45.311957622818184
A,1.0,78.91012674476204
A,1.0,564.1631718865909
A,1.0,119.63620465649184
A,1.0,79.081347846164
A,1.0,301.0403113765932
A,1.0,83.66885613340288
A,1.0,94.06461403516701
A,1.0,125.10209915254887
A,1.0,67.24477935064542
A,1.0,52.27762837809912
A,1.0,38.93991156505228
A,1.0,86.34686326059222
A,1.0,207.6978100723065
A,1.0,77.09161425307155
A,1.0,48.896354033779104
A,1.0,81.1301322658807
A,1.0,601.398369214
A,1.0,187.3303826720641
A,1.0,83.55205292934407
A,1.0,172.77105905198877
A,1.0,107.43534617666366
A,1.0,175.25189029787995
A,1.0,124.52525836546974
A,1.0,155.68044169082773
A,1.0,421.1032442397449
A,1.0,77.28161794790232
A,1.0,66.07872421118655
A,1.0,653.1290503086798
A,1.0,279.00416389120585
A,1.0,218.85077614949662
A,1.0,41.69395948932123
A,1.0,70.972398672025
A,1.0,68.7851314925937
A,1.0,165.63692306636864
A,1.0,46.28525584306377
A,1.0,160.71034700891607
A,1.0,65.58543448188595
A,1.0,87.4870440373637
A,1.0,66.95779732015913
A,1.0,71.70212225340754
A,1.0,52.593694494507545
A,1.0,216.60293085656738
A,1.0,93.98998237349646
A,1.0,101.90652642615102
A,1.0,71.49971475755301
A,1.0,20.655888300521372
A,1.0,77.13680374222237
A,1.0,86.36942088042342
A,1.0,176.81526665307993
A,1.0,52.915512025719416
A,1.0,65.82525356858156
A,1.0,228.20198453413485
A,1.0,33.821286887923236
A,1.0,463.8309492554439
A,1.0,62.86189016055896
A,1.0,172.0295322212437
A,1.0,170.76670587623082
A,1.0,78.29412377260613
A,1.0,30.806767834994577
A,1.0,47.380242640772366
A,1.0,123.25992929535711
A,1.0,30.631061373463037
A,1.0,93.77633808209428
A,1.0,1000.0
A,1.0,53.8554409473596
A,1.0,107.00464643889363
A,1.0,60.120967297641556
A,1.0,69.24699388672077
A,1.0,198.3468341328134
A,1.0,59.49751879537253
A,1.0,48.32737523720041
A,1.0,35.96089999315064
A,1.0,434.2478269295915
A,1.0,84.91955880855978
A,1.0,95.27288540789509
A,1.0,365.072102211898
A,1.0,221.91167475731365
A,1.0,271.4406992597847
A,1.0,42.17230258385265
A,1.0,42.40258272527543
A,1.0,106.67982885638101
A,1.0,38.773031520003784
A,1.0,35.341979741244444
A,1.0,76.33933015377865
A,1.0,348.82599676806166
A,1.0,40.169079968395174
A,1.0,82.96786913709964
A,1.0,158.19057441719923
A,1.0,11.6538403494842
A,1.0,114.33425492876013
A,1.0,302.59734308471343
A,1.0,311.2070908504598
A,1.0,21.601059040362834
A,1.0,175.37416967890232
A,1.0,204.5479886144962
A,1.0,23.61704944406373
A,1.0,32.09523358621051
A,1.0,144.96131200034318
A,1.0,153.6883106408868
A,1.0,124.87435426226658
A,1.0,110.06434801675424
A,1.0,90.61263008251868
A,1.0,127.68980276980861
A,1.0,58.55981762007445
A,1.0,246.5444338031624
A,1.0,73.30255107469866
A,1.0,197.29964388774394
A,1.0,630.593244303245
A,1.0,74.17622540882465
A,1.0,90.79176073119184
A,1.0,65.60313116040206
A,1.0,910.1104638570679
A,1.0,83.8121516585396
A,1.0,17.825625359063032
A,1.0,316.8902114778559
A,1.0,506.6767865452574
A,1.0,413.1753327689362
A,1.0,56.86638321793641
A,1.0,59.06206228026238
A,1.0,7.138181164485174
A,1.0,52.24961557072813
A,1.0,56.8600640572226
A,1.0,61.54017776839893
A,1.0,42.59194460544543
A,1.0,64.31567197806231
A,1.0,118.02419049464127
A,1.0,97.76918657793662
A,1.0,64.82480886550294
A,1.0,298.4634019570675
A,1.0,132.47869681876003
A,1.0,43.253046499815426
A,1.0,21.750983641388796
A,1.0,226.003073646656
A,1.0,279.1089206492413
A,1.0,147.13219136026402
A,1.0,177.68334951714834
A,1.0,315.88493026192293
A,1.0,88.6039439427694
A,1.0,11.098787117162855
A,1.0,101.82122924369489
A,1.0,82.5544536221062
A,1.0,73.07590375209723
A,1.0,56.775898220241025
A,1.0,70.93650229709893
A,1.0,136.11826581063517
A,1.0,133.817898048778
A,1.0,93.04345108362914
A,1.0,182.05665653990314
A,1.0,667.4913233397517
A,1.0,92.2835920339763
A,1.0,45.67256646309815
A,1.0,824.959074684736
A,1.0,292.95677244772907
A,1.0,148.47942065975414
A,1.0,367.8143302936741
A,1.0,186.67938143363736
A,1.0,220.01670097175904
A,1.0,89.61269034550658
A,1.0,150.12941775889163
A,1.0,154.6756995627623
A,1.0,186.5647473113402
A,1.0,98.5166801379026
A,1.0,421.7146264697972
A,1.0,544.9465348390822
A,1.0,101.6244622184915
A,1.0,296.38082139489694
A,1.0,17.84888679531754
A,1.0,305.83332370414183
A,1.0,16.5820554911156
A,1.0,157.07354201981738
A,1.0,68.83002050318004
A,1.0,20.893364951249893
A,1.0,205.53850329035637
A,1.0,205.64708011801477
A,1.0,133.73569870899027
A,1.0,82.01052370104276
A,1.0,60.667355735333274
A,1.0,112.691732276147
A,1.0,598.0196833698219
A,1.0,53.665023728132745
A,1.0,127.82118135862645
A,1.0,64.45208450510356
A,1.0,100.39032921129397
A,1.0,1000.0
A,1.0,529.614611037521
A,1.0,382.72676756480047
A,1.0,65.3251251577915
A,1.0,135.10431842945934
A,1.0,78.37011768372524
A,1.0,57.43300948428364
A,1.0,232.41093130015508
A,1.0,50.23405309720854
A,1.0,553.723065486772
A,1.0,159.99947209180857
A,1.0,89.34747689719623
A,1.0,35.37769690558292
A,1.0,27.013710934006863
A,1.0,79.54932809349906
A,1.0,32.09240461137813
A,1.0,59.51820218606535
A,1.0,37.28871540305265
A,1.0,79.19732279852525
A,1.0,88.69807006000816
A,1.0,137.42274362092022
A,1.0,490.69854423676037
A,1.0,34.23107356773666
A,1.0,143.18431781138932
A,1.0,51.62842785716846
A,1.0,35.56891396658606
A,1.0,327.4153654982806
A,1.0,83.13468034556404
A,1.0,46.5282288821363
A,1.0,122.72379972383601
A,1.0,347.32251847670796
A,1.0,80.36678145751559
A,1.0,320.7896407231952
A,1.0,221.3412533172575
A,1.0,441.9254733997597
A,1.0,484.31647536562025
A,1.0,33.407982955712015
A,1.0,42.07940640983192
A,1.0,60.330822123549204
A,1.0,118.45126706494555
A,1.0,24.191071474705378
A,1.0,241.0183347137845
A,1.0,224.83780706938902
A,1.0,54.05904129480547
A,1.0,26.958492600085716
A,1.0,20.346076760317217
A,1.0,43.76999001479711
A,1.0,304.3492432606255
A,1.0,136.14540010172675
A,1.0,191.53089382820912
A,1.0,95.98591254223108
A,1.0,452.7430070133711
A,1.0,392.3205817157514
A,1.0,274.1111935374439
A,1.0,69.44022987632512
A,1.0,68.30039910938896
A,1.0,757.8224247146766
A,1.0,44.74627108831531
A,1.0,13.084093594249017
A,1.0,825.1114074096089
A,1.0,74.05392153141914
A,1.0,38.67630087375832
A,1.0,273.5862024325693
A,1.0,194.7252394321155
A,1.0,68.38597655706077
A,1.0,232.39524314819883
A,1.0,108.55876785055551
A,1.0,44.32737126124766
A,1.0,74.78877088905199
A,1.0,207.0766665167852
A,1.0,212.47802439419885
A,1.0,27.541313955784748
A,1.0,26.101957050895813
A,1.0,91.759571092243
A,1.0,126.93754451657533
A,1.0,28.29061224955844
A,1.0,99.74181103682899
A,1.0,114.50846625816754
A,1.0,103.47405570619267
A,1.0,30.6726588705737
A,1.0,97.59031908047544
A,1.0,138.2939595743063
A,1.0,75.8963835456321
A,1.0,71.26658250469312
A,1.0,117.03780729066963
A,1.0,607.7927997647182
A,1.0,27.55521261181216
A,1.0,367.7607282795572
A,1.0,18.15915142312783
A,1.0,103.60011335320412
A,1.0,47.78664070795662
A,1.0,98.13820008423663
A,1.0,72.3359864475392
A,1.0,480.4510198101971
A,1.0,37.174895242729896
A,1.0,135.7335887157731
A,1.0,265.65227510465934
A,1.0,63.532982938381934
A,1.0,473.197381946396
A,1.0,66.27722381576098
A,1.0,496.47519910131746
A,1.0,62.012335558206296
A,1.0,87.12004054917568
A,1.0,190.5229597226679
A,1.0,47.11653738001216
A,1.0,15.856697554844864
A,1.0,103.93595240405483
A,1.0,114.19721809642861
A,1.0,39.41139936926958
A,1.0,283.2333035743265
A,1.0,38.23813534432948
A,1.0,244.6441303964206
A,1.0,121.91561644599813
A,1.0,44.56749605922343
A,1.0,31.082543701113476
A,1.0,46.83784015882455
A,1.0,9.795931389236953
A,1.0,134.4902180125399
A,1.0,69.75462020101963
A,1.0,130.06146362886076
A,1.0,145.02929670656903
A,1.0,273.8093220573775
A,1.0,27.21491016834618
A,1.0,32.078463647636404
A,1.0,390.42071893680276
A,1.0,63.78944625028685
A,1.0,345.89990863714905
A,1.0,109.38440763527596
A,1.0,110.17363814713886
A,1.0,11.027268533935422
A,1.0,238.76093889132596
A,1.0,53.45627374202227
A,1.0,18.258988757377253
A,1.0,72.33425066805748
A,1.0,134.4596686402471
A,1.0,650.852325205725
A,1.0,100.25121439620638
A,1.0,188.14408231877346
A,1.0,58.85571642287979
A,1.0,206.26741702772122
A,1.0,55.3541001507709
A,1.0,152.04936481118446
A,1.0,74.2882076409926
A,1.0,169.311986260621
A,1.0,55.49881029924949
A,1.0,407.7778341662512
A,1.0,46.15667793154288
A,1.0,23.581840956489334
A,1.0,164.18554819449386
A,1.0,306.2361233404765
A,1.0,199.47002727433784
A,1.0,97.75892757309578
A,1.0,151.24856481977625
A,1.0,278.8390797121034
A,1.0,530.6551234174221
A,1.0,126.63906356483102
A,1.0,67.41406874164994
A,1.0,152.56283437388757
A,1.0,48.44424134006038
A,1.0,201.28634018551259
A,1.0,41.85372017806716
A,1.0,121.59866904202741
A,1.0,369.47127737034333
A,1.0,163.15037111904604
A,1.0,116.82512757815122
A,1.0,167.50579609295426
A,1.0,32.6053422838398
A,1.0,107.19137872708119
A,1.0,43.24054482462103
A,1.0,199.14032964822485
A,1.0,85.02437775341923
A,1.0,48.14443294866729
A,1.0,8.90397032005789
A,1.0,52.761083446745914
A,1.0,66.32632461755327
A,1.0,19.051357985822058
A,1.0,438.04890803516093
A,1.0,187.7974076514474
A,1.0,102.47219321080415
A,1.0,38.82563005301036
A,1.0,41.03390171858402
A,1.0,103.82689747464615
A,1.0,64.17843160894395
A,1.0,546.2412209203527
A,1.0,302.78979538879867
A,1.0,232.7514625367605
A,1.0,108.37201714932011
A,1.0,259.66322425702106
A,1.0,124.54442434751337
A,1.0,157.17953312283137
A,1.0,525.3499066823344
A,1.0,132.10399328921517
A,1.0,84.5758781981717
A,1.0,59.00274141194495
A,1.0,41.85340354372541
A,1.0,40.88432171368411
A,1.0,48.50551336034342
A,1.0,320.71573826263983
A,1.0,175.95005257281792
A,1.0,52.548625134241746
A,1.0,298.4582471085857
A,1.0,34.49625393993441
A,1.0,192.98063496538492
A,1.0,67.68227298208451
A,1.0,58.70060190078311
A,1.0,76.5825531320863
A,1.0,44.653614322568544
A,1.0,215.7454816167643
A,1.0,66.1483709576691
A,1.0,67.83223374224171
A,1.0,144.9953826828436
A,1.0,15.624206974311063
A,1.0,123.5336147980546
A,1.0,270.3247223822934
A,1.0,213.1024808677257
A,1.0,5.2251305661640535
A,1.0,335.52951269953286
A,1.0,7.363054016771968
A,1.0,122.06019559778852
A,1.0,187.35691752980944
A,1.0,882.8456009203994
A,1.0,39.01198881167853
A,1.0,89.54111180211349
A,1.0,74.78490962485968
A,1.0,132.64905015261976
A,1.0,185.83548786737836
A,1.0,42.99946399039603
A,1.0,117.79900276627265
A,1.0,81.82827169102201
A,1.0,81.90240387744441
A,1.0,188.53773641905678
A,1.0,174.35504061877768
A,1.0,739.3521581312211
A,1.0,124.80119933288405
A,1.0,48.094016434628685
A,1.0,218.5074641800347
A,1.0,381.4775046864703
A,1.0,64.89318140839721
A,1.0,116.48929111068358
A,1.0,221.83493209461858
A,1.0,232.54858606366457
A,1.0,432.25816695609274
A,1.0,31.50889749743206
A,1.0,435.24552631849315
A,1.0,42.668482301406904
A,1.0,194.9494935589339
A,1.0,212.2544141143804
A,1.0,84.0387944249276
A,1.0,50.5703376500185
A,1.0,139.69404960843363
A,1.0,57.97183683913633
A,1.0,365.63655319164974
A,1.0,370.1431009588464
A,1.0,183.42051417104872
A,1.0,57.169741535804505
A,1.0,140.33360637429533
A,1.0,70.38457092523265
A,1.0,309.5274659624465
A,1.0,140.90045076295658
A,1.0,42.71142648577225
A,1.0,324.1790401928378
A,1.0,102.09315270028954
A,1.0,35.10661325677141
A,1.0,199.23277954618473
A,1.0,83.54793739929666
A,1.0,95.11144829542502
A,1.0,104.9346777685402
A,1.0,76.96586228642619
A,1.0,27.217786431660354
A,1.0,52.49116231582465
A,1.0,15.102204454952265
A,1.0,258.8710782173476
A,1.0,221.89281171469796
A,1.0,531.9139878351042
A,1.0,36.788857024006894
A,1.0,86.04915375961309
A,1.0,40.06037960345539
A,1.0,387.8131435060263
A,1.0,69.94137097449993
A,1.0,163.29689893735505
A,1.0,79.26022554583025
A,1.0,94.40901926826363
A,1.0,335.49059961192165
A,1.0,179.73762646195865
A,1.0,76.67122757013865
A,1.0,243.06324358223122
A,1.0,52.01059760741261
A,1.0,168.3574189850438
A,1.0,110.98550096953238
A,1.0,132.78214577032747
A,1.0,44.27910204650761
A,1.0,48.47029456050556
A,1.0,64.24918617650246
A,1.0,210.60801807430434
A,1.0,181.38751011660563
A,1.0,83.9097502222254
A,1.0,66.50360963565372
A,1.0,77.883863975721
A,1.0,131.02666635958045
A,1.0,310.5653762743794
A,1.0,56.40901664909193
A,1.0,221.96421623170903
A,1.0,192.40731501184257
A,1.0,380.5613889861537
A,1.0,6.653878003086331
A,1.0,134.61724176089513
A,1.0,166.85535870177895
A,1.0,25.56042068415214
A,1.0,207.55652293981822
A,1.0,70.70692350603119
A,1.0,259.64478351987464
A,1.0,73.40649216790696
A,1.0,98.18882910365528
A,1.0,194.1263213090524
A,1.0,131.182396220007
A,1.0,321.5127420495097
A,1.0,84.2108352658588
A,1.0,142.28434765513634
A,1.0,79.6307141858452
A,1.0,120.31494236911081
A,1.0,16.527259414064073
A,1.0,28.99334384637873
A,1.0,111.54350167302673
A,1.0,72.0015910808402
A,1.0,92.4484226408577
A,1.0,51.46904758283099
A,1.0,17.000824404700595
A,1.0,32.26906490880912
A,1.0,166.7072749069567
A,1.0,174.39716453449375
A,1.0,115.14902469726204
A,1.0,75.4063025980669
A,1.0,54.74965792539935
A,1.0,93.18761215104537
A,1.0,214.06465263659302
A,1.0,141.36956664050817
A,1.0,69.25851576128593
A,1.0,91.05175245296981
A,1.0,117.65460557597294
A,1.0,173.2874744511145
A,1.0,57.784321942776934
A,1.0,66.10473746082644
A,1.0,65.71709337327427
A,1.0,321.1154432477356
A,1.0,136.51246848460676
A,1.0,19.973311887686126
A,1.0,76.38492374503224
A,1.0,30.623498527878795
A,1.0,63.57454423273627
A,1.0,20.443206513797495
A,1.0,73.91387894499624
A,1.0,49.964669588950244
A,1.0,162.9271130831655
A,1.0,134.1705735067633
A,1.0,73.61227820113474
A,1.0,62.3799420331465
A,1.0,202.3072484760232
A,1.0,543.8929691970105
A,1.0,586.0021713823634
A,1.0,97.11002739437325
A,1.0,354.0486255490805
A,1.0,73.4619512364391
A,1.0,779.2947269531929
A,1.0,120.92908847226694
A,1.0,61.9539866203577
A,1.0,212.55118342998662
A,1.0,157.9050373201641
A,1.0,96.60475014993973
A,1.0,199.30907230904904
A,1.0,25.525701821928426
A,1.0,28.6712646110043
A,1.0,46.725440706954686
A,1.0,52.493636318689184
A,1.0,270.51875724540554
A,1.0,240.5117770321111
A,1.0,250.0515193360422
A,1.0,415.77615706649965
A,1.0,85.21349034190602
A,1.0,110.88076268001103
A,1.0,176.17616359418162
A,1.0,98.72383873362901
A,1.0,179.50341157181805
A,1.0,225.41683159404295
A,1.0,29.52652868017754
A,1.0,773.9868655235588
A,1.0,302.5774729638983
A,1.0,20.76699133598837
A,1.0,30.19450120979584
A,1.0,350.65809113268983
A,1.0,182.07400778941812
A,1.0,95.8746876589761
A,1.0,149.11553401041087
A,1.0,70.34753597332181
A,1.0,279.4453138727383
A,1.0,454.2679540161983
A,1.0,71.25773822514184
A,1.0,537.2230050533005
A,1.0,176.8066342298226
A,1.0,120.6892358604182
A,1.0,24.22564472790631
A,1.0,251.17783205044194
A,1.0,323.54037078854645
A,1.0,147.34413204985916
A,1.0,136.86666485270877
A,1.0,24.373920943027276
A,1.0,55.992971295812815
A,1.0,207.3066274802612
A,1.0,37.74212281788155
A,1.0,78.6140297034719
A,1.0,29.23083168927011
A,1.0,106.1688077600369
A,1.0,142.57021791158294
A,1.0,46.75519875277392
A,1.0,98.89243692960416
A,1.0,106.55520755710842
A,1.0,25.97671867513229
A,1.0,101.52405204982234
A,1.0,187.35740872828276
A,1.0,315.05275297320924
A,1.0,156.85647918992555
A,1.0,64.47014522936436
A,1.0,151.26940139977995
A,1.0,244.632219973665
A,1.0,160.7278424930345
A,1.0,95.35627017004859
A,1.0,11.898626649113432
A,1.0,43.97661071205979
A,1.0,54.495923942976475
A,1.0,272.68149118925095
A,1.0,82.50129685701084
A,1.0,210.11877364282697
A,1.0,182.6271525813551
A,1.0,225.80809483650305
A,1.0,84.79133479372108
A,1.0,71.53879088894725
A,1.0,111.23804273005733
A,1.0,15.451398485889865
A,1.0,55.94619549086811
A,1.0,106.42931298009898
A,1.0,134.78320203143394
A,1.0,130.69535871054586
A,1.0,120.90279904337943
A,1.0,115.70682750482528
A,1.0,72.30071005907952
A,1.0,93.16603107201314
A,1.0,25.317825490551137
A,1.0,184.22128927493583
A,1.0,151.3544054806445
A,1.0,41.63041761793748
A,1.0,485.0015775378646
A,1.0,13.215575544775817
A,1.0,55.32213421605287
A,1.0,37.8104054962332
A,1.0,133.0029595911901
A,1.0,161.15579896320244
A,1.0,120.56580725055765
A,1.0,114.71871826301836
A,1.0,129.20239292391787
A,1.0,237.2630248445013
A,1.0,29.561467490734334
A,1.0,104.42402743386262
A,1.0,163.18089282374288
A,1.0,159.27310198681425
A,1.0,65.31314995280191
A,1.0,46.39831396724773
A,1.0,201.49985293811406
A,1.0,73.02730104334955
A,1.0,172.75249874153508
A,1.0,87.84493396088602
A,1.0,128.47302639761674
A,1.0,303.2771642124684
A,1.0,22.695964080522497
A,1.0,169.40528324076342
A,1.0,23.295090595019385
A,1.0,309.83408498693933
A,1.0,28.25439629740763
A,1.0,19.613275112429648
A,1.0,65.9174066438065
A,1.0,17.65981322592527
A,1.0,504.72528119705964
A,1.0,36.79699101840178
A,1.0,257.59110046989946
A,1.0,173.5341107973145
A,1.0,31.91291393176521
A,1.0,198.72262350719575
A,1.0,79.14194607788959
A,1.0,33.957562544755504
A,1.0,32.08603026225832
A,1.0,292.4468033135661
A,1.0,1000.0
A,1.0,89.03319431691115
A,1.0,129.28241537156958
A,1.0,9.697795535385113
A,1.0,95.89411508674041
A,1.0,39.14406286583477
A,1.0,25.65727465856884
A,1.0,43.76066656733074
A,1.0,193.68276640135377
A,1.0,103.10600718394858
A,1.0,1000.0
A,1.0,20.664394763949385
A,1.0,603.2643502638514
A,1.0,188.64665846841405
A,1.0,47.93251135832287
A,1.0,53.50065532309265
A,1.0,89.81049518609683
A,1.0,144.60599338765095
A,1.0,144.48847229710427
A,1.0,357.07766677928515
A,1.0,96.57679878121907
A,1.0,30.345613836036037
A,1.0,63.57634964424083
A,1.0,231.64785445525257
A,1.0,121.54212069787742
A,1.0,142.5855393446189
A,1.0,231.67726166578473
A,1.0,137.98821799370458
A,1.0,317.32243901125634
A,1.0,338.6067900526777
A,1.0,161.37429761174175
A,1.0,180.89809362107803
A,1.0,283.82123459727813
A,1.0,29.078337751057912
A,1.0,176.47552262409337
A,1.0,115.49567889719259
A,1.0,12.193617080265987
A,1.0,110.85877847310063
A,1.0,32.532067661990844
A,1.0,201.57899159664618
A,1.0,40.369694415334045
A,1.0,36.979341260930134
A,1.0,145.5063108489186
A,1.0,110.53161021081638
A,1.0,187.89548330003964
A,1.0,202.51429119331505
A,1.0,31.656691092981468
A,1.0,62.37359725162017
A,1.0,77.6146667143306
A,1.0,306.9134309184231
A,1.0,126.83151565105354
A,1.0,182.43774573772808
A,1.0,267.18854974044837
A,1.0,60.4327756294054
A,1.0,148.5031036763211
A,1.0,21.154896301327398
A,1.0,89.0600033889844
A,1.0,114.67943738703163
A,1.0,204.20650292733885
A,1.0,663.2543588816785
A,1.0,312.70169748401497
A,1.0,244.92271179157134
A,1.0,72.16139276340206
A,1.0,136.021292179316
A,1.0,590.674742489708
A,1.0,114.52535293323062
A,1.0,259.8363722094884
A,1.0,167.4630519700775
A,1.0,63.016721483364066
A,1.0,63.95142409670805
A,1.0,193.5969092868797
A,1.0,47.89453195669853
A,1.0,248.04769598006487
A,1.0,165.5341464768037
A,1.0,422.503531046642
A,1.0,62.61500288917039
A,1.0,61.656464008855224
A,1.0,26.362319904767997
A,1.0,21.76580052751428
A,1.0,183.72501946952553
A,1.0,182.6370362566446
A,1.0,78.73327019028457
A,1.0,28.32417628742304
A,1.0,191.1885028113882
A,1.0,226.88493517704126
A,1.0,95.7764326608832
A,1.0,50.76160196121254
A,1.0,49.70128314260242
A,1.0,47.564728359773675
A,1.0,110.15526780347551
A,1.0,213.86193569137856
A,1.0,44.60210286084101
A,1.0,191.48218796717353
A,1.0,465.1864133063873
A,1.0,143.1374777940964
A,1.0,112.20934910357765
A,1.0,111.85497121590564
A,1.0,58.01686939176033
A,1.0,124.39479184399056
A,1.0,277.7717894568237
A,1.0,25.65045222816509
A,1.0,94.25208212551655
A,1.0,89.0574255316963
A,1.0,119.89448912424061
A,1.0,250.07379555531946
A,1.0,217.80407255517483
A,1.0,46.76124475834404
A,1.0,73.33373278053301
A,1.0,56.35010071303538
A,1.0,78.82491322590391
A,1.0,29.99739962707207
A,1.0,23.164279675666812
A,1.0,198.74883714732056
A,1.0,115.25816663568641
A,1.0,35.20607733648676
A,1.0,59.663171552701094
A,1.0,117.75330415996815
A,1.0,133.2578063049373
A,1.0,42.620480158147025
A,1.0,103.82671156149014
A,1.0,123.74153869259756
A,1.0,46.42434258364204
A,1.0,147.56482915596672
A,1.0,121.4142842210145
A,1.0,328.0933807205743
A,1.0,65.87134816302368
A,1.0,281.9514462321267
A,1.0,66.9700519736873
A,1.0,223.70997227352171
A,1.0,85.08678923725941
A,1.0,507.86728880944906
A,1.0,684.3968814517132
A,1.0,205.71011467790598
A,1.0,74.54448182638677
A,1.0,44.23635029014965
A,1.0,47.34941072649233
A,1.0,305.4586830883785
A,1.0,166.84662011339714
A,1.0,121.9981542896298
A,1.0,290.9920053834234
A,1.0,46.89521195800458
A,1.0,156.71715090164616
A,1.0,161.9748333828375
A,1.0,58.865139505434286
A,1.0,8.221468407496788
A,1.0,105.97104622625521
A,1.0,1000.0
A,1.0,49.20075998776722
A,1.0,36.58316513809285
A,1.0,44.137409271152166
A,1.0,30.146772822204582
A,1.0,62.24169109312128
A,1.0,82.20497475294482
A,1.0,174.7042645810957
A,1.0,51.52546371705058
A,1.0,164.4199066415499
A,1.0,99.17612382807168
A,1.0,43.63260090997675
A,1.0,82.35724311052498
A,1.0,398.1465365301337
A,1.0,404.2670487121052
A,1.0,33.15001885480809
A,1.0,258.10981646354526
A,1.0,54.65099667335437
A,1.0,121.01644999716201
A,1.0,257.791510596635
A,1.0,553.9566473493862
A,1.0,177.94261525651618
A,1.0,566.7852232254336
A,1.0,324.52298727367054
A,1.0,105.53571253820326
A,1.0,444.4531535080147
A,1.0,328.57842519355813
A,1.0,171.26823251111483
A,1.0,14.288181536344906
A,1.0,81.71537640254745
A,1.0,25.318576206820513
A,1.0,36.78326190061191
A,1.0,124.56313315882554
A,1.0,403.10446256954987
A,1.0,268.0868831965566
A,1.0,79.25429458538767
A,1.0,352.87112937948024
A,1.0,428.3699222310612
A,1.0,10.033279777747454
A,1.0,59.62411268604698
A,1.0,45.02295872446989
A,1.0,33.91303190011646
A,1.0,164.95178040746381
A,1.0,93.02340120763617
A,1.0,192.3278639938915
A,1.0,184.53500537795676
A,1.0,125.16795493673432
A,1.0,24.50500280412842
A,1.0,75.10743202923425
A,1.0,121.17470063118931
A,1.0,28.78374471081904
A,1.0,54.74180844143305
A,1.0,20.67704807617297
A,1.0,240.7907358020838
A,1.0,219.9169407518442
A,1.0,10.743454635849199
A,1.0,110.8903012100749
A,1.0,50.27802843870028
A,1.0,111.77741475614096
A,1.0,92.01667767402002
A,1.0,133.849068382753
A,1.0,208.23970823649796
A,1.0,75.08684095805606
A,1.0,115.08952967864275
A,1.0,72.34452624474527
A,1.0,541.3459550072462
A,1.0,38.77897401951172
A,1.0,119.24949072948598
A,1.0,98.68134224461248
A,1.0,210.539891265108
A,1.0,73.18357955202886
A,1.0,34.919570420264826
A,1.0,520.9354530888451
A,1.0,72.1956700841394
A,1.0,35.521590295845385
A,1.0,203.1420899836594
A,1.0,45.13847905796734
A,1.0,41.92645444499064
A,1.0,400.8856852658248
A,1.0,607.6262910469172
A,1.0,57.31052208570051
A,1.0,158.60845362188
A,1.0,163.87489199039413
A,1.0,38.71485496316861
A,1.0,31.715218187186323
A,1.0,156.38027125050678
A,1.0,149.8382887981442
A,1.0,260.88496284140246
A,1.0,42.50446247966617
A,1.0,82.41498175407771
A,1.0,46.860344587478515
A,1.0,229.76393446372794
A,1.0,80.54585073165445
A,1.0,76.94361590154442
A,1.0,57.359167171038806
A,1.0,200.45605405098465
A,1.0,139.8232813781966
A,1.0,84.49208001880342
A,1.0,1000.0
A,1.0,96.900736799941
A,1.0,99.03157348636687
A,1.0,126.98591930976228
A,1.0,67.19818092809108
A,1.0,34.927579877028656
A,1.0,61.531037839385846
A,1.0,388.3048991337426
A,1.0,111.00982724246907
A,1.0,15.840963546133692
A,1.0,337.636209691396
A,1.0,49.258354060706125
A,1.0,182.90537390924476
A,1.0,121.03057393400478
A,1.0,111.81758189957489
A,1.0,138.844232918286
A,1.0,182.2584070844327
A,1.0,153.77002213905794
A,1.0,789.8829653833104
A,1.0,16.617536029682366
A,1.0,357.71850984628077
A,1.0,368.3101520916887
A,1.0,74.98301877651154
A,1.0,180.94601581511031
A,1.0,134.1577182548503
A,1.0,114.01935249948097
A,1.0,38.22114074271639
A,1.0,773.1263576385394
A,1.0,135.99147665199988
A,1.0,583.3479268049033
A,1.0,47.87983356503583
A,1.0,87.48612652456868
A,1.0,41.5758832086473
A,1.0,64.04648597793624
A,1.0,117.46701053416905
A,1.0,120.36643368346031
A,1.0,300.64080359216706
A,1.0,66.69449796113827
A,1.0,35.103336876727916
A,1.0,108.29939102838708
A,1.0,172.79104969030016
A,1.0,44.322355713725244
A,1.0,137.28557772101829
A,1.0,29.703485797014444
A,1.0,158.14701965147765
A,1.0,42.865408403624045
A,1.0,21.582085151557756
A,1.0,52.214991861898866
A,1.0,62.8928421746242
A,1.0,295.13725398809066
A,1.0,100.74537471672836
A,1.0,26.47650225187175
A,1.0,327.0396290804035
A,1.0,107.9340906868077
A,1.0,60.48553727622804
A,1.0,175.23764859721874
A,1.0,204.49356727110117
A,1.0,513.1239599893013
A,1.0,91.35850077602636
A,1.0,43.013069927933806
A,1.0,692.1127222926627
A,1.0,52.8323871784712
A,1.0,217.35519555334702
A,1.0,26.159376019186322
A,1.0,179.88644712257715
A,1.0,32.00282544896123
A,1.0,64.40527308086374
A,1.0,292.4425848425381
A,1.0,132.20477083910524
A,1.0,302.1116981627674
A,1.0,466.2244078372031
A,1.0,57.42656426143913
A,1.0,51.3565326262163
A,1.0,135.40234894856775
A,1.0,61.111269700309975
A,1.0,73.30096187352275
A,1.0,38.76858667623137
A,1.0,11.555425032309792
A,1.0,124.38960543355199
A,1.0,66.14593788212692
A,1.0,73.24744675525714
A,1.0,22.260299011106984
A,1.0,63.93313027637389
A,1.0,120.76470010336297
A,1.0,52.91420704438279
A,1.0,334.4225125107572
A,1.0,99.95832184778375
A,1.0,141.77957759396628
A,1.0,12.954604383285798
A,1.0,26.212412832001814
A,1.0,160.58197625858318
A,1.0,258.02859542992326
A,1.0,1000.0
A,1.0,318.19552704514473
A,1.0,280.88714551897294
A,1.0,260.6310853687822
A,1.0,68.8987364571593
A,1.0,440.5510553418507
A,1.0,61.10915837459414
A,1.0,63.46257730656627
A,1.0,31.47231512990396
A,1.0,236.59188602423237
A,1.0,390.8121148690538
A,1.0,485.16201996176505
A,1.0,159.1949016121045
A,1.0,234.12726761349168
A,1.0,472.2484190527531
A,1.0,150.03662642700948
A,1.0,183.32406468730218
A,1.0,198.81066896390732
A,1.0,409.1752284300342
A,1.0,20.781463268000063
A,1.0,20.42246589526077
A,1.0,125.81357450687307
A,1.0,153.40226827544535
A,1.0,473.95839311009615
A,1.0,171.85881915459208
A,1.0,210.84784591550573
A,1.0,104.79947976559276
A,1.0,162.2424268862594
A,1.0,70.77086595108119
A,1.0,132.19912494225227
A,1.0,42.69787331029158
A,1.0,171.0892954120883
A,1.0,42.16332565324251
A,1.0,87.14373515670431
A,1.0,64.86352370610535
A,1.0,49.97681182016445
A,1.0,45.99592631289691
A,1.0,15.935548118003688
A,1.0,171.53340961489317
A,1.0,59.725759368772394
A,1.0,66.27392338303497
A,1.0,1000.0
A,1.0,253.4368993305066
A,1.0,47.98207945317343
A,1.0,54.40019338993364
A,1.0,261.6583303704486
A,1.0,1000.0
A,1.0,79.30133154788784
A,1.0,93.37450770036985
A,1.0,110.44007276296085
A,1.0,60.27425339488992
A,1.0,308.0696371251256
A,1.0,313.38517233239014
A,1.0,134.8480612306319
A,1.0,53.388531230109045
A,1.0,64.88239974932692
A,1.0,147.96676170077913
A,1.0,34.59244555690293
A,1.0,29.580766912926116
A,1.0,243.62437086868186
A,1.0,67.48994529897018
A,1.0,152.85014490558927
A,1.0,344.30168012063785
A,1.0,608.1562739998836
A,1.0,1000.0
A,1.0,25.063820228257836
A,1.0,210.68122028110835
A,1.0,145.443751844103
A,1.0,110.23409180886331
A,1.0,74.11947424369173
A,1.0,241.01654250189023
A,1.0,177.37405251724738
A,1.0,77.66537987644685
A,1.0,64.62934350118081
A,1.0,1000.0
A,1.0,108.73534728465648
A,1.0,589.0283054320627
A,1.0,179.5289153574979
A,1.0,128.00349648811178
A,1.0,59.81655449581544
A,1.0,614.4799343637744
A,1.0,222.62746811454454
A,1.0,506.6918817257113
A,1.0,175.91262420447103
A,1.0,144.9961421283397
A,1.0,131.965460897257
A,1.0,79.00301605586242
A,1.0,69.5828729102641
A,1.0,52.37853972705359
A,1.0,469.5624675962795
A,1.0,258.441121130842
A,1.0,52.082952831208566
A,1.0,309.1916616157445
A,1.0,124.62960023376759
A,1.0,91.91972590842445
A,1.0,161.88270033553854
A,1.0,169.18714576570287
A,1.0,228.79793280528696
A,1.0,124.08171722142666
A,1.0,82.99152437011408
A,1.0,457.3842821347654
A,1.0,182.81733563390685
A,1.0,50.11512326598155
A,1.0,136.32330779836116
A,1.0,44.301662716084444
A,1.0,56.49805637888715
A,1.0,26.175230777220857
A,1.0,86.97666718486809
A,1.0,164.64973300922736
A,1.0,176.6149629312967
A,1.0,118.62975358546856
A,1.0,431.2678562912665
A,1.0,41.930961329811446
A,1.0,33.64266230746433
A,1.0,164.56680713354868
A,1.0,379.7293411971275
A,1.0,98.87466671485012
A,1.0,37.57071050352887
A,1.0,48.64070299888312
A,1.0,69.71669081764668
A,1.0,221.79535072533872
A,1.0,893.4982677544212
A,1.0,751.3794835381793
A,1.0,92.67462271981253
A,1.0,78.8580388816985
A,1.0,130.47522452883214
A,1.0,79.61153262170443
A,1.0,17.78528290717226
A,1.0,76.62086798233969
A,1.0,232.46429705882213
A,1.0,446.0115518619779
A,1.0,350.4437474588723
A,1.0,1000.0
A,1.0,89.34097657648111
A,1.0,41.950997269576945
A,1.0,119.02180172362723
A,1.0,198.753677416731
A,1.0,166.2706222893432
A,1.0,139.57496846426156
A,1.0,656.3989143281003
A,1.0,23.30143755170453
A,1.0,51.350993602462154
A,1.0,379.26880162742776
A,1.0,146.71550263370935
A,1.0,165.9592158036591
A,1.0,201.97831309171616
A,1.0,21.69795113474865
A,1.0,37.42794095868788
A,1.0,30.425967122039403
A,1.0,113.33034648580494
A,1.0,137.14116004258233
A,1.0,40.484396024840215
A,1.0,109.06236064943833
A,1.0,66.99420434108828
A,1.0,116.75851717400569
A,1.0,198.9489158407583
A,1.0,26.78820322824384
A,1.0,85.98197377238209
A,1.0,340.4790074491878
A,1.0,133.88735472228092
A,1.0,32.93610414107572
A,1.0,47.234960891774236
A,1.0,27.237607419965393
A,1.0,92.5754056471538
A,1.0,108.8186117744296
A,1.0,44.56309209535938
A,1.0,42.68044898125633
A,1.0,177.3643113242341
A,1.0,112.84087006656632
A,1.0,26.434296366974735
A,1.0,76.53350464853595
A,1.0,43.128810200296115
A,1.0,39.88010917410946
A,1.0,150.44616073114375
A,1.0,36.09216980732206
A,1.0,94.27178278125918
A,1.0,230.54490214217736
A,1.0,241.31214451274082
A,1.0,87.61695014590586
A,1.0,149.68258791934556
A,1.0,171.23660845787492
A,1.0,202.58955221543337
A,1.0,232.8109419838241
A,1.0,109.20608759708809
A,1.0,80.74522838498523
A,1.0,105.2770332547162
A,1.0,1000.0
A,1.0,92.81249759579055
A,1.0,37.38262213523494
A,1.0,83.40090210063568
A,1.0,216.6856038930023
A,1.0,141.2800490289396
A,1.0,235.86438308364802
A,1.0,458.3037322920577
A,1.0,211.52668466811875
A,1.0,428.49940382263964
A,1.0,229.82518254506576
A,1.0,200.3085787933144
A,1.0,234.70024356589036
A,1.0,88.98914137718322
A,1.0,77.44509197085941
A,1.0,76.67901924880498
A,1.0,149.30419994526602
A,1.0,82.02068024686163
A,1.0,111.86977589463453
A,1.0,98.2279911844456
A,1.0,35.17656039505391
A,1.0,42.79870575666954
A,1.0,67.55234959109436
A,1.0,161.10658748815453
A,1.0,13.548628548858044
A,1.0,30.351136164254253
A,1.0,199.1511470093065
A,1.0,136.39596317558343
A,1.0,50.952653071339505
A,1.0,180.25757901146554
A,1.0,217.29842899554845
A,1.0,354.22071778467574
A,1.0,150.1739618805874
A,1.0,322.40526797602155
A,1.0,86.65870568327061
A,1.0,13.698311098411738
A,1.0,26.8419043313128
A,1.0,30.167923579772953
A,1.0,80.60149950437037
A,1.0,131.96133884989925
A,1.0,45.97711787507797
A,1.0,162.4253240740233
A,1.0,61.34874619019746
A,1.0,23.270167584177432
A,1.0,297.24852957306393
A,1.0,19.34693506705256
A,1.0,241.4685743405424
A,1.0,129.28332011750356
A,1.0,1000.0
A,1.0,65.96291148234326
A,1.0,350.83613319984886
A,1.0,28.060464236200712
A,1.0,140.31389189687619
A,1.0,38.82716541892327
A,1.0,319.723732517229
A,1.0,162.70419740285385
A,1.0,25.460377900260536
A,1.0,142.44822218542413
A,1.0,107.4655964331142
A,1.0,44.30241266273062
A,1.0,65.33490351064701
A,1.0,179.5890908936787
A,1.0,32.524508645893285
A,1.0,137.40645172884373
A,1.0,79.53165029470047
A,1.0,28.63282395362478
A,1.0,73.99886629876292
A,1.0,63.94162552685936
A,1.0,55.44921117264257
A,1.0,27.408459418386062
A,1.0,119.73147830817621
A,1.0,6.222674993263695
A,1.0,88.10563945052893
A,1.0,187.77025945282216
A,1.0,129.19846127133903
A,1.0,170.75056049953523
A,1.0,367.2391483560669
A,1.0,82.73863063789139
A,1.0,157.80492164943766
A,1.0,469.4928749865746
A,1.0,117.86994017623766
A,1.0,113.21898275233282
A,1.0,110.15803164761078
A,1.0,111.98557729991079
A,1.0,79.91680232312639
A,1.0,11.266208566247577
A,1.0,148.4692615877101
A,1.0,127.03072771393515
A,1.0,132.70506212760387
A,1.0,66.62101830818395
A,1.0,104.45123131125892
A,1.0,83.28521127647713
A,1.0,18.765151341537575
A,1.0,26.989363546954046
A,1.0,172.43821693525638
A,1.0,89.7397798173676
A,1.0,55.597273306299925
A,1.0,280.8703637118112
A,1.0,59.32017897913355
A,1.0,19.651568922465497
A,1.0,54.713837611855055
A,1.0,59.89049566168161
A,1.0,44.65074642598811
A,1.0,29.3289154084743
A,1.0,243.5036794122357
A,1.0,292.3087333157116
A,1.0,174.19138005929287
A,1.0,174.4968933168859
A,1.0,26.847770346135174
A,1.0,196.1403727360832
A,1.0,175.2620539863525
A,1.0,10.672580704748729
A,1.0,8.877874760102088
A,1.0,136.76431070761038
A,1.0,102.30370714936679
A,1.0,305.8667209857804
A,1.0,75.92659006612118
A,1.0,308.30004233942236
A,1.0,149.1988838015571
A,1.0,378.35531217243835
A,1.0,193.3786455912006
A,1.0,20.33869880369675
A,1.0,446.5114447283313
A,1.0,20.55353289545024
A,1.0,54.54683471675431
A,1.0,97.62991489038102
A,1.0,125.66060423442327
A,1.0,139.19548903794143
A,1.0,34.287132742312245
A,1.0,506.54997322929887
A,1.0,82.16851794879301
A,1.0,118.38839471407277
A,1.0,160.3760516095686
A,1.0,92.14774181340438
A,1.0,64.27993414543762
A,1.0,127.7060941198244
A,1.0,208.22088162104157
A,1.0,247.32383240457932
A,1.0,66.9643533966043
A,1.0,171.48537001253618
A,1.0,181.23763001598957
A,1.0,120.7544937851048
A,1.0,81.93255400928098
A,1.0,43.598907742746015
A,1.0,79.88619998350575
A,1.0,130.04642470738466
A,1.0,79.18266613491538
A,1.0,210.30946474979498
A,1.0,321.1157633602512
A,1.0,359.20172041981004
A,1.0,173.03818472343946
A,1.0,141.73697644060576
A,1.0,137.09883910624373
A,1.0,304.07327381586055
A,1.0,290.4086730790425
A,1.0,221.30732962687395
A,1.0,136.13784341668045
A,1.0,51.77523444800187
A,1.0,562.6289692324183
A,1.0,74.48608335416321
A,1.0,136.28447971831238
A,1.0,157.56938414573966
A,1.0,225.63097315573384
A,1.0,65.26480948668288
A,1.0,20.365478032276876
A,1.0,89.25034384186826
A,1.0,67.89353199119468
A,1.0,89.2986432595414
A,1.0,96.34710285297889
A,1.0,42.264791639551206
A,1.0,44.327860047902945
A,1.0,58.55895980577933
A,1.0,143.64394295073728
A,1.0,338.9420962430853
A,1.0,241.07894402449796
A,1.0,89.18008255558652
A,1.0,172.76249000473464
A,1.0,70.0471357966054
A,1.0,316.4890904720506
A,1.0,109.35245343942671
A,1.0,225.3418694383027
A,1.0,374.871820170505
A,1.0,16.72471571397482
A,1.0,46.2878455626739
A,1.0,154.9090809356627
A,1.0,58.162154999037966
A,1.0,58.5240465985809
A,1.0,53.54040884495379
A,1.0,60.58225669808057
A,1.0,390.41736706788134
A,1.0,132.66626208234825
A,1.0,40.80981860383315
A,1.0,89.6171741395435
A,1.0,40.42970810467206
A,1.0,93.1912163560026
A,1.0,44.45119056660039
A,1.0,144.97269599321655
A,1.0,52.81873126671099
A,1.0,120.41258576992348
A,1.0,97.96935531374002
A,1.0,125.53170794824571
A,1.0,114.56551649749619
A,1.0,123.7799432591254
A,1.0,697.5277401625801
A,1.0,457.2729347555146
A,1.0,182.93639218337267
A,1.0,78.63244921846052
A,1.0,108.04867308600507
A,1.0,35.64407150523187
A,1.0,27.943238656539467
A,1.0,80.15192958226427
A,1.0,278.3309723254484
A,1.0,186.77653468619044
A,1.0,48.16394275153863
A,1.0,35.153588605657674
A,1.0,45.91244940351063
A,1.0,34.58884209355773
A,1.0,150.8312241832164
A,1.0,89.82893730937968
A,1.0,215.48223527221668
A,1.0,293.97358277219416
A,1.0,67.3078359158911
A,1.0,18.931884103785972
A,1.0,112.16591476107827
A,1.0,177.11297924193877
A,1.0,523.3057432137789
A,1.0,98.7556367060791
A,1.0,94.69005585477163
A,1.0,104.43444474940463
A,1.0,26.35638500144579
A,1.0,41.90813632321853
A,1.0,94.6728377782615
A,1.0,88.25823741173008
A,1.0,264.4374886695752
A,1.0,168.92091375676682
A,1.0,40.53792787590484
A,1.0,149.50687227975615
A,1.0,27.277838192067026
A,1.0,136.83470033188996
A,1.0,55.38419127555674
A,1.0,63.7979298687876
A,1.0,46.216395496134716
A,1.0,192.5766160474682
A,1.0,60.12989225234899
A,1.0,31.164074464793842
A,1.0,66.03167626360037
A,1.0,124.15288604621485
A,1.0,59.047676647230325
A,1.0,15.747969364153452
A,1.0,61.467269052543415
A,1.0,407.6952380824004
A,1.0,449.1884921838085
A,1.0,72.84495959084128
A,1.0,136.97161164494685
A,1.0,176.08779321818707
A,1.0,86.03153707487161
A,1.0,344.06522066251887
A,1.0,316.44517860462247
A,1.0,62.43813604833213
A,1.0,34.37792990178569
A,1.0,108.67053891317549
A,1.0,193.01112725469022
A,1.0,114.01755090456544
A,1.0,17.78924142608879
A,1.0,277.2922478496866
A,1.0,49.23857101434001
A,1.0,200.10597440867303
A,1.0,368.2915059148734
A,1.0,86.77194305458707
A,1.0,64.59617725515103
A,1.0,335.47965603169274
A,1.0,87.4696136076514
A,1.0,110.45803320738952
A,1.0,23.323110079489567
A,1.0,185.35101528129593
A,1.0,96.43448336467203
A,1.0,69.24128919567197
A,1.0,219.02141237834135
A,1.0,43.26756704504733
A,1.0,47.6875803298603
A,1.0,242.49251976585495
A,1.0,212.65117150443555
A,1.0,89.78777109121383
A,1.0,253.38792380568063
A,1.0,110.83615130995703
A,1.0,82.59089114363891
A,1.0,173.02497862826502
A,1.0,137.2609861759307
A,1.0,28.860005900251814
A,1.0,46.14031245261942
A,1.0,144.20068709994518
A,1.0,149.40940187374053
A,1.0,44.01233074794059
A,1.0,52.64280560676504
A,1.0,558.8765132456003
A,1.0,166.69996114649905
A,1.0,154.68016202016312
A,1.0,245.7230451066193
A,1.0,122.44437964198275
A,1.0,37.90730429382798
A,1.0,254.30626343000034
A,1.0,130.6902131240485
A,1.0,58.68042563120204
A,1.0,100.84442759104982
A,1.0,60.98322786773329
A,1.0,9.099289385896535
A,1.0,28.51516018964829
A,1.0,309.73971879580466
A,1.0,49.21228829829648
A,1.0,28.22478175960019
A,1.0,18.23851735155552
A,1.0,750.5043669377193
A,1.0,453.75930762331205
A,1.0,73.62991218698686
A,1.0,88.55831557899933
A,1.0,22.604874721110647
A,1.0,587.6828942221983
A,1.0,76.82208136402309
A,1.0,599.812109665833
A,1.0,42.983520222206906
A,1.0,90.79546737087611
A,1.0,217.25972450185287
A,1.0,53.708507678002455
A,1.0,70.1480680321578
A,1.0,172.51145366909174
A,1.0,25.788566819982638
A,1.0,282.19990512741043
A,1.0,416.6089674599666
A,1.0,55.65029088711172
A,1.0,540.8059180303798
A,1.0,20.81822569129481
A,1.0,116.65975149105373
A,1.0,156.06680076773725
A,1.0,327.5372587482169
A,1.0,147.8436306353659
A,1.0,113.61145200753354
A,1.0,223.84227782753143
A,1.0,260.00236795583936
A,1.0,85.44789078075603
A,1.0,59.935827119662356
A,1.0,174.63703712265024
A,1.0,166.0129549670317
A,1.0,47.99651763984652
A,1.0,415.88925558920783
A,1.0,258.41691304614744
A,1.0,550.8135123339098
A,1.0,957.5680151441132
A,1.0,87.24712226864214
A,1.0,32.14983489874356
A,1.0,33.19734855480158
A,1.0,135.8588993964739
A,1.0,122.42839464857369
A,1.0,110.72864383797257
A,1.0,159.97548073327027
A,1.0,110.63987236405805
A,1.0,76.20117079586642
A,1.0,275.52206373613654
A,1.0,40.42995360599347
A,1.0,1000.0
A,1.0,102.23500011362997
A,1.0,144.5416922400544
A,1.0,195.6732241370205
A,1.0,191.68724308396057
A,1.0,100.28745801252357
A,1.0,370.40756521512947
A,1.0,133.97661188989332
A,1.0,53.740098749390384
A,1.0,266.8305678806355
A,1.0,756.8791107812475
A,1.0,62.961444745752125
A,1.0,64.40101145821741
A,1.0,191.96334447375915
A,1.0,71.79573917046025
A,1.0,423.00719138359574
A,1.0,78.14053669330143
A,1.0,22.301233535941112
A,1.0,153.28694325469525
A,1.0,89.42442353451297
A,1.0,40.80295615254849
A,1.0,42.646237349152585
A,1.0,195.13102423698967
A,1.0,12.715849254485574
A,1.0,126.51123016886561
A,1.0,95.82116448934354
A,1.0,236.76841989687352
A,1.0,124.29863297233146
A,1.0,207.3400021725312
A,1.0,234.95498918575302
A,1.0,139.36167099391386
A,1.0,9.915622536981806
A,1.0,94.64686362250471
A,1.0,225.5002607932712
A,1.0,40.997621811257936
A,1.0,315.83102026186737
A,1.0,73.95425458437286
A,1.0,129.10027591979554
A,1.0,60.40412736331287
A,1.0,79.35974498276127
A,1.0,63.415444137047466
A,1.0,72.42279240280868
A,1.0,131.23564136054557
A,1.0,431.15363698642057
A,1.0,90.5334499246413
A,1.0,59.3135403047905
A,1.0,61.162988042417474
A,1.0,82.64893155178814
A,1.0,79.98098827233021
A,1.0,197.89272943130038
A,1.0,57.72858895388627
A,1.0,57.089519417374824
A,1.0,129.81614728395115
A,1.0,74.72620407298302
A,1.0,337.2121326290967
A,1.0,130.9488195587105
A,1.0,310.58499390305275
A,1.0,54.12841329970901
A,1.0,245.34683270385128
A,1.0,361.0561049950102
A,1.0,14.086744489977324
A,1.0,189.66431411137964
A,1.0,269.7874415775226
A,1.0,86.05271083137029
A,1.0,51.87693856025709
A,1.0,130.41132324870625
A,1.0,64.50877928528949
A,1.0,85.7962341077985
A,1.0,341.65020607962583
A,1.0,294.782558917404
A,1.0,697.4157751141098
A,1.0,47.524680335889144
A,1.0,370.4374604330327
A,1.0,184.13774563059349
A,1.0,166.09889397046976
A,1.0,71.0165671807266
A,1.0,176.72001691494378
A,1.0,438.28160906907107
A,1.0,61.98714275444834
A,1.0,224.61022694177845
A,1.0,191.78158415396007
A,1.0,99.5469824933029
A,1.0,67.46955281160045
A,1.0,14.801544929786736
A,1.0,503.00990093114603
A,1.0,56.32462516043869
A,1.0,270.9666007021509
A,1.0,85.87854708009469
A,1.0,161.0240040262799
A,1.0,65.95550925841441
A,1.0,66.49751448475241
A,1.0,139.89392472449498
A,1.0,179.83358910043992
A,1.0,14.234342684502659
A,1.0,218.6221140037591
A,1.0,56.37819899893863
A,1.0,182.02059410069805
A,1.0,171.9082326214739
A,1.0,144.17096953704666
A,1.0,138.8305666828231
A,1.0,37.24650308010284
A,1.0,262.10805553557765
A,1.0,126.85419255547981
A,1.0,45.885233154145
A,1.0,152.14513454756357
A,1.0,68.44690803111587
A,1.0,70.1092124290613
A,1.0,205.68168878130896
A,1.0,17.353471870873392
A,1.0,137.65770656888193
A,1.0,332.92353004496124
A,1.0,32.855240973388305
A,1.0,42.27948315606021
A,1.0,76.0288439516049
A,1.0,210.97066081035993
A,1.0,119.21198954854873
A,1.0,54.685308768099596
A,1.0,292.022443282985
A,1.0,507.96652335347295
A,1.0,38.572564079710816
A,1.0,332.536917990981
A,1.0,79.53678408123415
A,1.0,90.68717781183784
A,1.0,148.4071350615756
A,1.0,295.1286717947645
A,1.0,80.43869213333035
A,1.0,29.015146728456394
A,1.0,83.10602122038743
A,1.0,91.64419430338616
A,1.0,38.85595994562227
A,1.0,127.89758625489355
A,1.0,69.62691288016248
A,1.0,140.97343335303518
A,1.0,110.7886281226067
A,1.0,118.25043903391378
A,1.0,89.85012271336791
A,1.0,67.23869327213816
A,1.0,390.73599054435596
A,1.0,81.0558200101218
A,1.0,197.54547321294334
A,1.0,46.2293263867091
A,1.0,73.26223256276357
A,1.0,147.26803342184894
A,1.0,35.04330167772426
A,1.0,908.4457926708717
A,1.0,20.085390368523043
A,1.0,404.4212047610721
A,1.0,43.6486423907316
A,1.0,141.59043602359523
A,1.0,69.71107511208542
A,1.0,76.85794123762582
A,1.0,130.22106343532374
A,1.0,139.35057773692267
A,1.0,230.01317201291891
A,1.0,57.249562015700356
A,1.0,363.7073750667584
A,1.0,35.909198377912
A,1.0,21.438446298035043
A,1.0,103.08624266952603
A,1.0,378.416066689975
A,1.0,47.31424056949655
A,1.0,29.471557794343358
A,1.0,22.358998626442464
A,1.0,248.13196796595014
A,1.0,48.822798598571
A,1.0,243.69803022165758
A,1.0,31.966777049638136
A,1.0,71.47935540211495
A,1.0,92.60873345469618
A,1.0,1000.0
A,1.0,181.31733640695742
A,1.0,331.34244100754603
A,1.0,51.82938377169044
A,1.0,388.64231824352737
A,1.0,30.412842841773205
A,1.0,70.70345262606257
A,1.0,50.864344042030936
A,1.0,183.75691907989966
A,1.0,72.82367472926052
A,1.0,297.6329266474942
A,1.0,138.37670798044877
A,1.0,87.8525973158703
A,1.0,66.12639339268505
A,1.0,50.47247499608028
A,1.0,44.73090751032671
A,1.0,39.68540716345887
A,1.0,610.2818328601265
A,1.0,93.2045982932709
A,1.0,130.08942074510682
A,1.0,20.265515131239912
A,1.0,17.375462775406138
A,1.0,30.65818997081119
A,1.0,52.5507709200443
A,1.0,42.36827656820501
A,1.0,91.97018699754945
A,1.0,39.37748654143728
A,1.0,209.08366758240666
A,1.0,37.46594462825876
A,1.0,51.272709291231386
A,1.0,87.94267960809646
A,1.0,260.9389673401302
A,1.0,48.52671032562074
A,1.0,40.60648504295272
A,1.0,60.09030129070586
A,1.0,52.18796311142254
A,1.0,91.36042517035487
A,1.0,937.2425673589781
A,1.0,127.99680292196112
A,1.0,65.6091159193665
A,1.0,29.313247684932673
A,1.0,159.20359464481544
A,1.0,63.899510058738805
A,1.0,73.69040125059261
A,1.0,249.8577327924444
A,1.0,261.1550250350866
A,1.0,156.0007179595711
A,1.0,129.85461802125192
A,1.0,129.16938840358702
A,1.0,116.60791355316815
A,1.0,341.1971745660819
A,1.0,912.591326036353
A,1.0,94.2650524875004
A,1.0,177.9962201474241
A,1.0,36.9393021625069
A,1.0,613.5655685061878
A,1.0,53.78790053092474
A,1.0,70.75123884007644
A,1.0,131.25984570926937
A,1.0,671.5864011208249
A,1.0,727.766266623753
A,1.0,187.18826937009834
A,1.0,225.46436222744808
A,1.0,36.48008049196986
A,1.0,92.79805567016999
A,1.0,62.09996932027379
A,1.0,38.405238176301935
A,1.0,96.87012419775539
A,1.0,292.0174619848202
A,1.0,173.55778186802465
A,1.0,69.70353920609014
A,1.0,129.93725476919073
A,1.0,94.76120228194566
A,1.0,68.07552206456732
A,1.0,103.58302225117097
A,1.0,338.69007472138117
A,1.0,150.98253088436007
A,1.0,163.3861710651943
A,1.0,51.52248241081823
A,1.0,51.443437729755026
A,1.0,29.47140566672198
A,1.0,393.3930912980948
A,1.0,46.29533111400473
A,1.0,129.45241660315384
A,1.0,77.31214977878766
A,1.0,104.4644279485056
A,1.0,54.22571503877212
A,1.0,56.21121936940278
A,1.0,64.34385770258613
A,1.0,430.871816812345
A,1.0,72.18040157790433
A,1.0,226.02579010153073
A,1.0,97.59964979278378
A,1.0,432.47518174528545
A,1.0,30.46880918607541
A,1.0,63.535150591563955
A,1.0,352.2215514985249
A,1.0,146.53462386962482
A,1.0,239.58506292030077
A,1.0,264.2129352949348
A,1.0,423.2011530580813
A,1.0,59.258928716276614
A,1.0,158.19483376398497
A,1.0,39.61042019626203
A,1.0,265.65118356236803
A,1.0,20.067828063746532
A,1.0,178.68721194288835
A,1.0,91.68818639715126
A,1.0,295.4063051358847
A,1.0,119.68246427177144
A,1.0,198.37557768001864
A,1.0,93.33219942847045
A,1.0,287.80907304991405
A,1.0,140.25239956075066
A,1.0,24.8396408929811
A,1.0,114.1764661753653
A,1.0,42.979454956846475
A,1.0,228.72714648459205
A,1.0,575.4168159727295
A,1.0,71.6934697329601
A,1.0,45.71069252810618
A,1.0,34.88864782684055
A,1.0,127.91356777905258
A,1.0,108.00480407082259
A,1.0,316.50670229190524
A,1.0,378.2323720708932
A,1.0,135.90843309357592
A,1.0,77.64353600722225
A,1.0,133.58153094423201
A,1.0,30.128943976101557
A,1.0,104.59479614960983
A,1.0,221.04607953125364
A,1.0,32.75478722393059
A,1.0,155.5452918544414
A,1.0,45.03201981143294
A,1.0,41.851229888750396
A,1.0,176.10780651394722
A,1.0,223.09214224882703
A,1.0,48.9532802253613
A,1.0,539.5862140313286
A,1.0,37.80248190561319
A,1.0,109.70568154717132
A,1.0,87.02250689527499
A,1.0,31.71114073986028
A,1.0,174.0782140610746
A,1.0,140.6896250371979
A,1.0,105.30878682726383
A,1.0,231.7553663426388
A,1.0,143.12060502106408
A,1.0,79.21736680591214
A,1.0,66.84002871546639
A,1.0,217.41240626064828
A,1.0,49.646340635926194
A,1.0,39.210468966737345
A,1.0,269.3372472351218
A,1.0,637.8348963617719
A,1.0,110.29643200191214
A,1.0,48.50809607534265
A,1.0,51.939365319224066
A,1.0,374.47166625806824
A,1.0,64.12593087217046
A,1.0,210.1635584268485
A,1.0,341.62583916145775
A,1.0,52.40419101387094
A,1.0,106.32321845954245
A,1.0,318.1884886025857
A,1.0,27.162866333572065
A,1.0,105.07224038944123
A,1.0,256.7441128320751
A,1.0,112.03220803486522
A,1.0,245.05756124436837
A,1.0,181.14122251238203
A,1.0,90.65423912133583
A,1.0,78.40325955709245
A,1.0,72.05602470790241
A,1.0,133.00191231899035
A,1.0,36.1650839737019
A,1.0,160.3436779647285
A,1.0,169.0891042753462
A,1.0,43.28124125045559
A,1.0,104.32289854692208
A,1.0,526.692335325719
A,1.0,168.32934579815358
A,1.0,16.316592119605353
A,1.0,52.29235781021342
A,1.0,146.6650147500297
A,1.0,318.74968709406437
A,1.0,164.19960273540607
A,1.0,50.7971785235949
A,1.0,25.77830039888089
A,1.0,87.41630726335715
A,1.0,230.13046936038236
A,1.0,126.3702715705366
A,1.0,187.52175956200787
A,1.0,87.8075824015555
A,1.0,77.21683970805827
A,1.0,60.876376558734826
A,1.0,111.07849725436532
A,1.0,208.688882080586
A,1.0,126.21574325944678
A,1.0,5.457119641033627
A,1.0,126.05374594088129
A,1.0,63.05436937261974
A,1.0,148.189791630484
A,1.0,19.972868488626993
A,1.0,776.5561240207519
A,1.0,77.37063048688117
A,1.0,134.99676668184904
A,1.0,376.34081770777414
A,1.0,59.08417999998956
A,1.0,942.1635150490847
A,1.0,196.7287994236076
A,1.0,135.99776593218235
A,1.0,86.14938700871399
A,1.0,146.25288196727814
A,1.0,127.37086326818066
A,1.0,206.59722272585418
A,1.0,216.0057325673616
A,1.0,167.9669379682833
A,1.0,431.80148827392105
A,1.0,61.92320454504878
A,1.0,355.5082439569838
A,1.0,32.497228577140575
A,1.0,92.8508899032162
A,1.0,90.11258877459372
A,1.0,406.8959782674401
A,1.0,320.3703087956784
A,1.0,9.387994881175896
A,1.0,45.464898489057745
A,1.0,242.61350353994138
A,1.0,68.77586074894037
A,1.0,82.47345998520471
A,1.0,103.85198166016896
A,1.0,28.554824053852435
A,1.0,84.56736520039703
A,1.0,413.1316836788699
A,1.0,28.193876979064925
A,1.0,361.64129504817674
A,1.0,16.071813292676936
A,1.0,85.38736690118483
A,1.0,257.6320638510416
A,1.0,147.41369611557326
A,1.0,392.5152492965061
A,1.0,30.784963956853336
A,1.0,61.59902844221634
A,1.0,204.79993206309086
A,1.0,45.260020863412485
A,1.0,500.3294669029749
A,1.0,130.68505903280462
A,1.0,62.720399747028
A,1.0,18.502310533182936
A,1.0,26.965808640907152
A,1.0,88.724020912151
A,1.0,100.92447656542497
A,1.0,246.41149920235506
A,1.0,116.27862781855939
A,1.0,42.449242941485124
A,1.0,40.33585136096938
A,1.0,92.51181140540069
A,1.0,496.74570312559575
A,1.0,29.065274364443276
A,1.0,138.54132707453337
A,1.0,50.73713288776795
A,1.0,27.232143467656737
A,1.0,119.53788232729461
A,1.0,83.89868159089457
A,1.0,45.02153349958102
A,1.0,43.98850320638334
A,1.0,133.03285435490255
A,1.0,32.56959250554861
A,1.0,55.097955211396695
A,1.0,182.76100372082755
A,1.0,75.16131172110951
A,1.0,313.0939449324966
A,1.0,110.64619381878234
A,1.0,70.62717414422997
A,1.0,279.71567586990875
A,1.0,74.6776775928802
A,1.0,80.66919504360834
A,1.0,502.03106284416924
A,1.0,79.19137499622471
A,1.0,72.39115827946497
A,1.0,207.43853672386595
A,1.0,78.43977030596517
A,1.0,63.00816760062205
A,1.0,39.46568044249365
A,1.0,231.97487151425628
A,1.0,249.0227886594989
A,1.0,80.27361140988232
A,1.0,289.93334568185816
A,1.0,47.11290734138531
A,1.0,106.35484525451335
A,1.0,146.2999816596045
A,1.0,72.24620337362693
A,1.0,88.14989192322325
A,1.0,24.526063358897513
A,1.0,31.38062929190108
A,1.0,70.91728940324353
A,1.0,107.63920394537385
A,1.0,38.23195183712319
A,1.0,33.605416464459545
A,1.0,84.8510026307774
A,1.0,87.66679314463838
A,1.0,764.2637291257506
A,1.0,65.78768955620275
A,1.0,56.837324229431026
A,1.0,141.40277282008657
A,1.0,100.58695299965777
A,1.0,56.58841827921173
A,1.0,24.103209448676157
A,1.0,81.67821664954286
A,1.0,60.488514143601776
A,1.0,128.69061522562214
A,1.0,216.22858274017645
A,1.0,110.43798199584795
A,1.0,138.9032756923491
A,1.0,137.55311081215723
A,1.0,48.357660494266554
A,1.0,34.73714574638909
A,1.0,171.42549736710507
A,1.0,168.27199080339457
A,1.0,63.84737675834667
A,1.0,43.53464432057021
A,1.0,215.82755046471956
A,1.0,146.97039015410581
A,1.0,74.36402385702772
A,1.0,109.06926764613021
A,1.0,73.37000649661248
A,1.0,55.17569716029541
A,1.0,405.81641342965224
A,1.0,201.64988562566154
A,1.0,200.1850598206166
A,1.0,125.47360606151344
A,1.0,192.22537538502544
A,1.0,73.7197383532473
A,1.0,367.6745517645624
A,1.0,67.84482744055948
A,1.0,137.62527852601562
A,1.0,220.4877169152589
A,1.0,118.01870322586385
A,1.0,124.62658976907183
A,1.0,94.40282029257024
A,1.0,90.51532251120894
A,1.0,97.8425511755076
A,1.0,28.418718513061094
A,1.0,165.34311744912958
A,1.0,313.5689026828173
A,1.0,93.648565764751
A,1.0,85.11555137304492
A,1.0,51.39908871918318
A,1.0,119.39657879178681
A,1.0,57.51250952094933
A,1.0,51.86050397451191
A,1.0,105.26419245722384
A,1.0,55.2472835410799
A,1.0,389.78466491452474
A,1.0,187.55351806531368
A,1.0,26.16984047037754
A,1.0,284.49943899042336
A,1.0,103.14162762641423
A,1.0,153.91237970898777
A,1.0,531.5794738040358
A,1.0,55.49168205010305
A,1.0,64.47304249629852
A,1.0,21.033876357493114
A,1.0,61.979656574337085
A,1.0,56.52664682058415
A,1.0,116.50400100752898
A,1.0,31.373980861697184
A,1.0,600.428980126404
A,1.0,20.12314792509982
A,1.0,404.925409276513
A,1.0,268.7929076667188
A,1.0,81.74520963175918
A,1.0,111.00633692514815
A,1.0,24.5018489154139
A,1.0,282.2422628405423
A,1.0,263.70941249883356
A,1.0,48.89236386082324
A,1.0,299.9304971792633
A,1.0,31.262523379841582
A,1.0,85.51115581112668
A,1.0,66.35714995522753
A,1.0,50.41315305033416
A,1.0,67.9031017115487
A,1.0,1000.0
A,1.0,165.51849400564487
A,1.0,44.11365979495577
A,1.0,13.396430794071245
A,1.0,571.3515838502841
A,1.0,107.97484898906735
A,1.0,67.29286319938383
A,1.0,71.86161934978514
A,1.0,199.5405040794392
A,1.0,270.1195996238113
A,1.0,81.25136260554534
A,1.0,149.6237079424455
A,1.0,92.54971344746878
A,1.0,204.75283630744465
A,1.0,150.99919162836702
A,1.0,69.29339807260106
A,1.0,337.01802788197205
A,1.0,17.87196030311958
A,1.0,35.904084138707525
A,1.0,18.10319380305542
A,1.0,268.35746469032995
A,1.0,461.0402369247761
A,1.0,146.03815103171573
A,1.0,254.37840130130456
A,1.0,94.55975619837206
A,1.0,35.22987378117029
A,1.0,230.44742677407555
A,1.0,127.48588640245069
A,1.0,142.34732030607032
A,1.0,224.85713297688238
A,1.0,54.34101812423812
A,1.0,65.56924731996688
A,1.0,77.70377016444814
A,1.0,360.53782326824023
A,1.0,365.779033703062
A,1.0,214.38218809955873
A,1.0,75.90608246863376
A,1.0,112.30572148082372
A,1.0,67.83844623627792
A,1.0,40.9444177130177
A,1.0,73.06869753508309
A,1.0,8.301875163587262
A,1.0,367.1751840523762
A,1.0,191.93380850371562
A,1.0,29.97887859197616
A,1.0,26.764250293420297
A,1.0,69.97693433096627
A,1.0,122.1703925493315
A,1.0,100.49024947874126
A,1.0,96.72551379685527
A,1.0,60.047643924995704
A,1.0,38.459275253396235
A,1.0,79.13724745837737
A,1.0,655.6274880908719
A,1.0,147.4191951929867
A,1.0,276.40771939933205
A,1.0,57.154124385382424
A,1.0,8.744154701846485
A,1.0,131.69730472700533
A,1.0,33.404701552270105
A,1.0,148.73435403953093
A,1.0,76.24360099615981
A,1.0,175.94087608905176
A,1.0,438.62128549367185
A,1.0,125.54995613483511
A,1.0,788.1603898212177
A,1.0,480.613538648306
A,1.0,195.60069214328772
A,1.0,1000.0
A,1.0,31.474418767447432
A,1.0,135.85719537200717
A,1.0,38.19706632330588
A,1.0,469.3453391317751
A,1.0,779.8912009867084
A,1.0,36.51053247373157
A,1.0,158.8917897893598
A,1.0,272.7744448574059
A,1.0,42.295814149275586
A,1.0,274.4302376805716
A,1.0,53.928154447773196
A,1.0,60.306628239018416
A,1.0,105.39045981611415
A,1.0,22.475228121766396
A,1.0,9.1034881052081
A,1.0,288.6138427525051
A,1.0,46.54527846410401
A,1.0,142.88298383561974
A,1.0,140.9857507980551
A,1.0,69.47385504277277
A,1.0,362.60997558409514
A,1.0,46.08364865963705
A,1.0,44.188225398386486
A,1.0,181.5407204357571
A,1.0,26.863827121835417
A,1.0,126.32225003302133
A,1.0,68.80090766553319
A,1.0,22.077023464178524
A,1.0,120.20498920709751
A,1.0,55.94172400598611
A,1.0,297.296398436239
A,1.0,57.158519371409035
A,1.0,120.29918923583644
A,1.0,216.78094553871418
A,1.0,270.3897983597803
A,1.0,21.792623171096462
A,1.0,29.30160251572568
A,1.0,129.51905256122478
A,1.0,175.33395514893687
A,1.0,300.241587703721
A,1.0,71.97373767686703
A,1.0,244.11680490763933
A,1.0,85.54967466510008
A,1.0,18.064751327283464
A,1.0,252.08324699706003
A,1.0,84.2230358454366
A,1.0,344.56680561841125
A,1.0,271.25942075437626
A,1.0,700.5112801528131
A,1.0,226.26624642507468
A,1.0,194.99247576430125
A,1.0,515.5020511813348
A,1.0,91.80223272395918
A,1.0,102.8017606209594
A,1.0,45.76464952366021
A,1.0,16.364295401864755
A,1.0,292.62256595359764
A,1.0,159.020226817204
A,1.0,54.047753338926334
A,1.0,36.18475990249555
A,1.0,94.52299778692756
A,1.0,105.68892087729783
A,1.0,64.99985078127409
A,1.0,1000.0
A,1.0,169.04215800318514
A,1.0,63.998876912322196
A,1.0,18.777628044883798
A,1.0,149.66520578099377
A,1.0,48.7550208886713
A,1.0,299.0881320183266
A,1.0,37.75733979720082
A,1.0,249.61257153013975
A,1.0,59.238300127774984
A,1.0,240.33805561686157
A,1.0,331.98224168311873
A,1.0,58.44153947251089
A,1.0,217.0291111618701
A,1.0,224.44008350517214
A,1.0,83.36985744633616
A,1.0,63.88023763371471
A,1.0,155.78048951221706
A,1.0,415.51384546292303
A,1.0,21.024669700175846
A,1.0,163.12282195116572
A,1.0,141.88607488262377
A,1.0,34.34390260051092
A,1.0,55.58836823399981
A,1.0,165.28844796378525
A,1.0,740.2302403513054
A,1.0,185.7273669127705
A,1.0,116.22916117414313
A,1.0,76.10064647071124
A,1.0,143.33265566185594
A,1.0,75.02222280588747
A,1.0,162.54426138578856
A,1.0,56.50470807796063
A,1.0,90.12950556702465
A,1.0,16.22128105733133
A,1.0,271.4801204347681
A,1.0,30.174181228143688
A,1.0,45.806780177450015
A,1.0,149.21172429033246
A,1.0,107.3199683524016
A,1.0,243.91944006019577
A,1.0,283.63233451109477
A,1.0,402.05370433835384
A,1.0,68.05325715678198
A,1.0,46.90643823601921
A,1.0,118.05758283920626
A,1.0,103.01729298137826
A,1.0,68.1795145855559
A,1.0,202.51867031109126
A,1.0,62.581409587512816
A,1.0,56.757519561953494
A,1.0,165.34920367655573
A,1.0,87.72277218408193
A,1.0,107.38322592353575
A,1.0,84.4813492690036
A,1.0,203.488532552453
A,1.0,167.28740811163422
A,1.0,27.243664681072637
A,1.0,91.95795917500098
A,1.0,69.36739214119046
A,1.0,247.96917153483537
A,1.0,90.37886453561369
A,1.0,90.41596694668519
A,1.0,251.80217008313141
A,1.0,215.71221267703595
A,1.0,16.619789449184335
A,1.0,30.348737110494156
A,1.0,161.56925708618996
A,1.0,86.3737075764113
A,1.0,148.00366118567825
A,1.0,470.72302286606583
A,1.0,127.34806152991251
A,1.0,227.87400394340975
A,1.0,242.97157009799778
A,1.0,96.9753885939458
A,1.0,99.93709091284482
A,1.0,142.31060471089685
A,1.0,261.6397045652637
A,1.0,292.6422924088627
A,1.0,108.36122712350134
A,1.0,34.94558958905597
A,1.0,99.16452078459379
A,1.0,94.5923173178492
A,1.0,65.39643046471198
A,1.0,146.2790858662825
A,1.0,148.25867545100144
A,1.0,156.0698018592298
A,1.0,610.5126727703107
A,1.0,94.20346102057022
A,1.0,384.8202899903693
A,1.0,149.66266718837517
A,1.0,211.003042063149
A,1.0,245.8221433962435
A,1.0,201.80821455082722
A,1.0,38.60554343263379
A,1.0,33.87550563116248
A,1.0,144.37680729138995
A,1.0,163.49010533459412
A,1.0,34.457362776573625
A,1.0,93.70805182955064
A,1.0,69.4368390093606
A,1.0,37.404152881603245
A,1.0,317.30993153171073
A,1.0,835.5885274478719
A,1.0,140.90802538946946
A,1.0,206.90544173944505
A,1.0,60.00790910558764
A,1.0,10.469078463076844
A,1.0,840.682681312464
A,1.0,128.09933058046252
A,1.0,182.88608932033353
A,1.0,206.6280577029122
A,1.0,121.0889327135394
A,1.0,102.5890066403478
A,1.0,55.27772434500234
A,1.0,33.1131396224527
A,1.0,24.32768238120447
A,1.0,20.204266145562773
A,1.0,136.698766465933
A,1.0,68.71421602507077
A,1.0,301.63439313121
A,1.0,110.44355360155932
A,1.0,216.88514135521498
A,1.0,125.15764679518357
A,1.0,159.50026787848273
A,1.0,50.047883748592575
A,1.0,88.58147589165957
A,1.0,391.292120620925
A,1.0,33.10038488174562
A,1.0,45.90889618652494
A,1.0,132.81095849899472
A,1.0,151.8235365749743
A,1.0,111.64332965964162
A,1.0,130.88573708964682
A,1.0,34.2973895628528
A,1.0,91.46504041020049
A,1.0,77.64480567873255
A,1.0,97.90351609038807
A,1.0,675.7357238423614
A,1.0,215.541298479994
A,1.0,457.5635384980491
A,1.0,190.96097593039727
A,1.0,23.734300114656758
A,1.0,95.54410401923906
A,1.0,414.1419755366009
A,1.0,1000.0
A,1.0,511.5369917843603
A,1.0,28.319662011847658
A,1.0,80.1682438324213
A,1.0,36.47861968247942
A,1.0,33.99989114809573
A,1.0,59.57568040545092
A,1.0,171.4380442198852
A,1.0,531.002952073024
A,1.0,6.51470097049072
A,1.0,101.95162699072893
A,1.0,206.59425408062785
A,1.0,395.3577752117522
A,1.0,52.87950368537959
A,1.0,128.52301347761383
A,1.0,16.828478008749794
A,1.0,211.2623307631614
A,1.0,252.4235071101684
A,1.0,154.72917504443515
A,1.0,206.29538388074218
A,1.0,54.770607350295215
A,1.0,24.758159874870667
A,1.0,119.56654126026079
A,1.0,64.28822016024209
A,1.0,172.32952790414123
A,1.0,132.91253290462515
A,1.0,104.49396831224954
A,1.0,371.5788575581755
A,1.0,24.16499990811696
A,1.0,89.59669299060896
A,1.0,171.33672506502577
A,1.0,85.9790884008976
A,1.0,104.63392487088548
A,1.0,90.66821783880424
A,1.0,24.39751617244685
A,1.0,12.134595453884494
A,1.0,212.76667808699278
A,1.0,106.75359946433609
A,1.0,40.93441268943559
A,1.0,683.1550106846388
A,1.0,68.42748651040957
A,1.0,167.63832931142528
A,1.0,141.49587767268298
A,1.0,113.63506575057087
A,1.0,306.97212861914625
A,1.0,77.44110321489433
A,1.0,58.01406768418171
A,1.0,59.56715532679938
A,1.0,49.20663537815888
A,1.0,43.49193892930004
A,1.0,22.948968866783574
A,1.0,160.02151612383616
A,1.0,386.94535978609224
A,1.0,35.43977133100939
A,1.0,812.378157009726
A,1.0,158.86187976696192
A,1.0,269.7997573965562
A,1.0,51.76503209955084
A,1.0,141.39882018157513
A,1.0,80.81974474636722
A,1.0,19.854402127532705
A,1.0,413.4918193603525
A,1.0,184.43856641306795
A,1.0,62.27286601823171
A,1.0,11.87449216781783
A,1.0,58.573909545532956
A,1.0,44.87168692776162
A,1.0,604.7315801154112
A,1.0,142.67251029001682
A,1.0,21.05287012349082
A,1.0,46.909010167624544
A,1.0,119.49928876665439
A,1.0,95.06416305128704
A,1.0,61.21551335381068
A,1.0,215.8535831486591
A,1.0,58.630540196935115
A,1.0,128.0148236486899
A,1.0,78.08291230170218
A,1.0,9.05116378676856
A,1.0,413.7728768897648
A,1.0,77.29101982301269
A,1.0,75.60025945054416
A,1.0,92.583159239561
A,1.0,62.185039685073654
A,1.0,97.74791512359181
A,1.0,59.84792467625318
A,1.0,53.14726390688708
A,1.0,132.73958935101427
A,1.0,175.37482044571937
A,1.0,62.75144622058304
A,1.0,121.30659951619934
A,1.0,210.98720546298898
A,1.0,37.937219365553226
A,1.0,233.4462296158896
A,1.0,247.57503315626434
A,1.0,37.05319589805113
A,1.0,84.70221602967837
A,1.0,920.6814355636809
A,1.0,215.21711149540351
A,1.0,22.351607712824617
A,1.0,72.68179265127031
A,1.0,105.9285855199268
A,1.0,34.94866407632809
A,1.0,244.43014319890676
A,1.0,468.5361604250945
A,1.0,22.86083177143569
A,1.0,231.75075157775603
A,1.0,96.84118723087408
A,1.0,125.97381847795185
A,1.0,22.17211886958345
A,1.0,94.72548424135191
A,1.0,294.4228058186327
A,1.0,62.43480570824047
A,1.0,118.5125639204557
A,1.0,48.94350418484317
A,1.0,148.08671714060873
A,1.0,258.48178027762305
A,1.0,5.363498845215042
A,1.0,471.6613332276307
A,1.0,79.27419576264508
A,1.0,193.50559067742142
A,1.0,52.761255036464675
A,1.0,609.6897938274119
A,1.0,183.3998280917557
A,1.0,64.16676482361046
A,1.0,56.911366184696426
A,1.0,228.85383404136263
A,1.0,116.79445430524457
A,1.0,175.1986480824826
A,1.0,37.49895338131702
A,1.0,126.26920424990514
A,1.0,147.92548064472751
A,1.0,34.91831093931806
A,1.0,58.66042314384962
A,1.0,273.11905531663956
A,1.0,136.74640157186852
A,1.0,34.759999399609626
A,1.0,85.5030601938146
A,1.0,236.2039766463188
A,1.0,269.236892439636
A,1.0,112.65317799369217
A,1.0,46.948710698847584
A,1.0,10.239490735790922
A,1.0,281.8551652926331
A,1.0,117.65939411816083
A,1.0,39.505583949710704
A,1.0,215.17420405966467
A,1.0,21.504227150409818
A,1.0,434.2013983281316
A,1.0,35.285908948266
A,1.0,795.3005402335523
A,1.0,27.300334261282746
A,1.0,477.6550268242132
A,1.0,94.93946512058889
A,1.0,306.04183066854927
A,1.0,105.9522075683587
A,1.0,40.04087369169742
A,1.0,116.56220827046289
A,1.0,77.58705336036891
A,1.0,61.331964314968815
A,1.0,45.42174356901764
A,1.0,79.5140816335831
A,1.0,45.37373565003077
A,1.0,89.43671616186298
A,1.0,80.11057838743787
A,1.0,541.6826234956428
A,1.0,129.3953275240115
A,1.0,57.3268870334593
A,1.0,18.86433158024893
A,1.0,132.80414025031376
A,1.0,23.86380424367724
A,1.0,14.079848388485484
A,1.0,138.84928637238576
A,1.0,16.929359804799603
A,1.0,42.92061673541988
A,1.0,33.5245153773109
A,1.0,38.40894215663047
A,1.0,67.27476317916077
A,1.0,51.66438372506555
A,1.0,250.3867478995213
A,1.0,61.339952966360826
A,1.0,60.13859952358661
A,1.0,205.5633660776619
A,1.0,178.58448403615046
A,1.0,376.40436073903965
A,1.0,79.27966689197973
A,1.0,147.8867658150972
A,1.0,134.99681120244725
A,1.0,18.359169617880987
A,1.0,514.8190649706904
A,1.0,257.6941350270462
A,1.0,308.9472085713958
A,1.0,249.91684684148714
A,1.0,191.48900305230268
A,1.0,137.7719029743111
A,1.0,102.03990603741495
A,1.0,372.4256975106545
A,1.0,92.11378509807432
A,1.0,189.2125170965547
A,1.0,59.79699028786797
A,1.0,61.82791811292574
A,1.0,32.6746298378892
A,1.0,26.051593683021107
A,1.0,100.48771105662291
A,1.0,151.7585145180669
A,1.0,100.57632919161559
A,1.0,65.86892707409342
A,1.0,54.031334691778795
A,1.0,37.1046276116217
A,1.0,136.55278935428075
A,1.0,43.641189690505655
A,1.0,16.445239866753013
A,1.0,192.13491953070147
A,1.0,422.4463690218624
A,1.0,211.4778378358528
A,1.0,347.8576423881211
A,1.0,72.89922079452263
A,1.0,75.28364674338941
A,1.0,57.18532087047065
A,1.0,217.40738520528
A,1.0,176.06364745873123
A,1.0,99.85915090873935
A,1.0,100.88574677950231
A,1.0,47.46706007605841
A,1.0,112.0705595657685
A,1.0,154.05000229386104
A,1.0,83.07372393477317
A,1.0,183.70777839261586
A,1.0,224.57694892056307
A,1.0,131.63072791140303
A,1.0,228.18805889514107
A,1.0,64.89118441616193
A,1.0,81.47739571182395
A,1.0,327.4243642886699
A,1.0,98.87663583940176
A,1.0,47.75614305566778
A,1.0,72.556689031921
A,1.0,32.53115455401305
A,1.0,116.11886163469431
A,1.0,84.39145017321252
A,1.0,180.40239795043973
A,1.0,296.7582078364511
A,1.0,338.61735647494123
A,1.0,33.5041519210435
A,1.0,128.08499243418927
A,1.0,47.19175576228644
A,1.0,236.26940170240408
A,1.0,140.5404143497707
A,1.0,379.4966662244478
A,1.0,122.0999449200198
A,1.0,101.65859905726437
A,1.0,115.6715459953091
A,1.0,79.03196395705352
A,1.0,122.84616704242057
A,1.0,95.57514798586367
A,1.0,60.81063731536139
A,1.0,225.64141151105918
A,1.0,368.774227857957
A,1.0,17.94785311825951
A,1.0,51.25239601038756
A,1.0,229.4243513963294
A,1.0,210.12319030609382
A,1.0,36.89426679413612
A,1.0,168.9984965662321
A,1.0,302.73942058695917
A,1.0,139.75188945862317
A,1.0,133.7428455567228
A,1.0,157.19420832203193
A,1.0,32.46016889269098
A,1.0,92.75294977297857
A,1.0,128.03690824537793
A,1.0,5.76956194420176
A,1.0,19.626866279184874
A,1.0,764.6167806929078
A,1.0,60.32256167071735
A,1.0,92.44385408834663
A,1.0,114.12572336641445
A,1.0,68.33298833515732
A,1.0,285.53135109724616
A,1.0,166.23612712747027
A,1.0,198.87183670076837
A,1.0,68.71608792126727
A,1.0,80.32701285445623
A,1.0,32.668218670128255
A,1.0,175.7165789698033
A,1.0,172.02604438781097
A,1.0,250.5866029077818
A,1.0,822.4096855271745
A,1.0,73.77232934986128
A,1.0,61.35042954806488
A,1.0,139.82803508324932
A,1.0,176.85945474114655
A,1.0,103.19100956885333
A,1.0,25.884556246199157
A,1.0,38.36768320197685
A,1.0,51.512072284209296
A,1.0,125.34358993374497
A,1.0,67.400962212065
A,1.0,96.91497512979653
A,1.0,70.50458366501162
A,1.0,110.91144571224648
A,1.0,64.70185424067309
A,1.0,30.76648152263046
A,1.0,739.6240269138417
A,1.0,36.27164155453903
A,1.0,91.23369941791596
A,1.0,101.10096777675565
A,1.0,376.1647105143898
A,1.0,112.12245746509463
A,1.0,86.01020471587248
A,1.0,31.19524463912804
A,1.0,205.17880711964733
A,1.0,56.23502355637478
A,1.0,71.99170558259942
A,1.0,177.74545988758297
A,1.0,78.82915483591064
A,1.0,26.73743997477542
A,1.0,300.8351655834105
A,1.0,173.58807959292142
A,1.0,81.7886697991486
A,1.0,236.97055779147254
A,1.0,74.4342604046238
A,1.0,572.9663655640925
A,1.0,145.88176820589962
A,1.0,55.81187302443975
A,1.0,34.989917357715804
A,1.0,83.75400499721357
A,1.0,29.693413994021913
A,1.0,84.64446226919985
A,1.0,200.52273726254353
A,1.0,124.67345847059553
A,1.0,78.522008315477
A,1.0,66.78229717840576
A,1.0,327.184132759414
A,1.0,520.7943170036312
A,1.0,61.25046248345207
A,1.0,486.37324429759684
A,1.0,53.14480986258398
A,1.0,268.9952237792421
A,1.0,426.9600288626082
A,1.0,102.89417938573038
A,1.0,61.7925791336313
A,1.0,75.83458929079735
A,1.0,47.68312811757213
A,1.0,16.241679634394107
A,1.0,88.74398133182953
A,1.0,119.84351359836553
A,1.0,93.29405648925236
A,1.0,97.92349310793026
A,1.0,70.4985680110218
A,1.0,118.61478255108892
A,1.0,276.8020008473432
A,1.0,200.04970322366532
A,1.0,39.22124665468518
A,1.0,107.13351052569715
A,1.0,50.29264276256458
A,1.0,336.13791228396497
A,1.0,220.77284220627214
A,1.0,148.09851865011464
A,1.0,306.45127696197335
A,1.0,23.87013164821512
A,1.0,239.37184073258973
A,1.0,132.79852725989392
A,1.0,279.5109449799258
A,1.0,824.875836321289
A,1.0,51.24186117726213
A,1.0,103.69573133083246
A,1.0,83.99794383862424
A,1.0,211.3903782154475
A,1.0,53.85322158065175
A,1.0,200.0831962867954
A,1.0,95.87214688433663
A,1.0,85.34181234798938
A,1.0,186.48338660624594
A,1.0,23.399622465594906
A,1.0,169.92429228267153
A,1.0,144.43182663637776
A,1.0,13.53135113651567
A,1.0,73.8496510343037
A,1.0,256.61228669054105
A,1.0,122.64848062754865
A,1.0,287.1472232158434
A,1.0,107.66721437695286
A,1.0,11.395895520054957
A,1.0,291.8984892291499
A,1.0,1000.0
A,1.0,26.585774125638164
A,1.0,113.13098332044802
A,1.0,870.5673141160064
A,1.0,299.17062840828527
A,1.0,29.72648483780236
A,1.0,156.4862789908631
A,1.0,51.80451814246142
A,1.0,95.74573521069443
A,1.0,39.69522926514784
A,1.0,32.925638881239635
A,1.0,67.33658386489715
A,1.0,79.45641287706317
A,1.0,37.05099261054398
A,1.0,85.32218196696381
A,1.0,42.52653176095934
A,1.0,42.12734708154596
A,1.0,77.66642700558985
A,1.0,263.0684664963617
A,1.0,119.63527421728126
A,1.0,354.47022164492626
A,1.0,88.83451441874698
A,1.0,125.86750637775835
A,1.0,105.97113979212435
A,1.0,117.02158027699213
A,1.0,102.94274125164837
A,1.0,93.06755334488959
A,1.0,215.70007229284948
A,1.0,320.5513419384552
A,1.0,499.75028032610743
A,1.0,34.244648878582574
A,1.0,49.36463373583056
A,1.0,182.242901041659
A,1.0,155.34683275749424
A,1.0,83.45425594552222
A,1.0,205.39317073125113
A,1.0,137.65849827239143
A,1.0,65.96336749860606
A,1.0,149.28249311216913
A,1.0,326.0117336668811
A,1.0,228.4583718850787
A,1.0,122.6787393060313
A,1.0,95.60196760201214
A,1.0,157.47662383303123
A,1.0,70.17282339323623
A,1.0,47.862261086380656
A,1.0,78.36700607791931
A,1.0,338.0719817208108
A,1.0,56.04290751683162
A,1.0,332.2890066312558
A,1.0,91.15310313560515
A,1.0,168.8826148035134
A,1.0,50.81342198283317
A,1.0,72.67858948323273
A,1.0,145.80242018434532
A,1.0,84.41216077211557
A,1.0,106.17497836793731
A,1.0,170.6193469088746
A,1.0,76.57548264719662
A,1.0,185.56366184258366
A,1.0,140.1469219995084
A,1.0,181.8294106295196
A,1.0,70.48971334372045
A,1.0,86.40649378961481
A,1.0,51.71463603581283
A,1.0,26.546848667880095
A,1.0,101.11909022095809
A,1.0,30.662113411156636
A,1.0,312.37965376813776
A,1.0,126.05313666641261
A,1.0,209.6271068747448
A,1.0,46.79311861347991
A,1.0,218.24475591171395
A,1.0,53.52353070728069
A,1.0,78.97387587654106
A,1.0,539.1171171750526
A,1.0,159.21583241269542
A,1.0,254.74809874727654
A,1.0,7.9844243502323735
A,1.0,644.8027131240598
A,1.0,122.44573728629427
A,1.0,87.68114620728673
A,1.0,66.08372123179126
A,1.0,10.376111623628189
A,1.0,222.97604576465378
A,1.0,47.55640416530239
A,1.0,36.08091904482458
A,1.0,96.5045462846638
A,1.0,31.824508080116157
A,1.0,272.1746403110189
A,1.0,183.4845133230307
A,1.0,48.88753711435962
A,1.0,132.27451754656155
A,1.0,345.1753823174531
A,1.0,92.07421240330966
A,1.0,273.3299290471243
A,1.0,51.014035172415085
A,1.0,79.54602826453414
A,1.0,158.24910576867168
A,1.0,110.18880643574303
A,1.0,28.211033794805118
A,1.0,76.72948535141843
A,1.0,173.74994338911463
A,1.0,45.089296881832404
A,1.0,95.80661893051926
A,1.0,117.73535473052603
A,1.0,278.8585532337582
A,1.0,10.13435946080581
A,1.0,147.1646282971951
A,1.0,73.56867722390395
A,1.0,289.12008892733337
A,1.0,42.78449097356069
A,1.0,61.71626095930088
A,1.0,50.48129239072108
A,1.0,70.6209713000751
A,1.0,73.99458929082103
A,1.0,32.63646647851189
A,1.0,78.47194995121707
A,1.0,89.07483576581838
A,1.0,39.191425005973095
A,1.0,166.26728287373982
A,1.0,230.33644697099734
A,1.0,93.27352819846452
A,1.0,160.34535392048127
A,1.0,258.835888261688
A,1.0,278.9286628722235
A,1.0,185.9808651293538
A,1.0,118.62333080879083
A,1.0,179.78837599172184
A,1.0,61.81436297589863
A,1.0,62.04643486203107
A,1.0,395.12813492084155
A,1.0,94.445170288984
A,1.0,53.99780118510366
A,1.0,25.061719943626024
A,1.0,29.714374422437754
A,1.0,211.3480030829992
A,1.0,39.726730200511646
A,1.0,108.99567053989509
A,1.0,1000.0
A,1.0,179.89026318981425
A,1.0,55.49110915718543
A,1.0,29.214919786995676
A,1.0,144.2636579499102
A,1.0,1000.0
A,1.0,15.910216235380224
A,1.0,227.2009018886129
A,1.0,87.90071678017762
A,1.0,353.20995189432693
A,1.0,306.59841310674386
A,1.0,160.35719200688885
A,1.0,157.01564543365268
A,1.0,148.8501052562142
A,1.0,38.165672248301
A,1.0,162.29583693839788
A,1.0,108.68183705870658
A,1.0,85.96806538628321
A,1.0,230.92882145547253
A,1.0,230.11875867724308
A,1.0,450.87469455168133
A,1.0,29.917695011327645
A,1.0,173.12759438141163
A,1.0,28.066288971409026
A,1.0,26.002478620182057
A,1.0,151.24872322330893
A,1.0,71.07988645180902
A,1.0,214.4969557244879
A,1.0,112.52867151325667
A,1.0,325.45271702565407
A,1.0,198.0523823262335
A,1.0,280.0156867208112
A,1.0,446.82052578151587
A,1.0,156.91884939356171
A,1.0,203.41579257422558
A,1.0,178.69572172388064
A,1.0,74.16632262264163
A,1.0,287.23950566454
A,1.0,106.17572268942479
A,1.0,42.712229385419874
A,1.0,241.34759294350428
A,1.0,229.39171252277546
A,1.0,236.98129484156675
A,1.0,557.2386187587628
A,1.0,238.48041622398458
A,1.0,19.099079661074573
A,1.0,97.92446766821512
A,1.0,25.87781866489186
A,1.0,207.94447500573628
A,1.0,375.71803363243833
A,1.0,10.248373672997966
A,1.0,109.20837033872718
A,1.0,196.21689350392697
A,1.0,684.1908904343392
A,1.0,468.0274342638988
A,1.0,108.7501566449851
A,1.0,201.9535134206988
A,1.0,51.28748234672566
A,1.0,105.47060766044787
A,1.0,303.4910965792154
A,1.0,41.735622134058005
A,1.0,28.313378670363367
A,1.0,251.14538801633978
A,1.0,68.79159310904087
A,1.0,164.55869203362843
A,1.0,77.06902209261007
A,1.0,416.52126625189777
A,1.0,97.9038907560371
A,1.0,241.8395992372281
A,1.0,113.77222273274731
A,1.0,8.012791871325884
A,1.0,15.486407952993757
A,1.0,74.20804020195682
A,1.0,136.1848013752809
A,1.0,21.661138171710014
A,1.0,18.528606415841086
A,1.0,320.5599588811513
A,1.0,59.672573439078135
A,1.0,130.94089433662094
A,1.0,149.94393809336833
A,1.0,110.75481280744569
A,1.0,52.30677147375505
A,1.0,291.86986852117417
A,1.0,57.48090516960163
A,1.0,163.87338796054658
A,1.0,183.31185128121155
A,1.0,507.6506376867442
A,1.0,340.02904213090017
A,1.0,81.68883599261396
A,1.0,78.81809763752247
A,1.0,51.31213107144885
A,1.0,267.105943517874
A,1.0,79.65932113641871
A,1.0,128.5594023961811
A,1.0,111.77846595526663
A,1.0,79.6979567515174
A,1.0,81.58781067974076
A,1.0,891.4548366088949
A,1.0,71.76649752216657
A,1.0,60.62282943252792
A,1.0,39.32137447051038
A,1.0,39.09236205237606
A,1.0,221.3968962731862
A,1.0,432.2218664033108
A,1.0,217.66243077934013
A,1.0,66.97164038965145
A,1.0,100.85519115980205
A,1.0,266.29287582180314
A,1.0,73.12867293688043
A,1.0,70.35997866790686
A,1.0,8.6686516589307
A,1.0,195.97274664064324
A,1.0,46.30829684177238
A,1.0,42.50331074507158
A,1.0,86.65907314016872
A,1.0,58.503895115769176
A,1.0,27.248796492278156
A,1.0,126.0604513225059
A,1.0,168.83077730152704
A,1.0,95.45966395938244
A,1.0,35.66433645998132
A,1.0,188.2480629197123
A,1.0,501.4147786137156
A,1.0,62.45584653166887
A,1.0,184.22793077736114
A,1.0,18.931824766912552
A,1.0,151.4852706224791
A,1.0,31.266486788703265
A,1.0,15.788879582240552
A,1.0,437.3854651056721
A,1.0,103.50520950438313
A,1.0,118.53179962830814
A,1.0,58.20993585312723
A,1.0,106.0472864723705
A,1.0,106.34818554733313
A,1.0,155.06391984396498
A,1.0,215.11869172826107
A,1.0,49.65004120061805
A,1.0,23.771691176941964
A,1.0,106.65997523682094
A,1.0,46.05256719303393
A,1.0,68.74182583667667
A,1.0,34.23836292787161
A,1.0,17.076350665312138
A,1.0,93.21898952027094
A,1.0,82.54968281272407
A,1.0,134.0372206255561
A,1.0,20.659188144392626
A,1.0,33.78805834599353
A,1.0,268.75988924472915
A,1.0,158.58673321632673
A,1.0,72.8384882535692
A,1.0,26.550799218337218
A,1.0,453.0484910797253
A,1.0,218.99535226970664
A,1.0,211.6797980846189
A,1.0,92.78614884808509
A,1.0,81.41387048937631
A,1.0,36.535424621363404
A,1.0,404.92703284320714
A,1.0,184.74775283638147
A,1.0,89.04004242914645
A,1.0,26.103179199407112
A,1.0,394.11221781884007
A,1.0,188.31784639424907
A,1.0,23.80108026432875
A,1.0,255.5007273210271
A,1.0,230.13332146906967
A,1.0,140.2227932144307
A,1.0,77.34394234958971
A,1.0,45.32835954880401
A,1.0,47.442392151801236
A,1.0,28.68214719468488
A,1.0,85.58793607101269
A,1.0,16.25070077066292
A,1.0,108.9031420894418
A,1.0,48.410069962398154
A,1.0,50.48503053471135
A,1.0,180.9322491487274
A,1.0,76.47534366736184
A,1.0,17.743022105835774
A,1.0,136.32439418657847
A,1.0,64.31230489704183
A,1.0,127.16877730166684
A,1.0,116.6822902062467
A,1.0,239.66471912634796
A,1.0,61.547997203652194
A,1.0,168.34289248283255
A,1.0,49.8201277086333
A,1.0,29.942387249511203
A,1.0,15.923996085079342
A,1.0,145.30154890193054
A,1.0,187.9975560403532
A,1.0,49.25389350341234
A,1.0,247.88387335229865
A,1.0,314.2068088727822
A,1.0,50.355225797708286
A,1.0,204.80104095403317
A,1.0,169.7572438910096
A,1.0,135.9910649130497
A,1.0,91.75597168795731
A,1.0,32.99664516903437
A,1.0,34.768660460796234
A,1.0,219.8512044977245
A,1.0,419.40776920841347
A,1.0,168.8844053938929
A,1.0,80.03233196966688
A,1.0,59.98497895749604
A,1.0,379.0135166284516
A,1.0,84.00300660064836
A,1.0,25.57351639366122
A,1.0,127.87905024771969
A,1.0,241.2823265547453
A,1.0,135.39040875229767
A,1.0,116.99412371957948
A,1.0,121.98971842352029
A,1.0,131.65118268311718
A,1.0,179.02562869628525
A,1.0,111.26083311610346
A,1.0,180.98807757080456
A,1.0,628.6966372459208
A,1.0,61.2444337783689
A,1.0,96.90207230521864
A,1.0,78.53277176804633
A,1.0,126.88401302981569
A,1.0,95.4803933645923
A,1.0,1000.0
A,1.0,90.29672145734274
A,1.0,219.6842617754714
A,1.0,84.50524911924494
A,1.0,131.77656784131997
A,1.0,433.0078355824866
A,1.0,29.454370721195126
A,1.0,44.72481884583611
A,1.0,41.0105186313994
A,1.0,158.62633560409208
A,1.0,52.42778189984444
A,1.0,21.48019204171391
A,1.0,101.05089441055235
A,1.0,135.4525385380142
A,1.0,134.0626238805049
A,1.0,12.740223973739685
A,1.0,86.51642512329492
A,1.0,77.04586640204555
A,1.0,210.71375640889937
A,1.0,34.455306724571834
A,1.0,61.317852118133274
A,1.0,42.103623122714275
A,1.0,181.52458694856384
A,1.0,80.57846483445176
A,1.0,1000.0
A,1.0,93.71593040560299
A,1.0,78.81196530342811
A,1.0,163.36342021068148
A,1.0,134.8426050433287
A,1.0,24.840847538808088
A,1.0,88.86362805015308
A,1.0,10.694581472921971
A,1.0,21.080042366648406
A,1.0,17.63479554365953
A,1.0,118.23897439995586
A,1.0,69.4808670229596
A,1.0,25.328289958731354
A,1.0,215.1884623199401
A,1.0,193.27289887593525
A,1.0,188.1753898919239
A,1.0,77.58719937046848
A,1.0,137.40949381283733
A,1.0,249.78247056799012
A,1.0,24.44778361968186
A,1.0,277.08897271877964
A,1.0,214.16949378650236
A,1.0,108.35412655465024
A,1.0,40.695551827971585
A,1.0,284.58591778563635
A,1.0,197.05900357789372
A,1.0,199.40688698860316
A,1.0,34.37044601627228
A,1.0,88.48191988108691
A,1.0,32.002891817833714
A,1.0,266.4689936839699
A,1.0,27.099590618811323
A,1.0,14.255342904866298
A,1.0,38.718379324295256
A,1.0,54.277692588826085
A,1.0,299.9400402663591
A,1.0,153.7426669901597
A,1.0,100.47426053905218
A,1.0,189.46257184631733
A,1.0,108.46532670231863
A,1.0,107.84320384858955
A,1.0,147.5761126020759
A,1.0,207.96217698839067
A,1.0,30.143930449461894
A,1.0,47.429881718761614
A,1.0,37.761707655841334
A,1.0,13.515738606647949
A,1.0,109.31113348654088
A,1.0,254.73123581141067
A,1.0,114.18095173702288
A,1.0,51.16792728563244
A,1.0,300.6753066706546
A,1.0,22.689009990321498
A,1.0,101.53446646006924
A,1.0,57.280718413687964
A,1.0,274.51661847570637
A,1.0,32.09875272896734
A,1.0,92.29550484248804
A,1.0,217.7664200195558
A,1.0,265.2111318122529
A,1.0,172.0757813589648
A,1.0,77.04584025443438
A,1.0,176.52928146353622
A,1.0,34.3458900522119
A,1.0,41.73420354877238
A,1.0,38.06742930594495
A,1.0,80.49841626625324
A,1.0,51.03330730140273
A,1.0,64.49868376836363
A,1.0,327.55026904756056
A,1.0,249.62137434595635
A,1.0,112.88437720403553
A,1.0,193.9733322995865
A,1.0,186.20958931833587
A,1.0,81.96691490418712
A,1.0,108.13964973212022
A,1.0,458.01852203667687
A,1.0,89.44741656889578
A,1.0,118.37132896500248
A,1.0,84.871681698616
A,1.0,116.63446926935438
A,1.0,110.62503813717501
A,1.0,73.52216415473724
A,1.0,70.11116636776624
A,1.0,71.14498982691715
A,1.0,32.2259444032043
A,1.0,268.0591255140695
A,1.0,25.577602140100243
A,1.0,35.13705982956996
A,1.0,143.1436198538977
A,1.0,12.032697343890042
A,1.0,218.17794809977477
A,1.0,115.39134226256354
A,1.0,124.83462425707967
A,1.0,187.22014408833166
A,1.0,70.97381103150089
A,1.0,118.73642944477776
A,1.0,384.5046045944442
A,1.0,135.04934985475506
A,1.0,26.77308270309197
A,1.0,147.71301256642843
A,1.0,303.8804575769466
A,1.0,150.62602826982823
A,1.0,71.92572102213573
A,1.0,62.94536696325458
A,1.0,228.27060866933712
A,1.0,37.02041685933969
A,1.0,56.39300717494043
A,1.0,68.83986163659131
A,1.0,89.7300165505526
A,1.0,194.72693896011222
A,1.0,337.99439976691457
A,1.0,43.863729633015026
A,1.0,32.3763009418511
A,1.0,75.2278950996278
A,1.0,44.58618053139445
A,1.0,535.5373857957366
A,1.0,268.2641627664322
A,1.0,390.8755670771969
A,1.0,239.96928820498061
A,1.0,41.49016438691693
A,1.0,231.09357838483078
A,1.0,56.73831174397661
A,1.0,21.871196190152304
A,1.0,209.10301578214813
A,1.0,462.1513786338661
A,1.0,7.996301283474069
A,1.0,46.006159129189186
A,1.0,184.16787140496552
A,1.0,375.5198542294547
A,1.0,190.44010712055672
A,1.0,182.70642388055063
A,1.0,41.73953545588732
A,1.0,330.46504743976243
A,1.0,267.9076117535749
A,1.0,55.36277261849299
A,1.0,33.71647557263708
A,1.0,20.305785977624424
A,1.0,57.256424957677915
A,1.0,136.25805125819082
A,1.0,48.581812593471454
A,1.0,132.0010982483249
A,1.0,87.99521355578237
A,1.0,85.42983615154824
A,1.0,154.26056329604282
A,1.0,63.250963031627144
A,1.0,63.56298490856075
A,1.0,236.38092070464188
A,1.0,228.78217485549595
A,1.0,507.51394466390207
A,1.0,42.578534014217304
A,1.0,168.71398755811634
A,1.0,114.7706721941846
A,1.0,330.064081735186
A,1.0,16.531984319487314
A,1.0,64.7161841200033
A,1.0,98.358028147206
A,1.0,9.019079345194918
A,1.0,149.7585934991739
A,1.0,123.16128227169857
A,1.0,115.11171979389401
A,1.0,207.38167682001722
A,1.0,316.3165995585629
A,1.0,54.78570369073624
A,1.0,63.65629830307849
A,1.0,235.54857758888537
A,1.0,9.661914872554291
A,1.0,101.85834176397701
A,1.0,182.06328650645034
A,1.0,238.9324051622351
A,1.0,170.23685847986008
A,1.0,246.46063580948368
A,1.0,31.237477303031795
A,1.0,48.930659858385205
A,1.0,64.05477680280387
A,1.0,115.07921020029383
A,1.0,90.00332016831577
A,1.0,168.82844381321436
A,1.0,86.30724023879068
A,1.0,150.08774118455503
A,1.0,110.30680201054663
A,1.0,139.78387082035442
A,1.0,83.56388972878358
A,1.0,329.7418257583861
A,1.0,53.668785583721416
A,1.0,327.8797515017644
A,1.0,238.5757039890072
A,1.0,82.77741743936649
A,1.0,42.928753016755465
A,1.0,155.031287412906
A,1.0,661.4812037370216
A,1.0,1000.0
A,1.0,292.1596241168634
A,1.0,157.80336586246761
A,1.0,144.0485004886407
A,1.0,201.13066929029642
A,1.0,194.30688992193575
A,1.0,67.76418359557026
A,1.0,437.1938156762933
A,1.0,190.3581884649747
A,1.0,185.07403855669398
A,1.0,11.678342990974944
A,1.0,25.676382538600407
A,1.0,129.72785175239275
A,1.0,186.170229775187
A,1.0,310.7740305532792
A,1.0,110.49556593761379
A,1.0,266.75736229144667
A,1.0,107.853575436203
A,1.0,33.99732063069315
A,1.0,85.37930957415816
A,1.0,103.90996017372262
A,1.0,247.65667946665192
A,1.0,51.436949397328995
A,1.0,149.59246488373313
A,1.0,240.92004425481144
A,1.0,233.342870771217
A,1.0,647.6449715463219
A,1.0,74.33749447855374
A,1.0,78.8253381944192
A,1.0,107.1248777979727
A,1.0,124.16904483649989
A,1.0,34.709388747576135
A,1.0,302.4324665275639
A,1.0,57.860377397328506
A,1.0,379.2292164080867
A,1.0,20.466074126889193
A,1.0,31.523084644736073
A,1.0,69.27067326175175
A,1.0,176.09266602558105
A,1.0,67.53570703384935
A,1.0,146.89389853443421
A,1.0,64.80998972163977
A,1.0,39.122692670936026
A,1.0,196.26696234846025
A,1.0,192.2947400684064
A,1.0,67.49168913750803
A,1.0,82.12974777407193
A,1.0,450.69737137885545
A,1.0,68.73652397045575
A,1.0,85.48835576266282
A,1.0,179.84429227361343
A,1.0,33.92223388559295
A,1.0,73.24810200599651
A,1.0,34.496601201972844
A,1.0,83.83674991168873
A,1.0,184.89495193903826
A,1.0,175.01214684609374
A,1.0,63.61363180017526
A,1.0,131.00574326490434
A,1.0,170.99380860263116
A,1.0,47.75399925936534
A,1.0,253.8463854356221
A,1.0,227.74079319729051
A,1.0,40.20641065103994
A,1.0,439.7101491342975
A,1.0,61.630311336387955
A,1.0,42.041318699663336
A,1.0,23.262015240721972
A,1.0,216.6700814155273
A,1.0,356.0071242956812
A,1.0,240.80662815141616
A,1.0,146.057917056024
A,1.0,147.17597085635202
A,1.0,18.70979419929307
A,1.0,46.57318151952565
A,1.0,96.26778166352942
A,1.0,182.15967947784986
A,1.0,399.40023677648264
A,1.0,115.51448497482154
A,1.0,38.74174410191595
A,1.0,59.39055309767872
A,1.0,95.1850202227185
A,1.0,98.52243726819476
A,1.0,107.92008679563185
A,1.0,118.58693066959354
A,1.0,105.3134588039136
A,1.0,171.87462561769345
A,1.0,115.61279605878875
A,1.0,350.09000194935055
A,1.0,200.00483985789606
A,1.0,66.46014163715483
A,1.0,117.88026024029456
A,1.0,509.09064441040414
A,1.0,246.45847962198198
A,1.0,76.65484566137843
A,1.0,243.78061316583555
A,1.0,366.29192819942756
A,1.0,136.58304823356193
A,1.0,320.2397244867476
A,1.0,239.64757839386982
A,1.0,286.47576982740406
A,1.0,179.6472787478529
A,1.0,448.5285151539284
A,1.0,260.8734368393587
A,1.0,145.0201066444306
A,1.0,58.14359429513558
A,1.0,338.4227328849571
A,1.0,92.43307840487445
A,1.0,731.886047007575
A,1.0,163.8003948081697
A,1.0,51.92707498884518
A,1.0,470.0141374522255
A,1.0,75.59163792711357
A,1.0,11.443449796728354
A,1.0,157.9792726381518
A,1.0,98.17782925295587
A,1.0,208.26564842130477
A,1.0,15.543039487369322
A,1.0,29.000950081432194
A,1.0,91.09768185797277
A,1.0,138.41084972801775
A,1.0,61.6332541368619
A,1.0,84.84321589398233
A,1.0,158.79069146646245
A,1.0,298.51285616298475
A,1.0,548.6798698634027
A,1.0,341.45801691188854
A,1.0,129.84564680696212
A,1.0,202.41665519142856
A,1.0,43.9451808859959
A,1.0,80.09050770077127
A,1.0,91.39253212293909
A,1.0,703.3899387329956
A,1.0,89.30714022588461
A,1.0,221.92076302253147
A,1.0,118.96706480024731
A,1.0,92.38183356465332
A,1.0,87.08821356876048
A,1.0,59.75338148410009
A,1.0,118.65845374570009
A,1.0,116.08937634128839
A,1.0,60.016236954646395
A,1.0,46.66300213754227
A,1.0,148.3028112091642
A,1.0,109.42134573684316
A,1.0,47.31301390162227
A,1.0,225.456892912021
A,1.0,78.44393530220955
A,1.0,78.66275513867413
A,1.0,73.39851416032012
A,1.0,207.46085478605272
A,1.0,5.265701505007391
A,1.0,87.20372957166019
A,1.0,182.83835941527678
A,1.0,85.72934138085262
A,1.0,115.46920983059704
A,1.0,269.5186869497373
A,1.0,399.3877627079069
A,1.0,221.24040169061908
A,1.0,87.31019152056174
A,1.0,191.606075078047
A,1.0,29.375445633788374
A,1.0,257.74451979081493
A,1.0,96.52099132901286
A,1.0,403.7771461268899
A,1.0,583.0715122987474
A,1.0,103.2689189072284
A,1.0,86.79978191690408
A,1.0,476.6798825382313
A,1.0,47.720533604379
A,1.0,370.70462656830256
A,1.0,40.013729359362294
A,1.0,449.73524869155904
A,1.0,66.3013856809132
A,1.0,24.929562794763584
A,1.0,102.26839631723
A,1.0,52.95488319754235
A,1.0,207.74183051946602
A,1.0,23.241215778466632
A,1.0,167.76295612692664
A,1.0,298.0429568409474
A,1.0,182.61775991336506
A,1.0,167.39103842155106
A,1.0,96.37039996131432
A,1.0,116.06923116799447
A,1.0,167.7265567403034
A,1.0,59.032961281094124
A,1.0,18.14164954799205
A,1.0,70.71967475111823
A,1.0,449.1974806615358
A,1.0,494.70710604623514
A,1.0,113.47893052809229
A,1.0,200.1174815678042
A,1.0,28.296705913042405
A,1.0,144.18843313161827
A,1.0,69.5518643869416
A,1.0,75.56552889337378
A,1.0,96.48124895288385
A,1.0,89.35523431824612
A,1.0,81.74434000986052
A,1.0,16.395591319109112
A,1.0,185.09766764112644
A,1.0,95.87774040961048
A,1.0,91.17852400650285
A,1.0,205.160977933564
A,1.0,140.92549332707384
A,1.0,48.114669267687376
A,1.0,266.94083266529634
A,1.0,61.736295777989966
A,1.0,98.3788510160026
A,1.0,57.69920369836631
A,1.0,125.56796111564506
A,1.0,204.8755211961069
A,1.0,43.72377931530953
A,1.0,94.42536311979885
A,1.0,185.96284953526583
A,1.0,148.53450570536467
A,1.0,122.07603224967264
A,1.0,97.58368931249673
A,1.0,312.0753191399189
A,1.0,107.61583142039561
A,1.0,76.16239759698998
A,1.0,96.98299377896832
A,1.0,10.241692858721887
A,1.0,281.68293291782993
A,1.0,247.6809909810357
A,1.0,204.23024405613177
A,1.0,97.26950862608612
A,1.0,186.2143723063663
A,1.0,133.5200297812013
A,1.0,82.73223227655824
A,1.0,40.93028201090716
A,1.0,131.4230841524014
A,1.0,277.8046052647614
A,1.0,60.6762164067083
A,1.0,227.84406903730297
A,1.0,105.85965086312564
A,1.0,135.675319181163
A,1.0,122.74254533571728
A,1.0,163.74693274908824
A,1.0,83.14261858344973
A,1.0,305.63430659452695
A,1.0,47.5573003809228
A,1.0,94.5360973773585
A,1.0,49.64562907331332
A,1.0,47.73289675201685
A,1.0,121.62833287390214
A,1.0,432.16409077506916
A,1.0,28.603539479615264
A,1.0,140.14800303286123
A,1.0,64.4066600975795
A,1.0,189.60417669061482
A,1.0,96.32711564477665
A,1.0,143.51120832908637
A,1.0,69.62062123110842
A,1.0,130.73064067010893
A,1.0,97.09170911704034
A,1.0,86.40527769209616
A,1.0,58.892929075014095
A,1.0,9.052848336606761
A,1.0,60.78998753858624
A,1.0,97.92397462919207
A,1.0,138.86270805280867
A,1.0,168.9744309653141
A,1.0,86.62009094006916
A,1.0,104.0413333901882
A,1.0,392.5875906129891
A,1.0,176.54402192805324
A,1.0,89.69212911120697
A,1.0,203.10290224845042
A,1.0,58.22664507420384
A,1.0,131.30329046059188
A,1.0,115.01048324502031
A,1.0,34.69052120444801
A,1.0,201.67555216319207
A,1.0,56.6310170618922
A,1.0,77.62624558402685
A,1.0,60.06695899764151
A,1.0,108.0327906466546
A,1.0,90.89148426073457
A,1.0,39.1106646007227
A,1.0,39.48364113484461
A,1.0,125.5665960881247
A,1.0,239.50117363462383
A,1.0,136.7117682007033
A,1.0,70.46529943155087
A,1.0,52.3099798841019
A,1.0,93.76669814155476
A,1.0,167.5421198983395
A,1.0,73.77578480377927
A,1.0,32.287393645788
A,1.0,395.81119921340814
A,1.0,188.69485148160487
A,1.0,53.6482116644029
A,1.0,43.35957446911581
A,1.0,133.50350576121008
A,1.0,16.361498825176845
A,1.0,114.31946252005316
A,1.0,233.429520114996
A,1.0,403.8535754230282
A,1.0,61.62832282872329
A,1.0,85.84307238701994
A,1.0,215.00450031409255
A,1.0,35.9723720398744
A,1.0,43.06178068086138
A,1.0,93.49535437995746
A,1.0,56.13431673589462
A,1.0,51.90910450971622
A,1.0,97.64204260587451
A,1.0,104.88173432785479
A,1.0,126.45906762524146
A,1.0,89.63410070013025
A,1.0,38.684949194774205
A,1.0,91.34763801190992
A,1.0,755.4517925900549
A,1.0,266.9278296239227
A,1.0,171.15298269433825
A,1.0,14.877559999188668
A,1.0,84.10804202336841
A,1.0,91.22996466636718
A,1.0,112.86861708512384
A,1.0,20.944805090015723
A,1.0,36.793913940941806
A,1.0,77.26502118588992
A,1.0,39.60000532774564
A,1.0,274.47830726527104
A,1.0,151.3984401568942
A,1.0,552.5271815588683
A,1.0,47.98744176908163
A,1.0,310.90861008322804
A,1.0,121.77514425785752
A,1.0,133.6441875780063
A,1.0,480.65882839578626
A,1.0,58.87346600147022
A,1.0,33.115051420621775
A,1.0,121.6661916857617
A,1.0,43.9166779426457
A,1.0,86.66409470117075
A,1.0,225.60120339444293
A,1.0,61.51414982407734
A,1.0,5.283680472992327
A,1.0,276.7594854743056
A,1.0,85.54820458883802
A,1.0,283.64718203089313
A,1.0,126.50258952603626
A,1.0,92.67938879616055
A,1.0,34.21309996051242
A,1.0,18.45534663249498
A,1.0,312.5140451860375
A,1.0,60.34787985418458
A,1.0,29.83621819278828
A,1.0,180.12137318318534
A,1.0,131.1931429270262
A,1.0,455.17572312745074
A,1.0,143.38062137352122
A,1.0,45.78687471897694
A,1.0,44.59694991547962
A,1.0,88.11602408949649
A,1.0,193.99380368532735
A,1.0,42.48719253437408
A,1.0,101.8937723035302
A,1.0,515.290911685313
A,1.0,132.92724914972152
A,1.0,72.26875551550755
A,1.0,59.8779630088824
A,1.0,20.88404617881413
A,1.0,63.199469572415936
A,1.0,99.92627804695351
A,1.0,216.65317716250294
A,1.0,303.77631750969846
A,1.0,61.86609516439449
A,1.0,429.2366968013935
A,1.0,31.85941348090592
A,1.0,17.09802604561398
A,1.0,967.2368698174977
A,1.0,83.99878539115073
A,1.0,16.19062732465467
A,1.0,58.7800989572189
A,1.0,95.04264954003624
A,1.0,410.35815506704995
A,1.0,22.26175837359581
A,1.0,227.85983982192454
A,1.0,152.9440807761917
A,1.0,719.1985869659784
A,1.0,37.43958527028223
A,1.0,90.0735663088261
A,1.0,329.3600669229564
A,1.0,122.03188095580153
A,1.0,1000.0
A,1.0,321.7379404068358
A,1.0,917.157004450203
A,1.0,108.65971310683128
A,1.0,77.1810923669519
A,1.0,309.0945821662845
A,1.0,130.75792824501917
A,1.0,40.828030139393135
A,1.0,211.37146292756242
A,1.0,223.61438371150183
A,1.0,415.49742831198597
A,1.0,29.573100603078338
A,1.0,240.03168407286736
A,1.0,133.6484508219506
A,1.0,71.62369772677049
A,1.0,245.9073292692839
A,1.0,598.4929212958566
A,1.0,149.0316476709778
A,1.0,77.4496719378949
A,1.0,26.760054609797653
A,1.0,100.61056572141604
A,1.0,36.324533057340176
A,1.0,44.84287160628613
A,1.0,59.64252282875336
A,1.0,87.03022389502516
A,1.0,14.64427253791359
A,1.0,72.16307108727452
A,1.0,79.65774784917959
A,1.0,333.03570536901447
A,1.0,89.86247888599412
A,1.0,27.091967027180264
A,1.0,249.78838483934888
A,1.0,39.74305819204777
A,1.0,280.86569438674445
A,1.0,229.99668999827222
A,1.0,434.5103165869987
A,1.0,50.45327031465293
A,1.0,412.0565051335379
A,1.0,79.18916534674221
A,1.0,698.9238862872571
A,1.0,120.29211098383632
A,1.0,282.555849718563
A,1.0,53.640998891892295
A,1.0,260.99585258816825
A,1.0,179.15227537718624
A,1.0,425.541331069308
A,1.0,160.38623385467415
A,1.0,94.97802422909669
A,1.0,35.86553737323792
A,1.0,90.79705928561074
A,1.0,72.87360065337263
A,1.0,144.39227286788503
A,1.0,160.66923308891108
A,1.0,105.5162348858641
A,1.0,1000.0
A,1.0,32.1314248909544
A,1.0,35.781869594058605
A,1.0,310.10360013307076
A,1.0,247.7200496421535
A,1.0,178.8552080540128
A,1.0,119.37628582246847
A,1.0,34.4076954599691
A,1.0,446.00176149198546
A,1.0,126.10339202397073
A,1.0,250.45539804183883
A,1.0,31.77854837860076
A,1.0,33.81055578204837
A,1.0,93.36936098853185
A,1.0,51.29899739569288
A,1.0,696.6460001945381
A,1.0,174.97202313966838
A,1.0,26.852844236707938
A,1.0,12.626302430309515
A,1.0,92.98673992039765
A,1.0,64.00163428504231
A,1.0,85.52679882056559
A,1.0,78.82543070078862
A,1.0,102.58748466074498
A,1.0,42.06845543102427
A,1.0,687.1298197585294
A,1.0,83.79722359571855
A,1.0,281.1232831183929
A,1.0,67.31142442713382
A,1.0,81.86166145465388
A,1.0,73.95114461095602
A,1.0,233.08595556210992
A,1.0,54.79441871598191
A,1.0,102.86535829894643
A,1.0,188.24583428696624
A,1.0,45.805073168564434
A,1.0,119.2717671859029
A,1.0,447.5153153785176
A,1.0,59.61426972491968
A,1.0,71.8565691233232
A,1.0,270.5559727506528
A,1.0,103.16930676148193
A,1.0,39.55188789963421
A,1.0,70.8386462911574
A,1.0,50.21680796710662
A,1.0,313.60267239267927
A,1.0,9.248237617864593
A,1.0,108.75448675859845
A,1.0,269.85646329687
A,1.0,209.9277526995305
A,1.0,51.233589935364684
A,1.0,43.736382025377026
A,1.0,140.77173651179035
A,1.0,297.96891651571366
A,1.0,136.85130396342845
A,1.0,61.14050482341338
A,1.0,518.9540338282565
A,1.0,81.20545345199501
A,1.0,312.03887422714706
A,1.0,210.5358573768338
A,1.0,91.1483597515914
A,1.0,4.694746382028506
A,1.0,39.08022064758766
A,1.0,468.70626353435216
A,1.0,24.841722218563245
A,1.0,156.8336410418425
A,1.0,43.42312288830806
A,1.0,108.6560226520605
A,1.0,79.00065457013568
A,1.0,92.75282374129374
A,1.0,22.19825692747755
A,1.0,299.6112350750326
A,1.0,288.6505672954258
A,1.0,70.74414067622934
A,1.0,343.89254542921714
A,1.0,71.89752771031861
A,1.0,147.23086058207957
A,1.0,28.35176897163969
A,1.0,60.80807319149668
A,1.0,27.680928581734502
A,1.0,42.16097435074363
A,1.0,204.8673182313671
A,1.0,305.47436099527096
A,1.0,136.84734288237848
A,1.0,203.39938355611872
A,1.0,5.9509477125241155
A,1.0,41.226480307731826
A,1.0,117.64912512201224
A,1.0,61.48972044976361
A,1.0,312.4239650346434
A,1.0,190.66032879640613
A,1.0,135.5879179217439
A,1.0,57.48931962823426
A,1.0,124.12106765694224
A,1.0,18.09236225253844
A,1.0,67.87986440034565
A,1.0,155.3044214638614
A,1.0,64.11379927759181
A,1.0,42.787786815336865
A,1.0,38.342781181351775
A,1.0,623.9709187489701
A,1.0,36.31027728052045
A,1.0,93.76604105939766
A,1.0,131.3650632074571
A,1.0,20.92829525007756
A,1.0,266.8561160575108
A,1.0,66.6591177892161
A,1.0,37.1273639897044
A,1.0,164.58075567826788
A,1.0,34.78910169072735
A,1.0,13.0523682571165
A,1.0,106.97773131688302
A,1.0,20.22871453303919
A,1.0,161.85569662557825
A,1.0,51.31271191092179
A,1.0,132.74242580527024
A,1.0,71.1024891886366
A,1.0,189.30664151546023
A,1.0,94.40220655512516
A,1.0,286.0182625890741
A,1.0,423.7609301523951
A,1.0,241.68385108230768
A,1.0,171.21587509515325
A,1.0,110.5519200267571
A,1.0,157.8301496215389
A,1.0,299.8524574405908
A,1.0,121.35497012757158
A,1.0,25.413055118153785
A,1.0,96.4252796002012
A,1.0,33.30135486892289
A,1.0,42.835032505515315
A,1.0,71.4385597651491
A,1.0,23.470634526471645
A,1.0,42.160372787589694
A,1.0,769.0300853406522
A,1.0,383.775619747377
A,1.0,27.506149926081612
A,1.0,397.38727535622803
A,1.0,235.08062549242993
A,1.0,81.67214069455281
A,1.0,81.58095672626978
A,1.0,40.35336214421938
A,1.0,21.11801161414388
A,1.0,60.88109107467424
A,1.0,72.91391635582265
A,1.0,203.1851502919241
A,1.0,222.1726181644734
A,1.0,19.695356360892223
A,1.0,565.3279491156408
A,1.0,120.41150757383251
A,1.0,81.47694910683359
A,1.0,285.81135952434494
A,1.0,25.875683287617164
A,1.0,49.79204545749855
A,1.0,157.7543949254448
A,1.0,115.56364424634148
A,1.0,201.3625445864961
A,1.0,54.15288568257598
A,1.0,81.33098235093073
A,1.0,146.79134811214283
A,1.0,342.23980095796367
A,1.0,32.10037558896372
A,1.0,41.26694976310697
A,1.0,27.36037518231016
A,1.0,139.145589372357
A,1.0,138.43826882761022
A,1.0,194.99124218698037
A,1.0,99.60193405577031
A,1.0,103.51678553650359
A,1.0,42.99479298052745
A,1.0,23.021524790634867
A,1.0,74.37357169974703
A,1.0,152.466734298851
A,1.0,197.96076003224195
A,1.0,370.8006262935765
A,1.0,318.44734910839463
A,1.0,50.555901621532065
A,1.0,213.92841024899903
A,1.0,266.6974536837616
A,1.0,182.8337534669135
A,1.0,47.556832059575754
A,1.0,301.5024405968648
A,1.0,156.55332285537577
A,1.0,270.31091932580443
A,1.0,345.828121568146
A,1.0,56.92184349146885
A,1.0,223.34270359448084
A,1.0,87.7872896966352
A,1.0,490.59770837146124
A,1.0,197.21141126041525
A,1.0,192.25542218096763
A,1.0,38.69078333828586
A,1.0,160.85304099331773
A,1.0,109.11322037997392
A,1.0,192.19360918173797
A,1.0,56.06609194525224
A,1.0,28.19765816922413
A,1.0,44.01867238208673
A,1.0,297.8556431607682
A,1.0,143.35886787460868
A,1.0,63.33940630749905
A,1.0,58.92766099152561
A,1.0,78.52107255207903
A,1.0,100.40581673657766
A,1.0,202.58036726216122
A,1.0,90.8967723778436
A,1.0,235.8703542195014
A,1.0,69.09863328414058
A,1.0,121.82917381517971
A,1.0,38.14859570772284
A,1.0,56.23730242072612
A,1.0,308.1999140850884
A,1.0,79.85529327680551
A,1.0,124.78905195435927
A,1.0,315.6876880837331
A,1.0,32.845118383487446
A,1.0,49.21139491441469
A,1.0,189.6552095539675
A,1.0,115.03955830422605
A,1.0,71.27778888620631
A,1.0,50.41361329334345
A,1.0,5.168638344688608
A,1.0,103.55770455121001
A,1.0,317.6998539286977
A,1.0,95.75074293792447
A,1.0,227.13708595158457
A,1.0,29.761602100698315
A,1.0,54.19075115639443
A,1.0,11.999229305198543
A,1.0,56.82985277435784
A,1.0,116.76807271231642
A,1.0,186.4469526242916
A,1.0,73.4600704412201
A,1.0,34.97437310313504
A,1.0,206.20610385995522
A,1.0,157.4106038803418
A,1.0,232.65169517387594
A,1.0,66.25829376854631
A,1.0,299.0609738637714
A,1.0,114.03561786539161
A,1.0,268.68453843633216
A,1.0,40.09191942840379
A,1.0,164.85583896870398
A,1.0,52.96223944598432
A,1.0,33.72307786571546
A,1.0,36.36764006855309
A,1.0,244.11054207510784
A,1.0,26.407720770255327
A,1.0,21.027804639699713
A,1.0,131.8918179726183
A,1.0,40.64508913485365
A,1.0,58.79788775468085
A,1.0,350.66695099462373
A,1.0,97.01136693773277
A,1.0,164.65507067384337
A,1.0,76.51150027285028
A,1.0,36.70802516226272
A,1.0,49.08059877088901
A,1.0,125.32429007740531
A,1.0,27.021877314643824
A,1.0,61.48299816199457
A,1.0,43.38581591523247
A,1.0,121.92380012470704
A,1.0,266.217384505676
A,1.0,88.83242209601096
A,1.0,134.65670075660773
A,1.0,103.97987541953891
A,1.0,133.230233501521
A,1.0,115.59148185092076
A,1.0,180.06499444892606
A,1.0,750.202208804265
A,1.0,99.87654344758474
A,1.0,1000.0
A,1.0,156.98473261786387
A,1.0,46.84897006223237
A,1.0,358.60709829123334
A,1.0,114.10268473811531
A,1.0,100.48394171884738
A,1.0,668.4318499280619
A,1.0,118.73360027149388
A,1.0,28.585966993266375
A,1.0,200.88052644824697
A,1.0,86.87082466900458
A,1.0,114.17941561528575
A,1.0,1000.0
A,1.0,13.280783360096704
A,1.0,77.03069769541202
A,1.0,365.7996584231162
A,1.0,21.836624862894677
A,1.0,129.8449303892685
A,1.0,117.61991672901466
A,1.0,233.94676304023073
A,1.0,88.22062801829989
A,1.0,194.06579327164584
A,1.0,299.4235348419066
A,1.0,745.3089779399531
A,1.0,109.33269738650336
A,1.0,101.62280752350469
A,1.0,73.47558956633515
A,1.0,725.7806700360895
A,1.0,72.08839520637024
A,1.0,123.56959031048181
A,1.0,58.79077792825777
A,1.0,102.27858695096204
A,1.0,29.684410105742923
A,1.0,529.6720978794601
A,1.0,122.00538665715061
A,1.0,27.955297881029992
A,1.0,235.618758464034
A,1.0,163.2348198718936
A,1.0,377.57230114468655
A,1.0,72.94925703815757
A,1.0,31.236432993894137
A,1.0,116.51549592221126
A,1.0,261.05709586393334
A,1.0,32.37718592496689
A,1.0,145.6866429089254
A,1.0,111.57692310225303
A,1.0,60.91926302521007
A,1.0,49.85791018110604
A,1.0,49.79213210272344
A,1.0,132.75873723309013
A,1.0,93.64491752466353
A,1.0,292.2016498575125
A,1.0,317.5571131161097
A,1.0,45.82511042554992
A,1.0,592.7421222198094
A,1.0,105.04566744701664
A,1.0,38.057007251749425
A,1.0,306.8171013284276
A,1.0,932.5137725802562
A,1.0,64.80233036859333
A,1.0,264.7703712922255
A,1.0,451.0282032468179
A,1.0,147.3537725930974
A,1.0,22.83125690872899
A,1.0,167.45544546686523
A,1.0,99.76483376412439
A,1.0,46.73844335846562
A,1.0,32.68307465105169
A,1.0,345.0826103740747
A,1.0,23.960804300014683
A,1.0,60.47443423865691
A,1.0,346.05963130470786
A,1.0,116.00800030007767
A,1.0,676.691929276373
A,1.0,488.07348725802905
A,1.0,51.51305113983646
A,1.0,52.98978563084397
A,1.0,41.13267375861048
A,1.0,1000.0
A,1.0,80.63466551860121
A,1.0,27.162173155169835
A,1.0,92.75566481266843
A,1.0,800.5684324638363
A,1.0,265.3019152787851
A,1.0,274.27783115965684
A,1.0,24.83592588965911
A,1.0,187.672091886904
A,1.0,106.69100428369893
A,1.0,172.18667500021334
A,1.0,107.48077689148194
A,1.0,392.6566541192909
A,1.0,39.18941486677737
A,1.0,331.8384400343833
A,1.0,121.21059666654425
A,1.0,192.29238665313832
A,1.0,129.52933056436217
A,1.0,86.10562919280241
A,1.0,47.6727950066775
A,1.0,40.04453173802954
A,1.0,272.157348623208
A,1.0,97.57624051891435
A,1.0,98.5928377626579
A,1.0,84.48940939520863
A,1.0,157.5589810153745
A,1.0,24.851427354878457
A,1.0,337.9195668629002
A,1.0,29.53130909749324
A,1.0,391.4456849535939
A,1.0,129.41186424380317
A,1.0,41.46521714363806
A,1.0,105.80208604259025
A,1.0,375.45894963915043
A,1.0,327.4372914848826
A,1.0,77.50346601233234
A,1.0,51.628568190010064
A,1.0,17.66149583269836
A,1.0,141.1743266091398
A,1.0,32.55911672146469
A,1.0,63.030026170282355
A,1.0,77.87606937533299
A,1.0,120.97090136839672
A,1.0,43.35263670924782
A,1.0,73.40920344204159
A,1.0,150.21956347423537
A,1.0,81.27692790924263
A,1.0,199.52312502670188
A,1.0,35.03190335603469
A,1.0,570.9787262580113
A,1.0,100.3579357080958
A,1.0,725.6022332015691
A,1.0,169.9534335645046
A,1.0,19.920910739919844
A,1.0,85.52453404477019
A,1.0,70.15270829073545
A,1.0,45.423940803305165
A,1.0,103.87839328754842
A,1.0,91.0632973888877
A,1.0,45.81993697491936
A,1.0,69.72003055453307
A,1.0,64.02581190779424
A,1.0,109.34782460388466
A,1.0,342.0655710716971
A,1.0,41.44403411191142
A,1.0,86.79207692952234
A,1.0,200.32770987538458
A,1.0,845.6680014677331
A,1.0,245.2945366637598
A,1.0,175.78628013823047
A,1.0,47.48695547550105
A,1.0,90.17791900567221
A,1.0,412.4463244149213
A,1.0,47.68310736998787
A,1.0,17.632066681997763
A,1.0,139.53470011169023
A,1.0,168.29749236645054
A,1.0,239.61468053456866
A,1.0,74.86663896430188
A,1.0,295.1576716448964
A,1.0,37.17951948976997
A,1.0,103.07452405251195
A,1.0,54.56235942399021
A,1.0,78.56906087198914
A,1.0,63.01320010792463
A,1.0,265.1469784820291
A,1.0,568.8961028811766
A,1.0,146.7479290887286
A,1.0,27.36112876922603
A,1.0,161.51957881158506
A,1.0,137.82155877571745
A,1.0,32.01026471442194
A,1.0,77.59319002860637
A,1.0,81.69095439297445
A,1.0,65.63090351163379
A,1.0,244.42255939416208
A,1.0,48.769029448241675
A,1.0,163.60562382553343
A,1.0,72.94177820047331
A,1.0,168.8317867228846
A,1.0,130.43880544558334
A,1.0,104.96004261966854
A,1.0,150.7581469381259
A,1.0,99.9122621849932
A,1.0,26.67711516203582
A,1.0,94.2924579294895
A,1.0,463.2749886741385
A,1.0,285.73161818100004
A,1.0,52.7280596850133
A,1.0,83.47452813363381
A,1.0,34.302141590343915
A,1.0,212.10547296643767
A,1.0,467.98037841397445
A,1.0,59.81435336996665
A,1.0,85.08774608642862
A,1.0,168.1145989132474
A,1.0,122.69207476773423
A,1.0,210.68925961679614
A,1.0,24.044670791811043
A,1.0,152.27284182007563
A,1.0,112.15935325733973
A,1.0,49.904732728964404
A,1.0,72.7522984799732
A,1.0,182.60566459057642
A,1.0,156.8893120018784
A,1.0,204.7351939423513
A,1.0,210.119334473792
A,1.0,163.40359966845514
A,1.0,380.10926452117053
A,1.0,258.43136708151087
A,1.0,178.0351045010455
A,1.0,18.32291583169481
A,1.0,71.11689911516096
A,1.0,47.87837961634815
A,1.0,38.718071678011654
A,1.0,112.38063411698793
A,1.0,72.24920712459095
A,1.0,49.781995633011725
A,1.0,71.04858198608264
A,1.0,46.943842115906655
A,1.0,267.8382433745954
A,1.0,186.39701081413443
A,1.0,231.013953764393
A,1.0,283.62989382889424
A,1.0,608.1196229942893
A,1.0,124.66371399059669
A,1.0,69.40742132145078
A,1.0,116.28735460505764
A,1.0,65.27633491166401
A,1.0,77.81952949496649
A,1.0,108.27307078468588
A,1.0,66.517563812975
A,1.0,46.69924550321654
A,1.0,152.9147692410528
A,1.0,586.3054767005287
A,1.0,91.29688023075221
A,1.0,44.0338854292659
A,1.0,104.54039965430525
A,1.0,56.90243463415008
A,1.0,106.13578639085429
A,1.0,128.6862911171211
A,1.0,41.440853071647055
A,1.0,34.21407502938035
A,1.0,348.1928701893472
A,1.0,57.03068059021299
A,1.0,191.16106461405357
A,1.0,269.5364568692939
A,1.0,52.27989754987898
A,1.0,90.90612561610068
A,1.0,74.28603805447999
A,1.0,173.74284702320702
A,1.0,222.359410561247
A,1.0,52.693861497446214
A,1.0,44.2271566846715
A,1.0,79.7298295736194
A,1.0,88.8133911771554
A,1.0,62.13131049460161
A,1.0,7.21177503701089
A,1.0,30.631324496491075
A,1.0,113.23666346851793
A,1.0,51.15121548840486
A,1.0,7.1221061053785375
A,1.0,198.4169274070399
A,1.0,72.19969273435808
A,1.0,83.48148550792477
A,1.0,288.543490451429
A,1.0,14.361721066523526
A,1.0,51.91420860551731
A,1.0,220.5888594151745
A,1.0,94.45533247835814
A,1.0,158.1499477622818
A,1.0,187.78083430138
A,1.0,335.4222914202068
A,1.0,273.3197854691762
A,1.0,83.50751333827617
A,1.0,244.94950990807965
A,1.0,19.429384932442186
A,1.0,37.81769572003606
A,1.0,294.32521966187227
A,1.0,298.99803416226143
A,1.0,79.57791988624768
A,1.0,69.21130861029513
A,1.0,62.52280203509015
A,1.0,395.86548255854626
A,1.0,266.8559358672491
A,1.0,55.10370369048266
A,1.0,52.71599852388766
A,1.0,90.40028407980633
A,1.0,563.7801572100016
A,1.0,852.632648751347
A,1.0,90.66294998729998
A,1.0,162.98464872173585
A,1.0,116.9391034733663
A,1.0,61.44078057748305
A,1.0,36.57873730390626
A,1.0,71.99545098659027
A,1.0,69.52562188081204
A,1.0,183.67960853529692
A,1.0,105.98538864351106
A,1.0,276.46388924698306
A,1.0,51.40094282490497
A,1.0,253.67391170213912
A,1.0,164.96633880877866
A,1.0,39.880462291937164
A,1.0,57.69178675266575
A,1.0,62.658434969660554
A,1.0,97.26263520333147
A,1.0,116.32394517072015
A,1.0,398.3494938443269
A,1.0,45.450760499609174
A,1.0,73.60835839036251
A,1.0,231.05188255279228
A,1.0,406.03825624305654
A,1.0,48.33441410595308
A,1.0,76.96191379362244
A,1.0,90.2461213651826
A,1.0,46.472237030104864
A,1.0,75.27733631126884
A,1.0,119.37649228092597
A,1.0,312.4574006432705
A,1.0,299.4006872795049
A,1.0,112.45983535342718
A,1.0,398.19336743899294
A,1.0,225.1584433690614
A,1.0,301.89669767344924
A,1.0,290.64745587449954
A,1.0,144.10963957013033
A,1.0,3.960899938020877
A,1.0,280.01943125391136
A,1.0,77.70663015488218
A,1.0,157.2766799624306
A,1.0,330.5178365286303
A,1.0,90.35477675863578
A,1.0,695.1814962452894
A,1.0,494.22814184293367
A,1.0,56.7092502534141
A,1.0,72.4964229988891
A,1.0,146.4344102523225
A,1.0,21.425219648221752
A,1.0,95.42757212756699
A,1.0,160.1860142972891
A,1.0,89.00313147379215
A,1.0,112.98000575570768
A,1.0,129.15927201548826
A,1.0,373.60452038061266
A,1.0,129.43850876678565
A,1.0,171.00272318631832
A,1.0,238.01898734595994
A,1.0,127.54119936323778
A,1.0,105.79692550414964
A,1.0,101.21712530536934
A,1.0,182.34363453231398
A,1.0,75.70063062548594
A,1.0,88.9288581009546
A,1.0,27.91309141455309
A,1.0,79.22362849721394
A,1.0,164.18681050712658
A,1.0,151.31980905909626
A,1.0,63.66712093697438
A,1.0,102.99349866042628
A,1.0,57.659603537943696
A,1.0,57.87594571334181
A,1.0,250.5296306072381
A,1.0,195.2654423472131
A,1.0,57.818787877460494
A,1.0,19.746762839771304
A,1.0,77.81333695175479
A,1.0,228.73394003148698
A,1.0,96.91362982334073
A,1.0,108.25387127558557
A,1.0,115.37816377774199
A,1.0,20.76788418636617
A,1.0,310.00285473686444
A,1.0,102.59484838068383
A,1.0,71.57460726055119
A,1.0,71.0107983521605
A,1.0,114.10155747559328
A,1.0,382.4932668078534
A,1.0,28.327228400146744
A,1.0,58.675323870597055
A,1.0,281.32025436439073
A,1.0,146.21155880230128
A,1.0,360.95750297335377
A,1.0,66.09390113384117
A,1.0,368.5385824900496
A,1.0,180.385449566264
A,1.0,238.20619161493403
A,1.0,111.78143389622105
A,1.0,60.84397038204183
A,1.0,127.54751619596067
A,1.0,684.852221363673
A,1.0,32.16532125731315
A,1.0,45.82839510746868
A,1.0,392.07802995494393
A,1.0,80.4308748324691
A,1.0,281.23873420670566
A,1.0,113.63397539317003
A,1.0,248.65654890269835
A,1.0,71.19410221485593
A,1.0,227.8651004384625
A,1.0,310.273636950094
A,1.0,163.8673610795057
A,1.0,177.1513239497847
A,1.0,54.33671635144876
A,1.0,263.5393239646063
A,1.0,177.57032356481713
A,1.0,55.9998854398471
A,1.0,259.81954091595986
A,1.0,402.42218840970924
A,1.0,111.03453700810178
A,1.0,6.55485025397981
A,1.0,137.6771997707198
A,1.0,478.91768223661467
A,1.0,146.6598250501698
A,1.0,163.95540463110052
A,1.0,53.00286591133817
A,1.0,91.74160369342381
A,1.0,260.5952384142038
A,1.0,46.70344404254291
A,1.0,118.87514459494916
A,1.0,372.88087120153716
A,1.0,308.04705970872465
A,1.0,165.70957104952535
A,1.0,130.72379214776979
A,1.0,66.2844243409436
A,1.0,35.133960880714575
A,1.0,83.62445470990265
A,1.0,446.2872451211874
A,1.0,14.72967016572326
A,1.0,53.83901671040494
A,1.0,71.78651170383834
A,1.0,66.15661749840592
A,1.0,208.97803733316135
A,1.0,76.14013872616974
B,0.5332526454688992,14.772274321599271
B,0.44662827129150906,34.085196257151836
B,0.17206347009061948,7.3157522792189535
B,0.46782888183517435,29.12014648008223
B,0.5973317576481366,65.57659187292782
B,0.6156640043438066,385.85025640643573
B,0.5726597618826431,348.8185280577999
B,0.5877363423314368,51.48093707490186
B,0.5688451685289132,49.08759466273398
B,0.6349058234051268,28.270996562301384
B,0.16937394146584478,31.266073117866156
B,0.2961990592575656,21.01054059721862
B,0.5998558325460918,75.8420589060805
B,0.8515859322106105,120.0040041046167
B,0.7577005963587387,58.875997561599746
B,0.5985875451012727,48.85439417762134
B,0.7351811017347586,292.2394834859764
B,0.7972774732176662,83.41740719062186
B,0.1589628190278316,36.99593932846952
B,0.32238579519103583,92.17907688574155
B,0.7394022143690344,190.85955678214177
B,0.9156022379171913,77.96272687421475
B,0.15813788389837638,9.126914364296631
B,0.7700784056154396,227.27291506296967
B,0.8108325205553594,34.67417740184761
B,0.17145311362904142,11.333958626971894
B,0.4785302635708148,22.21865172914953
B,0.23105361313362305,40.672188487905764
B,0.4746453899085623,22.117799450778453
B,0.12219845037396415,12.167456183889678
B,0.5559189156083749,28.20716513145295
B,0.2647387176432252,246.34195295839078
B,0.48475459139461863,9.217885122381086
B,0.7307680572808234,16.46292599089828
B,0.5368778012105996,63.50011049338896
B,0.2438990818200243,21.377149486066667
B,0.6901844073995953,128.5504416889964
B,0.3110371312560811,13.911495906387437
B,0.8213823469874934,144.49690857707796
B,0.2260614319076042,65.87154755552191
B,0.6997209860383212,96.82641889236854
B,0.45449581257494526,83.82429300825706
B,0.8397573295481683,22.34526110955336
B,0.26815713596958773,7.802745712715043
B,0.5994241478557877,88.874899358073
B,0.1770214609003369,4.751743618032629
B,0.7092004756205883,117.01195546745163
B,0.5625057506092961,12.412830259832784
B,0.793206384247384,78.83021622440666
B,0.6030576773875164,40.16463799676299
B,0.6566382836577558,6.829094901241739
B,0.3187498494273889,32.51959619060069
B,0.3656958938084088,19.95600295790405
B,0.9361654260253776,72.99255036957597
B,0.8833994370660347,674.0168589992567
B,0.5210819980431499,18.828991951597654
B,0.4083550904846122,65.69800879183502
B,0.3417440743900501,157.0164672227747
B,0.059360588587410716,70.65543785857457
B,0.42718967725720647,33.70252003752575
B,0.7941627634816558,170.03202668698918
B,0.4300456111789596,30.211756022265412
B,0.32311902054409775,24.65091050362631
B,0.1990252599779535,18.927941538393444
B,0.7260874958130858,199.13106992816282
B,0.8401277339138298,81.38915991158166
B,0.968074614536539,754.697350551466
B,0.1702096753848101,5.052226044806658
B,0.4014732695857645,412.23789561049676
B,0.21096480912167065,16.37413800758038
B,0.1293066940304286,10.75689156358863
B,0.8233187767820831,230.9399168796085
B,0.8241105277323558,241.07723243557538
B,0.8187383719219017,149.84300894833353
B,0.5110153571693475,13.82111692708942
B,0.44129183250397536,9.899262021211927
B,0.5632908506121352,73.48310030282708
B,0.8545270548930682,194.07671853476964
B,0.10587067470432164,71.5959480653136
B,0.48379232519271215,52.927221525603336
B,0.6657112233892635,110.05841114773638
B,0.6837405754496844,16.243016674042956
B,0.5282847715515396,74.29439224512467
B,0.8117547194691659,48.267920696865325
B,0.5727524472140967,143.70831122303935
B,0.30762971497609554,124.67740654904385
B,0.3941883771009282,27.738289136694046
B,0.6239373165025872,43.886706259308454
B,0.7729019212421755,30.03151004709041
B,0.09143272262689829,25.20641798985291
B,0.8454460644044341,174.0412010387042
B,0.6769904774506893,56.458797844956365
B,0.10575427934784676,24.635163313801176
B,0.5785793678421426,228.43463581688965
B,0.050386115022688714,15.95797825635893
B,0.4288069074553444,184.48517142990718
B,0.19135620658127694,25.679371813685062
B,0.6043694014622265,167.61701824763577
B,0.7430647794705195,84.02875895235131
B,0.1724628074180645,31.612768647505387
B,0.8611468554482682,160.85643473511894
B,0.7125156474730434,58.27798801699914
B,0.41053357753804076,64.4808288562926
B,0.6484281539962661,88.66131208541644
B,0.0626643765820038,3.850710013836028
B,0.6354798744219722,53.91498866227297
B,0.5514345854163171,25.744342540301318
B,0.8350166577360391,88.65273875727883
B,0.1993513229773935,61.47073092536429
B,0.12058406485738041,37.41585538942304
B,0.39837825892884055,23.474987031775964
B,0.8244669329418254,721.1390604784931
B,0.26541209714425107,4.686086981683156
B,0.8204583217015095,49.143358483263434
B,0.29150791981586266,30.695099161043654
B,0.41616149809811315,27.159189190195526
B,0.28591353282485304,18.36455636814096
B,0.7828135836928795,61.9332685725625
B,0.0871311700200267,2.4026850896201535
B,0.5009182640126345,69.22024634640948
B,0.4274963288823564,68.88136416485415
B,0.5347321002037397,48.39687247577785
B,0.7785603590665564,114.16240955010936
B,0.538908067270666,55.043921926116276
B,0.38812266021936265,76.94586033307648
B,0.2626483123796144,90.00260992154357
B,0.19345104892424514,75.84694888938164
B,0.22618284860355817,26.255606430098595
B,0.5492582164914478,54.94898858149928
B,0.6992113076198105,91.74345619419773
B,0.6216726611009401,39.16598242767891
B,0.6143865356745375,186.5640972222209
B,0.6299391194602029,54.67247684860327
B,0.8149091257710215,83.62438383814828
B,0.6952665346337882,92.61783747296109
B,0.49198489474289236,33.24582336221588
B,0.8996083860852814,121.58535919609784
B,0.5833721515842147,15.513425382254235
B,0.930767788224602,56.115677094818125
B,0.6087260158268847,125.82373626487096
B,0.34734089979349,7.003802846391961
B,0.11600743534768547,15.361109104142088
B,0.9182572156606704,13.223013925974028
B,0.5828149526559718,12.844821648416604
B,0.8166011499035941,182.52848662964792
B,0.43257436153397527,59.933065835066365
B,0.6093675646779124,27.935684210504416
B,0.0915887796917126,18.145027745251483
B,0.23028727042449876,3.904857290941329
B,0.7779952418194902,358.9964102856367
B,0.869602451351201,87.0721746354423
B,0.2643263180350322,20.256535884918037
B,0.4026328048467398,27.161290958394527
B,0.02712715053579277,3.2940624669622776
B,0.554284031399257,47.02831005700533
B,0.5880439604847678,21.326603956303508
B,0.3625400148333108,18.220976879394183
B,0.5732460446933241,39.54434416717269
B,0.4774750470457394,18.219001911511995
B,0.7589729706652064,126.12005835152694
B,0.3926992544712101,73.73707645882578
B,0.4760554796299542,16.452650413508326
B,0.2870824697936842,33.44052977548444
B,0.6994050621462651,47.814703461956555
B,0.3936434094665869,400.2777768807955
B,0.1017863036754601,6.327037830083531
B,0.2533646735466287,98.02778060830006
B,0.3233918581332413,19.042351268298564
B,0.8365669347223573,56.28307542739018
B,0.6030954784181402,22.59111052153847
B,0.3772236803129429,22.85135799633483
B,0.4709487122615734,52.80414453403676
B,0.7046827698387659,30.432235659810857
B,0.40963602893432677,120.04446061196332
B,0.25276023693385596,54.584241260105166
B,0.7845679263318746,82.8230336061604
B,0.47485534673947094,48.90342985205384
B,0.5762350897190446,73.25188933567152
B,0.7578098912291825,46.22253334878968
B,0.8974969443610473,148.41779571710143
B,0.8851399740969949,15.431875342698163
B,0.1874448142224123,50.782095375623605
B,0.9277726283618363,180.81218457497542
B,0.37516519256642167,177.24727128142857
B,0.39715157691546726,40.55006925181685
B,0.40095433200758995,18.276690567734256
B,0.17158578837329697,27.61375175275555
B,0.2764060284004443,76.40850060250378
B,0.383622215181423,19.350592527335152
B,0.4342898963558648,17.858042719727745
B,0.2919100081712977,53.989599044433426
B,0.7150550115364263,86.42930951920636
B,0.6869177591409265,26.14078470066138
B,0.4384387571386555,100.94698378074852
B,0.6386920300989198,42.17123661457557
B,0.6516986351676812,724.5488199863072
B,0.9768009454805727,255.59512734510147
B,0.5359747728784082,77.57907810579823
B,0.8190467784849175,154.6081182497443
B,0.7331858529466077,58.501571667516004
B,0.32841731881222685,74.31313459932522
B,0.6192386470042732,287.71473334913276
B,0.7942643155362413,43.68998681198957
B,0.6641392836198494,366.1330339024123
B,0.6187992815887176,49.02916049773562
B,0.15216056241436943,29.168834743175452
B,0.5837489427089194,205.85112374273442
B,0.7761514412663344,9.730505362548897
B,0.3403540865122626,89.52766255862765
B,0.9314185880236722,354.1867929877516
B,0.45928374451442106,59.09738995558861
B,0.19284342259656637,186.02992710475107
B,0.26623913495542795,22.084027144317652
B,0.04325320317985092,5.033124869385528
B,0.8349106409703413,28.141588669599045
B,0.546287205366205,60.28188928112372
B,0.4974573955202415,40.271310319353965
B,0.4760011555409758,174.99615191223967
B,0.8273263035126436,239.40083927490744
B,0.5182311172730973,393.5129694312304
B,0.7078609578719818,56.41416263322228
B,0.6032633836068488,39.641558228210144
B,0.8026677272093462,43.171443750768766
B,0.49291325719140633,5.925325227191157
B,0.7123897548013322,56.523164826997245
B,0.263562922792133,37.810931098920996
B,0.7939383618069275,79.51298926484988
B,0.7248513207019059,66.00299416311479
B,0.26806967657029773,48.694557784728275
B,0.3712559211459009,13.263608615891695
B,0.16333468961953646,40.78765645313564
B,0.13097910340482008,13.607507516345626
B,0.704111229486344,485.03851103568695
B,0.36950801216564333,62.1475885664429
B,0.4105358406116981,40.924792321654614
B,0.8661563863136602,112.492776093534
B,0.493334850427303,74.88266486046346
B,0.2882168396639126,140.45288078323782
B,0.3668034586931758,158.0611779079317
B,0.46380538301703306,110.7324822957925
B,0.5563190667233628,75.45004262555645
B,0.7530439469543979,91.51806425963042
B,0.07048063381990191,19.923553444104627
B,0.5477877967248356,210.21172718661828
B,0.9036099010458237,160.63512634397378
B,0.21483496827108856,111.93258832795964
B,0.782270978124896,99.11362564688959
B,0.7427838791026145,51.90498912734867
B,0.18146628426063777,28.282670345311846
B,0.7307888422294765,115.7362918055537
B,0.6103839201588637,564.1735091954021
B,0.4607926673020157,16.114529070859
B,0.8569371174206221,115.48128456915389
B,0.5588380607798522,9.567683738461264
B,0.4520723259809968,28.106776370850802
B,0.16405918461103622,13.796738485270245
B,0.4864797132312441,23.53245434248413
B,0.06210710862638783,8.517836303471157
B,0.04804505889621214,1.888655432459672
B,0.5843214355220046,126.04284516922405
B,0.23879864202367776,70.96354034284685
B,0.16810779777282006,20.20113733186799
B,0.4745083317084621,52.361366349463964
B,0.6190110585114474,61.931952022254556
B,0.598384391412029,56.71234938132918
B,0.24226149416633483,4.04181780714309
B,0.13283651314802516,4.6926723030551845
B,0.6586704907868088,36.80082058537126
B,0.6775492706191307,11.204077057478482
B,0.1825003947564319,2.9743160971023213
B,0.7674004817928309,107.49522517625982
B,0.43169316309340455,32.48306886812296
B,0.3449392675254569,79.71261112597692
B,0.1418734656809084,34.363851229950036
B,0.3385826549574389,84.90319189328005
B,0.8188889672580011,249.2176495632996
B,0.28092722299141154,14.10735809380531
B,0.8977938361983501,186.61794680697204
B,0.7012101115269216,248.74064563188836
B,0.7311633277481121,1000.0
B,0.6981168528365115,24.03229876863219
B,0.35677529519354084,29.540891002734725
B,0.14077646934576152,66.0290302141187
B,0.6585740367142466,42.22015905975695
B,0.17105330641750677,18.399321768778048
B,0.30739489351431104,214.47465446594822
B,0.5439294785077641,10.336474521590496
B,0.16469046132008391,27.649223207226548
B,0.7808233973973644,30.054938216215543
B,0.6168013716688651,47.57216842927386
B,0.10744249296422644,12.479243759250126
B,0.19356057205044427,10.091186284591501
B,0.7983696651099561,27.9123385924913
B,0.38245579821314996,57.70758252075544
B,0.9285078898191758,301.2354910125544
B,0.7573122347486078,40.604547651225275
B,0.32076830814472085,18.513697293071704
B,0.7116024132076748,70.52783198822027
B,0.3192389674124225,13.668204880088823
B,0.050947640153436724,10.23971494240903
B,0.49391505477396236,23.347466196637196
B,0.5735121313118788,414.0495137320511
B,0.3914491083281844,29.440298592017548
B,0.49812786273329773,216.32959319200756
B,0.7700706866608082,19.8954864681141
B,0.18595841066830146,36.88225052152486
B,0.2190676210973331,20.824415860946253
B,0.5304029321547635,8.96430280817569
B,0.7988037845209788,10.277660107761477
B,0.8781510563107449,76.71496056466911
B,0.14909426220641964,5.778956743472483
B,0.5858361267679983,157.30589180542734
B,0.7799348179377766,72.50962838395812
B,0.828525808052557,92.9482796235558
B,0.7616875116327481,27.455878168109244
B,0.7054612947799959,76.17483574510892
B,0.6661003782452074,86.63442511070728
B,0.22881621664609525,39.55990286312093
B,0.6721304274218411,137.17222644286358
B,0.09753651540959332,10.89853884779222
B,0.7569037232806822,71.44223401154065
B,0.7245438907848728,23.93298447642793
B,0.7802781107493543,155.17545496846378
B,0.4092399146635313,28.371763381178685
B,0.4524744326646615,204.8837115245416
B,0.5634027495246308,17.944625252594594
B,0.9190669005628064,21.125778053641188
B,0.9270828809445337,93.23110290098094
B,0.37153790127791925,52.60693928577115
B,0.6392686814751453,70.23893896680794
B,0.5988216789188526,11.114305647699618
B,0.8724745540118964,148.4997227231375
B,0.5461238807204821,41.979196809013615
B,0.4573393045747212,7.020834611017219
B,0.6072465920348774,54.84500013785806
B,0.7149939727402917,73.14205151972027
B,0.47467882154604063,89.13402419001889
B,0.8537812304695845,573.3496491124024
B,0.5727975607792217,20.285242334622
B,0.22434734101890585,22.085960990161148
B,0.7224956988707647,1000.0
B,0.32528963248513443,7.282212954811746
B,0.41828943731231116,62.59109478169657
B,0.6973557553552786,33.10505975729977
B,0.21302384199778449,14.033631084439275
B,0.7153698265655066,99.52371935218645
B,0.2121795282100559,19.21023831705803
B,0.739736018741704,64.41931874215027
B,0.6570372308972113,95.79896400821742
B,0.5591012843849925,29.43551700642602
B,0.8619762047625829,50.52760263095466
B,0.11462396218019974,16.120686677247374
B,0.3793796333367654,80.11007211089863
B,0.4655575917618351,40.930154366211774
B,0.10748743220257449,8.722432647725222
B,0.31113485232187715,29.23003507206409
B,0.5266926004514171,57.36986822648388
B,0.22986182838484157,40.32863685776133
B,0.3902758163929501,44.58892971669633
B,0.5151195676406717,218.72038508535832
B,0.9544920906240193,453.62046866847305
B,0.25564035508581384,89.80388339830624
B,0.8039521775724379,204.031220792673
B,0.46367335356640044,173.9201742992009
B,0.30020134911216,34.69925911841759
B,0.1991058994203453,3.8712123131983582
B,0.8667376819455659,26.945996886206782
B,0.30887963989578604,125.58863744911176
B,0.8086880677758519,37.99316164883801
B,0.3240784064733051,61.87390544253405
B,0.43864311958859786,71.44518023941485
B,0.6863487540731379,82.31755220613312
B,0.3561561752111794,28.279655449925496
B,0.7394004900631278,455.67419714845056
B,0.7856003795817753,50.17068411522305
B,0.7784701930950607,293.7043594234045
B,0.46363917957524314,48.66807583373024
B,0.332106990917348,91.15552707733777
B,0.1256697368035963,15.761838633973841
B,0.19616337760092167,12.725017508446099
B,0.12515034172953968,35.69929193458448
B,0.25038752940545683,167.54396854662934
B,0.45230296550323007,53.61162010320196
B,0.8986169696583235,116.14377938099356
B,0.8622510199182738,35.03647368343687
B,0.19560028649057898,10.221272446071644
B,0.11331396165190562,9.48731312896268
B,0.33588654935931006,6.387287203978634
B,0.4763307576562141,91.89392859256773
B,0.8540929998717092,49.95782650104163
B,0.3586605568087874,9.29218936756774
B,0.7317336066903961,93.60326321108569
B,0.5903048771109596,21.50295608763343
B,0.8343260907622013,152.09970796854233
B,0.38139608792712404,194.63477099570855
B,0.2559342889483888,45.720490164920065
B,0.15167234874388028,18.383344659061077
B,0.8153614865592027,299.64738848020943
B,0.2712062395639061,45.84563056381294
B,0.39823959537669845,66.18700127103664
B,0.8992873458952229,55.809498696732675
B,0.12393268120428878,15.91845045010367
B,0.01849529646554777,2.6043560293415116
B,0.20451110300655964,49.664406070663446
B,0.11487301611556612,4.241691835330449
B,0.8604101966270262,55.8863427387999
B,0.6035534668822716,82.24214302503674
B,0.6866644571869229,47.886147043534926
B,0.6683404711968487,11.121497315704248
B,0.8280658737462927,34.028856203142496
B,0.4181690097152424,60.00245337406813
B,0.5104584644101284,36.33682252733448
B,0.779180405447805,101.21980355284039
B,0.10637026602435559,15.186853884689368
B,0.11303505091104492,2.7325943610219237
B,0.17734088916790466,17.856853785032186
B,0.29578709792935914,14.570426907118433
B,0.7824007841852962,76.86021549427403
B,0.17986983392968262,7.838039387557693
B,0.7914125940692426,404.4759503723754
B,0.9018691183787285,112.9150941651152
B,0.692499661584764,105.26655087984186
B,0.6626851717990359,47.100180757238526
B,0.49310213229143024,15.906320731031466
B,0.8371029062526923,425.57180568082543
B,0.2939068553821699,16.41930522573442
B,0.7471078121584644,128.623243081504
B,0.23221043953930415,21.748089254826358
B,0.8162338734109857,197.8251492176217
B,0.6801172323450254,121.94552555546609
B,0.13742831482082912,70.50444862896467
B,0.7945538260680204,83.32822285979829
B,0.18112151863668666,5.658350049700764
B,0.2758628557045272,13.436425987868143
B,0.6288377753070704,33.59583050051754
B,0.8172849880533078,515.9533457152477
B,0.13306004986945738,65.3717925652612
B,0.6022172247868318,20.660894953396603
B,0.28300960732507563,77.09367769475912
B,0.4167600262510999,65.67626443018743
B,0.9709608263788092,58.94372427021952
B,0.44282696971452057,69.37526283339056
B,0.5062451784309714,9.598796959742995
B,0.44295037219471617,24.42916056015463
B,0.34014416125087354,18.19005284178005
B,0.933844889484853,22.492187483674993
B,0.37319336241368284,25.389363871224948
B,0.569265174618115,217.36815566697598
B,0.3362064417958109,13.749037821202862
B,0.48490948572076614,216.8414043050239
B,0.2431223199951435,44.10243341385121
B,0.4471953415874286,18.7346530317872
B,0.9060581153829288,38.401839452157034
B,0.42439457615837917,21.19612052057684
B,0.13018403059917852,67.84523747356928
B,0.3823853479059644,9.418682375881984
B,0.9703358913019523,331.89101993769947
B,0.2445425180310272,74.07068642031872
B,0.7232177173598714,145.14749105901691
B,0.2958900865577586,40.43450786432296
B,0.12316513605519552,33.62835460419126
B,0.7814153273604202,113.23038137010474
B,0.11077201694377145,7.077519016094056
B,0.672964130279782,117.03242441335559
B,0.7124986845725141,22.99818898870572
B,0.2520335223835298,33.68314195266935
B,0.3014847173945595,52.97228392474974
B,0.47412815452237855,971.865725148356
B,0.6940732561485442,24.769061547596838
B,0.8117134443136611,101.76103010259003
B,0.2195769600066613,20.444040964962753
B,0.48122976746860446,29.396425166235442
B,0.6675602082845713,50.720116246110095
B,0.8200391990805165,170.07629836941769
B,0.3251236652040265,18.692004036619803
B,0.39777916583001793,39.53300382285752
B,0.5245726786956492,50.11637506608371
B,0.63770925588767,3.7336122772090876
B,0.9419973103835568,346.7568421330431
B,0.4063117106959595,27.991662043506146
B,0.10448239299833507,29.837815120349624
B,0.1876982186928256,160.84683944816416
B,0.8095377211259888,148.36155942573015
B,0.230881520420563,67.46568649664052
B,0.3310731062536253,17.995519857078854
B,0.10094594860482292,8.22408373033847
B,0.6565063199810105,625.169351201709
B,0.5157539235510219,21.024461296392314
B,0.5523426092100465,82.33489926888876
B,0.8623158623254531,73.63891901110232
B,0.6796908721281201,37.2041696545525
B,0.5521804242082922,26.294326000031585
B,0.4435543689869407,161.4848389733473
B,0.4057756847075667,8.36997602554647
B,0.5732692652074288,52.70024797390873
B,0.28659463582350175,13.178876259856063
B,0.4623311721183357,138.94034531753215
B,0.7630703720953956,413.8352868824134
B,0.22849445349908484,91.822445997734
B,0.5286781619529,19.952906184018087
B,0.9171811357720779,74.97194355330731
B,0.5764884015156687,153.3674026438025
B,0.8710492339215702,75.8709215221061
B,0.4626282355294928,271.8050207845526
B,0.8546222891628181,84.49015519855122
B,0.314345451017277,27.428141955334546
B,0.45573290293375207,106.81613210462379
B,0.4516148903095013,48.158425363560845
B,0.8215957366751674,39.191502239071276
B,0.8701258693031151,173.86839327797014
B,0.3734597793541751,32.56047234285791
B,0.2490183666430427,170.94863765561564
B,0.7920996460409794,78.90088514098589
B,0.7422625237927998,36.96235563555078
B,0.7877073041025353,169.6614013069487
B,0.8328387575034732,240.76834308057678
B,0.6205037397798602,22.024164585889498
B,0.4023749103102942,45.01807896452373
B,0.6441341388639372,86.19546755422562
B,0.31265458502527216,29.7769430539581
B,0.7772260958133207,370.22096073100755
B,0.07753960493917589,3.240552907560994
B,0.402186558361082,68.14588785149799
B,0.506720987118602,174.80643519796993
B,0.7765594918495051,134.09485634163332
B,0.3450017647638348,17.635380662376164
B,0.8203634885837354,43.78754128740899
B,0.7031399057763446,58.31443523809794
B,0.3763272139090133,107.33948949810585
B,0.6195784051600383,32.28228689374947
B,0.7258510141521535,40.36858036118528
B,0.33522150384658694,15.028101434666143
B,0.671980340397377,23.8689014448755
B,0.834092638146613,70.8129310984551
B,0.30022803211979715,136.3877697692267
B,0.3250365752912791,8.085353845759723
B,0.698680432045669,12.395436915871121
B,0.11866192918360502,27.70152901960446
B,0.6434008256320597,220.05495234425945
B,0.6399433677830545,218.39890396856063
B,0.46815124667559155,408.4749139507078
B,0.1890288664111088,9.751596047939588
B,0.23169672638506847,110.06108773409058
B,0.649386457292322,25.30227953809209
B,0.5933684080187912,242.7678587695564
B,0.3558679684854241,16.180302958130348
B,0.5956609354164484,18.147119280302174
B,0.5997586812835464,106.76628950148347
B,0.33571160116534715,291.58384319457315
B,0.3416892380796724,40.59699020784565
B,0.7722067896009734,17.852645951638983
B,0.9237150589216103,539.6668525215383
B,0.7793461231399254,82.79996108064825
B,0.7283786728650036,59.680093700669296
B,0.24874119333010788,7.26313752889173
B,0.918541191191456,118.99748576940581
B,0.6868629524064964,54.81993487599412
B,0.13701391203393917,6.610369920023431
B,0.3713610649327679,99.99919915852085
B,0.2199326949007254,23.281367166479555
B,0.28917266382315987,27.286241975203595
B,0.5888978406883245,20.909237430706142
B,0.12598624479793094,56.362606898374786
B,0.4977582377163199,100.69716198606672
B,0.6414723068863506,30.363369428996748
B,0.41932497516903156,81.89744798062415
B,0.7068344659330881,70.17678002728377
B,0.6794100773472145,102.16237112857341
B,0.7541606272581213,128.1339434056822
B,0.4517968840867226,123.76517209976912
B,0.5079652172459757,51.607625276498936
B,0.5231800134061476,200.26289982736816
B,0.49511967725173384,138.78896352706556
B,0.4634932365580718,20.50270085597544
B,0.4060843045080976,33.288584231472186
B,0.19930936156278464,12.200425614148335
B,0.17365578453379454,19.076738166551294
B,0.5952224023651191,24.9575705306821
B,0.8428122442214697,31.858462554248373
B,0.4268780101835645,43.93660706930545
B,0.6253871396956754,11.631673997262071
B,0.4866070459817977,40.891227397327306
B,0.19730764047354737,5.3884170580089945
B,0.23800588985981663,57.62679468958995
B,0.15040020154965833,12.673398792491312
B,0.4840084865880822,43.3307592343138
B,0.8354678671239746,228.46019700220376
B,0.49745171406020056,78.96964295242456
B,0.09741624441506387,4.58716952905264
B,0.3610147962964396,31.354307993532757
B,0.13258132679064338,5.572919190925399
B,0.24472148779173727,68.82311550424126
B,0.19576288316593074,10.381234598941068
B,0.2255843126328049,30.257659669367808
B,0.11357727748681612,2.3537163389673434
B,0.42383751914602935,37.22945069247519
B,0.6715492830676805,55.42747809889072
B,0.93093817195706,66.3636476390987
B,0.5769389436866734,35.590963854606535
B,0.5847993515677484,23.581503912233053
B,0.6497768444950104,21.261585692018944
B,0.15099470719696576,48.16384031478369
B,0.47523299273061526,72.66850166722129
B,0.12478476855837799,5.1853115987875675
B,0.39774240149428264,24.45138584507437
B,0.48737068941829875,83.26823909546515
B,0.6669980212663734,213.78173006374632
B,0.3156769314102268,58.72344337892016
B,0.8269651778927329,19.213025295063627
B,0.09047131695272595,19.409966881685854
B,0.6357412351272966,74.35537105214637
B,0.11861989662087144,32.185395310839446
B,0.6362595132536543,19.143042084631457
B,0.6252683581900088,9.614167119004893
B,0.7690412060516867,58.32260039273214
B,0.2631260740194518,107.75448732138155
B,0.403954413571076,20.80017445680948
B,0.7258090878221389,37.128891874037784
B,0.7431952796001511,243.90701754396338
B,0.22674257933313774,23.537851064162886
B,0.4405909994729399,17.498479890703884
B,0.7786129976249667,74.97744813871253
B,0.32710521163078426,199.2697384086634
B,0.5855196776631368,38.1567187275955
B,0.45192718732906484,102.49398450424304
B,0.63697519715596,125.37306208087531
B,0.6106435226883182,55.15089113815325
B,0.36024004009163174,63.749050849305554
B,0.2731604892746128,68.55584993610937
B,0.4826948825704227,43.02225095939339
B,0.7879103278432461,202.94996115707823
B,0.24662697824391874,11.328326102249896
B,0.3023605191695849,36.627583906532195
B,0.5726702082552936,53.79836161158298
B,0.5512709489650335,71.47759114896814
B,0.35691778218979997,22.387638099438753
B,0.430963641872629,78.77041184376186
B,0.6976654930889108,181.19795959659723
B,0.22618171798135372,44.50039778764981
B,0.8169295812459215,16.139481429570303
B,0.6369459424873862,108.6885279550206
B,0.6990486497913575,34.918168137935034
B,0.520201979946263,21.581091396038495
B,0.8720554124181147,117.01684331952087
B,0.45875977062961215,10.622645195365497
B,0.6336043299413726,626.0645182567897
B,0.4397295850229141,32.734409149701335
B,0.775966463142396,44.285915354974314
B,0.7257725971522955,343.63116455923216
B,0.5076871059230165,6.641768728341004
B,0.05171612881642639,19.26094573030136
B,0.3340035242187955,6.89488657412688
B,0.5280177941493394,126.69513792499507
B,0.6091334932755783,75.73500812551777
B,0.7429652069154103,104.8924131668928
B,0.870096506921732,142.66749091190835
B,0.4603094787700897,80.67124058790743
B,0.35365427737595834,11.443921758686878
B,0.759852857644242,65.03585160484857
B,0.07677795071874816,10.242233682016245
B,0.9136174256252065,120.02046813536049
B,0.5117198282249229,54.33376805904956
B,0.10302728711665303,3.2549281637313316
B,0.7402287980198761,17.852000696822742
B,0.2253050829445472,63.51543230106196
B,0.38738599607559515,145.45755775573951
B,0.5379450132928699,14.193447703880082
B,0.2872353696769713,273.18389677912376
B,0.12912024297354577,23.644215346375205
B,0.9208253887380745,145.1769413625437
B,0.734769999540036,16.891170427353337
B,0.8228347195872431,106.53984870718416
B,0.41387258470969956,9.312542359867557
B,0.8257317123860696,14.161595535496687
B,0.12759780642131915,8.134550853682082
B,0.49414499212072427,477.2341321350569
B,0.21724734086977604,25.910668894269758
B,0.774304725210483,157.6541324175571
B,0.39295749597471186,60.75936760239308
B,0.7174431968536165,25.957114138860927
B,0.3743069371231988,86.51109965357111
B,0.545773910525303,26.79339698915669
B,0.6498307195512101,279.48465439829323
B,0.15205191039953753,16.02931359119797
B,0.4203910134545025,18.993365382306227
B,0.19397695911480803,33.43159263325093
B,0.5921399000595226,32.54905325502816
B,0.6538907583280641,37.2561873578761
B,0.4054619992921276,39.205986640882784
B,0.6728896745065314,20.28926320858177
B,0.7500371701356942,32.38052573288156
B,0.850559921953166,121.11990368954014
B,0.35395925001026557,141.9906899521906
B,0.543732823706909,168.72539234801815
B,0.7395995401732474,419.22519863857076
B,0.4895784296651968,193.69911748066372
B,0.7969637516814195,52.34342032487533
B,0.4991264393903,159.30010757192503
B,0.14510509907624936,6.687274424189917
B,0.20249349682070836,107.88142215074014
B,0.14238709285651677,2.185260726806979
B,0.4337595342094195,143.50349034139086
B,0.2575622736440163,10.985290274707351
B,0.6549297511968296,110.17756734895968
B,0.4345406763578627,35.12734489595547
B,0.6380302709874138,44.01892008539845
B,0.772580975123548,280.2800796240977
B,0.6911663150445769,183.9119927808299
B,0.22586064741836762,10.176965091796074
B,0.3636337351926107,215.41056917441696
B,0.46215922118926284,104.05344857121953
B,0.37130094643216466,90.79387019241429
B,0.6871975281462394,67.8033504726231
B,0.4547294869204744,19.758595777480796
B,0.3038527775315216,8.62404563639327
B,0.7572504711906229,255.756856450265
B,0.1881008849554603,10.176227708068913
B,0.14289070126742826,20.26759319252542
B,0.3280187573782502,15.584615685179157
B,0.18372952345739338,72.5620778063981
B,0.8032679714975677,90.61582416469614
B,0.39949965042711993,27.48902741725964
B,0.6515005291159488,268.3786866660048
B,0.2758377522765919,22.698526406182435
B,0.9036847287182159,98.16703123742586
B,0.40498690770729373,25.623710213052902
B,0.39429786409168066,40.30585803388746
B,0.5856676950892038,201.83479102806493
B,0.15567387212839037,6.301819495981107
B,0.4853416158023317,169.2826038133803
B,0.08398607378240783,75.73190850841097
B,0.3560152724041988,104.12220531674994
B,0.5320745377481991,59.38918882997594
B,0.17062704375817844,9.670976453554044
B,0.3696523201644044,707.4833774374089
B,0.346581021840082,228.7857577053833
B,0.3289663818827915,52.324363063686896
B,0.2632132315723688,58.42053529841682
B,0.285934545468987,182.803420245659
B,0.899390044006251,195.78814557158415
B,0.7391382606937676,152.54607074535895
B,0.2539779771012884,18.87448056558912
B,0.506069184472699,100.500700443895
B,0.11275989094381796,11.734479051008956
B,0.8586837804239418,115.19192851434461
B,0.16197660977142206,3.7190663006509377
B,0.5879655537489923,70.45484321802729
B,0.5232218390559231,24.390236322846256
B,0.08006490026149095,4.207964194867428
B,0.6473367900080101,26.350099341382975
B,0.4771527582940801,11.59202793782166
B,0.16791411266493184,3.041179959311999
B,0.537085273545009,21.993252311257844
B,0.3619130325470825,83.83552504407997
B,0.6352641176997028,370.62694401738895
B,0.7445034096056383,28.07995516509533
B,0.9146146617985641,83.58543467688217
B,0.11136010262601469,15.241893775461564
B,0.7904622152336854,238.22997644826103
B,0.8493275458590134,279.9512094831018
B,0.217379749544773,24.432601265025284
B,0.802626218385127,209.0576560747543
B,0.6837965191732709,79.58732538709089
B,0.7740578669278857,97.06376183227918
B,0.5143745608430421,38.95371725189773
B,0.6552540505311363,57.380493353253215
B,0.14267382330345058,13.141534104469546
B,0.747665302264306,37.73401347887905
B,0.4947655626064865,153.46343316709857
B,0.763256672891735,162.87124654165146
B,0.8437577088284627,90.4883103267961
B,0.44408792739138686,20.436885013150402
B,0.06056385637163391,1.8022276029173425
B,0.09407743772219533,7.751305483769644
B,0.08336424101412825,6.88029725101
B,0.11198836941910162,3.1469507712303506
B,0.7939614824698135,166.52099256155995
B,0.5961684023897987,98.72359045735134
B,0.22191953444174797,7.090398496167437
B,0.9232207241489496,193.50810636166523
B,0.5324039548773153,88.4800984105669
B,0.2859350367232984,2.680805124706498
B,0.47347017450307655,17.792837606297493
B,0.5324152933313648,28.0898944706922
B,0.1365351498313457,17.402304715231992
B,0.5148157518075256,15.066627393649597
B,0.19261268879772755,13.64734742192217
B,0.33642574022838073,57.10247095626793
B,0.5396968308771855,52.945329373905814
B,0.48427060760629453,110.05019369961948
B,0.2948599047471769,14.401651289964173
B,0.6389133042809338,46.75036600268822
B,0.6294784592150708,74.78622349302273
B,0.48927061763698093,19.655539739712413
B,0.7056188526158311,17.413974311525728
B,0.1990112920010542,9.916804499691716
B,0.7502413565903242,389.1530952489828
B,0.05679562332600796,3.550669646104862
B,0.23659307595433413,65.73635861778186
B,0.11566821992245496,5.0221188162272465
B,0.7035344697996676,28.870239977911087
B,0.37625124027220336,20.273218549872066
B,0.8961921527707478,44.295402972669066
B,0.23462892362548576,53.185094235183
B,0.5422925892105507,111.13888447671407
B,0.07123132352393956,14.55801035002474
B,0.7768315639717527,147.73398538751937
B,0.08478432219828774,2.8609438952167525
B,0.6301653770966007,136.43380531580158
B,0.5467252710261948,53.393147509086454
B,0.5769270623335989,40.23104683120994
B,0.2948770073749507,52.279593060979444
B,0.7375269013568876,75.13818885960738
B,0.7150400095541172,95.18672495896793
B,0.5304553694772934,60.11888932657669
B,0.4905550186126943,34.902840546774584
B,0.4797270336562468,34.23687651302677
B,0.4303649541740404,10.641721710042932
B,0.8839210843541341,53.59072747874859
B,0.12374265512427131,15.969965729860355
B,0.35745414303595685,208.54011081499397
B,0.7491423694884035,211.40681376342542
B,0.812180044476693,241.36267062288354
B,0.8085539062613349,55.54657250015536
B,0.8313097417560095,205.08528196709656
B,0.24352885139937833,37.663478303845785
B,0.8717603251934591,283.7218565599853
B,0.34103392297887186,66.44907984976385
B,0.3645421213325519,57.63908962510471
B,0.23299590753991073,17.908698374652253
B,0.8874404581334256,32.897788451767106
B,0.7526193071784404,26.019035348792436
B,0.6484478550276891,49.995817228208
B,0.7125620294186551,203.06396614569186
B,0.8503527473984349,76.17577629871111
B,0.8354225293103074,150.18007969119623
B,0.48096998185924483,293.82629973282235
B,0.9230609556200904,27.96106431116302
B,0.8355691473746041,77.12579292811506
B,0.9047235577760961,139.85926798254349
B,0.6272337300792515,32.20880618787134
B,0.444753586821441,96.61663336200651
B,0.23508591145895236,86.41587665422402
B,0.7340667610065573,165.1502038573329
B,0.5180042981151227,30.12739774218853
B,0.3425627003559178,38.01276409540276
B,0.767229423764924,15.084941327390151
B,0.6975378902347991,116.33721590765076
B,0.1891727761407569,38.659001562765226
B,0.06159119446578667,2.218270874571613
B,0.7382910761842401,69.72160123914632
B,0.7952856232215966,78.39736622692587
B,0.8634895506254073,17.530699517184644
B,0.6877261904245173,7.318454075738569
B,0.4750558453250086,48.686333188966906
B,0.5799632729080328,139.15407533531953
B,0.7210242570340369,68.82253295673821
B,0.29381188253665186,72.67926402217539
B,0.4539633611257165,195.20337748120212
B,0.5800411714970117,254.7602744429653
B,0.5719183341031824,34.146288845281994
B,0.06659736625803556,9.383930890693325
B,0.2560590714164112,26.624202496082876
B,0.8341355377946067,53.13229871774699
B,0.25507291000057913,29.82835178074229
B,0.5569691128601245,29.42616540274362
B,0.5129372991143827,658.3505391219862
B,0.9577532507804687,70.41938059714452
B,0.23650688317640736,64.10572691685012
B,0.6091770026520087,104.171672164596
B,0.6682660426765347,158.5884181129583
B,0.38081551432548905,211.35236483738927
B,0.8031066539396492,36.45237400851419
B,0.47358242531681377,18.018217368382643
B,0.7869468595934374,56.11314901384601
B,0.29898674114960366,73.74571515486569
B,0.4103302274983952,25.663393835830252
B,0.7492842260803435,16.307617766461018
B,0.4548004026419645,51.37560544140593
B,0.44887756980946786,28.52429988945625
B,0.8070685513129354,127.33740785639637
B,0.7316476176396185,20.62186434909537
B,0.729073031904013,237.46331314931672
B,0.24962706826893674,12.897151338738821
B,0.48848557916333196,58.51029568931721
B,0.8959818432365383,228.90759227983898
B,0.3856344056425173,34.58592912171511
B,0.4649091160027876,486.97047956280096
B,0.4818536047482948,116.68867922518051
B,0.4808553094485704,10.676980583702418
B,0.7738469948971388,236.76029455055513
B,0.2190188939312054,32.77545776789516
B,0.7670439342612982,268.5659077044557
B,0.674868012666362,39.75366495398692
B,0.48109606685199113,307.1704838499546
B,0.8476971112310543,54.75122718052966
B,0.6970805210613117,70.4301838099745
B,0.762247324120054,30.290469885211238
B,0.2656195957919155,37.9492467836893
B,0.6556422876846817,63.72375688785592
B,0.6978123527180929,63.80028833427753
B,0.1771367645265542,17.738897692934692
B,0.13737117701524332,8.054064019109434
B,0.636394472583082,126.18817597109322
B,0.4930499383008441,22.41124267665232
B,0.13606455237059817,16.243551235123846
B,0.29092405622515927,18.356266433413033
B,0.9427380393849685,247.4558182924395
B,0.5004620332930667,7.77561540500229
B,0.4264814302140882,37.56019193375927
B,0.6462504689058018,125.86114207495056
B,0.6805495547488591,46.524435401634356
B,0.3250978064214512,5.662787681225363
B,0.4515902832768873,59.49388120461755
B,0.49514956983616953,204.9107265297836
B,0.6012330440381075,43.79320000621286
B,0.9618844778317893,276.23914075590545
B,0.11964301959480407,72.56165510440603
B,0.3548731956116507,238.00490326585066
B,0.19798318199581758,18.453358225156624
B,0.22192421096169745,9.253454134065018
B,0.7983607819572117,59.932886636991434
B,0.7763134165300841,50.3570621679575
B,0.4875894677508055,127.55097465165292
B,0.5654892412573259,18.475371592816828
B,0.06947862214822004,19.727605230441537
B,0.15014133112572922,26.349987059314415
B,0.5941614280007237,171.02254814316944
B,0.15436671436794022,15.573854913503851
B,0.31037944027296693,17.78975316798893
B,0.18405709946694307,30.40975713401666
B,0.6892785653218104,83.18699445927426
B,0.9030574160955992,291.37685310604485
B,0.4604801761517738,14.693265849709235
B,0.1471152354567372,5.241647576741216
B,0.6643036564495877,617.3803696552477
B,0.7034455310322157,16.877093003649982
B,0.36733102713348414,75.20216415588382
B,0.521039739430925,19.029504283403917
B,0.11481372935938741,10.569282790707343
B,0.23250947179514048,111.81100312668904
B,0.9205272442504334,35.655121892730214
B,0.6711043610145278,277.2943278226215
B,0.7053187980457616,140.72155662697622
B,0.5063011170008571,61.34186476805719
B,0.8547008917136117,55.25929812152536
B,0.3940829586237228,74.72625982896685
B,0.21522200265418395,6.19690509314904
B,0.580359228088175,27.56853299776569
B,0.39166946862409957,119.39163796468182
B,0.5681187578046372,24.931774623347476
B,0.2387621184866941,145.3163195990319
B,0.480739548523015,41.756893871438386
B,0.19732464474377895,39.92086914306867
B,0.4440361566091098,174.87839470374186
B,0.24032419190568094,91.81783185265925
B,0.7455397373441808,74.23648755964746
B,0.457581425377254,125.60982326810831
B,0.5852146750008546,186.1248624258773
B,0.4021265441113677,41.29048676058115
B,0.28925937123935347,15.139771764236938
B,0.33524454036632156,16.460611440494656
B,0.48611267582100937,78.03047320005197
B,0.25329275100186327,5.9384300080895045
B,0.05494797729765361,13.904245923178701
B,0.8000142022465037,159.88361030918924
B,0.5713062805492964,32.911189954146124
B,0.35653286977297705,98.91841788655478
B,0.8055745282180422,111.3771309221409
B,0.7137219607888421,266.9063085618329
B,0.5658461075105556,35.988022008444055
B,0.4003500156174412,36.32023862421147
B,0.9224651226433068,139.22508579028099
B,0.784156478462552,86.69293931469782
B,0.4207901429436344,78.53432550614981
B,0.7173738035883468,67.0318250092462
B,0.5847599874495468,21.54314774015896
B,0.17352928598033168,36.840815620037354
B,0.5375082746024857,44.62654827704358
B,0.9675150666599264,63.03665936182205
B,0.07432416836958411,11.897778091901376
B,0.7416102178516273,69.25218987088223
B,0.08681847980121936,17.389413505379952
B,0.23876986001952752,27.640705809407827
B,0.8923530557266883,27.53114397786251
B,0.5121290382696123,139.34497736412197
B,0.2855513281195442,14.504208531675873
B,0.4907715763330701,42.95453760254332
B,0.15461640232249996,51.10634055629517
B,0.4882176763143367,57.951147792842924
B,0.2573421050111954,7.9423804531585285
B,0.49147676008766394,91.984121395362
B,0.44650327948647167,90.87590723399964
B,0.736675383671583,246.38731932832525
B,0.4217382382057778,594.2665827678461
B,0.30180487118786525,41.62410708172346
B,0.1807208274089182,1.7813296312290625
B,0.6441691037409677,6.955770456125254
B,0.4131420545742464,52.16520722842874
B,0.6853638447979794,96.2490678783273
B,0.867825653430673,51.762178597571825
B,0.5762919690543422,71.5414877845906
B,0.6932602787260884,206.82494085425063
B,0.8083088727892483,76.56823111433333
B,0.24350949213041106,27.315387813075613
B,0.2915412250121398,80.52581118717842
B,0.5845763583789738,145.62249105324065
B,0.6227456994174136,105.78347924913925
B,0.6901823806330537,64.95320654681036
B,0.5151987953565419,10.556983156256052
B,0.6339844253773551,37.558640996244534
B,0.3197491194351687,3.9431655339098186
B,0.899469001411042,68.6400061646659
B,0.6801372132976152,35.47284639494226
B,0.3841199013043372,20.35577710900025
B,0.739187432240956,61.094379931767406
B,0.22435003273650672,22.130577659597446
B,0.32023399705789135,53.66085542109827
B,0.7022100563210303,868.5633375588333
B,0.10877293610906746,12.263798118537887
B,0.19963381528057772,23.088848759609323
B,0.5367102038117452,33.17041619853761
B,0.3091767151343391,30.41360685695392
B,0.5511075909866174,44.19873371955616
B,0.27067960327253565,32.0044476731411
B,0.15936943710563772,43.87824855729871
B,0.6907643250471226,17.20104559130396
B,0.3923079172584271,7.825896032467031
B,0.2662216544739907,48.25393828715088
B,0.5442697041730664,34.66578533154847
B,0.28604260367396395,41.19091491686215
B,0.4305450503617365,14.084708403683498
B,0.1941697364351424,37.8133521540433
B,0.1553117659102709,8.601501866840906
B,0.37129786494588746,43.277267996709305
B,0.7233621231650237,36.343928444704105
B,0.5603825218434724,66.61467835528883
B,0.2844647098597918,49.35054624275465
B,0.6686438813459995,131.0706565484756
B,0.7511741647879927,145.66159178986356
B,0.7585722685905817,28.615531186071983
B,0.23904766215451273,52.77223857532857
B,0.5604255284209702,137.35597727928382
B,0.48484697604094945,56.63615770427552
B,0.8468204955608757,141.16969898576716
B,0.5936438960161079,19.40023447919785
B,0.17877127232274906,13.553550175243084
B,0.6287000920161798,15.992427831246985
B,0.4696192987256766,237.12919918515112
B,0.6058004656534797,211.54964502016793
B,0.7747257617456053,252.16373909440838
B,0.3751149758773796,24.946305260673185
B,0.6817382799261931,57.71217170125132
B,0.5341569263200254,10.478166173457856
B,0.11875178227890278,5.764096625142936
B,0.19305222832644067,3.0429642405809814
B,0.9317972310505126,72.89107387251623
B,0.6427826873673249,48.584575906797184
B,0.36619313807223497,26.75552536775453
B,0.8217860536732731,124.99790035561556
B,0.49768309758154267,43.74737355684807
B,0.6702486469953634,7.556227692545154
B,0.7478813180338787,166.24331179864984
B,0.6798967320992597,51.008475079782905
B,0.3184613738481124,77.01056529367615
B,0.6070199775014172,92.48623336310109
B,0.21128872731194565,2.0863993662646574
B,0.4143853567443074,11.43701283303012
B,0.6761484837529848,85.00772425523151
B,0.5835734195044875,46.9207027724076
B,0.8048393916776404,78.09584134480835
B,0.615986185576697,38.15567322654769
B,0.9151895561395551,28.04249643472327
B,0.3745328760097043,22.976985981464825
B,0.2623887072935534,36.83543975928508
B,0.6422935132505498,71.78548137781024
B,0.2514829574190372,19.618703187524194
B,0.5930794106346674,19.50825094149501
B,0.7591264990598682,70.58673925275771
B,0.779523537223169,268.44546116897703
B,0.8085238370803715,212.80757115938263
B,0.809599994001536,158.98819831622404
B,0.8243428866858905,75.9673990280383
B,0.2635852921497257,11.442941141111973
B,0.29278287071856224,47.53428244531168
B,0.59441793797284,43.67758162814135
B,0.352888861067936,25.026749889779115
B,0.3273929595995851,29.30512378652006
B,0.3039253936216498,255.74798666497003
B,0.42976289129453127,6.91969178041849
B,0.43168464745738,105.08911525209592
B,0.31503399219483613,17.281426054936013
B,0.6163561468880827,24.765508833446802
B,0.9015541989441564,24.96825671252862
B,0.7743806343397664,33.646524605675005
B,0.47463364376355294,70.15648597606076
B,0.38042907834089923,19.90217106098169
B,0.47777061955159394,18.3301921053256
B,0.5040185536776628,11.314337028252112
B,0.3521095183055315,71.42638039100322
B,0.1124643981251062,20.962838351132987
B,0.27947687090348317,10.32587878483149
B,0.16088468992512156,30.706859111681226
B,0.43825881061155114,46.338170090196826
B,0.2774699999854496,56.80327864267346
B,0.5296459428480703,27.62738090590774
B,0.7490821279186436,89.21058577296147
B,0.7372554942712903,40.97351995193671
B,0.7640294465307206,234.0083703211771
B,0.5636631369318608,83.01966022029197
B,0.3525586178443755,59.8805550968292
B,0.6487932253718877,122.91430744921202
B,0.3504273364746385,45.667669493242684
B,0.8652710824389528,42.352257906829905
B,0.3282386150799646,4.590093601231367
B,0.4074938609783837,27.288180725074707
B,0.6408528047408439,23.745944863114605
B,0.4479703832972028,28.295160876360335
B,0.11684442495012914,18.015406719025545
B,0.8773905254065218,335.18939999833697
B,0.4499178688254441,14.487597912026994
B,0.5033230202492684,49.25948257734365
B,0.43259223688013754,24.228041600829346
B,0.8164586566049271,76.89268362360993
B,0.3676067388104164,68.72739339909124
B,0.3337664053457244,209.45183847758827
B,0.23382786578365797,53.08135981653293
B,0.5199458997296016,46.68480703159433
B,0.030499494069700293,17.77511479921158
B,0.28315017641244905,12.706583584777274
B,0.7622692133422009,270.55002656131563
B,0.8105324859716759,101.89634871641388
B,0.7627105871175125,21.988887566985074
B,0.8038136347646043,455.2355933248319
B,0.26219449125765504,17.834397240922083
B,0.8272276751022855,96.43823330978708
B,0.5799496599894386,177.5150965959039
B,0.45093694918468524,79.08239192580784
B,0.4354807175765155,72.33096222060288
B,0.7235929461607007,88.31068234429472
B,0.18338200171980637,34.87275878956925
B,0.34908459884985693,62.47159472179949
B,0.7776586198314331,138.39170648227258
B,0.5874742890273158,170.03727814319348
B,0.3580404987322131,221.24117411369497
B,0.7807422725857663,26.902554544311673
B,0.32426726068586775,55.55875308224105
B,0.2777803094490136,28.3832456491246
B,0.32041061201475124,41.601079241959155
B,0.595459372190577,63.56618969302252
B,0.7209899114516665,34.447679757796166
B,0.545684227668769,78.51370538121844
B,0.6133304017103447,22.17850491761969
B,0.8464414983406066,23.898960806442545
B,0.5915276055477593,67.21561568062768
B,0.2058393154659563,92.73741247390397
B,0.8741789087597732,97.45660976425768
B,0.7784401420658782,24.84706472101245
B,0.2562417082532719,54.29587553894763
B,0.7328074315254071,139.01914872705962
B,0.33434678643820465,56.332757864646375
B,0.13756049688678548,41.274763975474315
B,0.23231630835066672,29.398405060874914
B,0.35701629860438583,51.527367390355266
B,0.5839600059556325,21.197221847431628
B,0.5264491507681521,70.9482248365292
B,0.8714941481148933,254.03606261253188
B,0.7932550687314257,53.12353733215881
B,0.7529204469604505,30.123616182518838
B,0.09783392183616481,31.736504906259146
B,0.7842526957009202,94.00150864890479
B,0.6604782621562758,81.934494510766
B,0.5546228654300925,67.56184662141642
B,0.35082028700626905,101.6130062068798
B,0.3985893145092176,150.82401252209078
B,0.9239928255051372,494.6690545093635
B,0.7946331543475957,462.23538450148703
B,0.4669352720153433,23.394505329216486
B,0.620376036307563,132.49629140487454
B,0.21690345782592066,24.22988989370833
B,0.7410601990008476,49.45557254804264
B,0.4980867034066913,24.470184319296663
B,0.6367824533687032,347.2841074999284
B,0.4455944467620215,14.707798210014209
B,0.4378125470598635,48.51944072282178
B,0.6864010491551514,147.56476421373944
B,0.5188979989548924,22.99524798472061
B,0.41921852037878554,192.1854864974629
B,0.2947752137945376,22.25954524721588
B,0.7488027518024288,38.289894918534685
B,0.2165344197977053,62.44092564019303
B,0.752839114788258,46.62609363601244
B,0.3399575133151848,106.80806005502501
B,0.02655430739176528,6.40757233491773
B,0.3259596879160703,5.649488110140862
B,0.7525736049154763,46.15040751701247
B,0.3301349154087716,32.09029325466216
B,0.2643939998165865,107.69847348907439
B,0.8396233493021199,74.15889232532058
B,0.6392215903102223,38.49055764498947
B,0.7187160549356714,27.796214438140936
B,0.2924866350428736,25.73844713129238
B,0.8113823801807206,61.711707248291766
B,0.5804801606965213,236.6448944937545
B,0.8336183243235595,58.43534901987872
B,0.7979670713238634,76.48052534687929
B,0.8375377224642275,74.63066702537422
B,0.20392773647459564,12.11465880584163
B,0.1506997323890735,23.096915516461852
B,0.5650739488971358,72.32008427017793
B,0.47381853912158034,29.247600326591737
B,0.7129173002043138,148.64839641535542
B,0.7678224547486647,33.368346941654366
B,0.112844418012955,3.8015041385586197
B,0.4462154076600224,21.550525615763167
B,0.7899063543009164,265.92702828249946
B,0.8274821155282285,29.382796878912377
B,0.7265881129411842,66.04862414736414
B,0.7428491708139708,120.31578175094612
B,0.46635025638893635,162.13293920809568
B,0.8202677637045521,8.430206129257407
B,0.5129757072679013,75.08256670858118
B,0.5087531094454147,41.64930712165943
B,0.26447246910803424,39.883507136988904
B,0.6280782431257673,37.585416338211026
B,0.7993658000907117,109.60391880172665
B,0.8596436341284466,116.77246580325824
B,0.5307149605747231,75.03608908308233
B,0.19311902470349296,1.4175773315802356
B,0.6126949481791417,68.92609248330622
B,0.20602370786213037,74.13679691697274
B,0.2480421373630357,13.525747408344765
B,0.4042973511261394,36.74248160226523
B,0.41205098640794563,64.24261399146569
B,0.3671161370800768,3.8480768285062177
B,0.30992948256881475,71.9907051490274
B,0.5590692368736099,84.64135920632451
B,0.16423131185159787,98.79250761552264
B,0.21044421004722094,41.56273136021989
B,0.9368742787584681,102.42410268600547
B,0.780504834438475,156.47298227533634
B,0.736238610445558,244.5871069983008
B,0.690380976131076,148.19749613835498
B,0.6615953127338562,189.8476267206647
B,0.22462310482727763,9.563477796910872
B,0.27475045700924455,25.424414085941486
B,0.34755829225113716,77.78451959272945
B,0.4396973897890061,191.0034405600509
B,0.22713546155123895,9.876706767876595
B,0.05895554229373635,2.077288307256892
B,0.6141179072879377,358.0076491677735
B,0.3391158266419652,5.152086806103949
B,0.5245061058707325,288.9918485631864
B,0.8622888663215855,29.034682630422157
B,0.19131767198893684,11.228943352891532
B,0.474523515518796,68.3581625535372
B,0.6868326529033539,68.95472139579574
B,0.208186236724717,14.91324728221758
B,0.25252425815378543,9.324560929403065
B,0.35398135769217076,12.752938639616566
B,0.05225703602033618,4.591703725627977
B,0.7985532785204851,186.74299634788542
B,0.3845825516665134,39.7866989026258
B,0.20639608617458055,12.46923351430194
B,0.6458714901390428,25.83361740414474
B,0.2261323986250965,17.93902213153064
B,0.30368285511320886,32.455980896983014
B,0.15178069517924125,62.17587739817643
B,0.0556591658384476,9.918152661637171
B,0.667546329934007,58.23174796434995
B,0.2175771085345747,13.050003262361942
B,0.22812799620795532,147.820333927428
B,0.44259946413722645,71.46425045116912
B,0.09470294626818151,9.924124008185782
B,0.21239107220192283,8.968714774200437
B,0.23501093317997462,12.450550892658942
B,0.7835243478112945,28.313707164551985
B,0.1328564436639358,14.637441011176808
B,0.25722211832653563,7.062064223694161
B,0.340549683808926,22.95439319192516
B,0.8568234461529279,62.51914147807695
B,0.7855841693459421,13.141926646445041
B,0.0911856507867505,3.372755579403254
B,0.3693968876889043,25.555498487423623
B,0.8503109865167965,43.778454358410805
B,0.2204631751724363,13.087071108342982
B,0.3373062774778653,48.35347109339224
B,0.20525408947381957,19.06878280865114
B,0.2801225333240651,74.03858906801689
B,0.7565114822323443,90.31461241067313
B,0.27120132132084873,52.65994321274735
B,0.7249555678380128,33.96297868881068
B,0.4307801642624331,42.326891279657225
B,0.11103472007402122,32.638734576527014
B,0.23331204937744654,159.7650133470276
B,0.6042185557562351,65.07269746375928
B,0.9729915647563406,613.3472855475882
B,0.24516919666711046,19.14254343955403
B,0.7185412565180519,67.05132809872288
B,0.6180410993765797,45.4666054500488
B,0.26670882621531766,71.00739592392706
B,0.5309875534137142,30.241689880632062
B,0.4243222945644946,34.371149027229265
B,0.21342280617342668,16.919465666213128
B,0.6383498291961813,147.22165112602494
B,0.2116840448841127,5.298164627535303
B,0.7029841139370849,545.9201327770589
B,0.18246705517409081,8.530882992812918
B,0.633032926307127,200.116860285324
B,0.7515459425151907,30.556629204199396
B,0.40723840488207885,22.028803911739228
B,0.8225476161458174,22.735602913358466
B,0.6475010910721689,100.00311508729396
B,0.7999800603904664,45.68460427179881
B,0.18360087416060694,63.18579930333679
B,0.6591897721551055,24.951961190314865
B,0.4638349662190493,21.061462369982
B,0.7325544014638622,34.4901484156902
B,0.7625289633612269,182.68886930960258
B,0.368823803896111,25.566448107501447
B,0.4741804477108213,31.278599245579702
B,0.6175181888553923,44.92210409621899
B,0.3678952086849846,5.486855665472703
B,0.09473799330282408,19.185913198820952
B,0.597511079660411,518.7603101162049
B,0.1823253158332254,5.820071404334447
B,0.10633864498325594,10.542251551259945
B,0.33320338314860926,32.30092615608103
B,0.6428309297937254,23.901924383205213
B,0.4123344524390134,223.79084648668012
B,0.7199992462933178,37.023819793482936
B,0.26338671852364265,24.848455119320032
B,0.8316078915359096,22.116995183405404
B,0.6990698048855195,39.68297709733374
B,0.10010377706995899,2.94263932193705
B,0.5510964231415375,63.27586333580514
B,0.6766656941564229,17.060027369770925
B,0.64673014361627,26.228928763283474
B,0.5206660407137117,33.981059159473716
B,0.3219157703570345,15.103529402948721
B,0.5846970085205614,9.80626952089845
B,0.38187542977117267,123.20482320283897
B,0.43471028618839336,19.435081320228516
B,0.5209934203682255,35.57959819976959
B,0.690078553363348,5.8790908973601494
B,0.4637136788289126,67.3242011711523
B,0.629330465786192,69.90250017455453
B,0.8085117661897713,1000.0
B,0.41626347179618395,43.310638231476524
B,0.6816456019246355,310.1873180353726
B,0.5377309874473043,60.61741528071996
B,0.13848448552376436,3.907048389829308
B,0.6271343320608835,38.05281791543834
B,0.8464103443863704,495.9864705457594
B,0.8867912805233404,161.87902255349596
B,0.43889058563150596,13.234921767712075
B,0.026798054889924844,2.3724731848495106
B,0.28084989476734634,25.5219591280817
B,0.4642454940229361,63.445732402808126
B,0.4769841531952354,73.32656657097792
B,0.29993317502978273,27.44013073195075
B,0.3382813893378943,9.509671412047242
B,0.49409521045254573,43.82815325580405
B,0.6943290582731498,50.956702872588885
B,0.39394211660487016,20.07495556791589
B,0.6916541287920825,45.33839588410157
B,0.5364442067629887,145.58862267214622
B,0.27751729789566026,24.177044571019223
B,0.1905240163928394,27.04963638309254
B,0.7905830964718206,27.76027383817497
B,0.5222432882805815,76.80559075502188
B,0.34827095292398874,27.285737163615085
B,0.8935734701493153,59.61743573372818
B,0.6665353687458453,74.5644080386194
B,0.6605577136552848,39.35544478402635
B,0.6602267596005085,86.38030356030076
B,0.4862044683787835,27.315488150950973
B,0.9858147814044634,87.33372794981979
B,0.5918483719214181,84.1608878302005
B,0.313917134022151,167.26014321967108
B,0.18947065184999665,22.3892661253152
B,0.23871086017899787,27.979904230044635
B,0.17819817825579065,37.50779967803402
B,0.27908101259366813,9.107962624446738
B,0.45956566576260344,29.71699700850834
B,0.12809279987411895,20.324792860962393
B,0.7930920261040516,171.84817946567514
B,0.08215213087507688,23.634757385543654
B,0.6261529722478318,23.30534994725788
B,0.6019016556592242,89.42679115230996
B,0.7315787107195749,259.47559536383744
B,0.3903841787531189,61.460082923536184
B,0.7475127694280089,10.428157482622435
B,0.7653700629353892,298.89048976440534
B,0.3722255490070565,83.02583894935428
B,0.6243463200412944,25.172629501713995
B,0.1370449290613505,30.445267555247987
B,0.7369832606322374,134.05104520409617
B,0.672678539745853,96.5607570991692
B,0.4512907698603812,9.52596310463061
B,0.5177119112051238,142.58908921440943
B,0.06585666167829315,4.2927578561142745
B,0.7497691372280715,156.37045397760636
B,0.5436706094529561,54.81506691963976
B,0.7247953794919225,88.42931684031
B,0.4144254846372117,39.900483695714875
B,0.868186898537639,28.658787278175748
B,0.6169020059695963,33.12224679248301
B,0.5121040259599223,16.55199022195858
B,0.32059117463812187,21.215969727463545
B,0.13531902207882088,28.80604431428316
B,0.018192140107857586,1.1912178074852235
B,0.8618587021887456,154.46552765767447
B,0.09451830259765336,69.64792500768178
B,0.15088243922887884,4.774493536644522
B,0.33598123964061577,31.021436245522338
B,0.4006340982201199,36.80677790796605
B,0.4902975838589364,286.5739619893557
B,0.3502076731522808,8.610789781853612
B,0.3050017854504025,266.395620333728
B,0.3982404272904668,17.116296220553554
B,0.6624315112488003,105.46032027911795
B,0.5716929913309826,47.91253267629307
B,0.38658668129661145,80.31082081304599
B,0.7040656241247569,139.71118184852944
B,0.45008538991679375,18.62592437022361
B,0.6039209221778655,92.21523921969907
B,0.6109969674104233,21.575158837045823
B,0.8917395425634386,127.13497669986644
B,0.5593239051597287,56.38008666338924
B,0.40816714602347265,156.49629164572136
B,0.693687241317821,354.4613630862722
B,0.8810699435160849,10.209384387469823
B,0.2063287757928972,25.988104815591914
B,0.4270153293520967,35.970304283427076
B,0.8966687428788912,320.4297199019831
B,0.40488968111664764,62.75978786008329
B,0.3712695938360069,27.767130586296364
B,0.24851543495462125,406.4502451966091
B,0.7861363593551794,178.3188380576245
B,0.6819463415497429,32.54931297109369
B,0.3262556249867816,71.38886783875203
B,0.6209185051588683,387.94144723077306
B,0.3500661309370749,60.56137442703964
B,0.20790339836228658,60.71412821198282
B,0.10310976195867375,2.7114798833773572
B,0.6641746620948492,12.097165290008377
B,0.6659375058014363,11.079525454837892
B,0.7191369300881832,14.00755226114501
B,0.6613555094846287,133.10739196356133
B,0.7817543313076957,60.97210642331693
B,0.3889235278556197,387.4247434534264
B,0.8268196616190792,102.02088457529378
B,0.1893089881179091,7.256184474159048
B,0.2668257083859227,4.929515823922214
B,0.36074212834549574,48.056173611312694
B,0.40545632754872124,112.76145538864745
B,0.7578104568222911,18.33518244668674
B,0.025286850503972818,2.5240565791179472
B,0.4960313648412852,11.828157095543762
B,0.26663265618193804,237.8906548650808
B,0.3995031944617471,128.21763378710386
B,0.8069270536629871,230.93908934307223
B,0.9048050060434494,226.99321078533671
B,0.7155811268670128,56.67794753320719
B,0.3653450592328868,11.436829225207422
B,0.645046126153605,21.57932887550088
B,0.47568781629337015,54.544191279575
B,0.6907915138731747,59.137736396477564
B,0.4243359295680367,64.92830273203698
B,0.4985457719705231,27.25524739097912
B,0.49071935640712694,30.0070770033673
B,0.7274532678321833,39.52216059424511
B,0.29960416034578424,129.5458409444866
B,0.22017827486322802,8.98046200166377
B,0.09961015832518466,5.806631574720357
B,0.5256085637989173,74.37938446939395
B,0.8192315397415938,119.32268673331441
B,0.7345429953137147,194.2464207579303
B,0.5249380194435197,529.1435598546418
B,0.8430599995039499,294.9694862498223
B,0.8107891497188219,49.442321830412
B,0.7020635327577529,79.56549704533144
B,0.19614658231880108,58.255922421489615
B,0.8795706694022879,148.3724958468258
B,0.5158554915636745,7.421708438834066
B,0.6777431334488412,358.09874986338366
B,0.4379269586063963,69.56341223457586
B,0.5145970799670754,25.184570712132132
B,0.6536632992324706,89.58011939896977
B,0.8379233597233516,76.04718076262694
B,0.8670500730768809,327.2086667670526
B,0.7691799750372018,37.910999231179424
B,0.25190277192541255,31.43567876762448
B,0.2668131135391112,103.14732710739169
B,0.7268232408235231,165.90387683744066
B,0.8869501107353027,239.11563079209566
B,0.1962574764445055,20.132713556363136
B,0.6771724454083179,30.148894353876134
B,0.22556219433425123,34.97419467557893
B,0.24833581820888603,44.501563443799256
B,0.4640020698585299,19.970769344801624
B,0.46147461002524237,86.15375192169385
B,0.7954881839300915,101.70194100407808
B,0.3117338360268494,7.353332864900417
B,0.09861961229795647,27.145322426694104
B,0.8710317270927515,24.36048146360295
B,0.5221212263068769,34.45046554075514
B,0.7374202534562274,24.139954217462
B,0.9448610485991292,98.10946216946648
B,0.31132940280592086,240.29369946511665
B,0.6008312405898063,56.94823755082811
B,0.4852863577884068,116.26165258705561
B,0.6142799213298142,19.66736386100756
B,0.8427881504274518,44.30732998823447
B,0.4980146900781966,20.186909531638246
B,0.5607384050471776,219.6586002702322
B,0.44333765788739815,35.625850375967985
B,0.6294237683959706,44.464514821867674
B,0.5954430686982725,313.5335963851726
B,0.6188259725858273,285.38629404453377
B,0.15187488193051066,13.58939552749178
B,0.04330721663906778,51.57315914893431
B,0.10090506760629812,7.381110045371448
B,0.16339643292361472,18.314689725152018
B,0.8759495305700254,153.89564578495157
B,0.09912618777609958,5.951578783108349
B,0.2635637093139732,20.959741863456628
B,0.861360287029001,107.36881778230496
B,0.3230023770705629,47.69687364534402
B,0.49844180653076836,40.817929778172854
B,0.5970357661883153,18.77818286179542
B,0.5024117048258843,419.97225604107047
B,0.35222239645953357,85.30892628653629
B,0.26818837734687934,9.702997984661625
B,0.5348380869023476,108.24141610130742
B,0.2435127807006199,7.058189054540827
B,0.24565422378363752,40.919656975192765
B,0.7964428667325552,65.10632929872213
B,0.2957780748871696,41.247627412291806
B,0.2951480894892707,31.90826347826424
B,0.2614875414351511,174.9860796759786
B,0.5947953492976671,31.353336071816564
B,0.5206401810252772,82.03724915716661
B,0.3343827810911491,186.19185098130416
B,0.6124998693143318,166.70011397178737
B,0.14521044390068039,17.98577798498204
B,0.16358567555837703,33.51405582385136
B,0.817921996852654,287.16048899573985
B,0.7300998662840116,103.81112899934465
B,0.4992925433968997,384.06178695878725
B,0.5525841288711073,47.78807634837807
B,0.2016857324456668,7.196757235764512
B,0.42857957800501184,216.00812262874638
B,0.5858044564283931,35.515757399389315
B,0.7679422657936754,30.066989608415156
B,0.6305252804669472,66.18663583652979
B,0.6525449407496137,82.57751123583039
B,0.352514120247242,16.204404284681225
B,0.7740554487013955,45.759913486256195
B,0.9128752984188617,180.58961453652984
B,0.4913145020965949,106.04052173062783
B,0.10639149380710725,16.169560733575345
B,0.7330261538600076,55.580629729809935
B,0.2922358587483774,61.42690542404578
B,0.2540844215546541,13.797271330528922
B,0.4721240877999592,41.750868984953485
B,0.5315936817371228,102.05087004314574
B,0.9411877048895547,266.82866998180447
B,0.7134832786793046,132.08691823480942
B,0.4571305459196386,165.72130756759364
B,0.22011682086611964,27.76161361233421
B,0.6927944918796113,57.47262624347622
B,0.4375213399368893,20.936890199431275
B,0.371186366952388,23.699415958436163
B,0.041472596394300634,13.897059585160676
B,0.19165787559484077,46.991579747448064
B,0.73798933003164,157.98283203024803
B,0.165862914495327,9.268298586080725
B,0.985411818129545,46.50606424779907
B,0.6780244871663138,208.81801499155645
B,0.6252544441344844,70.91437086135933
B,0.18387280192830402,15.838361618309907
B,0.31506925135341124,6.185022914542273
B,0.6281841632416262,54.2858907943537
B,0.48419122814525895,85.96972757358532
B,0.5650434226245251,40.258025391933806
B,0.39349222038121595,31.081381191302505
B,0.10357756919655267,17.529945421449746
B,0.927449111418073,549.5796898661389
B,0.5222695669748978,92.14263772730935
B,0.7524227433072904,124.64942981639719
B,0.7342935128789163,156.89974908330123
B,0.4028574190691318,88.14634003838094
B,0.3851986858509869,3.8778699497211497
B,0.5153778061731369,9.139942566417849
B,0.43352907027321985,10.107575848282252
B,0.33421282545299197,10.5816139426104
B,0.4305097607714816,92.35657032815385
B,0.2233452983265396,331.84758057069575
B,0.6266326030421507,6.265926660023095
B,0.349697412606231,6.305577106952135
B,0.7583494984567086,175.81095801602203
B,0.3181804255408135,18.120962799934723
B,0.5598049428075816,41.14048778768677
B,0.762145375403087,183.64573799731232
B,0.7805118188743448,50.03723867461003
B,0.8192801295950235,55.447187998073424
B,0.17366769384462213,8.006376565870724
B,0.856575399705194,157.5067898756424
B,0.7162909237551028,87.53498658158318
B,0.6530770745332314,70.6908008725517
B,0.6498021722104212,22.67591903607255
B,0.9368665895289952,42.50912671527326
B,0.4821576888938344,10.63437415967733
B,0.20024892584028453,36.33175648906317
B,0.7608629518280922,29.345597600820135
B,0.7129877515492262,292.43186499151483
B,0.6050745005650964,60.72457978554764
B,0.20014192348221305,4.016844769816483
B,0.3136486628686065,46.17162611172165
B,0.7828284500980973,436.99242997076664
B,0.832817726339718,126.82206677289713
B,0.36989973066897125,21.685351093110246
B,0.5797939743466726,6.034641673485886
B,0.6941227142690708,20.260239688931026
B,0.5384177161598673,37.29447326769823
B,0.7374117497121533,51.91892015671312
B,0.5807445681857017,187.69006199445755
B,0.6481760572854204,88.11234767435175
B,0.6735209942905809,434.24080764490066
B,0.20096122528071111,33.45012249692387
B,0.7917959902260004,122.02874857415405
B,0.6301687979218518,52.669847804426546
B,0.6452621788150448,22.83465416299356
B,0.16531030618908196,4.636516760732493
B,0.2684640739857033,32.073565158146245
B,0.33301139090105764,58.68408069627119
B,0.33160632184607636,17.143309702635616
B,0.34150149028149884,141.78611943183498
B,0.9427085276732361,75.31421869145463
B,0.2276314752203783,35.83262286436339
B,0.33017867309464305,147.71389221012072
B,0.46671833306601446,6.328451696594999
B,0.27917466974565613,10.481051725819151
B,0.22802032079267887,20.147164011845565
B,0.5552324712679909,37.76285008309725
B,0.5666957461342597,52.480322809411334
B,0.7792039176289854,326.97927221505876
B,0.4627416877533919,150.82453871057373
B,0.1979347985236265,4.836028560075643
B,0.8103325192394096,62.891574228810626
B,0.05743814700185006,6.061814806564549
B,0.41213773917651286,8.563052932725048
B,0.36824590783470496,57.01266656838846
B,0.6985879949677618,22.153941125748023
B,0.7558651287080573,45.6883177748898
B,0.32201714366589435,78.36565294730165
B,0.38466810376049054,13.300152778892164
B,0.8182623551172628,289.988470554365
B,0.3699917164225922,6.9198315595369415
B,0.4643345395462221,167.01249595034238
B,0.7699905540608043,48.39543259578504
B,0.5684758336902095,42.1606640303442
B,0.8757770363601429,49.426260865138744
B,0.6888226957288638,22.15066096625111
B,0.35371535729158743,33.20311518875625
B,0.0694617333950301,11.605423443779248
B,0.6913819341164865,16.66749548549896
B,0.6992361219152706,11.4901812131258
B,0.2890114917921546,227.08513584683968
B,0.8692966180606531,342.8801765762704
B,0.91939797558567,37.23401838469946
B,0.3703726861985274,189.6704135703763
B,0.3290528425222112,81.43879189049326
B,0.2628032868128153,42.39212489261865
B,0.6846520392587971,162.58419582607775
B,0.31121370318835456,18.797825474260133
B,0.7293514607256508,14.775830967441628
B,0.6134382215152846,54.95308656509251
B,0.426818230782743,119.29421916612424
B,0.4084384775818663,232.60876944497542
B,0.2977684229072097,25.65644807671511
B,0.25770316582243746,31.702926836266467
B,0.7884718756432376,102.14678925953254
B,0.6774860146568218,195.80164984552567
B,0.09017659976966383,15.965538560866245
B,0.6991843445829053,77.88921351910294
B,0.3235735540874697,62.91952893720975
B,0.9635331101639427,25.493174039886846
B,0.4791656767128132,31.439050620887947
B,0.19918107353807868,3.3694152780411772
B,0.6988957573089112,49.94254318633605
B,0.4415748711368113,25.935059141839695
B,0.3569448886854066,23.463265031267667
B,0.22457238036616284,21.994455454489895
B,0.08930160437357966,20.835689632392793
B,0.46301351782934597,20.49781848711745
B,0.20033952254441662,144.10550264422224
B,0.5727054560576248,22.584774587609722
B,0.36388761565875277,131.9367064999063
B,0.821756304588541,115.99630819738091
B,0.8324195469490862,350.6650231111942
B,0.19035288789159854,37.752699877582785
B,0.6579758772618921,154.7463761733489
B,0.18875283087503575,18.550611764230943
B,0.20133125334600158,21.775344276145024
B,0.42767694285029906,22.61590696030918
B,0.47155183735828055,55.92986411131786
B,0.6042899248817917,171.34786526731753
B,0.1475037708476731,4.534957127513308
B,0.39602169622155237,82.14700301145359
B,0.11273890429135616,15.161917656625453
B,0.05518389726696326,2.6829471547377057
B,0.5797910862209736,436.8238842089246
B,0.9181998178598275,446.36299472112853
B,0.1947771005245719,49.25818856421338
B,0.834074952776403,44.4638459763598
B,0.17575473840695147,16.24453913631311
B,0.45520703644921967,32.69352386894003
B,0.4518269941215434,61.384353175877955
B,0.5552469009587278,327.59019795909455
B,0.19206041924467535,38.006362621932404
B,0.5459433010937068,92.39478504667485
B,0.24663944608354968,20.598383332313922
B,0.40388470034895235,66.6796335618367
B,0.8654262971498257,99.55480007730662
B,0.19982996933166722,16.31725491311044
B,0.6687157113218004,90.21048694863727
B,0.35649139086004683,141.24403715098055
B,0.07581030430672217,14.615477036224858
B,0.21965854289859943,21.20114946010471
B,0.06880699892406061,31.79781069486607
B,0.6103222706185513,27.203857437155257
B,0.40922459868568,35.82388144324263
B,0.8109921938276902,13.27218469782565
B,0.2129950203515498,32.67080190298034
B,0.10760124659083256,17.927868384806906
B,0.15401037991244032,4.859359550182457
B,0.48137526084712745,38.3001024647145
B,0.3353534588612141,24.92983825450896
B,0.3377339592600776,31.805012149450924
B,0.42817692835456556,214.50131955293864
B,0.4386144020935389,48.98038470385459
B,0.20802827156700263,21.731808586016214
B,0.761441739063838,116.43808431020292
B,0.7084452137128217,125.9562506585816
B,0.5407364821773909,106.25005523915004
B,0.2157723930051172,29.390286490916548
B,0.4005569033355593,11.859091481793325
B,0.5717895891134422,56.583087053726565
B,0.2858289422187384,108.45766476822914
B,0.7893921022717285,39.04177229382289
B,0.8393672120125175,127.50679897354743
B,0.741135659092802,39.594463519759664
B,0.6593364558745541,92.89132472215002
B,0.8369148614087457,225.02711214121229
B,0.3300634278553538,19.567365840059047
B,0.3686139648923647,146.28045694908113
B,0.8663630124123352,6.344506916995878
B,0.30555317572205926,58.66267254720421
B,0.5778469279356195,11.917777038882724
B,0.21614649134658553,14.354879093850723
B,0.22920039110222704,15.676729476849982
B,0.2627646452719518,4.060642035957903
B,0.6072467124581418,237.5350533740282
B,0.34203958020882397,6.305233231629847
B,0.17062164356097553,51.66552710011342
B,0.5135807957873115,28.69406347591054
B,0.603741407107759,226.92460014807844
B,0.4421542258244335,16.326163009502483
B,0.2566916427381521,31.716004645849146
B,0.5235808402002852,29.296560709000484
B,0.3523330855764628,65.40104382639686
B,0.6710882447380003,74.77321217755062
B,0.31745152105176144,35.93157575964828
B,0.7013169183281541,227.52530619157102
B,0.7392527001008812,100.58920193158886
B,0.11370384703322557,23.419157558181194
B,0.4644240845648063,68.29367328878476
B,0.5932152864306501,44.74588136560358
B,0.4603467713943435,54.87128368191123
B,0.16792131305791225,8.241865725650216
B,0.3839862034289349,141.4846383380264
B,0.5633532217613676,27.58353069939326
B,0.495294964974841,249.51275801553405
B,0.8042745395942255,63.23821316059743
B,0.05503354887678228,2.416281493643665
B,0.0975113686370911,83.83538085446847
B,0.5596893390101635,17.655002281057666
B,0.40290990162744694,49.19567818580323
B,0.8133766469390477,135.4265124072825
B,0.2570921274168537,54.95764729488574
B,0.3155754811387408,17.523327855754022
B,0.6603571569997397,141.6578539157056
B,0.6517353687733153,45.24595472724468
B,0.808948257779932,110.07028598487665
B,0.25833476151411844,31.06303160601268
B,0.8214693153761734,55.83827626116353
B,0.1835450655628302,45.55073673207538
B,0.7622795189529776,142.4930398758647
B,0.615664200598743,365.298109427161
B,0.590274664607148,54.853570876290476
B,0.728707349985556,48.713158524296674
B,0.2724112869956786,149.18966312006233
B,0.2765180734843849,87.57637441869379
B,0.4484902318077374,38.77498415326837
B,0.8123482907019763,161.68482059648676
B,0.4899199025479103,418.99247963120564
B,0.46933839064589994,10.249082466778086
B,0.8159773443851112,146.56976365567428
B,0.4483184164334711,44.39673219065558
B,0.3904187368154816,10.754996841269076
B,0.3904923520450353,275.5805102822768
B,0.0873375828875221,6.547192723748724
B,0.6317078995678931,256.6407139775651
B,0.38226876067927373,58.49781532535518
B,0.11628070381314684,5.87607514933364
B,0.3951103429964224,39.13801739916428
B,0.730882672736682,53.07717073105225
B,0.4879230249771759,40.485690961692804
B,0.7862153032096483,33.62758771613593
B,0.6517440405710329,26.310386324495486
B,0.5912720049386393,16.11323836049649
B,0.6914899196339341,285.14950482747753
B,0.41187512029534395,30.01826307595123
B,0.7786617418170244,301.24342272874827
B,0.33166828362931067,13.605290491327136
B,0.36942766322835413,9.518209648620239
B,0.4556416506458687,16.090828792642107
B,0.8748153923803011,40.86996939971566
B,0.36793725264685173,152.29929539234266
B,0.7636726065681899,56.40698602279662
B,0.704880563258194,101.2407359122707
B,0.74209421936947,189.39274358285837
B,0.773069141919772,81.47260592890652
B,0.20249736831807558,65.63608720221342
B,0.3749205079584392,129.19756965724866
B,0.3971113351997674,19.77974163458246
B,0.2249854452711885,91.95646944410603
B,0.7893710880660919,105.52894975106858
B,0.2694377250367303,26.93611229747406
B,0.5117914269659241,48.615045904142406
B,0.14529032741838194,75.43856948289091
B,0.9471982342725473,71.00057638640058
B,0.5932133877696993,86.82385816724108
B,0.7006120361146837,71.82072351139904
B,0.7465227004912144,36.48776956713424
B,0.557313954853811,232.5021240679172
B,0.7351207410757047,32.79630149433769
B,0.37465041740173805,6.818249958252718
B,0.7850125999029447,215.96783846823698
B,0.6412927890544362,89.13542383244271
B,0.11383411847428028,35.78490062884881
B,0.5968592141437515,163.03530317531335
B,0.052386473572535855,1.7591115563179138
B,0.6344711907390749,69.45795359851057
B,0.46141370798247305,88.24922608628522
B,0.8929286655426136,284.3912947376537
B,0.804739593342291,47.9342392774193
B,0.55795677293766,53.53547761469322
B,0.12105807299286377,18.385570963330807
B,0.28414839670023334,16.081824227207946
B,0.19573245555003274,37.55760413203796
B,0.49951764893348344,161.0893937215315
B,0.6256476798069875,11.917994509189993
B,0.8677579712558003,137.33532325107896
B,0.07792411234357154,24.2994784086906
B,0.385823436429133,12.211533282941737
B,0.15459969112983596,3.9337995359114615
B,0.38723579190820856,24.71749761116391
B,0.17405453027990841,35.88465882752217
B,0.5001275014937936,408.28015905856927
B,0.7707972705892274,343.7411098678445
B,0.7080555888360628,145.73630181947786
B,0.6609185221482438,147.60635433647985
B,0.8109601757054367,142.40364995577417
B,0.46442728377159465,57.25291750855073
B,0.49169291631848266,51.527342764050815
B,0.3160713855137318,47.935541382463846
B,0.1988368734692058,22.303692186022058
B,0.7335776820934744,1000.0
B,0.3185904213580704,55.32843436331866
B,0.3915992533094005,122.94303418097614
B,0.6792174603366175,146.49840702682647
B,0.32296113818622674,17.57170073463307
B,0.6202250459149864,16.835938067724342
B,0.6216534470782786,116.48139493478837
B,0.21400724780300615,15.005598348159031
B,0.42443844791616875,39.907635476637964
B,0.5619834208781528,52.77900598695601
B,0.5395235550053272,177.37363780731528
B,0.39990770854386626,70.99250150221586
B,0.5109596697846693,39.78214046591517
B,0.6947242382949597,81.77916183064339
B,0.4360057042749981,101.88583375510642
B,0.3927560314268025,167.18817955874957
B,0.3394479719675786,19.55993162601695
B,0.14683014111746798,14.305885453933021
B,0.52280062614838,213.5672049125977
B,0.6419059629022783,71.9492948044007
B,0.24918193846603337,39.156519700932
B,0.6147825666547854,269.0845581835771
B,0.7542951449155486,150.42103964549105
B,0.5601254309930511,51.0733687850336
B,0.3796613244374296,15.224702949450553
B,0.6887105647276384,36.8698972485408
B,0.5396013697715203,19.945780468386967
B,0.220488734414264,42.82217395695347
B,0.23437646408905427,50.86501962958146
B,0.07890838888594419,3.896697741414293
B,0.17890958122009273,13.987594965498351
B,0.814507298995638,9.629699966374687
B,0.6361164472372333,5.401784423575998
B,0.6743570473673027,119.88693896959845
B,0.6968210091745556,80.07870364725898
B,0.274236676755387,35.31945362169685
B,0.6711893525583208,22.04496787125381
B,0.7204530028015881,93.42805456004386
B,0.06191070166548045,1.0702213745403375
B,0.48575403206307954,79.52568510797735
B,0.08528060366167228,11.40411915342182
B,0.5551348203140031,25.52880621918168
B,0.9157228713486877,55.068491914046874
B,0.0636738671244936,4.660217755833862
B,0.42162714993067724,19.84103086362702
B,0.8010836598450027,78.31717008521143
B,0.5725771541168806,9.212370491323288
B,0.5506952547158802,59.001852680277175
B,0.36342579053940827,311.3011727677923
B,0.8103565656279683,266.7055090344029
B,0.5595160001344208,57.839339718468466
B,0.6783250307744326,50.70541767735752
B,0.7569367111676876,319.1405353455223
B,0.240664287646039,18.294163596848072
B,0.5116109727044503,94.61002995645987
B,0.6816932083086109,351.7474686011182
B,0.20661189906479493,33.969513938928635
B,0.04431977859696314,24.255903320975992
B,0.5094402808866695,69.06380290379478
B,0.8046053148550504,7.887265923421494
B,0.8307022712909292,92.53930706522877
B,0.8690171898384899,142.33693553807362
B,0.7150275194865146,29.621382127766008
B,0.13398767989703245,11.730237277890197
B,0.24731141417987645,26.732795200812934
B,0.30081248576469405,202.36655925493872
B,0.19415362258981522,2.7590892456159257
B,0.3733824014758745,7.171928519250965
B,0.5287873117979554,23.244521321203795
B,0.42745771458356974,220.83330130057473
B,0.07711854480097466,3.38889436862974
B,0.2528855415366125,23.187696713005533
B,0.7375318913920303,40.12606921915641
B,0.7462658728823918,103.13325906605974
B,0.24937878428158222,62.46711370098503
B,0.26133905930194334,34.1599643072223
B,0.17738269727696204,25.358490884146565
B,0.49299783336784814,66.84407283269891
B,0.7710462360004697,89.43801399062879
B,0.2604411142525046,41.42205259182307
B,0.8737556031616703,76.63222357743032
B,0.08032475872991285,26.822276256956517
B,0.709808205302755,407.3781690229717
B,0.8120235139847565,55.91020016899845
B,0.4864073176170776,78.97031174600977
B,0.14406556577684687,30.792745442912917
B,0.8862783589786429,64.22915934618707
B,0.5853332243430707,153.43100662151562
B,0.26319189933989673,32.43536226649038
B,0.23356159752355776,10.063026936468836
B,0.17424211856842278,21.252588644927325
B,0.9002713677319819,113.00599515333641
B,0.8316442371531466,38.52830130959182
B,0.5385676948448573,97.30287942849704
B,0.37969847302646487,5.487857799074863
B,0.8598573149128662,22.59583172844827
B,0.8111205868717771,80.09222788122307
B,0.21479226837030127,33.47689970546758
B,0.8581018576511585,332.4569667122383
B,0.33602571973800593,138.1917618614039
B,0.41076276928907796,207.30981734970385
B,0.5965763651915673,43.708153578865236
B,0.7377915203093752,204.40400729394602
B,0.2398796754773897,85.57388530526956
B,0.6215964163681812,29.277814382232016
B,0.19822803299451341,79.5494549245905
B,0.4850947487025209,76.88976019207502
B,0.1347884594871,11.311336437393967
B,0.5543014182949234,406.9773038924416
B,0.7077092990672386,201.55747729523782
B,0.5151479595775388,50.73694714980786
B,0.21309245304031083,15.380412622589077
B,0.6415194364769671,40.833552420111744
B,0.6933079792388654,133.1828116216177
B,0.21629299254690273,12.963258836702357
B,0.7268269869792001,94.39964820141152
B,0.7135250460037765,198.32600339814397
B,0.7063336632784656,11.841542130522479
B,0.19115187098672154,15.507918371718105
B,0.871130373948595,29.459344126433603
B,0.16775894881537406,13.835925276955878
B,0.2677722626770055,69.0683662926608
B,0.5706038300067494,100.53858363301892
B,0.18586464248159237,9.1427963120181
B,0.7739808858206267,74.37630701115148
B,0.23160005011387147,25.810915271534693
B,0.6112826628426452,195.20423688707808
B,0.6442079676960011,166.79462044742894
B,0.29511276194628205,103.81626342647793
B,0.7442657741981542,132.37771750508844
B,0.5676322158846883,38.34872472456971
B,0.3395851193638808,20.88824987503745
B,0.6080333686575462,242.40989860117236
B,0.5209210001271982,197.21750713964727
B,0.7328689199384882,59.555393506491036
B,0.4758473851203242,21.65072410144248
B,0.6771275124989103,74.32019604187698
B,0.46160692822985727,2.0825670579325766
B,0.42704154363654145,5.895466236525437
B,0.2689812317480639,7.556884952368213
B,0.43193237361454345,88.8577881944597
B,0.2904033086487336,49.322902744692676
B,0.7376867563011151,42.1195129371811
B,0.37080874717227325,47.286517195655435
B,0.1647114226621996,25.595933275179327
B,0.04084400670477722,2.0173137749490246
B,0.2918015911090971,113.43718933232768
B,0.4540637282998249,162.25813382886082
B,0.9329462185239051,24.964472608654347
B,0.2735806974475626,18.4075798667843
B,0.46815249135546877,56.375125028804206
B,0.42496331349789945,46.7980812037856
B,0.5159009623941764,89.06693519315101
B,0.4311012465878589,58.34436684645012
B,0.2635737345622636,32.2565414138266
B,0.49179365015130505,81.56033032582432
B,0.2453129723137873,27.207877328574853
B,0.32804281549527287,117.3464840170651
B,0.34462352917437006,114.17454849317453
B,0.2192591604272041,26.76068347966858
B,0.7422765591891561,61.71692565440581
B,0.874577792265624,42.30729290205849
B,0.09226862966887812,10.038777136439663
B,0.6535333371229402,79.36953495527663
B,0.6887091720364604,46.66720169881245
B,0.41302440020968517,115.44189172695614
B,0.8188476967282478,42.4694131866663
B,0.11200090475510714,4.036204554082667
B,0.43656651155368514,26.024492947912726
B,0.3237715389176826,73.9364956680702
B,0.33411514876209814,46.91245439246294
B,0.8105338239608585,98.42219112380397
B,0.6722190002511095,282.860444498398
B,0.9040168179686142,138.9274110213224
B,0.4593692846619309,49.17057966307196
B,0.09343668013272098,24.501078999786838
B,0.6322075988731701,20.776350347500333
B,0.5074887855151119,48.84377007873346
B,0.7955096998804029,67.98962701222895
B,0.3720228947602428,13.281186894993159
B,0.37359389560911294,28.30763260292849
B,0.4277186804751454,318.9342154475794
B,0.43923213022589347,32.74547383674223
B,0.8606525955122253,248.94113558031282
B,0.29640573241201346,75.4485952223814
B,0.8432575153583983,126.61706885847141
B,0.08174158493239422,46.51444251784388
B,0.4598964281300246,53.39317901399822
B,0.5842159707557603,66.44983752454172
B,0.19387032209627678,96.10640362925352
B,0.47456738357749534,92.42639671428941
B,0.4210919599727447,22.759490181229936
B,0.17359934198071048,68.56036119837705
B,0.8872422848269723,51.13404577392074
B,0.8076163335674402,20.02321425860896
B,0.3216605928651955,46.090248538675795
B,0.9622807182893417,389.2667270604614
B,0.5382221904160895,25.4732299021094
B,0.8513789344375172,38.57977124519892
B,0.30953523970536817,29.855792302027552
B,0.20335503054177392,23.773762320734853
B,0.7441704670565364,52.97988313653444
B,0.734325991237215,76.94997145540711
B,0.7462879364047688,181.83620527834452
B,0.7887869437983913,54.78762370322023
B,0.3218364813859691,35.47427191179493
B,0.2846269038164668,31.765630358964152
B,0.47174614411945254,47.28778767815529
B,0.31501501408031524,51.073022759006115
B,0.7373744306718581,57.54500463895637
B,0.8731306849347603,683.8357408967399
B,0.6256285165085009,92.93442101095042
B,0.7156265642679047,52.894137659427166
B,0.49155171339724113,125.62505245908726
B,0.5138143585317638,37.2778354770276
B,0.4035098169697844,11.075826954212664
B,0.1998708213581424,1.548576373498487
B,0.42004038288011497,67.94863340161791
B,0.465044678718522,48.16040624059203
B,0.7446488326419519,24.331701809830715
B,0.4585453141203568,77.75654004930473
B,0.17164058895842674,96.5416405229063
B,0.4402270572197318,10.935344805466164
B,0.907754161115147,49.68506020755505
B,0.33516126804740387,169.60662219039511
B,0.6590379918039599,44.96221884100826
B,0.27793110097338836,12.888652045580965
B,0.7852308493956872,63.293339223040086
B,0.4198140805956075,15.392329471762634
B,0.6272770885015809,63.27364853964364
B,0.8852288214416945,108.9253473335141
B,0.7882974804372193,268.0909423011781
B,0.9257803503611148,125.20240704315617
B,0.28357467641710776,22.33023273018035
B,0.6029908216160436,156.10162378763718
B,0.5599998791513838,15.634413610065565
B,0.6462803843146027,406.0876381392566
B,0.5020319198692172,10.008362316185844
B,0.35062579570984126,36.27293746762371
B,0.1471442701125059,9.46713480188048
B,0.49068952567432467,7.900648300043734
B,0.5729423038062157,22.630802483822084
B,0.41542129756042606,32.179897112036606
B,0.4008551348590297,60.664598720706074
B,0.6397065571155763,18.408013590632528
B,0.6645308223920018,75.57301063857545
B,0.1738182452959243,33.12302112467765
B,0.7221434220749438,189.85872532301235
B,0.5265433474792452,160.54636771772047
B,0.5768307676318635,127.35104579216323
B,0.6196757604455015,38.37367305797666
B,0.7119569829076652,36.30511161271695
B,0.8051415587171319,72.77114136556072
B,0.8302559536093497,26.092405271736688
B,0.9287144587662446,584.4330430780469
B,0.5970492984431357,123.21560228029038
B,0.9217482123763924,436.6263672850787
B,0.8807039704134441,63.987864851927924
B,0.8582110491188915,123.02059413727255
B,0.31303305735097187,35.552929163879405
B,0.4959417431995048,137.76748781690168
B,0.8475501239079489,73.03691395235428
B,0.16674547716967067,53.763896894273806
B,0.46554230001341396,31.611558687832215
B,0.5096230761308406,10.695753694891813
B,0.5763855571126855,55.73353369778804
B,0.6049848811000349,27.687471477148396
B,0.5191313792870618,101.99078646543987
B,0.4663930639390587,72.21208191473252
B,0.2251945065256224,5.147487116628471
B,0.7399643799950217,24.56444645001045
B,0.35574157454218963,77.39720353461696
B,0.5265799890869287,100.86756071470336
B,0.6961020209967558,28.868269604959917
B,0.2814901274614685,48.851444411635015
B,0.43624057191678334,21.639676460718796
B,0.5949991563722079,151.17448588277585
B,0.5847316529956279,146.0591760405661
B,0.36211403992866603,90.83631139166499
B,0.6986049092334522,76.75684770670729
B,0.6348440945661489,105.4555204089681
B,0.04774746867715364,4.947406292991653
B,0.12928721465665327,137.1055877714989
B,0.5586116594881321,42.53111800517132
B,0.5495725249401459,30.804795114035542
B,0.4867353667023535,90.45965622768018
B,0.3642190294372404,7.173341588398654
B,0.21923126670683094,12.092364883675032
B,0.49624029914064044,168.86445186239607
B,0.3747563627192583,103.66370167495873
B,0.41508229759952975,43.64294774086377
B,0.8717523452151671,95.65836058478341
B,0.8103029682371554,42.780775761511336
B,0.2936523234654083,29.97561606836307
B,0.4848755847090016,63.07701037535503
B,0.7844516223196047,348.0886086226488
B,0.5806119114600923,116.67832649264044
B,0.6843208397719361,39.0083371689274
B,0.8807947143493567,318.3023811024683
B,0.3073054633357333,29.42217952337939
B,0.4943761239951411,55.74863904120448
B,0.6146706130092571,63.58709850465179
B,0.13338087279574304,3.8000250043716886
B,0.46386419949323143,43.06255703760525
B,0.8066191999001596,338.62951100224944
B,0.8130077108789328,116.62517524200702
B,0.39141380558396044,242.4873118972889
B,0.9770070348377949,248.56142492511248
B,0.8111031933677595,181.14183268323671
B,0.5756221183837089,132.7138363998197
B,0.7543651451004074,492.6923099024077
B,0.20396393650381678,22.590318207831455
B,0.025583770872264173,7.6573857158653365
B,0.8080890941670505,118.31881170773988
B,0.20003090413287267,9.57309150903821
B,0.5418101778771183,164.98901321492033
B,0.5073060478071401,24.007762137517418
B,0.3549836644688914,55.191305973106445
B,0.39390171310803956,31.531423740353862
B,0.7384073799260877,71.34280754314388
B,0.19317434617788162,15.051579148201292
B,0.5594934653258175,38.04862296600886
B,0.2041382494001123,66.54035040210846
B,0.23269881064753994,28.98912903443553
B,0.467793313392458,41.86052238477533
B,0.2195028778237439,6.504685282311163
B,0.3750417417336423,14.913321195264908
B,0.23430825481079476,34.01310551653397
B,0.5988435667062781,14.931774596575671
B,0.5290155090560824,149.23320437995156
B,0.6499573861396215,256.0506654728294
B,0.2998903605880172,186.5247643867858
B,0.6841966566186397,193.22054276501305
B,0.19692546082926277,2.8139982287157963
B,0.7776757041407649,252.01967703449623
B,0.42936386804053933,10.985638996661729
B,0.6693688687393259,81.61728131855159
B,0.031405126876947465,6.255044846537092
B,0.3959303846792966,22.63553199625228
B,0.7129304949280182,51.78944648928467
B,0.33311163933914467,74.76974683955306
B,0.8872286446822905,18.75861055089708
B,0.32485299208544866,25.515043547469038
B,0.21666297183173855,22.53612259624201
B,0.7144992158818714,59.38287816635495
B,0.17120205749206135,38.2365397493869
B,0.41844368893267203,77.64165000173723
B,0.38086207796830107,70.61551021818484
B,0.6668706346913805,123.4841442349133
B,0.618731487580746,80.79382232684044
B,0.6848334174229154,78.0828531296001
B,0.7062318176098071,89.51552437690883
B,0.24367752787402427,7.496441754488794
B,0.3963675426935339,213.55696638300427
B,0.37881240958624873,29.172370386223573
B,0.17943504849346104,4.1325083806836895
B,0.15820453934462939,5.4275720454602485
B,0.28906011523279124,73.72082397589907
B,0.570259364952759,5.9474772405070775
B,0.48656609398461875,17.629837144965357
B,0.2358681961317562,37.212917653877746
B,0.47279866399845877,62.54870573728491
B,0.12983469712932597,28.662763209524417
B,0.03133319008594014,6.673898283807324
B,0.2706534573676211,31.806880059593976
B,0.36961633620993056,72.68211106884996
B,0.7275854402228311,11.500218171632222
B,0.22032449608875151,27.296691358482608
B,0.6024344775372971,26.505139474316152
B,0.057390459934821184,25.076986369787594
B,0.8143090124049447,18.822697403922938
B,0.3696989786354866,54.49265627284435
B,0.7053198889973747,91.84635727150099
B,0.7807473406459632,88.36354821269909
B,0.8595578320309907,32.855961406920976
B,0.2000095937943704,20.157562520919406
B,0.35881060026499173,10.907639334797171
B,0.3650460104589274,56.35271468745116
B,0.9654381942271402,174.94808672743605
B,0.16020919168347678,8.031998619252846
B,0.279083834134073,36.82993338704401
B,0.723735711407749,1000.0
B,0.2505002736706368,10.236119140325089
B,0.7152404573664164,103.35728571715853
B,0.5173538684311102,39.85539587233231
B,0.5126445064756692,59.75561021742857
B,0.10007489044238209,1000.0
B,0.521997791495934,84.67342105076636
B,0.39353164413324737,14.627193248382891
B,0.8651504122860055,41.058036426996296
B,0.8347579616387395,42.062732238811115
B,0.07745449449103578,6.082728182130465
B,0.774443302801062,804.7549565533725
B,0.2866909757310692,147.99404099605607
B,0.42785455785554616,40.396064354063434
B,0.5278262730943956,145.8471647790013
B,0.26279279158497193,93.39861998656174
B,0.43334111132259184,193.42255500259012
B,0.24320868116715597,19.509068903764078
B,0.49357707970579595,178.13178895176497
B,0.23261084127382,20.541969309659518
B,0.2409205641347583,12.124534737447865
B,0.22436772041343947,66.39752071135766
B,0.7029466094993081,55.44361857674282
B,0.4814864780214275,104.02716188590313
B,0.7134129038613726,112.03366851314273
B,0.8102422039111608,151.46083647307955
B,0.8701909255119666,122.95483883864301
B,0.8433437410005726,27.906289594551527
B,0.2163479079573516,74.11628249833093
B,0.2767371912823616,38.415533756233366
B,0.5783444807267415,33.69460994587835
B,0.12251042409918926,101.22466661330513
B,0.5691136779358497,30.490184879392192
B,0.5524891607913313,13.88224460980423
B,0.5237285553966725,84.36010114903674
B,0.7374875145843307,205.28573459866004
B,0.40285771237233364,25.774925018202953
B,0.25160284488122475,66.52781728186979
B,0.5779869308030252,8.117479896099578
B,0.28499291570388724,31.02781336005505
B,0.6296864519979403,28.193166720275183
B,0.3689786791317488,4.195511680407712
B,0.8738631135463636,1000.0
B,0.7718962091353591,9.769286993491779
B,0.721295774400843,66.46530467927715
B,0.231405119129388,30.452342971398295
B,0.7445767322474494,40.64430080041806
B,0.14363724327251606,9.947378610093486
B,0.13247993431542723,15.170611974937524
B,0.4647594601298985,21.920048027335348
B,0.8011869818989291,196.81420391318295
B,0.08357769447608016,4.084957273455334
B,0.6714731042795762,44.40064698147391
B,0.4509010209804888,16.157953236526446
B,0.7474267579929917,314.54424069659655
B,0.3669405514240808,37.78748107601922
B,0.5767591956979329,532.762550727762
B,0.7471908134992463,196.70249904542138
B,0.7047231252625242,25.91836033491075
B,0.4435449927395911,262.59121508651623
B,0.3360448867309447,15.03222882874079
B,0.7321290397351382,45.88868915343566
B,0.2923702394943139,5.950920953846602
B,0.24134499900445391,26.457635158564056
B,0.4719839237202023,74.54210811716803
B,0.9174398164302379,86.24553474507587
B,0.46923105835289813,93.06915935527103
B,0.3390764676704987,18.776566896325324
B,0.2128732755755936,31.182073606056342
B,0.3054503997023266,21.927386802691224
B,0.22387487535728173,110.11321605976546
B,0.5511951874651821,39.17354138265697
B,0.09979021111289438,31.239101026831676
B,0.41361169077991133,2.228511738873216
B,0.21177438990958433,105.2540784820369
B,0.43004937693428785,207.21935745492473
B,0.10640909803875913,20.191702167361697
B,0.1340562711782409,19.401310226123993
B,0.5622952938172624,260.77271152095807
B,0.47095657972977734,69.4311479342536
B,0.40015372065610755,67.63189330587575
B,0.2588795231385291,10.214371443094311
B,0.5732586569701614,56.73221630650388
B,0.3947006079054983,30.36451761321765
B,0.744008599770229,39.94932834906329
B,0.6096564970912325,187.60985588381996
B,0.4283603615014748,101.48060990295522
B,0.5166270906515558,190.3405535460337
B,0.8769177802574192,35.475299463693
B,0.4370552341742077,82.76293986811547
B,0.7518391801246372,132.19710491254648
B,0.6484409341156661,56.55491963945547
B,0.5531376942836881,121.90306459712754
B,0.5873478016123584,381.28542795362966
B,0.29603082514975404,23.080325289897793
B,0.4523312352562176,66.89507378480276
B,0.29466787591542193,44.29284227071349
B,0.3903610149862732,25.099916762721982
B,0.7670196300644384,97.18076797165563
B,0.6158466957743656,23.164829366015603
B,0.6901789605339779,33.43806343239795
B,0.42877779014878,204.6704334272379
B,0.3136110521851958,11.455108841225933
B,0.6951287757267578,14.32027879263873
B,0.2839798290391561,20.7311635544328
B,0.8149769953915735,112.58499934793441
B,0.6722100889643606,12.158430816620443
B,0.4651280821297115,76.06727293458438
B,0.2947928267762119,212.02083267576987
B,0.5797599634624829,136.29007841018014
B,0.12968437433701077,15.501175321288642
B,0.15427756182865732,98.4438674650656
B,0.777249417163382,215.94542243505137
B,0.7946589685727903,5.885394139007427
B,0.6150991742087337,15.068103474216366
B,0.9005707755409698,49.839283250901595
B,0.5950584429382498,83.30337012974432
B,0.563721932894245,48.00120658054765
B,0.3685290147425693,183.6171534468134
B,0.10964817403435105,27.56316728413875
B,0.8552912753970932,52.533876858697916
B,0.4660857980860206,47.740303120928395
B,0.48783699052034096,8.236369406929214
B,0.16215338870610482,5.816581666436792
B,0.28507175386515093,14.754654920375753
B,0.4272930101293336,30.274974961158705
B,0.8606818203860401,273.20204379854664
B,0.21185082773641065,32.397173140718856
B,0.6049416247512658,36.18062381336518
B,0.3414130806452625,45.561800078732134
B,0.5949587015938584,74.27097115029969
B,0.34962028847752763,19.755124096854214
B,0.2912038269998194,89.4397282278245
B,0.295814270682606,54.73724068497089
B,0.1698052350065438,18.401046688774883
B,0.9018876966103929,60.10211642346695
B,0.040284844392300664,6.940850134833379
B,0.24555481106340718,803.4970748969334
B,0.7485195115451667,49.90151222976564
B,0.8432743040592473,299.57904994768126
B,0.6785393380077359,23.989781930045307
B,0.5380996744560005,160.71864353976133
B,0.825854399796928,757.3900023435035
B,0.6581614646391827,26.550895129022614
B,0.5481869346072282,31.094264183720938
B,0.4890613732882633,19.31223434507388
B,0.25406083092475107,51.322015965027106
B,0.7365364190399859,41.395173074610085
B,0.7919344775529633,158.10087498611819
B,0.3678221072938554,71.83804264350933
B,0.8235777319099117,32.585164510259396
B,0.3558447293704118,28.759173558976524
B,0.0984839012641466,156.4499728137261
B,0.7831953266505667,89.73564255889798
B,0.19629221747678743,39.77027855637094
B,0.5018482563950509,71.26776679335632
B,0.5776769536290648,12.221653693407578
B,0.48512391861852877,268.22918798374025
B,0.1855534142917282,5.205002998781018
B,0.3280383685788393,28.61534154820032
B,0.2438294569773724,135.55790705369614
B,0.5888996218009239,51.577868762312605
B,0.1950707882112614,18.026282714873595
B,0.8689949050723644,343.11095610397933
B,0.24228624906695606,65.14117251454023
B,0.7735182154906804,139.32481403324468
B,0.9443492804906071,46.69144810791779
B,0.6298260897268995,20.001874942215586
B,0.3067766979319237,9.246190645437332
B,0.19054875272074742,15.476691706078888
B,0.24997415239408638,13.145439427376111
B,0.39363113748150563,126.12923054968734
B,0.6710031048925599,458.44375975892905
B,0.6639106073422901,86.52901666601555
B,0.5794156532235074,121.07786822393177
B,0.8081865120078607,60.75765697222231
B,0.21723455091127014,18.929208997513815
B,0.7165422838752274,70.49845956395579
B,0.7754986381823062,163.55965618390238
B,0.5720696085509943,89.17218246252071
B,0.7104367454479263,74.78676858060876
B,0.3681760039928537,49.57051786265581
B,0.24577025036023237,80.92950432978061
B,0.2550554102120939,15.247075437380062
B,0.3627273167233893,62.74996797209899
B,0.6209402773742816,153.079627125686
B,0.5959857204140601,130.0321032904909
B,0.43986699811811775,86.12798707334626
B,0.35861101122651773,23.756582026073787
B,0.7352987042633848,167.89879322027173
B,0.36540704823630116,36.42393737067164
B,0.5686534127442131,34.002270575616514
B,0.7747995184009191,55.12296213072005
B,0.6155268647993345,313.99373124155017
B,0.5839746314543014,53.64021039503335
B,0.29932007062359794,46.744258308298335
B,0.7226860422218329,34.26759850787565
B,0.18120195409017198,5.641217777543695
B,0.7168290940509616,47.23973517249841
B,0.37738120321912344,24.946560476317714
B,0.6013694802195929,24.066348188830485
B,0.7828818220872662,204.46621151941022
B,0.7491132958767964,104.96131784230262
B,0.5656823139695969,53.76939359812562
B,0.26072812054232053,238.6775869672061
B,0.23793026455011726,32.41214332710678
B,0.3603540833135849,68.42130951229872
B,0.5267506028527355,11.13426400070585
B,0.7827288217145868,70.0932034209108
B,0.45582674017040203,101.94325063186838
B,0.624323373019641,38.718597759825265
B,0.6848773016470046,45.59685888759
B,0.6226629001510495,45.45046936089025
B,0.4945813393782596,8.938822706677952
B,0.8432227213674742,305.98400255000706
B,0.595507649525858,41.868857469294454
B,0.7220377591024997,224.46550096245102
B,0.9350742227179518,38.86018189500001
B,0.5956133722732566,60.89466619117923
B,0.7372232059074348,56.76088424122897
B,0.7720066214150203,24.193961899666075
B,0.752133073773539,35.60673367024644
B,0.1618544705254391,26.351037333779892
B,0.759684200671907,27.786007218452344
B,0.21620688906948338,32.411745838581204
B,0.6093071861306947,252.24451722223756
B,0.36397779737680996,51.99102203912549
B,0.3292760297410076,26.65894086900344
B,0.6565390142004731,42.28749372889624
B,0.6674449409426528,178.67860972189405
B,0.31093039043807386,74.5211167682514
B,0.4706670081156198,176.2827854969668
B,0.8496178925155236,149.41801824287617
B,0.15355535137734938,22.917642492461646
B,0.5362817844245397,32.75789030124868
B,0.6560596882406944,15.540285042100834
B,0.16056403612049433,16.37478802238304
B,0.8849753369945887,68.27146152950606
B,0.8920427771154249,7.164476787479207
B,0.5077652042895583,72.15365044432134
B,0.10384555999886178,13.734752426977334
B,0.846599404313591,63.0580484188862
B,0.7300900674915104,7.235421347603222
B,0.2996425684364599,3.925772776799073
B,0.24311747733701625,8.73870829863417
B,0.37187499267023194,144.16041992201522
B,0.46558999676166474,69.35257237988998
B,0.28497054113063924,23.59687801885507
B,0.49845766854346624,17.738294368163096
B,0.2545677772091935,42.781555828270974
B,0.9122044422785069,152.4538248659257
B,0.4041986319623988,31.103010343592512
B,0.3870504360075017,43.66228037054946
B,0.4326018839464301,79.56974893421203
B,0.8944752830098925,58.170261092200825
B,0.7132754431198434,224.0141641226289
B,0.7909592056666779,135.55981918992438
B,0.6585716341246478,75.78568565207962
B,0.75172737671691,116.39282762425472
B,0.6875166745419569,26.146562601643446
B,0.5677315112907609,160.56315515553285
B,0.9223646504964701,38.4716265357666
B,0.4091215363220259,187.5669250614229
B,0.6536533932704003,156.29420185345796
B,0.564928079450124,62.08870300147379
B,0.30246430338232955,41.15639138857039
B,0.9530018111107905,31.046376600245324
B,0.6569095750103814,57.287161469624714
B,0.06225559242981148,36.547975240775735
B,0.25209710577514854,14.505995806839481
B,0.7878322905828806,123.86912476954534
B,0.3155892399922403,148.8001609477887
B,0.4612128208900743,251.12823929133927
B,0.27569645234781887,30.459440649417303
B,0.6933072835250716,15.35718274578987
B,0.3710652401688957,59.85202857248478
B,0.7753868748839795,17.29870586006091
B,0.8876131483284274,59.873993301149795
B,0.4717205089368632,23.31651589087518
B,0.7984521852536074,199.12958528793956
B,0.7552750946185071,85.77524885020941
B,0.3773995722071391,7.937727372670485
B,0.8270770123453927,13.57282457990566
B,0.49866502768621374,45.208401463342675
B,0.4869110016404007,32.65057360032455
B,0.23710602323805155,29.810869690628394
B,0.9516161631116259,102.0071372338332
B,0.7857558780920894,18.661805425309304
B,0.39172832815101366,79.93661310791833
B,0.11055156645759125,3.394241814664184
B,0.6784871575980738,9.255135117094756
B,0.1370748432429116,11.168249991636005
B,0.6525054976380406,86.48772963174073
B,0.594887535232618,83.5647932959651
B,0.5260526017556278,51.95915396933004
B,0.6033263025236226,55.009807091029785
B,0.8513075144817307,287.57242510952665
B,0.46472526066495196,56.990573581405705
B,0.22089440233911517,3.9874657444511565
B,0.2119392712840766,34.24011112117224
B,0.33975790216369817,20.403919639717124
B,0.19761200857460665,27.708648083508415
B,0.4325980931876854,33.25799532476319
B,0.18052581516255958,21.613197705094045
B,0.656714599019375,1000.0
B,0.6662607693575028,316.2555385877075
B,0.14655126234721108,14.289338830660427
B,0.3615179606625715,37.906252118191745
B,0.3177050069330508,154.16664652299005
B,0.08276816697629608,21.582402696460072
B,0.5454656296524,328.7042257890431
B,0.3284386963674612,81.49496231347891
B,0.7886426792593106,261.88731550496726
B,0.051520024380021595,2.505143892618763
B,0.2752546903071345,14.490415081143007
B,0.8058692390773562,348.44390936901607
B,0.8171479467679104,22.988076262268116
B,0.17623742711561588,6.412117962327057
B,0.10539934026562096,7.980617593331572
B,0.4689296065630891,67.22163640683357
B,0.269655081046245,13.092624281252158
B,0.1475142545030149,34.44913870644104
B,0.8849332790291223,84.40344410658213
B,0.7730248944141201,41.69271979433064
B,0.4677263019357413,101.91994000181734
B,0.8459995784732256,13.214972237807354
B,0.16663170969335334,3.3411937418575284
B,0.1036709851935302,15.053961799730258
B,0.1526702912655438,169.43675960505192
B,0.8321359227602038,68.63097674493508
B,0.6528179425549911,65.68066147391289
B,0.6132296236738671,31.52485159017216
B,0.7508869602759854,123.31712238547631
B,0.10063912109810204,2.773330762711448
B,0.4535895455544066,42.951984694928186
B,0.558135901577594,55.522914052710426
B,0.8176680267307856,28.919448643536715
B,0.6257702830521478,32.2397783799537
B,0.796872797825145,48.79540142458619
B,0.4106940923573845,3.383342636331796
B,0.6203363485141705,302.277731362894
B,0.562647930065037,70.89720471122133
B,0.7975744262760527,302.6989850471613
B,0.7999659386843332,107.15394329541336
B,0.91141483469116,170.64823165339902
B,0.5197888962821713,83.20290125747177
B,0.5793253182958366,78.53223928684245
B,0.5285773228844692,36.061082722332145
B,0.3428444165405713,116.7668931181572
B,0.7583555039764834,24.416648400807915
B,0.2469579220282649,9.478743970379055
B,0.35979358095270647,251.00321973409316
B,0.9081113196327065,378.01009903381464
B,0.2323163311493027,27.823325177063627
B,0.6006373620583596,25.02322346388065
B,0.1128784608509358,17.04576013280517
B,0.2827717577273178,18.489163116099803
B,0.1630608472645263,17.60835006857489
B,0.9210054677585066,82.96280763142
B,0.26403876180976654,13.375009737280536
B,0.8265251434137092,153.38710724062736
B,0.4247386506280584,102.36255912003752
B,0.74774828222059,342.35077752671145
B,0.5959174506637487,40.29380939515234
B,0.03468822061897698,5.962643417093258
B,0.17434586116429573,6.601185666076872
B,0.40189581093041493,44.45257628529587
B,0.1363806724199702,8.466561507528887
B,0.7180398432464551,57.80092464770264
B,0.7499969162891347,36.767193928643614
B,0.7889968410305888,124.69469575318213
B,0.5143172699763566,197.93255146547065
B,0.19126423148908375,52.09261601124839
B,0.6544480645197143,25.3051302812672
B,0.5769935966325995,139.299563917034
B,0.6225206064630521,10.262519271624022
B,0.28476107226835246,43.38098962230376
B,0.3519608137334478,42.4557767043241
B,0.7482790441074318,323.89789747259357
B,0.8920144331235305,183.52071317572265
B,0.7772241000428567,284.1646376880898
B,0.12651926709893624,14.05575295493017
B,0.4176995041131567,33.09707640155278
B,0.2343532335682591,8.485143974630901
B,0.6841452795813712,80.1027030839656
B,0.7041306576665823,77.21185062785959
B,0.8747137711115255,566.565723011456
B,0.2769104335103388,5.636495467566892
B,0.33738265513158067,17.552484698143054
B,0.27500081898272377,61.66872097307935
B,0.29871828822158975,42.220227490270524
B,0.9554373611658653,254.26134408589354
B,0.2863552588301602,126.3612290557864
B,0.47543284217379317,40.84928077907497
B,0.3441941966525157,10.262344732142392
B,0.25594397708588656,113.28620226405643
B,0.5994685016352524,13.115325461551228
B,0.615375739851479,177.44923914544273
B,0.6285446379178545,75.36538066178447
B,0.7464915311450165,74.36551665895117
B,0.5522884295718423,75.00445558954439
B,0.5993325678463371,21.905258293335276
B,0.6908115371956013,86.04641360089036
B,0.5752288525808902,134.86036651946432
B,0.5993097764215174,29.21859544138807
B,0.4240016171433807,55.53827234606748
B,0.5515848620030326,27.74529635937772
B,0.6392079123829569,51.957076497410625
B,0.5616747282882499,70.42124435155053
B,0.7906587968148824,87.24821949169356
B,0.6598076106608854,285.43923473198447
B,0.37034338715935694,44.30286687998521
B,0.2438994168637774,26.59709205812834
B,0.8848525478278194,131.24657240631748
B,0.6757509142173046,226.44380829762864
B,0.8410351383800898,53.531899475997804
B,0.5249225451658315,36.92837005370046
B,0.31619319545667846,40.037582604234636
B,0.2905164452793641,32.856998357101986
B,0.14413771731301522,8.930002522320464
B,0.40787372110157155,40.036334945178105
B,0.707181228251459,123.85433771869262
B,0.4732580599272264,123.0855553840354
B,0.28022061189348146,23.78589368491618
B,0.5891398086106608,341.7623494846973
B,0.6175422692904329,484.92765504535595
B,0.18329833404703674,7.710299251033034
B,0.41431014280778905,27.36345861697935
B,0.29677973677826147,59.853285121774995
B,0.5926282666311962,17.77492705367937
B,0.13134191016943872,16.922123516765907
B,0.483935389555339,45.506698271377424
B,0.8016467697081971,141.38504141557348
B,0.1462280134247854,2.6112930542140615
B,0.7742356766050469,39.79743830027982
B,0.588185041510025,135.90093590893053
B,0.16398601821162312,51.83700959733202
B,0.37965687202433557,67.768009800873
B,0.5334396489842029,13.08775699583841
B,0.6391611156016987,13.422910152833024
B,0.6045196962751733,110.0229507197458
B,0.3045274647217031,53.96877365200098
B,0.3256590758547143,66.15074329750051
B,0.3295409360305539,36.261065247076864
B,0.8042145700806326,126.73419357544024
B,0.7824176911530969,63.35329537613282
B,0.5910470093136564,19.02893571386832
B,0.4254499062375363,149.9144117562629
B,0.7488210869532904,602.081540998515
B,0.5113981027320007,97.93307663396014
B,0.7271766518142501,421.0810352410992
B,0.6054885710412039,97.05724728341893
B,0.5618214225466006,19.87601807068215
B,0.07630191893589534,13.555806652837893
B,0.20177411934757314,28.42374293310192
B,0.2820886283571637,48.05958395846674
B,0.3630649780877995,166.46814738899008
B,0.1833767225273638,57.325516930092505
B,0.35392339457163785,29.153538114124867
B,0.5825797817386585,506.58908958075324
B,0.8821855033908121,57.83687286144215
B,0.7862946225982963,145.01733711047797
B,0.7717211113279396,124.46146532705369
B,0.8046069976341368,78.14360019749809
B,0.6433703573782961,41.67184819475874
B,0.30241602853993105,15.123906663709048
B,0.555505080396073,139.68834671753874
B,0.30213805127491755,9.045780654999582
B,0.35743027125204263,16.273796019001587
B,0.23124048236426206,55.20448670543654
B,0.1901925480095232,24.123659755383304
B,0.8504142656197856,54.07577107603476
B,0.5872254268362105,27.882083796824375
B,0.19851639921252584,1.4208071634110149
B,0.28038512099221535,65.63657377007404
B,0.785478122878345,134.65455928019705
B,0.8926153866452181,450.5781564560704
B,0.6838395614838163,527.2460735848215
B,0.4259648548583927,19.386843926136038
B,0.8396312706259565,183.52037316022205
B,0.44135364104112895,9.732946370935405
B,0.5128451657094337,29.667222070495445
B,0.793024271292091,78.78597676046493
B,0.94501621685116,162.08454480481865
B,0.7774596264914658,40.29180716875706
B,0.6271933188290096,10.900078615135216
B,0.5211991975725415,590.5518445903413
B,0.09449381073046638,4.451336514864619
B,0.9103020144519618,43.16521237415415
B,0.5273649059981401,98.4133387273274
B,0.3626058623786792,37.133418254008724
B,0.4820924233370218,241.813188486047
B,0.37700953619713795,6.4370709267325354
B,0.8075249948847999,107.50677747532653
B,0.3500409647525201,438.8704168005301
B,0.5277466465339365,21.53211693343842
B,0.3909972821298573,76.81524871180025
B,0.1882704065909669,20.658756448315366
B,0.3341969983713719,10.62112241119209
B,0.3669550005106205,10.349325953518488
B,0.6774202214347361,129.95702436243562
B,0.5660811627316636,370.45784754512584
B,0.7995451630806901,49.74105195166002
B,0.21798377714197065,31.8482263490085
B,0.7114026440706667,135.86849632688535
B,0.12036232716281409,4.490985894838981
B,0.5687698579667745,223.3091563671817
B,0.3881121531486543,188.14919217193997
B,0.9211070795325328,79.37022542826395
B,0.19916047396873032,9.359799104961217
B,0.08906111845226945,16.54000496148404
B,0.8195793591772755,401.40250189545856
B,0.5921768913638233,244.5441885727052
B,0.9364673760266932,94.51621497742124
B,0.41945048528560147,35.142846426552474
B,0.23104201679120892,63.25253045284915
B,0.44830644833698746,105.85553105912742
B,0.8185141389958848,192.612715859498
B,0.1950084883645941,2.0178005446297242
B,0.17119441491364187,24.771133142183483
B,0.3778619791103602,10.754594225358346
B,0.6856939504803589,140.984293327223
B,0.39699568642865085,28.462135810457305
B,0.5187411149127329,62.39915134264382
B,0.3417338874642688,87.20647231040236
B,0.701813372437985,67.88654084461741
B,0.6256130121421432,186.05059250212489
B,0.734688539964968,65.55404312696483
B,0.3799211039230274,5.9845283589666245
B,0.3428791151273461,52.98438244873995
B,0.3560338523010816,52.8203046731953
B,0.4298698586975187,177.17194126850237
B,0.5234591971010988,7.648678388726932
B,0.5395052080151058,34.62568921532279
B,0.3026760561352145,34.66159303884313
B,0.659199043051751,121.59994264189751
B,0.3614490446303867,55.84923154266322
B,0.21939107478139844,62.79084186059783
B,0.3534552285803557,82.1843390317611
B,0.41944740935221786,309.4208561430871
B,0.3463540126041987,51.99092204674054
B,0.14066791131663925,3.8187399201854655
B,0.6068608983343944,149.494651129673
B,0.16822962243741502,6.921484379441073
B,0.729157614834332,12.738645290392876
B,0.4697701444648925,51.86922674198886
B,0.30163025303013064,61.00046396570588
B,0.8896549339387438,181.5916200101492
B,0.5866686687154904,16.324186011850383
B,0.08226951245366187,25.995001753173476
B,0.28420709381741954,74.4371273117708
B,0.48107190940957373,78.15114289181258
B,0.7166964496643795,376.3019425117039
B,0.7974295202223175,61.40546126332219
B,0.654650811263243,95.33245088483947
B,0.5762864375081955,68.93025774675648
B,0.13229701384653092,71.2499881616562
B,0.7512008604251689,30.121808294617498
B,0.4579696249199228,50.49838786785521
B,0.4046808585534719,39.2003730461922
B,0.7476365083847311,119.67506552929984
B,0.4415209015284571,175.31860840819255
B,0.5160885060031907,8.774914767580464
B,0.22956175107701807,34.49130107971668
B,0.7004887340963509,54.77464235243837
B,0.8866008849475912,189.25370735058823
B,0.7071733513759928,106.96855945218701
B,0.43096969453841943,53.277433432117924
B,0.34794530827371273,57.83952353485462
B,0.740964168607367,88.89852178771726
B,0.9295763146388328,72.31782739094295
B,0.9688366273084098,115.93421696221844
B,0.8505356645473386,30.32050322259287
B,0.56537644222304,56.7680150641711
B,0.794630503047907,136.89571614331325
B,0.6840079589157667,206.31483285968645
B,0.38749712578160667,82.98129054985786
B,0.33466999056141084,19.24341547755514
B,0.3868242444606633,130.3651664448115
B,0.7937493256743087,129.8259123678658
B,0.7237552817147963,74.79110597278628
B,0.32799044252024173,1.067102908488225
B,0.5578256432105989,232.55909695549738
B,0.5851918934365947,75.04630246877451
B,0.07623487949558926,2.6022098497249457
B,0.37309123952230705,55.13802913870012
B,0.6229035171992385,56.57709712324344
B,0.46451374349384145,19.889713823550622
B,0.7019011292247417,63.0467356216122
B,0.33526528580633513,12.083130057342728
B,0.5911619610196875,13.644658820375318
B,0.43185586808448034,51.34965825068781
B,0.08753849013392405,12.959124939590529
B,0.5386583867762675,105.40590776607262
B,0.7759401901426668,100.32449009233494
B,0.408301804297056,42.446234935935955
B,0.6808702492157188,73.24935268744859
B,0.39869428858289374,82.91862902598446
B,0.21441405551155968,29.16341376205375
B,0.47012258447728017,93.22268493512873
B,0.37351165592330243,329.37104827051695
B,0.7273754455768193,93.36453975263649
B,0.4222109061453442,37.46825202363966
B,0.38388950418271656,125.03652573734146
B,0.85897454365834,64.19612948999313
B,0.49952544836979257,18.82928020656625
B,0.13596744315905973,17.35672625396643
B,0.20113583904838403,110.50588281757493
B,0.7623068363490185,70.72933542464837
B,0.6383661387724853,68.00589266451617
B,0.34422855889380277,37.994736033913995
B,0.6981431080870719,39.18147642741354
B,0.3680358673271663,40.96896448295881
B,0.17366828227245787,19.526618500013452
B,0.37170616320645317,40.37927472914775
B,0.7527946474542415,104.12681195580485
B,0.5275219947973031,169.2860326973086
B,0.4263567561925464,42.02381303407326
B,0.4770503028530391,229.5654827167606
B,0.41020601031432535,20.306083636787864
B,0.831791150704528,97.02936254336187
B,0.36125983805663714,50.122992491377374
B,0.13647686199868592,3.5838873403330047
B,0.7443266366702284,92.18688796071432
B,0.7840454987684755,89.33565763728541
B,0.2436672141167754,11.495125822380997
B,0.2666290771099893,53.44313915727105
B,0.7726035125090838,74.67222500528048
B,0.2669860048338539,29.77908420071695
B,0.7232857233863911,116.11449971632759
B,0.2120970632298545,3.7083695264336014
B,0.3658053182316977,10.50651161877408
B,0.061430245431340694,1.8383068762121513
B,0.6333496964929586,68.32216173132672
B,0.5221202474664922,98.06618260073242
B,0.3853445381430445,221.02247694802395
B,0.250870658414222,33.5450561776642
B,0.1956518307576382,13.52581623225364
B,0.8503680178357248,154.19941749204844
B,0.8387741747214844,166.59867748048262
B,0.35646030824347474,63.43363792912946
B,0.04180191801567069,26.70789196712085
B,0.7476939537044193,106.83142625588903
B,0.4056831548930057,129.1865596952234
B,0.3410659854267345,22.55251032439147
B,0.4472168549660151,136.96151555369866
B,0.3767639284386133,54.54466469614323
B,0.8956103837424297,127.00671046401777
B,0.4234381386376202,23.870085253011666
B,0.3985297052828644,59.021032726090624
B,0.3908102901229186,51.48383884866592
B,0.6448599872502355,148.4645066633226
B,0.43852634309745686,54.2830968974884
B,0.39289660495477174,108.58095374318502
B,0.7458642552348781,53.47295723899118
B,0.15577070037347077,19.18463116565497
B,0.4324159503779072,64.63476441802594
B,0.4972680315421641,37.102410038132064
B,0.8090121170812787,131.7914673862247
B,0.06021797850382609,10.117406521217111
B,0.7373742011481763,934.6960260946136
B,0.5139019452324236,93.073709848192
B,0.8843151781307199,95.04761880850596
B,0.551136084111385,18.993440851657255
B,0.5694676088265465,85.8171673137155
B,0.8701466548441241,56.909809306628695
B,0.2599739487081848,15.720149531411801
B,0.8778273999417868,73.29312400254028
B,0.4789205673226173,108.00407457159065
B,0.267635038092078,134.08027212288843
B,0.9133382702415987,38.28452206946322
B,0.4937362256465398,49.11667925351595
B,0.5328840254183855,70.2754090294163
B,0.1670757018067656,22.06930931425553
B,0.7303277743414115,179.7160778958743
B,0.583323926319932,72.20522851492579
B,0.47710433650022865,71.52678106461104
B,0.7662715295685395,248.15645823873734
B,0.9037803953355713,130.9236175506889
B,0.30029962599198307,206.846608365741
B,0.3058186773899691,62.975970933490125
B,0.8069696685581037,188.12508132635662
B,0.7190134182027387,91.51690359994414
B,0.5361315879877888,8.903137017621512
B,0.44511970339857576,24.4926399613785
B,0.34271813264032863,65.23026036941513
B,0.5516871508538506,46.41040357050676
B,0.8568341149475062,113.49840909790245
B,0.7329634313079606,168.6637775739492
B,0.7477210486220769,21.268380618834037
B,0.28518113052096455,66.7376889733123
B,0.3976711210427343,105.8422230277796
B,0.725804344705922,218.1304452946637
B,0.7483456802701923,103.03261636819991
B,0.2197827011160796,58.91141880732581
B,0.28159755951106835,12.34049482431844
B,0.5226338440633116,97.94754412729075
B,0.7464671605927532,71.70520274978409
B,0.7431300374204031,30.268818975248813
B,0.8209660575484379,46.84198399858933
B,0.28215178038003147,34.49785668800407
B,0.5208694155995139,13.419873059792428
B,0.2955320239296276,31.62047482149961
B,0.30187958135189086,8.458370689942603
B,0.09245945911417222,13.343925077540057
B,0.3311902098385998,73.90009553566709
B,0.07547002791352751,6.359593590944532
B,0.2897442213109819,25.87266396261467
B,0.7418257774400931,392.7883049811988
B,0.7758115546873755,232.28689849174287
B,0.48692270836582746,146.19719142921667
B,0.6777174712718315,54.16929045520519
B,0.558324064510038,53.4416083926669
B,0.9008963785006066,258.38348319602943
B,0.523272473627284,95.98606024275676
B,0.2750090220834135,3.444376752871677
B,0.7486297210096545,90.56608024328875
B,0.545977856179755,23.42990421911616
B,0.6046770117691864,20.706904597770468
B,0.24500875357450244,36.66422078735375
B,0.5839555974249132,57.74771055528417
B,0.1661142872770464,32.47572782791913
B,0.7333196369828057,73.52104689864677
B,0.4686024876294313,68.20626516575676
B,0.18375212765527946,17.822735110690516
B,0.2847414173982899,68.34393691268279
B,0.44628191671152323,37.81290576084728
B,0.8427243914456429,52.83920195671703
B,0.8800405186825677,50.3967623312149
B,0.6227981646362032,720.6702463961911
B,0.869369905851087,146.22461788915243
B,0.4990139004535508,32.51972210967222
B,0.5481578751607367,39.603624944764434
B,0.7049469815310317,182.81477234161946
B,0.37426550243715145,37.435623648391235
B,0.4762044328388393,28.129410780742326
B,0.406420093364877,319.0187360180697
B,0.6739152345912959,65.40805805080872
B,0.19627118429630125,33.5605747785883
B,0.49302446163117447,39.90888005518966
B,0.7252269353152772,495.6077842995065
B,0.9085638547339921,62.15604879062298
B,0.39575982559365935,64.34294347136311
B,0.7631149696362258,147.58155272755403
B,0.3870623648170113,160.9620988726785
B,0.6809085672393362,119.855980534514
B,0.12744713267778285,34.93071744579264
B,0.6660121670646008,367.8886664617784
B,0.5209371452564454,12.610616448692536
B,0.5181686075194553,79.10412802285609
B,0.2789292235786355,72.52085378930627
B,0.6731868174474634,79.18817682473774
B,0.6194904001666504,39.485340053344785
B,0.6266733645874056,50.285715759652994
B,0.583332387068437,94.6925441964051
B,0.34971901870073835,152.0588573401565
B,0.6847318917937012,29.91399034329571
B,0.2177909994360553,28.002290318548763
B,0.8310485595093229,563.8047411597197
B,0.11032152051757328,28.0556782023344
B,0.33559341090821476,55.34948459950539
B,0.15814096246688628,8.954128614614355
B,0.3284036711968187,10.975821481991714
B,0.7846590602753926,372.1386664670338
B,0.46034368975119694,42.00421864495223
B,0.43323285435359765,55.61730287828493
B,0.7421930033123247,13.10984998461142
B,0.27213222637838486,6.1820113184441485
B,0.775708525828261,252.8840105827011
B,0.18576582056039093,39.53996535850757
B,0.35643214357027025,226.56307526643224
B,0.13808528421492092,14.077069279609642
B,0.4191803263875631,80.40158610264382
B,0.22137539142490084,32.2217667921951
B,0.8361862379779177,8.860735263817135
B,0.49180627759010875,147.14146994572013
B,0.4725422644414556,127.42967800958017
B,0.43193980950324157,184.33801087512205
B,0.10266962230085896,13.97054677286725
B,0.19058378492378683,81.95175507425317
B,0.36940657275664207,97.15887236431766
B,0.6267392953953009,78.21778452241668
B,0.4473452146460363,47.69675089390938
B,0.36169185163619433,118.84079781097321
B,0.6096354185196753,46.526247807485476
B,0.47808472279552544,12.33413552213898
B,0.15022611946195355,11.859176018401463
B,0.5821564564874343,94.09666322272096
B,0.661817898384947,162.61206350924988
B,0.8776441267353227,88.18338122316787
B,0.8109220418803601,103.62432417853414
B,0.5159327390637141,15.46310574769031
B,0.7113118545281178,29.244262866370786
B,0.2658870548065588,54.266649950666846
B,0.47842533020619143,88.37917058261701
B,0.268421948613694,15.907283437556783
B,0.8825069430711718,28.305348817037377
B,0.11414510680776438,9.988652576264768
B,0.31989762604975547,10.260003286225265
B,0.16679206994291426,16.236416004148293
B,0.8523950593914114,143.66601741426769
B,0.753494457108099,21.494286847683867
B,0.36377098146592657,76.84222447297915
B,0.20896584313509312,6.947977385938732
B,0.5998132473203153,90.7678661660856
B,0.5097090701310366,12.639077004148556
B,0.6729906052084482,101.8644292784458
B,0.5633965063776628,54.228036224818425
B,0.22113860307011832,28.079352793428512
B,0.3989212450551514,381.05893035714365
B,0.28532457131326633,199.13922112451215
B,0.828003034135644,34.67381770420964
B,0.7219802747519642,33.268095267119904
B,0.9031587748041567,184.37054804210825
B,0.47826822877700226,91.25845999099634
B,0.5705346237362197,158.72896590517823
B,0.7967995794315627,65.66786207287922
B,0.769086021760576,140.60468301439826
B,0.395480092101287,144.7940130688176
B,0.7312958058070786,26.880370347254797
B,0.15060856293725383,25.413831991184473
B,0.9709955916220951,132.62030533938727
B,0.07617121839572549,5.938363964808832
B,0.44918195812195477,31.01333984254324
B,0.32087908306108637,54.263668223169226
B,0.2538079275226467,10.442252486845309
B,0.09905408665511221,7.898758170281793
B,0.769262652790305,275.7625183926817
B,0.7105252877067916,249.91511099102215
B,0.16727538465029132,31.46737439271022
B,0.830338400729484,161.27189261896916
B,0.7296765822726812,104.81720125343004
B,0.20440856090690473,66.70990314240723
B,0.28947308276142136,122.46908393099545
B,0.4656067474626042,86.16088521817619
B,0.40260428476333754,123.01415201796925
B,0.8473027738237273,51.96924369236386
B,0.2931495749243881,22.538989064366035
B,0.6343868161678754,210.36144299536753
B,0.7326318173782226,215.79386018509663
B,0.5297191181187462,53.087919896293094
B,0.9031364806058784,31.159895010249137
B,0.8785202547175488,110.8956564727904
B,0.2130269005554702,21.914458186521568
B,0.3843297185235158,239.60689604319694
B,0.4866612533625872,70.20002000419103
B,0.9384135708517113,163.64144230770657
B,0.5988496051190039,101.97651865999119
B,0.36512480291193605,20.69314744462837
B,0.3710570973261632,185.84889092455788
B,0.2707041588343757,23.052647921138707
B,0.8096801666308653,205.1579754794512
B,0.35579540023927486,43.217592672913625
B,0.2988559574515867,22.045688701817735
B,0.49296508454661153,145.25100501587085
B,0.3282037420935309,27.2216371730826
B,0.7469943931339166,48.23232813276101
B,0.6911281384069673,63.22160636920726
B,0.05291863437911874,2.086632020269595
B,0.6675249226892204,159.39069078321913
B,0.4150118077969325,30.121019174863555
B,0.3066144820607733,6.103940861990206
B,0.4431303596823697,16.481135329831954
B,0.3052023542858185,114.90498897589619
B,0.19406180667075887,6.737008167473153
B,0.7350383999814561,118.74240275144233
B,0.16546900826155717,94.51552193057495
B,0.03664793416929767,1.9208937932865602
B,0.15143416237896196,0.8766017067729548
B,0.809560758242675,478.4114648891501
B,0.04413369805962388,17.420748245832346
B,0.7531254370168227,85.86331236621731
B,0.7501629935296189,197.28762406820462
B,0.6182457830813715,20.797552909611387
B,0.6779311119282498,172.20318595151824
B,0.2810636754348554,8.995862755952272
B,0.3111276780152208,143.47974783603655
B,0.7001286282197947,7.092972635513517
B,0.8404734306565735,162.666908004853
B,0.7274397273586611,156.75723357582072
B,0.8389385603009399,110.96635670234296
B,0.28416304389794167,16.614226177280482
B,0.5261733517102778,68.84243217996513
B,0.2881004275974258,62.35994899538062
B,0.7697884994760638,27.43064525453186
B,0.21910874686133286,40.09955715626819
B,0.8684100069134378,87.4787528612046
B,0.5601295874577914,153.0253656561325
B,0.21773485223681135,13.45673621300425
B,0.6803741356484606,67.71318432869968
B,0.47988922022032615,204.1845085830941
B,0.7981715923754177,102.13291238743186
B,0.1392778575618662,54.580477249252155
B,0.48774492605267594,130.06239255942543
B,0.18594388467390824,3.8206088031120102
B,0.5355538132422727,65.15539793931413
B,0.08194507403829072,8.479841929014691
B,0.06076442897141968,7.777058964348555
B,0.12119885373554781,13.564701994372657
B,0.2634270432764621,16.523439375844234
B,0.33097498611947146,33.34433213269218
B,0.7098180260201089,45.28088848786448
B,0.6900834802860406,48.82954355700481
B,0.26261901277522154,33.071217907002755
B,0.5881194855190849,154.0667999244824
B,0.4176519659995645,59.84117571761483
B,0.35220286691737845,5.897440859670626
B,0.8381756934014661,87.74540739243294
B,0.4133794136467185,66.63579238503853
B,0.7290374216396086,244.87171793313865
B,0.7244947459130132,39.30091828647741
B,0.3388348604576437,113.93329638893066
B,0.5334827431939843,35.02922423114833
B,0.36165619704278407,20.93640028296177
B,0.5147737949663778,19.735503925949565
B,0.782133095440754,49.422581326571795
B,0.5068197845966415,186.41895164059164
B,0.3980023017360412,38.39744991826789
B,0.8425658239372678,4.417107506802681
B,0.6418597119014803,307.2312416870784
B,0.47085498724981123,24.447834022852398
B,0.19761624780732895,1.9892356796856887
B,0.7842651527767524,271.0722489208722
B,0.3978572863564746,26.89034508866812
B,0.7192403152223247,74.51159412409336
B,0.5825053217220777,70.96359976762322
B,0.7801931049462969,295.275170848843
B,0.5971378936070312,185.3510424773671
B,0.39640094457713804,106.74849053890233
B,0.1776135693948261,4.098585307215085
B,0.970170889897221,65.7031219763587
B,0.18975194716904417,2.0580741168284837
B,0.7523192034960068,76.62342878289789
B,0.5964004389668107,121.34636551924999
B,0.7157380946550235,118.38923471326692
B,0.5124697048305117,99.40634496650927
B,0.5512301824542291,278.5179957234984
B,0.6068732576758131,27.834483850144743
B,0.604321821367689,52.07835561386091
B,0.5191539340378957,155.97130038833419
B,0.36857542423221695,41.87880257631013
B,0.6036015619618381,41.70271334207395
B,0.6370490643153053,83.21979015519831
B,0.5982961160942147,74.38611486617383
B,0.52570775147336,35.48830999217545
B,0.6481343037199983,118.800687430044
B,0.27728848875588674,67.13534212360325
B,0.6599998691432616,96.63636398550453
B,0.39211848633698776,24.578309427211362
B,0.19700778072694616,113.13292302310144
B,0.28418702909589677,16.148483616034202
B,0.9386062727787148,160.08689954132373
B,0.3769523248245166,146.9965219475393
B,0.2946990502385838,64.59884836337211
B,0.29907345625716997,34.47078859394621
B,0.2356163381523575,290.26890828380124
B,0.5004789800995477,93.34627495628945
B,0.23419896781832797,105.25007591554663
B,0.8350565682109665,41.033958663214186
B,0.3686377599582669,38.35027130196671
B,0.5461381233299027,65.36473740082499
B,0.20059057723021853,23.636083549580807
B,0.08748465759948079,23.32944587617049
B,0.823407958970998,98.2775224012299
B,0.29225994935327526,28.41625924758395
B,0.33322731460249355,7.095174987872008
B,0.8195671711091278,264.4777755369864
B,0.3956235943959848,16.176484317964594
B,0.22712660908122292,11.219843404290327
B,0.12984820631821747,10.040406590599599
B,0.7554072359725116,59.53332171018005
B,0.25551071361529887,41.64498984850659
B,0.5236715641216505,13.338176912468397
B,0.7538564103592442,31.964612655064407
B,0.7818880362774577,133.16814705640616
B,0.6187835782471867,134.0795441066499
B,0.20812069750175002,12.123411092017022
B,0.4683480522555878,33.92228181775026
B,0.11667479415560962,8.138140856587638
B,0.4716173605290237,27.144802363501952
B,0.21775802112118434,70.56194159576654
B,0.7849546924256322,63.25457591511836
B,0.4258156923217898,42.68889074432092
B,0.1572009448566529,97.91331483273316
B,0.5065264541016057,108.03246151223541
B,0.9040359109318603,88.16588855548456
B,0.054595971044971464,1.8682830993262225
B,0.27335328782891094,5.525110606703506
B,0.7712979514272971,312.38251025525244
B,0.41124998814016395,68.97390289895563
B,0.7757551252633814,28.602416054358784
B,0.6535849852130053,189.6751375715465
B,0.7556088065825279,47.56994971258045
B,0.07784978359501837,11.078664175244999
B,0.19224613773751895,17.868124950376778
B,0.87404592913859,84.89298889732706
B,0.5484651143982943,29.796789720073175
B,0.4271479054984709,32.23766827033394
B,0.3097195297776598,66.38945022344481
B,0.7247467997472062,23.025429036791643
B,0.27918325228062746,62.374450633009985
B,0.14517807430194943,18.685177822898524
B,0.8035536907712069,69.5797160858399
B,0.6191458558361695,51.51066374398429
B,0.6864906191710799,21.251217668013055
B,0.2604944653764201,41.61323739254077
B,0.16700770858246747,23.444544883884777
B,0.27606307408070435,51.117900918183366
B,0.5700338475248266,60.299758888784176
B,0.1901101494690627,72.86134266208671
B,0.5888872176967284,86.80610169585535
B,0.1166489116082918,13.23475123332103
B,0.6869324332691087,91.69104675799862
B,0.2650383451463092,11.339397027049733
B,0.8079384839556456,79.65177009303508
B,0.36908418494300316,35.98212265386181
B,0.7496462604675818,74.20677766343559
B,0.21727355063044274,19.4662351107925
B,0.1948708642923485,19.790291530100255
B,0.7775722818979007,162.55451314695964
B,0.04699947775478762,56.44740822352518
B,0.7539259671621477,70.57724256440979
B,0.7812804042298658,56.61767952743915
B,0.09370282467527023,37.10398419245941
B,0.14973285174738785,9.670711664568632
B,0.8220031025531788,271.534121224317
B,0.34356891661131417,33.32782937815384
B,0.2690195961639428,217.7523582180711
B,0.6654956089495273,155.45504388601265
B,0.7927389501943665,73.47126899758474
B,0.7613283967309866,40.28154030604459
B,0.05950062845520703,2.435425163505228
B,0.8588734423339383,91.52001014918385
B,0.3642189109794209,39.77883964008139
B,0.4027706958687128,8.764441492273772
B,0.3115270195835178,17.423322852387358
B,0.7236508123435833,18.648068823478827
B,0.633646395457862,21.58796496403813
B,0.44046001997944007,88.04042186514768
B,0.06110404617349623,4.695711684682303
B,0.47889213720870655,40.35817705973641
B,0.7734501495692284,104.61182094874647
B,0.3650094016189415,26.030363103119193
B,0.5171024063276493,6.539620660568665
B,0.7280693582595918,57.73260330132088
B,0.33967211506673395,23.785686601977023
B,0.7809421600942561,43.66962492341744
B,0.495944390976599,18.75459216475203
B,0.4374574278527653,47.693441624189155
B,0.8179927658586709,57.13088033967274
B,0.4873145114205753,51.617446534808025
B,0.6297082567298251,492.1712103737337
B,0.6700865333549423,114.4526570967404
B,0.8290782694717339,89.48281284156938
B,0.8292595921113759,558.4773919464387
B,0.595691020516898,154.2404737318095
B,0.42350252739940775,57.476621581146865
B,0.3970369859731971,58.40644601688455
B,0.5525161714027701,102.06880740400032
B,0.0937120780076083,47.74495699642089
B,0.3236525135276412,22.02050228457002
B,0.6538065664965325,18.224678968948126
B,0.17068829676862143,5.109735196132367
B,0.8781373764852548,109.89898595131885
B,0.4060643519553575,6.521359883387571
B,0.23291781174591783,18.66178583344441
B,0.47939027782073657,127.62997586166841
B,0.6959700623465395,53.261331340429365
B,0.2851834320177524,93.61189806545084
B,0.293400460115611,23.790435751624923
B,0.3218125487996937,66.42205002566553
B,0.123364315375561,30.411000096031565
B,0.7030215864692855,146.2110121689178
B,0.45964094496650176,77.07512438323987
B,0.8424919316458718,21.051467748840803
B,0.36397239132652875,13.145498178628236
B,0.9403761242083908,136.69064362530838
B,0.25915088336025255,37.31266978467574
B,0.38153303361381224,31.781867595073546
B,0.30279771290085006,74.47803198997617
B,0.7556407498580927,25.65683014839019
B,0.6835665026830541,65.53560336888617
B,0.13944587286626475,14.66581678858066
B,0.3651642225777532,71.13258557915701
B,0.26089779641805855,26.095127947371665
B,0.4717058484456162,114.60391708594506
B,0.6331683227956462,42.20078977828155
B,0.1912545798519807,20.960433839253586
B,0.23711854920879455,137.36182567067132
B,0.40256900431887516,137.03633809535503
B,0.7969994222146343,70.69329928082091
B,0.6309388550352921,55.42414397026941
B,0.7613717512729677,15.976708174462214
B,0.5232377683054515,415.5443045253614
B,0.5895936883873697,182.62794705778794
B,0.5522865456159498,20.372664010506096
B,0.8783868488070663,172.54167020698586
B,0.5808499366181381,36.6051247013281
B,0.10725571245789335,29.026698966170667
B,0.2096380143439803,40.67054676979382
B,0.37761969612190965,18.102227248790257
B,0.26716415336533794,27.128588582725076
B,0.28870848611680605,13.292665926198394
B,0.8368364395045425,85.05764272627607
B,0.24180594322479895,216.0796482896658
B,0.3323449908516904,22.363173108511976
B,0.2590839509018699,12.853425259549098
B,0.3386892951340681,585.2231288432121
B,0.8577968944059499,108.10523065215533
B,0.344698667613512,26.241966211974745
B,0.7510149801208184,136.08749571208728
B,0.062400933927229695,3.4450141719343126
B,0.7662056035118985,91.47199685349823
B,0.7937058362610877,81.34752574843434
B,0.6177515143654593,87.67061608481465
B,0.8075122822691891,18.749314411523713
B,0.635671779488046,18.06764863195395
B,0.35812120675659515,84.88544267606078
B,0.5686844717885187,78.34616205133376
B,0.1681541106591834,10.867579286344744
B,0.0378326605409343,1.356096554305821
B,0.6774339134246585,95.51032219664121
B,0.5436713374470141,37.7991555477747
B,0.5649634545517404,77.99346690306201
B,0.5569591214488862,177.12354559559847
B,0.07435756194723016,14.806593443033298
B,0.4922451747783966,115.35095364302138
B,0.30790260897938726,13.59084761505305
B,0.4257094869372983,26.430527010866232
B,0.8359037022677156,84.56937876248458
B,0.7471074609289207,299.64783072612994
B,0.1225553749422325,199.72382384937782
B,0.7878067361089027,108.23378870244714
B,0.17879035490641082,26.746003547975747
B,0.22357169883391936,5.564708324318474
B,0.7443474967929969,15.858189775326686
B,0.21652869624152693,102.03455192329096
B,0.6841129899087629,164.08594422769667
B,0.394426172007835,90.48992506694982
B,0.4742586006990141,98.34764325243145
B,0.5683734140656364,55.65997781151876
B,0.4297433200485518,29.182358245278806
B,0.3277810121316487,31.535685176342355
B,0.60747654830333,33.56014245788445
B,0.4336080792035171,298.41710568848055
B,0.0563560266414181,2.273059845935707
B,0.25900383514389824,18.950754012485696
B,0.25981319585416823,12.980824947038546
B,0.6309546548417461,160.19349642449794
B,0.7959737511630619,6.4822681841330585
B,0.4935913893093062,69.34418029971437
B,0.2409160880939975,9.824951860131682
B,0.9174431198619009,39.20007413595601
B,0.53715372470506,17.46371339829784
B,0.2926651123925916,38.27050037804935
B,0.7360331437187146,41.02829584402012
B,0.7682345099301896,373.2593692839808
B,0.45498049156442116,5.2381616059812055
B,0.6190613227692938,8.14045063164385
B,0.3597828522338819,33.42695308058217
B,0.8078729558218071,964.0261167062393
B,0.15357730367793293,15.47041194087362
B,0.5524139145214995,87.41645944437263
B,0.7142673887053832,37.869302455615006
B,0.1995077775887497,45.42405219500491
B,0.32612681347338474,18.579957446884137
B,0.48864903806444054,49.56907621192845
B,0.4863989680795382,30.22422738279066
B,0.6325159772426063,55.00317238062969
B,0.6134890986108141,73.13471555698428
B,0.46968994845045,41.220771877186884
B,0.3303559197315884,185.72751595659741
B,0.45353389842046565,53.02651243571748
B,0.700405812928539,255.25171548801447
B,0.1280318037062903,20.54200969284514
B,0.2464608965487882,78.65162801697754
B,0.8838679736192474,165.6848844197859
B,0.7949118241124136,37.929204307342495
B,0.4284517944205845,37.7654663543745
B,0.924053913801833,118.52004711274401
B,0.25914952390189755,20.712156697268338
B,0.5252974068207111,10.089258440857936
B,0.2698443273422573,9.40835147408104
B,0.8471397616133258,83.98819960443608
B,0.049711934669390986,3.482198171801005
B,0.4251757310005047,24.081536147897815
B,0.7380428783260804,229.13472874855103
B,0.24547065490727749,7.1940810488080595
B,0.04767594905039466,3.541740529114543
B,0.5431468757457493,149.0739963185305
B,0.6839008487211637,73.0940555720992
B,0.23331620817097232,102.12839945129154
B,0.3645218730119725,338.0362710822633
B,0.6437273561279574,27.12504837579531
B,0.3400754600304012,11.34826499300009
B,0.9055298170520317,116.80529087629185
B,0.2587363897245795,33.553014617937244
B,0.6771808719939836,32.96026880512593
B,0.1541745036158817,26.41696223655358
B,0.6843524480792224,24.901213053325524
B,0.6341962398146131,9.526789628428347
B,0.2062133353147439,28.61571623147834
B,0.35816235380513795,21.937209965081603
B,0.7725631438029678,705.9768374723055
B,0.7956683834451914,187.30779151182654
B,0.21970699076136202,16.252974958031878
B,0.11969910693395006,126.2194357706912
B,0.6550769239231652,49.910027126595004
B,0.4829931391455975,37.012818863675655
B,0.5152811447357137,11.22074774715058
B,0.4621673724985801,31.24385296764233
B,0.5847577833883009,33.380452491195584
B,0.16657489319177052,19.51959027019628
B,0.9463468231620018,152.78484418333892
B,0.15053024112078847,45.25828203396781
B,0.37013389216354614,46.358722896516255
B,0.6286995231575636,276.0464642141834
B,0.6669767100278416,121.67601957523054
B,0.5195493610896295,35.361499966394234
B,0.09517884631002488,9.217659445571996
B,0.9589517071589757,43.87791789679925
B,0.5615341892703979,23.315256410820137
B,0.9710717169595543,131.7893690945644
B,0.3663838445964656,7.915311000010603
B,0.40238420317086904,34.61183806200012
B,0.53216886681111,97.7680703900726
B,0.8298355060851628,160.98656956167454
B,0.8894912460459419,57.994873116751045
B,0.7421493889724741,30.08352823133694
B,0.27081003414861143,27.109364776701973
B,0.1273764619004379,2.7128019484131296
B,0.1239356253383965,5.847782289772424
B,0.6711396240024289,26.876463345770897
B,0.2556320499910875,75.09965849874834
B,0.8591567851179918,30.64606358013577
B,0.6800180483671028,124.60571646089687
B,0.7685730434969543,107.24572298626136
B,0.22880619160624202,14.719079509988804
B,0.08362098488781174,4.925951992202911
B,0.47677842396587106,56.30390099323579
B,0.18488488747492537,52.983131328425344
B,0.48130331618381467,60.54316365571902
B,0.3444620579910066,90.29302556166095
B,0.1437528196484872,2.7982486108468048
B,0.15420419495218227,12.574679988470809
B,0.4667398011935442,8.11779188154051
B,0.5890146414011446,25.36474142747133
B,0.435831997091952,64.07163091037852
B,0.7620991573757113,90.76389257216894
B,0.5012720313255693,53.890136198490666
B,0.15532053484917452,6.157044733238504
B,0.19548727915264125,16.302221627580742
B,0.7489378103302751,148.79686499057485
B,0.7826253091390053,50.16940281759218
B,0.8602076888100428,31.84417462618533
B,0.5476446881830894,56.697763064900215
B,0.42852191201704254,98.59294549727261
B,0.21989167085863842,2.548103673082671
B,0.513995951836133,31.55903589405612
B,0.8023665262218876,29.089674664377295
B,0.5413434359627967,36.00513829115253
B,0.7142011828971736,69.93826134866146
B,0.3886927958551722,72.71794991491198
B,0.7932907220517438,122.82433909353293
B,0.6628314303813777,37.10460467848818
B,0.6731526497739393,84.67502564737016
B,0.15605074744028202,9.851966495412729
B,0.9133243308396104,119.60008461644733
B,0.8350558502764591,23.332348768255024
B,0.11330594265608401,17.148409252645152
B,0.40707773092878097,71.10981788202317
B,0.16880148904574907,6.592350172208652
B,0.07699215415635793,4.452692835604651
B,0.5912118854993818,86.44982860463854
B,0.5296307064667131,75.53630856053016
B,0.7689716102880658,191.65098161065035
B,0.04585366510236775,10.07831198901188
B,0.25053227735424183,13.764584128336354
B,0.3266187943219195,20.814877498222753
B,0.8246002883454205,143.04490813956838
B,0.9185836648447621,57.4479885389544
B,0.21280506088994608,52.39150962700219
B,0.432764056717472,206.01414486223064
B,0.4429157826090619,24.361373580900622
B,0.6617084006646461,201.9841897760744
B,0.506327274218931,202.7906836623138
B,0.536129412687121,200.44148981515397
B,0.8427451305531013,34.37040132682201
B,0.8278074968021324,12.329443127682971
B,0.12133433547648828,36.4070055899664
B,0.2287786891931386,40.19570245744637
B,0.5875970980148616,49.299395943491525
B,0.5413119100323137,16.439476319370073
B,0.1266152818546752,22.42357058853967
B,0.4642700906982012,37.37978693745819
B,0.7204890910516546,8.688381970513149
B,0.5219941729012124,53.94122674298863
B,0.0760252460915649,31.197694675080186
B,0.5805167844907253,102.09307429812011
B,0.36213987639414247,83.18002779909726
B,0.21095590763690106,62.83527381468231
B,0.3782071369895981,62.65434288583514
B,0.4637617206913399,25.485134429411367
B,0.5998755544255121,33.13463281819219
B,0.3613847952229393,42.13184311694294
B,0.21833450679711214,60.22315409256686
B,0.8878708047710211,42.61820857703363
B,0.8360559395315399,198.48048353155542
B,0.32576842690696184,106.96632967986048
B,0.9604468211366981,41.74662573060609
B,0.7984373196346503,46.97959686753507
B,0.45907232841673234,95.32387447916575
B,0.4487589326249876,26.621829591495683
B,0.7498957379860318,65.30798307254756
B,0.6629818787515867,228.51158167240462
B,0.2254784507696706,29.894121481758248
B,0.16594593480725905,12.28276775615317
B,0.5864416910592484,160.99197631163057
B,0.5952969368302596,85.79731353774345
B,0.8164312326922006,77.0819099316938
B,0.2560435308032844,133.51428964242035
B,0.8639221658827752,39.188352598279074
B,0.41401414402548525,132.85140027519375
B,0.17068848106514242,33.3894900466449
B,0.6387684704112639,30.316257974184293
B,0.2928370922121527,91.0124352355075
B,0.5431267908545121,138.79211543799303
B,0.17604193425663925,4.1749386980056356
B,0.15268737833766408,22.920382763172363
B,0.9281401134362001,64.29188000570497
B,0.22262075461959097,42.44877204759632
B,0.392492219076507,9.486173543328874
B,0.6014083326137951,145.6080030924796
B,0.4018841405816214,239.56009427186615
B,0.5645470369399203,52.821026437609966
B,0.8685473378499686,89.82360454414703
B,0.16987032059841947,95.23920827573485
B,0.7603084058827079,217.81336625376255
B,0.30099506145996113,36.70538880185724
B,0.8409327572006153,182.5491270840159
B,0.3679801837282932,43.08206350834625
B,0.38806026194022636,45.21876182182032
B,0.31889112047235485,6.816596233286304
B,0.1805959354823801,7.773856254702
B,0.5142376516299699,80.17809988974007
B,0.297399495188529,23.547405270373638
B,0.3065499473661152,19.3576879373266
B,0.6561532750900029,106.04862077632747
B,0.28648526447768297,5.784467466732588
B,0.4156942424160783,216.31574138596588
B,0.44203906543876453,29.11514495792824
B,0.16926974830999292,69.2957897865963
B,0.4855314690208168,147.65848524746008
B,0.33344279238738345,7.449660497246531
B,0.662611481110979,82.24914660329316
B,0.7084565360050245,29.74689982292929
B,0.5278183686127793,88.6006153817039
B,0.7212405636765297,181.61194299188136
B,0.571633006767398,344.717850526385
B,0.41647879989988856,52.343469890810084
B,0.15069832755832685,27.919562140994902
B,0.04936402391943813,1.593664531166263
B,0.8564203282603287,66.98912627007925
B,0.785245258039427,21.646380254538094
B,0.28732127016342074,58.12298386761358
B,0.23161750073836723,41.61135780072547
B,0.3022432818400773,67.61139000536227
B,0.816793804257097,681.8349074903482
B,0.5584018755175164,10.437173164967264
B,0.27650425082102575,54.29136814139321
B,0.9057925588243281,53.1740001308578
B,0.9023121726126,182.53279970800395
B,0.471625997923669,42.52243845437207
B,0.7325859784460702,90.99044338438542
B,0.48302837095305623,42.91185930636177
B,0.1283367151942775,15.542126074329342
B,0.09507059306417139,1.739614875925442
B,0.8663436493896342,151.37851012091875
B,0.2217699769659873,11.537973410509709
B,0.47961833974190354,22.084041903291062
B,0.780205243921624,60.426211533858215
B,0.5214057905567958,248.11965128876997
B,0.3907991396348043,39.66273809650051
B,0.5186504133812558,18.31959432586028
B,0.83613388485118,85.66728505996517
B,0.25482013645694385,16.719100483223162
B,0.9088616532735836,226.4070784055776
B,0.39759134757188425,48.61697301338019
B,0.3365082936043779,11.136744907805204
B,0.4676951306932252,193.2054017911948
B,0.28110575193331433,29.407344969184013
B,0.49014793915620736,114.06156834900209
B,0.12670904469229347,25.268230574276686
B,0.2501551175954459,41.923471547260505
B,0.3378797960822904,12.990291512833902
B,0.35422858362416343,47.75469793353336
B,0.13878152192747245,46.54073315598463
B,0.2001387499651678,20.865217808515172
B,0.5505258593785858,123.39263786508134
B,0.8729098281096016,40.84623184899281
B,0.2894185466903405,54.1242012972653
B,0.8156992795367695,28.90525021548186
B,0.21388440581387722,51.1949546173707
B,0.30653424471948887,25.608000648830114
B,0.4224435934603827,40.21095253337721
B,0.6138657438759838,17.82884526094522
B,0.9272656784748905,138.7866610817213
B,0.18123796888163737,62.5815453720813
B,0.6476178965173824,109.40056260049847
B,0.11749092027598582,17.916127621785158
B,0.5302764396090937,17.05617580048963
B,0.5499562292818373,24.155068170769642
B,0.6570918824602991,49.30710053423927
B,0.23724343888611307,14.674374485149272
B,0.8935503400362524,220.93721840591806
B,0.27331918418705387,133.0509597844775
B,0.22221088901819291,28.459259840009313
B,0.3448040908457904,38.21948018518778
B,0.4355480464623153,64.6744914404893
B,0.3001169835679592,40.034748953308046
B,0.8399329681694294,358.2144719840668
B,0.8667756402473943,355.15011705961933
B,0.722880110599165,41.42402855568857
B,0.24358340462819617,39.6503817263485
B,0.631336097811916,53.58908995582227
B,0.5740456147933454,31.759481299002342
B,0.7665453162589216,13.823411865009863
B,0.6566075452885497,126.70947744606875
B,0.49568791307018967,35.04333066403624
B,0.2614631256579331,225.63415381052872
B,0.7014979273879655,138.32691635181328
B,0.7940153861663828,212.99268412887818
B,0.6874567689181629,416.559319852038
B,0.19259807021318437,44.536893389419575
B,0.4949209336778453,85.39842235620947
B,0.7538290508216566,10.771643112991516
B,0.8503707218656331,115.59034169886188
B,0.4359154776972265,63.46737646430126
B,0.3749822854257664,46.4629699226397
B,0.7475934649330951,60.64227724794038
B,0.6766225547485265,139.34211176431634
B,0.6956778346821662,112.91785353380173
B,0.5942955991483294,68.62536320451443
B,0.26486974271562425,13.199038965515413
B,0.20481792828388287,49.126739950317635
B,0.7768209795184912,386.6541798821337
B,0.38273116209005725,113.11241430815197
B,0.7689733975348355,107.92979401603321
B,0.35664144192111985,16.674509797611453
B,0.14792891927090626,33.02394157628494
B,0.6690343477214455,28.279621064549698
B,0.6939555304272517,58.194267071513735
B,0.38782373673282194,114.93722396990981
B,0.5043313419727652,7.5439245604728375
B,0.3376388564309078,25.671013502954736
B,0.7342919357520504,208.4448929219488
B,0.5270389064645912,143.15002064654226
B,0.7427986659794873,48.661751003155125
B,0.24822793062925555,29.541118776106938
B,0.18977664007916803,152.85030351082983
B,0.45268576824479007,46.55915194485555
B,0.755989389052452,37.20521787979955
B,0.9351484300286772,163.77747446913565
B,0.29669026264661996,37.19822716722614
B,0.4015053550091512,84.31002670565645
B,0.4274234006855674,100.77831073898854
B,0.6968751944763539,93.01051628871735
B,0.38079407186218295,70.4386256609993
B,0.2687901704288363,20.419926715347287
B,0.7680720008972024,115.45619211481085
B,0.15493512343554003,35.87802189310597
B,0.8487346739754399,43.802308866920164
B,0.33998318938216143,19.89344294043321
B,0.6054407639599916,71.93170898526239
B,0.4069328708500561,37.788887179777056
B,0.30459875629779576,35.92969215894017
B,0.3389429154380132,446.63302460169734
B,0.9049133617000847,94.93532939115367
B,0.6235637785467376,24.010782814480184
B,0.8565785964439069,94.63799475828897
B,0.40681434542056316,172.12881411184503
B,0.46188299294112695,76.6305017952086
B,0.8489559553923565,139.7836281026863
B,0.5337784015892667,239.7805181620653
B,0.0815799575254526,11.194610341094151
B,0.4052777167872225,168.16989746452893
B,0.6610642698880266,29.063909253857435
B,0.23848151232101308,4.613114965862677
B,0.8753462070102163,95.73268440158215
B,0.9121124567814115,17.620912383516615
B,0.666160851471471,83.31870803220838
B,0.5197115670758812,127.19304736502463
B,0.42596190600443007,28.149543986705954
B,0.3935382991804736,60.75418974834362
B,0.3657290766608473,31.30356772890346
B,0.6316657132277521,77.57751754715186
B,0.8021505228762279,114.87771342380188
B,0.4052713527746931,25.994690846778163
B,0.5084039807052944,66.19266618474984
B,0.45361301251746716,159.50986883286762
B,0.4149279108880296,72.85860940183758
B,0.7985052550611661,24.34555390489504
B,0.47089456710519495,66.48379017041775
B,0.5773788421074707,76.19746720322745
B,0.3226428599596104,76.38475540983939
B,0.27310543194984055,92.58780471765671
B,0.39382458124158354,28.572443714300775
B,0.7059674575589182,50.72871310864602
B,0.5406446178900536,70.58351899917292
B,0.5425971212839515,28.675118690885324
B,0.05420216832621858,3.3527113497519916
B,0.5300132582119997,124.24428295604527
B,0.4246246167220047,50.90718679757785
B,0.10193065000898358,10.65314165926468
B,0.3379513947870563,104.81988210534772
B,0.7193079235667414,57.484355821046904
B,0.5164868920064034,104.21748343965007
B,0.2205280821150466,11.124356149618535
B,0.48477199097751683,46.94913422537936
B,0.423501243645893,133.52623944828952
B,0.21171498120999932,55.0127210646385
B,0.23858891011426586,9.821930824937949
B,0.5833998034057936,42.988218263923926
B,0.7389046146318612,277.8495684408237
B,0.48362311766251564,62.18228350858255
B,0.5600563190059669,170.29706232999237
B,0.7148856981274555,41.739393328754716
B,0.9397891496404052,119.91808215760673
B,0.5682720722904381,33.68017313360503
B,0.48910186283267415,57.359893396657185
B,0.39862291154039364,313.4734377014133
B,0.4495256331701759,16.84049505003532
B,0.6564043024214365,24.032804542170698
B,0.2689065999581923,7.24136994158321
B,0.5588468452189248,51.860770433089655
B,0.2315308640419467,52.39134671169198
B,0.7351661286037533,36.80574740621617
B,0.5115084697883803,317.60038409013265
B,0.5724651478313533,19.398346310074718
B,0.44315841195540645,30.847770477863527
B,0.6137135226349753,10.006886708597333
B,0.34333023038893323,54.88960852274478
B,0.3567771536288055,20.67134238380726
B,0.12750600009818475,21.852708216853443
B,0.7740784366613815,159.04562192067837
B,0.7854265767622696,37.20823235045186
B,0.12729182562333874,43.974786444311256
B,0.7144056160035883,179.04213445895186
B,0.5757332129850505,96.20310619486624
B,0.8824001697447357,307.8992894573741
B,0.3545650054525584,9.10098160077514
B,0.1786232666524614,14.712869558127927
B,0.6691661242018279,4.567576054579498
B,0.4455615425356827,9.306672423517455
B,0.35025404125184245,93.96478096741853
B,0.5626915869916679,93.8616600832441
B,0.6522379772423608,115.22772438665139
B,0.3430619806551937,79.01288175753233
B,0.41415706792703116,20.71576019001317
B,0.45593750836001357,24.830556741535002
B,0.4179096085624451,34.32752683385084
B,0.3501051014579386,48.52052018343846
B,0.6268010899829178,91.01892945829523
B,0.7307919859756534,177.06687946894897
B,0.5965933781878909,58.246686276070186
B,0.37705064391930265,33.14728834116013
B,0.3971573899586066,213.11828405736327
B,0.7377479954717726,341.22667327680387
B,0.7349978000076097,68.15514884961627
B,0.3055009657257371,49.35939937059788
B,0.845709579936275,112.24853257261051
B,0.20426393393094727,384.2247319418959
B,0.4493463448358417,88.32284346914363
B,0.17662139756381257,71.82651183379504
B,0.5962085974640043,171.11645619589345
B,0.45452882964621777,172.9793845935325
B,0.21630452367268052,53.05120138715933
B,0.6693108927745829,880.2696717422114
B,0.23428036208334538,18.793776617256785
B,0.0993973385173428,36.03229570031624
B,0.7320670785179924,35.90083968274047
B,0.37762757662196633,47.430659408641894
B,0.28978628576425836,26.28924093280675
B,0.7807493794666519,66.98507894678629
B,0.47332040312593066,99.39699821918744
B,0.650169058580301,34.053467962214825
B,0.14976618410410417,10.950950323557239
B,0.6155082762887772,228.8133160917881
B,0.681634235756994,168.8102393317894
B,0.9011616572568621,80.75974998216101
B,0.6633042536222081,131.04755917775893
B,0.12039608740741108,7.639961648208069
B,0.5167863089651782,37.11574213552081
B,0.23211170974914352,92.59465251621684
B,0.46330893375014043,25.058814433584832
B,0.8946837750974542,39.55922842056937
B,0.6743411794547487,62.82494630300795
B,0.8231291824431456,89.59399424899689
B,0.9567069010933074,127.07366254869588
B,0.2945575633327988,8.353001022745119
B,0.2341257470162985,3.1196654750094264
B,0.1476519418114897,21.738912720775858
B,0.7298851862865118,364.39058774039654
B,0.6974521883579735,200.1203126107738
B,0.5089985418709639,76.42936205871966
B,0.4009177731740514,206.60042248254754
B,0.18897626182809235,43.91486629335298
B,0.08946915156470968,7.20317389907298
B,0.9283411526457529,50.6602560438587
B,0.5997686977873283,114.55551012247713
B,0.21106841484726466,11.60804005286486
B,0.5865727368773795,77.15498421232945
B,0.3590329302759018,135.19905946017678
B,0.29065798451149144,12.852035503900984
B,0.14777564767620577,13.22381058945196
B,0.6496667799800451,26.558373678210952
B,0.30885504611958126,24.522308869259604
B,0.9498127307145616,135.4681466115514
B,0.5165388150816499,16.653063570898986
B,0.8579311450828213,134.6148994239422
B,0.13567313615004284,10.582871474587744
B,0.5734970770058495,92.83809638484425
B,0.2246102317744282,14.275875607110407
B,0.22459506873403526,12.942201631473358
B,0.5562929650574244,60.9203105407577
B,0.18186302866643184,31.0549884052947
B,0.5026048883689684,27.969826556627122
B,0.33645061127172793,63.62733691272501
B,0.7790005266271962,154.49833192075337
B,0.4395545530147488,120.1967479134734
B,0.5341845120683406,8.013809095477544
B,0.9346523353353059,18.306079798936633
B,0.12979595180975606,6.963497741123713
B,0.6410890180626394,255.35216029157556
B,0.6144352645272262,101.34157465528409
B,0.6227973261603877,39.12658343018203
B,0.4100561775039531,35.744413178920716
B,0.22818972618081632,37.5844440062468
B,0.2814970922374257,104.98322829014222
B,0.07014126473375464,11.74674976495711
B,0.3223177919322582,28.377626150530606
B,0.8546437055047831,110.60479801297221
B,0.8335028100388291,107.64471077857702
B,0.4355701332951277,10.928537539208245
B,0.8158603692824088,117.76879550909771
B,0.5366384307629902,13.275181238421544
B,0.31224085064139007,46.23628118311693
B,0.6178574931662985,38.66590278807107
B,0.26920455379421493,12.788536941117652
B,0.8710219969753763,916.0925078267203
B,0.09867691165373389,15.231759441480255
B,0.32525510386505113,11.722354653809017
B,0.5778358764012496,51.932055372964605
B,0.5467378918436194,67.8877229522162
B,0.9277881961215562,58.062373709520465
B,0.4998940986484348,31.812703603607567
B,0.27993460805411724,51.64197533790261
B,0.43971773573656514,59.719412750112575
B,0.8585289464113475,151.93970570841307
B,0.40826010723367867,36.27470601786739
B,0.12544610427462785,1.3560450870176886
B,0.344708523413197,29.173139427873338
B,0.23777243622132893,17.89225370158015
B,0.4728345349798129,77.2087777213574
B,0.575229585481022,156.92735606364857
B,0.48396707953279655,113.74364538552398
B,0.3702494520206103,137.6694108363961
B,0.350674848255924,81.01166040031231
B,0.3343491969501322,15.392244797374746
B,0.8392654503376323,171.99830051168
B,0.27213789810722266,61.15328826067332
B,0.8455462792182332,136.73325683430306
B,0.2109427100182052,5.219896961157769
B,0.7955246320852892,136.92633941118157
B,0.8572667464340413,65.95530172829629
B,0.31835684227442596,133.30605446499683
B,0.4204697014488982,57.93164652313344
B,0.3614434588413242,46.58499113469496
B,0.6184466598751428,97.40919296433269
B,0.5537599702569578,15.994942381774935
B,0.5298747264309611,12.703061944625782
B,0.5126331157973038,36.26945776512944
B,0.6114178448607561,137.55459240245028
B,0.6856996526961479,116.83783032437282
B,0.22761650469140798,30.28922844093937
B,0.05262428122018389,13.635219727598292
B,0.33303881808850094,23.43050361557031
B,0.6554235721860052,8.647145465956237
B,0.7065969792389862,64.64627943237673
B,0.6786744503235435,99.28740642672679
B,0.7561753434875447,350.54549384102137
B,0.5571623417665698,32.30309532764453
B,0.43641257501268055,28.216182740482168
B,0.30917427590799224,235.28682527356526
B,0.3990123935030841,102.26031114824669
B,0.6602113066260604,177.58548421275705
B,0.8449451597834795,24.038461200519198
B,0.800992451558694,124.62755409679518
B,0.6361461468597838,221.0885258294218
B,0.7461945151018509,104.82447125203615
B,0.8337067840638376,108.18573173819338
B,0.19491194024616276,35.080768844676946
B,0.7100817762847602,42.69176402389094
B,0.43969694786542596,17.7050770667087
B,0.4348618881355276,31.833417494652796
B,0.5453075776561391,125.87403711663946
B,0.7823973993167646,43.1244061772218
B,0.7363392358094613,67.58666629292244
B,0.5838971610768721,182.88633922367984
B,0.5220452999744472,140.05967319181735
B,0.7552115933945341,132.39574700178272
B,0.5542577072602277,144.76434174656396
B,0.512067508876083,156.45141303370272
B,0.21015200686110982,6.724742393501294
B,0.09782941338120332,6.572840084600287
B,0.8125105055257249,68.93341212122436
B,0.8600121650766225,213.92942071613044
B,0.151945615310046,8.521196391939007
B,0.6004793945168755,61.43035984085853
B,0.3453329231913939,172.77782519282738
B,0.08950317579825567,4.121013621326309
B,0.7743608133616802,42.826559663310384
B,0.21780624233808438,35.77598123213671
B,0.8086635109043699,71.67489238956989
B,0.7788665050937587,96.57075703189089
B,0.7426176732832032,19.80345955420003
B,0.12680840843439498,62.03600557619349
B,0.426137142103489,7.753260425130899
B,0.43460747503883795,15.168613656150411
B,0.8155468196849216,273.94156362033067
B,0.7808914057205774,30.687963030713767
B,0.08246698149897543,7.523856629937476
B,0.8726285300123471,186.95541372679747
B,0.044133789777480635,4.711269568995476
B,0.7067719156261312,13.4540006797785
B,0.5475269257992014,14.448918833539057
B,0.2838439995825715,109.04716958462727
B,0.9364637445207709,96.20883648767835
B,0.663607613821479,86.46616336436216
B,0.4288451332791761,200.9936604922421
B,0.8211186070919927,368.55931683433903
B,0.7041765649952426,67.82443802684095
B,0.3147180339933885,72.30355017664944
B,0.8080637978973547,55.98146782228638
B,0.246288001748788,56.60573884289793
B,0.8098884022183348,43.22709643011891
B,0.6087035684218458,97.99693123205671
B,0.6907792953492501,46.08695643736854
B,0.1115376701545767,15.448380699207984
B,0.39709290269298025,107.25551223836202
B,0.7428572344487374,87.83339015401118
B,0.8845148714411993,23.66583962514255
B,0.6756053644019566,50.144258350719966
B,0.546214035657614,47.99141210658266
B,0.619563116067767,95.29749593058405
B,0.24846820960003824,21.059227334337482
B,0.6843345244791805,144.74906268009377
B,0.49453164890725193,11.412196075458821
B,0.6352102383018696,41.43772333286609
B,0.5232363060200993,39.89188009717265
B,0.5811722232405229,66.62149305823431
B,0.85675539164734,49.08546513987655
B,0.8258317806757426,365.532936334326
B,0.7766033491912657,47.893536953966766
B,0.8608486065134746,339.6159019340856
B,0.23551472113641322,36.807346089566416
B,0.8122559281077898,190.72078695686812
B,0.38278565168994244,186.84625336421604
B,0.595699477525274,70.5589888498067
B,0.25166261394019096,18.685920731350805
B,0.572318275853137,17.774852298600646
B,0.0346759054806856,6.366490587287682
B,0.4840210049941827,17.25458416345762
B,0.33555480249623426,56.05269363177549
B,0.26825972466418024,44.113466001882564
B,0.24879879545754366,10.077390022391896
B,0.3770762160308674,43.901428227978485
B,0.0814841365791002,24.97079548336258
B,0.23219837075640073,7.313003910328236
B,0.7500661433272338,828.3635966350324
B,0.4252933125376914,552.4528004685975
B,0.2250670869748033,69.52059562332428
B,0.826541479993217,193.31051579062026
B,0.42002527997091293,52.908053536075236
B,0.5005056471267528,90.36265066729895
B,0.08730311460335397,7.5588916204580165
B,0.0630172126041187,23.75000781787612
B,0.08045000248569029,177.53555821496033
B,0.7545181347355052,54.51621150048565
B,0.7254665860469648,199.30519448183307
B,0.4007810669157648,22.162653618694204
B,0.44256102629140603,86.85623715233426
B,0.06202202498397362,5.149467234893428
B,0.1699083194800863,39.32988707355092
B,0.18496453000483523,15.490206910514289
B,0.10222161575699762,9.761760404909563
B,0.053612989165512846,10.473928893280007
B,0.28647726513854216,186.52821788608497
B,0.3733464085250922,57.79851257073024
B,0.1943600789232518,70.5651686700161
B,0.08404811883713881,30.087962084011913
B,0.7268475819212641,206.4567315536617
B,0.15178230863548867,7.6827574441015445
B,0.26800863936577407,57.82671630821392
B,0.33640876071862647,16.569659305716485
B,0.397288490333317,80.88918283108964
B,0.8120642661332779,77.67955160246275
B,0.6641578988312075,9.26648961216056
B,0.34686733407446996,235.2353380462403
B,0.5473402917249803,170.73404515697078
B,0.7271484508450579,20.41376973166641
B,0.42526908510425143,49.146407426255614
B,0.3829473362852324,65.64514450488318
B,0.09905378449416982,9.902245057412337
B,0.6551431481375862,24.398737562876338
B,0.2599832524136527,25.056928657311705
B,0.4082541326273263,48.548726484606135
B,0.7183065110987367,1000.0
B,0.29923483585565164,46.16792789807185
B,0.5464178390517715,354.7488221269055
B,0.28227783859192274,8.680889570134674
B,0.1327560876162608,67.89664784036856
B,0.8205858449294319,109.75858126249938
B,0.5093353173476531,58.59576118205311
B,0.5955921710897877,51.92923607570891
B,0.6414775487065353,40.71900832114784
B,0.8328210135310044,39.31448682432912
B,0.20400703883079918,51.93446393599797
B,0.46844263824940013,21.1017962819487
B,0.30330484568268296,31.90368707092571
B,0.29530639362264943,14.000021823456064
B,0.6379502557998963,65.78997245243936
B,0.8271546214334047,197.7416720589942
B,0.9055667588156777,150.4668896771659
B,0.0896147521156536,3.3825667457841098
B,0.6950471876219094,68.03728561769073
B,0.7004829259584368,378.4502381376206
B,0.5355658206835772,28.41791195535566
B,0.5372054889864701,65.71472578391241
B,0.2400436409403728,222.2098053857591
B,0.3456234647070213,2.284189123240876
B,0.3465735891025998,93.63206763522467
B,0.6257820301052284,85.04623276611936
B,0.4281600647725255,34.427038749706185
B,0.3430537524861992,35.76969892433263
B,0.852573565323679,39.435498961233975
B,0.08793511856196153,0.9238596401652831
B,0.3807429481963213,82.50262469050261
B,0.317620647433437,5.288658675365801
B,0.5570544940831955,38.36387214070231
B,0.6636255343688322,76.12888728794609
B,0.728717494378411,156.33703298064412
B,0.9484693595436008,33.65610794006884
B,0.12877888208193364,6.316113375427518
B,0.4130851821645261,56.66479313250833
B,0.532261090369695,333.7288921244742
B,0.6889808630338141,20.77906988603616
B,0.1797189631969126,4.224875250461408
B,0.21174711658978126,5.0474039841698355
B,0.8922282233873116,40.79391854158068
B,0.36060706536438375,20.951964000335654
B,0.6161230357241609,131.37541428610746
B,0.6778020123788122,150.69248489696525
B,0.40414311440526335,89.37320433767465
B,0.1713253164476943,5.670311812833897
B,0.5514216563271478,61.093398873918304
B,0.5939683861096533,153.2811831311044
B,0.5548999251643475,32.04876156118405
B,0.6431645948980985,84.8397931466978
B,0.7025610657234684,174.33374217821586
B,0.7396437635299219,41.538330129111294
B,0.417930223322762,52.2586171636753
B,0.1069464267477203,4.610415596687623
B,0.21986647093458755,48.1743395635254
B,0.5784132644847853,512.8202714265951
B,0.8545922796561155,45.8198574626999
B,0.5621138824202726,77.76301661145622
B,0.50893596753842,117.52170986774088
B,0.13972238943537424,6.831377717204229
B,0.1657525385509017,42.506158669042705
B,0.23821604021466805,32.31911429464684
B,0.6020150547999163,48.401666598976725
B,0.6635577910544236,79.26527888129917
B,0.5248306365506515,19.198955065201957
B,0.3141280045706655,360.0406813820003
B,0.6646552246834385,64.94440471333559
B,0.8750918618247762,242.2932361432092
B,0.5728896088121003,185.86269101962574
B,0.7328688817474909,143.48165754426037
B,0.2592506266211357,25.151611059847223
B,0.37899845134633564,53.2142988908678
B,0.09679324844290113,39.9582883760425
B,0.27493355623883453,62.65187905170001
B,0.69619830903529,59.3000653232253
B,0.1869315262331197,12.171380082859228
B,0.7156138478199435,35.01810291128612
B,0.2791263584620331,19.598120624465245
B,0.6520434537339886,283.91274813256797
B,0.4105776163193671,17.31925797093705
B,0.33392963138683157,4.412940671612961
B,0.761777506334221,129.7048105939415
B,0.7897663763230754,9.228063878237773
B,0.18837956399449177,28.793901647839316
B,0.064037124657463,7.095685252881818
B,0.6628458449564573,32.70817307013751
B,0.2937668854163181,88.63971324016588
B,0.5930451433833627,143.2028919216714
B,0.5413209846153706,69.44071439731552
B,0.32841608321448246,67.4058279213948
B,0.6581789072371431,77.73674432762668
B,0.20398029695884365,36.459599262580106
B,0.25215475453507186,35.98801562262676
B,0.1906369805306154,37.8764451995182
B,0.5761540179991357,188.85844272084825
B,0.13864406126423148,15.22372707395137
B,0.3756231272664577,81.14841967418289
B,0.41073459348652114,26.19532979941764
B,0.7387069158844397,169.844094444795
B,0.1177804802355347,4.432512176364655
B,0.5715503204787776,43.18051191804936
B,0.592303956301514,83.29195956987269
B,0.31682514411002277,61.08916949536907
B,0.06517154587775115,12.385518974955179
B,0.7142495529724443,144.0160596781464
B,0.26699879073109106,20.58053151714936
B,0.20173193599244416,115.99920472270026
B,0.32833878942112427,36.06027808779884
B,0.8338408609718956,21.32049855710703
B,0.9183131399348263,130.091874946663
B,0.5333953036893109,192.1944136638181
B,0.7733619345294805,13.302711884913492
B,0.7401504249388452,28.193389824243283
B,0.5415696121531104,247.25359045915906
B,0.3878242083553206,165.88391201142113
B,0.9335087225869018,218.4433274845225
B,0.1876125044156106,18.471716788644315
B,0.12529179675824567,35.19151829621416
B,0.7398874703390905,51.91232808727991
B,0.5956809025214719,47.95229448185002
B,0.5836651331800762,121.27365662905054
B,0.42625138583940364,37.2978991685716
B,0.24216717715691027,54.786663659483864
B,0.45207403759508485,22.3612218514632
B,0.9049237690598476,33.353679782408385
B,0.39627594418125395,59.64511609057884
B,0.46103950520195164,70.87146182953632
B,0.5200923351646667,48.180353411618874
B,0.6043041468540823,259.2520629752206
B,0.6927685903475674,520.9794894973971
B,0.3480331267328982,25.23396748346199
B,0.5259831720532058,114.61836839725997
B,0.4447425592805209,74.6510595580373
B,0.5509188680794666,55.97287719071864
B,0.801274582387796,133.94277358264281
B,0.7052990487744123,113.64938574916812
B,0.24479373269441546,11.676648914901302
B,0.8815210677009032,227.41257088880428
B,0.6892822886001025,77.86944781389845
B,0.6540553581201796,18.90012911196995
B,0.5105150938692087,256.80337291898894
B,0.46123583890751235,35.22809903161074
B,0.5912157365971975,15.494028821194455
B,0.6317411484440939,46.42769480388672
B,0.6082623968466782,32.65059862340908
B,0.5605063229919846,467.20575618942183
B,0.5832260305716023,113.1447486662824
B,0.7453280091595408,37.50275629964244
B,0.4907986581759297,37.32141229743435
B,0.41799747631942574,386.8592150896578
B,0.9023562455775068,190.84271518151442
B,0.7054755980488595,73.536510216625
B,0.7959101510624843,64.59780939024135
B,0.7502591745259454,73.89718564935882
B,0.6382140438279654,68.05153669242584
B,0.5029148514932545,248.4333574649497
B,0.5694710556474795,71.2677030058199
B,0.9549613027353481,72.09007157597327
B,0.8044098454806345,248.795758038062
B,0.4308331274972451,130.61277120252208
B,0.4294058141948358,154.20634572215718
B,0.6928902515189616,40.35000058311221
B,0.4184281240332567,16.92770935154597
B,0.3984252845735846,10.656220375405777
B,0.8383423102400398,223.97475215009604
B,0.5720067396858738,25.826630210768695
B,0.8534919408367705,478.01172581240803
B,0.17736736539701842,14.148270429096819
B,0.5750707722469979,45.6767728681965
B,0.9155093627647537,99.60260263962806
B,0.6504749167633618,94.42535624563327
B,0.4306861745080347,28.731639395316023
B,0.5517281031433113,264.2478840158447
B,0.6192448922316433,53.47017617988069
B,0.34617158864698194,66.78207056467
B,0.4625151014989949,22.818752997140738
B,0.46276085768397796,650.0022967595391
B,0.6496190531439091,21.57914222523244
B,0.33864992193151827,23.108284680045767
B,0.5979698198935413,144.00472338392183
B,0.4735696494840656,202.4193673824489
B,0.48348074913722694,34.395263568798036
B,0.3586863841394322,23.721799402072968
B,0.4876923118353646,152.94256421883836
B,0.9119888730209286,209.3691856656457
B,0.6828629037312868,69.50710145105127
B,0.455023271523074,249.26088047579856
B,0.6235991739227942,61.78283191139665
B,0.22882420218800265,7.568409059816083
B,0.3052523268655079,349.1139858679963
B,0.5020414236393422,25.471856931152264
B,0.8752518664546001,14.643132309719679
B,0.5766146257759214,79.34106561052167
B,0.5910118374696561,70.6730948916881
B,0.6773429154540467,108.64880699688035
B,0.131777665452704,53.36866084798618
B,0.6277023690529222,37.63309574597869
B,0.6207177196824446,11.872687907754667
B,0.29272368163004475,35.492626294214574
B,0.6290826378003916,253.9981805568482
B,0.6957420890079655,143.4852980759935
B,0.5035190066471403,112.26058330001442
B,0.5595750111852926,78.31410088588777
B,0.8333191809727116,186.17265484079462
B,0.8251487948481983,29.472888473857314
B,0.7735714396356806,134.4843981177261
B,0.637214501029783,25.91337397387707
B,0.5792390082133684,125.29808282552649
B,0.18332857095021918,5.757775249865633
B,0.18493778103030087,72.4948012746764
B,0.24774602787994238,39.501971823052145
B,0.17017634008266996,56.15607056496522
B,0.8390721757145736,49.88194519226887
B,0.4769246308689308,3.3973955713605988
B,0.41102909362271495,383.7578476026339
B,0.4850721497286825,65.65346005355566
B,0.23823912613475,119.5954571663003
B,0.24366312587886763,77.3831002609463
B,0.5184966092177198,114.44018195253665
B,0.5737785449322402,48.4839613721794
B,0.575481470984132,101.05694586376006
B,0.24194956515104493,68.06320058952112
B,0.8986089289223791,6.9161436865433705
B,0.27554271677524966,148.34054738631576
B,0.16560185980658507,72.07913811375256
B,0.7456669905090845,120.36990299795815
B,0.8316359482783929,181.01824521744857
B,0.48113242655894434,10.823685124216553
B,0.2098280165042107,179.62226275688994
B,0.297963884229194,75.69069034392442
B,0.41500410677940164,28.177536274572034
B,0.4233234716577072,135.96368963083904
B,0.3993982342747709,85.72604282887757
B,0.8104663453588878,37.57028941578186
B,0.6425796366480988,16.582145827967786
B,0.32676345974728216,26.807295367476474
B,0.7555258841602218,12.773854948707662
B,0.6921866806104705,73.82298157259747
B,0.8541386978124463,126.31295991324578
B,0.8201660580061809,264.3877195645581
B,0.07811546592949586,9.267453457261205
B,0.3795491265293676,12.708859236882297
B,0.8116254959714432,27.53355567825626
B,0.9401090877220137,44.64800055079916
B,0.5123868182135354,46.93645568544583
B,0.8843954597101744,113.43005765661295
B,0.21114222853203174,79.36310343649697
B,0.6491075527501139,12.789048192036175
B,0.4130909654751431,51.005637667402524
B,0.3895627774411123,37.63091246335352
B,0.47477348725252605,14.126951615991725
B,0.5996616806597933,172.872182688429
B,0.8192905939997802,106.6106605168749
B,0.6269552049338594,126.38999017125607
B,0.34663253990214093,18.77469489487752
B,0.35151082909746545,50.28307626531442
B,0.4928065745662309,44.436767788690595
B,0.7783971975369453,75.58076955300507
B,0.9193990705033697,79.10679003156919
B,0.7702732616012727,122.94672052329504
B,0.07612091475907397,14.87478861482884
B,0.4561284658818202,110.31719440466615
B,0.7785037417412224,427.7346625448029
B,0.2647916613512004,33.78786311923095
B,0.47011850857856874,241.27688028290584
B,0.6556138125489347,9.561101344477706
B,0.2654951507111805,28.604765523035013
B,0.9201377228797638,69.58695546498815
B,0.48564929471541135,32.37721891851712
B,0.1389873328137437,13.63154050247444
B,0.5171269765883879,78.31952481426677
B,0.6261013038094454,62.803416438486195
B,0.7440719443044654,48.271693583783154
B,0.38616489394883236,96.13236597917542
B,0.6220798935636509,81.54360149423604
B,0.41357605541455206,31.489770206394848
B,0.6724906160055297,9.19951401000164
B,0.0893515217071151,12.418594743003187
B,0.5178607718941164,83.58969758760075
B,0.6181776337889129,145.95639427681064
B,0.16568929615484007,14.888488415783435
B,0.3480593777823376,64.8027359865989
B,0.1880508320368053,37.117947147753995
B,0.8860328790415294,151.09082291997123
B,0.7389311855197903,47.74320261869555
B,0.40479911774867283,16.282916389330897
B,0.49862316295080467,43.72846611509397
B,0.5887051354182516,47.9951035595739
B,0.4765070479022291,67.20216469903507
B,0.8536176563864418,531.8202765786557
B,0.40031865417882107,17.140874446740916
B,0.1555989819429428,9.391548524275791
B,0.3334813014305363,27.128962328832962
B,0.10831251910870306,46.85667118175564
B,0.8569257723651488,90.78552021254687
B,0.790294226622457,101.94150001025834
B,0.9306394767067815,298.8033226695303
B,0.8592685977095472,368.3322633291066
B,0.8829935188571291,100.6732208945955
B,0.8266705905060343,492.1937905242492
B,0.8587292340828423,140.8698162069026
B,0.6216493509136941,10.137001137737768
B,0.10284910885809509,43.41823126073174
B,0.5717947798890909,130.17818106242794
B,0.6429040788699059,309.5985789181328
B,0.6729864786842698,199.72039121276708
B,0.7774012026312257,77.77206977457986
B,0.2663799918218121,14.56073014157346
B,0.8698606398572704,106.33277046428516
B,0.14191107853633375,28.09153316507339
B,0.3142308747310939,240.10921082456665
B,0.7259849389034284,705.028389683069
B,0.7038098709820256,48.46722094581069
B,0.15568944982392574,7.57138864850914
B,0.5309805701339207,478.03245652018506
B,0.39195906608670317,19.650275803931752
B,0.20899832653972034,23.613668844487034
B,0.34045901936988854,77.4150348529412
B,0.29420755228610684,135.77942605362836
B,0.5347957183632747,42.77965737969519
B,0.8368769473840603,608.2657868042669
B,0.5875519672631655,104.05071045408515
B,0.8976677291265736,22.125297148950114
B,0.46551803385567336,59.984076108226844
B,0.43408259948268724,80.26808335472329
B,0.7266374491754194,96.91026375852817
B,0.7135245437633783,391.9279282176112
B,0.7090246389155576,220.63662743595046
B,0.29011389792134,28.614156208925706
B,0.10571786441675153,37.81889720347898
B,0.752901226102356,475.2765109608975
B,0.44473303863361163,190.9240663279119
B,0.15607136809074743,27.252900864863687
B,0.0727009051604599,4.56208583027129
B,0.6131116877062125,44.778581423454995
B,0.27411724628374873,77.07731805405126
B,0.7924950069432288,57.83556517697739
B,0.2989351082600343,38.43306039206846
B,0.2281545393307973,68.56269125623227
B,0.8926167378888428,136.14892314972508
B,0.5125453572235878,10.151518538166814
B,0.027051191808396376,0.26875613980992363
B,0.1796235218088303,42.02389307969566
B,0.43093750852027063,13.543051323496153
B,0.865147601866017,145.28373146143252
B,0.13934678100688777,9.467359079819166
B,0.6362784562064379,14.973854208099489
B,0.6313937884533495,80.343314267749
B,0.578190434346111,147.3919231830324
B,0.7782075104318754,51.86920441229574
B,0.4882478844751358,86.0266584339263
B,0.4221910970904439,69.64970200591439
B,0.46278905190767733,118.76872840357862
B,0.6461970552227051,10.609036886450863
B,0.8003874405125737,61.225281354635776
B,0.8949046336555638,58.35158515433927
B,0.7188126150250209,65.37347345321409
B,0.839980051839625,38.22585296833107
B,0.719132179205225,224.57795984456297
B,0.5622621720340955,117.59398516051647
B,0.6698414632848558,68.52347395317008
B,0.30286503183116104,73.0434385758073
B,0.5103003185107684,172.3459929382917
B,0.4416055510084985,34.99836017320454
B,0.11010345911487693,30.908504162293955
B,0.37052062708342764,21.934006048361127
B,0.7420220830047632,181.34807395223103
B,0.6480392841438206,391.60814149384635
B,0.13601002444128407,22.406935775585723
B,0.44811650838343625,53.60972133661632
B,0.9777031687243468,64.44927644530652
B,0.2915324030614836,7.167767383092149
B,0.8742417066846317,412.75674599150653
B,0.6801452310820386,20.23578981432808
B,0.09304139131370054,4.546661876450069
B,0.028919636419794562,1.053536832996621
B,0.7336981960262371,145.3377135151833
B,0.8622180435014221,38.73614832544887
B,0.5692221693929094,132.472340377831
B,0.4587594707201637,52.22193203003565
B,0.5704203824292352,353.05127997742073
B,0.7666152949313793,451.60781681057136
B,0.9011418295798613,58.69044289414325
B,0.461578541557266,131.53459077470023
B,0.5518170767153686,15.260021031668797
B,0.3265559650845619,11.751970738405133
B,0.45711300788132014,57.913889037471755
B,0.22408752902696527,31.407614182084473
B,0.6309496118718451,16.018278161452557
B,0.3308063394882958,52.28672554379972
B,0.4303285385394809,52.184171690022396
B,0.5452402829848403,311.18308996738944
B,0.1117757519423976,4.511111810912231
B,0.5261593364580818,49.09828848884701
B,0.783604579357882,179.48909894899307
B,0.5585433276746219,273.0213912383544
B,0.792667540641178,116.44068368814574
B,0.2895527604494526,52.632399549144175
B,0.19898961290485298,42.44082296432262
B,0.5659673110979612,41.84045286320237
B,0.18252739176332905,11.156743282427705
B,0.70179060320908,61.44583054956728
B,0.562380450894425,33.8943369327135
B,0.8457228703127025,46.129007455326516
B,0.7438701517907128,190.36515758335582
B,0.7008528392852432,24.855276436099917
B,0.7198790402773985,404.330526142252
B,0.26785175300102043,58.9411728467422
B,0.544078289162733,39.31050875840565
B,0.9228440909543091,37.68951862401718
B,0.45430017580302984,75.54436022496952
B,0.4009474105608168,76.65367371623282
B,0.5153987570879893,575.5118921196861
B,0.33548813953056694,585.1057084081878
B,0.3675460864183973,35.84950046062131
B,0.18257828909384727,9.171643540885162
B,0.3288555738312117,8.324338721988342
B,0.6690214226569111,55.364608793753035
B,0.47613393701337847,33.844445538289236
B,0.747158698722761,43.88042873597071
B,0.27464658151437904,45.65233959281006
B,0.17509458212321127,70.64455195967344
B,0.5950269014425649,70.40420522005867
B,0.3732771803277988,45.53418370842461
B,0.48526471341685934,5.22681243667121
B,0.5293810049307647,39.538982599355805
B,0.8990315649886966,84.64773689436629
B,0.7912517597527778,365.83805762237
B,0.3288505716321631,30.68554783771368
B,0.8595419534031105,964.4594318237315
B,0.8548261191495949,47.49510725861259
B,0.10198627047522213,20.38942103605699
B,0.5739802320010247,28.132823466075152
B,0.4479349578639617,7.39873847121081
B,0.05956569726809094,11.218190083824469
B,0.4513367191170483,34.10193657638545
B,0.5281110947185865,31.86280764055595
B,0.40081271146028336,48.79522523527743
B,0.83243164658663,91.15293526082306
B,0.13046969380774315,6.820998231792482
B,0.4719157384848896,52.737261535245985
B,0.21843388474412825,47.15779365115384
B,0.9714191848261424,155.13618893910618
B,0.6803643989493674,129.22291907593367
B,0.20719659880732513,17.629637575960494
B,0.7123742493441152,59.30509387581415
B,0.7399632918008829,67.32562796809532
B,0.31885008710186513,537.8368109393001
B,0.42048023975449433,35.15403939426106
B,0.08428625882306155,18.302836663558576
B,0.5631948320094371,62.463607307476806
B,0.3084841023972585,17.528478400258905
B,0.4522691006120265,61.82630676096951
B,0.2069490421098524,75.66199104112344
B,0.12401619347540194,11.048421363564907
B,0.38607075674466734,58.752756692096476
B,0.8220725171962181,147.3551240397147
B,0.4759942613673337,145.13755273788038
B,0.6067590977924331,18.052132392796036
B,0.5503738564380657,11.426470277764208
B,0.31294551680474464,8.86103556465488
B,0.7115601758107781,475.3550825092671
B,0.39915748579194255,23.64274389721869
B,0.3547518474583388,28.678930216259243
B,0.3003489405912786,46.5393588864487
B,0.25203637361293957,38.592270982546914
B,0.21996037346172143,7.168462140655843
B,0.10789590030864618,3.259821213079123
B,0.7909693692671769,473.75576256927167
B,0.6508413083154128,72.56969862089464
B,0.7373991678601192,145.2934364916619
B,0.29431003279056456,31.418777706507793
B,0.7402038021271883,27.12958853150839
B,0.4139720556222341,318.2473735769096
B,0.8741300696306036,143.08659763044184
B,0.9800536153103764,98.61255475204933
B,0.5959586235153241,94.28100062631425
B,0.05433645100062372,1.3569565845003428
B,0.22173399832111607,136.55936743045413
B,0.29319006702530764,27.366253441229187
B,0.94091302507575,100.83622081275035
B,0.5977675032897584,82.83506757302382
B,0.20927394754934825,24.74633897287625
B,0.3474923772563587,19.12880959012598
B,0.617253351561796,47.890407916920786
B,0.4337086634275443,41.19630883619241
B,0.3984333665164075,39.78694608592494
B,0.6535798543444724,60.08653918344663
B,0.6288219942532479,18.517055782329813
B,0.7483013543290218,147.8212573867188
B,0.17280392009403378,34.03286014505992
B,0.8565921028614718,38.05231614084645
B,0.9807721141214012,10.947304028475372
B,0.08160734142705839,5.59241821248926
B,0.3087552960016322,6.947406767399695
B,0.2985857297438439,29.72966748207938
B,0.5422082928128625,158.56318979500858
B,0.5346223562795058,35.66877875394313
B,0.5704688847530907,14.623666709208663
B,0.6407352179104562,27.18969151714208
B,0.8635528097585132,439.3809178735037
B,0.22223509177981296,29.05379141063866
B,0.34191614602727943,223.37743324522899
B,0.7562129952893497,86.63508117001997
B,0.248509952374262,47.86527723421116
B,0.22084871936947492,27.06624879666128
B,0.693876062261425,125.17350843511605
B,0.6149694000033347,53.16208287939561
B,0.14837418451158896,14.047828112490645
B,0.46550997185018456,26.7945489458508
B,0.5959135350354733,107.42139002698008
B,0.3418535350289608,17.542516241575346
B,0.7461637643807753,144.09395618402652
B,0.4998628294483502,119.0554378010738
B,0.2972651827811784,154.30009722134315
B,0.38436497645531453,22.5351409490369
B,0.1287086278134093,2.0226736354533306
B,0.8870123817722781,79.03705985962155
B,0.5882692657908103,128.39733282102821
B,0.5664161854083637,45.68885956620024
B,0.21883735485669661,40.14584214730567
B,0.3109127291836037,10.624168542554948
B,0.42989472998781075,340.77505843836906
B,0.4396711933095287,178.13600249295573
B,0.23199636161046583,38.06367202131521
B,0.8527666395853689,21.30758141624698
B,0.2380183743001283,3.1711551563014204
B,0.827163127018699,253.40700590620742
B,0.49311015954975357,60.83800551077309
B,0.39964744266117874,146.42048321838595
B,0.615073701745557,38.81451623098412
B,0.4894963561599076,54.44925990475041
B,0.6535103036951175,185.61585122555434
B,0.8240142295450061,50.29893512939183
B,0.10073395006070815,3.892963280198282
B,0.6490749002805526,218.83594991838442
B,0.7513629150588474,53.506636869956736
B,0.4454765263250306,42.82143307011357
B,0.302524631431636,15.651114582985196
B,0.8031386470331725,21.5316048179296
B,0.8452247655871071,562.2174679007376
B,0.2981786793713726,40.967438722503005
B,0.21950610834791295,22.19521440534105
B,0.7185398828568346,261.836105437114
B,0.47093527847465766,101.60873381551397
B,0.06377524782825081,75.77529102653936
B,0.23123439599041667,20.477286323430846
B,0.8555384229419313,251.29564241589438
B,0.1883833798437101,21.546107582160616
B,0.38707940030730753,37.80163222200662
B,0.3438890753058894,11.800504969561057
B,0.17912865873830505,73.76820341334817
B,0.14836389453914486,33.08633593590339
B,0.3572623080670243,54.4199647798742
B,0.6819376985261996,262.79841751187104
B,0.5725679304068232,34.37213910060682
B,0.9206768362570434,132.9343596980657
B,0.30695229648877675,211.4293363458397
B,0.5584281880154668,45.1312123517892
B,0.23891868824194556,17.141314500884857
B,0.7857417565073169,36.942033211423464
B,0.06823675303067613,5.9582801891935695
B,0.6268489504015755,146.58563615546177
B,0.8615233280527402,105.7689511196426
B,0.07266024730218283,131.890959968414
B,0.6025801429559974,131.22807235760985
B,0.4484383228280286,16.612576902524648
B,0.17803119841307263,5.1458110189011
B,0.9448980691058262,117.41085966858033
B,0.6031584129480995,31.38271791301593
B,0.6578725548665815,40.540912407206626
B,0.3693194483263518,56.55901916746974
B,0.7227283336527633,46.538219279668915
B,0.33826555246531065,19.075178984286463
B,0.3041026488602462,1.3145510798931967
B,0.25967040979338213,92.5846368311114
B,0.1957904836913983,7.934258412130325
B,0.7190367429583959,23.361574210459686
B,0.2023847710201679,91.53667033791639
B,0.7610230889907686,112.0892637470649
B,0.770388096684548,181.50681477872104
B,0.09566578560908208,8.388896935895168
B,0.6503134142390923,106.5505133997802
B,0.16797303361273547,23.683970872538268
B,0.7613729656320768,37.39181756570103
B,0.7256718536621926,852.3119655146454
B,0.5125487429549298,30.08559311173494
B,0.3731914029254302,20.09554822430447
B,0.8191673165633927,250.00502186728798
B,0.454856525734596,55.168542504923145
B,0.2301385230372808,65.00301460286717
B,0.15973369590536707,27.92154609607139
B,0.2360829879625406,10.500653789106522
B,0.6101213921195926,92.87280170448628
B,0.45622493755039034,28.662545609308903
B,0.44146312051919945,38.17509814932567
B,0.2193176515329978,1.958701273503765
B,0.5756313248857662,26.784702448135327
B,0.7132871179863255,31.4276466014039
B,0.5233778793278225,211.30417303639624
B,0.4875256643858862,76.49453288857414
B,0.7443821442915073,13.902673589328787
B,0.1681531664911942,15.511627495192277
B,0.9083637620159919,169.09315502964503
B,0.36785881616281363,235.81491507964017
B,0.5192401743250324,316.677429001866
B,0.5124242181212328,38.52633097111382
B,0.5076906547621498,25.677333886409805
B,0.7531874477221278,58.01628623580514
B,0.3558166037834662,25.907802942367336
B,0.43002641613168385,72.87336716476405
B,0.4104202157098793,251.77494538869288
B,0.531808896745635,42.84399461352409
B,0.148392793658502,5.038943745514455
B,0.3264007635142533,35.043870628157784
B,0.14690976423544472,34.220816282146735
B,0.47775908079560736,10.178551312896392
B,0.3494303412275901,336.28455689780844
B,0.39848328390127624,57.64846322982112
B,0.2933105822368327,54.86692092747693
B,0.4840666992639652,33.71491955838334
B,0.5703615564518806,212.33641876741314
B,0.7430509893063979,465.77653038883665
B,0.09358916486404792,24.59961291537083
B,0.46908008783795757,51.766440347430525
B,0.29689126435508845,42.90029626124061
B,0.12999359504868743,11.621789603591038
B,0.6327570030803059,23.247965070120195
B,0.35699197932291,359.73188513909514
B,0.7263078751536477,7.7516821227228245
B,0.1394904983690606,10.992605204228786
B,0.3324012690670441,85.46361412473462
B,0.45678302687079175,36.18302433742304
B,0.48502120745376137,66.86604110068926
B,0.5688666659551115,63.695926041562956
B,0.4989038852793082,116.84714430341242
B,0.6773087568150298,59.75745627020788
B,0.6055038027528589,80.64729295318378
B,0.40560484510274136,14.09562025620214
B,0.15714441839328605,17.90390782676238
B,0.9126586817926666,116.34626652696583
B,0.6589427371453019,358.35431776635505
B,0.8449212649713868,46.14735348950744
B,0.37694368404754003,63.46059429621042
B,0.3398832355561249,26.45220609609749
B,0.027191889832436696,3.726909744681591
B,0.5313670204118006,21.58563457413787
B,0.1936008302336532,45.0887961739479
B,0.7164995500975812,79.931682395384
B,0.6198896799957365,92.04761351661836
B,0.02515256203169193,2.3331770504349
B,0.40626154605987336,71.4899773167362
B,0.5975165942311432,160.0094937225891
B,0.917182716725503,209.54939209102804
B,0.78472827738337,74.98498596839443
B,0.2699760035850843,89.83265892916066
B,0.12970426406397592,7.830916000627038
B,0.3018222018719678,105.6812468812801
B,0.29861417410975316,27.432273525121076
B,0.8552414988799628,35.19934063284518
B,0.8818471004483358,69.26238740634959
B,0.8855860456187783,224.7104759851198
B,0.4835553474757469,42.77913586994856
B,0.7368537635966492,7.798929878398835
B,0.5210266160967348,27.476478302177224
B,0.045197531808806105,52.336543864193054
B,0.6184770983662199,253.52073381736014
B,0.5865491999463178,49.124654708102035
B,0.08119000842704178,14.929596345884878
B,0.8924256985906259,11.791275116869853
B,0.3020646446995136,38.20551739263983
B,0.30107224089644424,10.363783542878743
B,0.9040053746688699,76.99813121130389
B,0.5652368010761878,15.352817015161797
B,0.2442358746414557,65.08557086730556
B,0.13435038661261567,4.9732470737962595
B,0.14831857655481456,3.00392701834904
B,0.3754156487236613,116.07255538251071
B,0.6128275610339774,53.37588720880351
B,0.39282163185377394,109.67340021439915
B,0.2770171643213337,70.23387375408143
B,0.7642788044546558,124.05371191712892
B,0.6594841533631078,28.09970956445988
B,0.7155320184540895,810.3166815178295
B,0.7442417281662558,57.473311784505064
B,0.2485511741510401,164.78295069894068
B,0.8522463060317406,131.53977466972526
B,0.8519078101485521,51.66765784476356
B,0.8124371392735684,236.40700703577645
B,0.2881101588523031,64.95717361931769
B,0.4908778030848845,18.78451646494941
B,0.48390140041327684,351.4977421023425
B,0.10421129448580309,9.678099166723772
B,0.06962494922154046,1.5871062230527617
B,0.7309846675403238,42.484512169304885
B,0.47599406026667956,161.66727463118715
B,0.18701359534481504,8.870877699256855
B,0.37194795364028793,40.50664817252678
B,0.334606185366319,81.16099788504117
B,0.7221050540526571,39.148079223030905
B,0.11889952211377507,25.036529580219
B,0.82050808012141,56.52940743082314
B,0.4999076285205422,45.889411292173584
B,0.37735852676098014,129.62746044247308
B,0.3046773316418198,34.810378318857595
B,0.8528218107413406,120.46106696120115
B,0.32827758524572404,97.29119266527117
B,0.09749773344338238,11.007542126778889
B,0.0735417881617663,17.724324552643367
B,0.6689873343957159,11.311058361801408
B,0.17854090918467255,24.662570978082773
B,0.21075476393816125,7.302705046839671
B,0.6659853028381456,70.21270491131628
B,0.5051656835885987,82.2104049553624
B,0.6853275526223451,1000.0
B,0.4066579135898584,30.65639831662239
B,0.6426167647182545,36.20527790143507
B,0.4529830835268817,46.854717788079284
B,0.480828346182224,106.90645869862585
B,0.7530704996211527,6.78145162492919
B,0.46604342809875526,46.00584933839961
B,0.6519262997840983,52.3869428098967
B,0.21296850325602545,53.28605054997145
B,0.03790559274324618,3.1092552717934976
B,0.10837567611034732,8.084302107922486
B,0.9638065469487221,75.21953089387587
B,0.011455485752414627,1.720890674696139
B,0.5010480476755278,106.17329977626808
B,0.7755857177050366,179.79551580746417
B,0.8623051603608483,84.4028298410648
B,0.6575473791084017,14.152273263713909
B,0.039253561136831906,3.4966905412492
B,0.3847942224788934,102.98413998366827
B,0.2475365311341534,15.630649647482224
B,0.24469953944274184,9.716137121183873
B,0.5781210626003251,232.24507793956437
B,0.7230624013225864,58.16841712432319
B,0.2713148451297401,563.1796753845687
B,0.26439768940646136,115.75889495206033
B,0.2996795276619345,27.344854252809515
B,0.6074538780389303,127.02017381695597
B,0.3708577677310532,21.454147642743724
B,0.4469964382111985,177.91832984190862
B,0.8699467974042633,109.44403906788591
B,0.15118981047993957,10.995323023555807
B,0.2831888957843427,27.8645654899773
B,0.6785697905633126,29.62284019630208
B,0.7693714021681255,22.876092822032838
B,0.7650804977473942,53.507188132996006
B,0.12786643535187264,38.20941348641753
B,0.43352817226359475,93.27316011736485
B,0.4073681980677207,59.05945334302471
B,0.6582658310602139,62.80042569599423
B,0.5080577586185117,64.6445993049626
B,0.01892203985420143,5.187019216825006
B,0.7191748295824555,18.102928530019646
B,0.470388195735825,15.351956335869716
B,0.37350834384722764,75.8354079156512
B,0.054361364550558976,3.1798240589597033
B,0.7410278904394029,49.86037095749585
B,0.35473202859479325,31.94927472801687
B,0.06280157016296327,0.8503768654228985
B,0.6307895220209626,71.9542491461489
B,0.1940505622687201,47.91786163004582
B,0.21862420383345713,51.23233336957441
B,0.7363953227705385,63.92173713109637
B,0.47653317346841617,70.65592939712091
B,0.3319913098039305,93.94600090554943
B,0.342795786781046,45.80028228044285
B,0.31802130579018395,55.34008628090426
B,0.73560399727516,75.74770462901424
B,0.5704977095916254,197.84193957093194
B,0.8285268987778074,684.5534714677509
B,0.7139249012640367,115.05288046696934
B,0.5340530881205519,35.01280762493626
B,0.5303491044066098,26.004026020174486
B,0.3864025339851509,79.81698373026225
B,0.8112923600868782,35.844266918938665
B,0.2939211313329689,75.75021192467082
B,0.3270264475175806,23.035229349616383
B,0.7419388871450647,28.81733726255324
B,0.04341987091489566,2.9994454664966943
B,0.2744691578649342,78.95603614893741
B,0.3396835017277228,158.20700013606688
B,0.3598479907106727,57.12832615025714
B,0.6188555698453679,37.078234040600556
B,0.6225918766256907,198.64675459679188
B,0.45908536664026106,9.196062639156512
B,0.13751604638543,30.56900865504446
B,0.475884999273052,38.76160141597584
B,0.8620801362369079,605.5727317695195
B,0.5922240078281498,107.27625328882839
B,0.10939931628724134,3.8889246895788605
B,0.26267741403629313,9.204758767683115
B,0.3790883569770502,21.006704459850983
B,0.7571321371165302,50.64741937317251
B,0.1602704406360957,75.63704354838605
B,0.5413473389062062,113.58403985704437
B,0.4549418861309557,5.73165466012353
B,0.17405412600537382,21.763400592500492
B,0.16516697473625286,84.41962760176733
B,0.8143556890491009,466.57182044893966
B,0.6434455740000755,23.203307219781173
B,0.6121909487492483,89.17660460929812
B,0.8663657921547454,42.02568760538637
B,0.3817669882508828,64.15679824591703
B,0.2315776093779581,8.488112558935955
B,0.46730062534289485,54.959127942708214
B,0.5754147467355433,95.1085251739015
B,0.6320379504418517,77.4154265943152
B,0.6487147097411367,25.981845274623186
B,0.834674206809445,74.42058274511255
B,0.3512820563388736,35.0054941600657
B,0.44354545957153385,124.13229755081
B,0.4209466617692606,28.888638579406418
B,0.23069696435919626,16.73135331929926
B,0.3554553848733202,20.63805501755049
B,0.6350073156063208,14.615217580919564
B,0.9170817128971017,21.919338036257464
B,0.4840054041208476,24.326163556281866
B,0.6336205826873613,65.72695544206273
B,0.7305570426101258,102.26296497477172
B,0.635356520672647,65.52380688399046
B,0.6270900938828412,81.94013207048908
B,0.4052323834493984,41.216258495735666
B,0.24489868742374873,7.546347892207576
B,0.049191542298663946,32.72321606721725
B,0.3059971921879164,159.12331318033043
B,0.6270135993065524,42.10182910529476
B,0.09417216498870427,25.76188361502648
B,0.07101409326813095,7.3922527815289145
B,0.560744611989127,10.509754938103708
B,0.832624857032162,1000.0
B,0.7989643545443172,43.617344587871884
B,0.8192906456533052,119.0105374981915
B,0.5035690527242488,14.5099937587985
B,0.4645043198168826,221.00635545027393
B,0.7330989278022154,32.937073666467576
B,0.6665002608041666,117.67980325393084
B,0.47478875828668515,35.99286458213041
B,0.3078475608986867,16.79505964528096
B,0.8206045771412684,53.56446813922094
B,0.683435670368741,122.95128487224108
B,0.11566198012818774,3.297188045373371
B,0.20623656883087946,65.90222609496513
B,0.7125344284206557,33.00385670597858
B,0.5200485278065511,242.42318017732345
B,0.5620649092213966,109.75897716314202
B,0.2760605548191295,9.801714251156923
B,0.16166663332276981,5.834689752924956
B,0.5866253109066697,34.659756313148335
B,0.7734630718133929,138.14697512015036
B,0.594172129117283,418.80943034197765
B,0.4558357084700383,82.30315048028869
B,0.6984038267483006,24.307872580086368
B,0.3514700844449721,34.69013583099327
B,0.74084276165412,220.25332075561673
B,0.556903943904011,43.181578534811116
B,0.3228940141226658,121.53219250338408
B,0.7913119735078915,227.27751677263896
B,0.4157568914512396,59.458378096604875
B,0.441882019023266,22.4987145951222
B,0.6028733631489989,202.24616129741364
B,0.2740400080690055,7.663214195366578
B,0.8620665126718803,298.92172574873155
B,0.6275079133033868,626.1186409493857
B,0.6787978274479165,21.242501792981177
B,0.6238217283339135,122.8560705024721
B,0.6275108577101466,608.4416645477397
B,0.6908698858701353,48.96623754284966
B,0.747811772768258,28.495787594204185
B,0.673846589286557,26.071061510863675
B,0.6010879855555353,171.22833022423913
B,0.7787191079854862,191.19648631937207
B,0.07846888763382064,30.067130804701097
B,0.8983262160279258,148.57367357786512
B,0.4301581760313235,31.84109177247136
B,0.20137023529428685,8.516384721577136
B,0.9190831738997703,112.78141084251993
B,0.8427753891166684,108.75830227654488
B,0.4077896798620064,51.05846279014623
B,0.8535638574325553,74.6627658903891
B,0.576382650492066,50.51741023829044
B,0.35806971364512885,28.8513237403791
B,0.5516068640111583,21.017796796860523
B,0.8307145273914712,323.5547451166949
B,0.6502328723609139,106.21989292273702
B,0.1759321693608369,1.6613017423272856
B,0.38419390717153157,118.9217200940106
B,0.8216613380644264,17.821596765306165
B,0.15137318714891143,13.23496149665132
B,0.3796164860982234,15.517671425996271
B,0.19140206567237245,39.048400993902554
B,0.3368819444680147,20.002855875975776
B,0.1990298934117554,262.75432050838833
B,0.2795795998730582,36.453984898266775
B,0.726814755053857,410.6036269983103
B,0.8211942926059621,60.39578460086988
B,0.4600739204646199,97.99447492209218
B,0.893751273195962,33.68354130665786
B,0.48902011708187293,169.44769272660727
B,0.49225402307801913,56.148211796354474
B,0.970490119896189,130.45829127238542
B,0.16248519828863217,33.297328772234664
B,0.6952088909551508,1000.0
B,0.17007930680917535,68.65028446041998
B,0.6842305110068501,399.9134860036763
B,0.5453020660432788,35.51338470378973
B,0.41468385950106185,22.099110536646187
B,0.22794114427786896,57.51280302643561
B,0.6054485391518122,21.447714743616817
B,0.698871465254092,138.79233779586244
B,0.246003790947699,4.37772529070695
B,0.4212771823977623,78.35393948357151
B,0.4610609192496126,161.51923444553418
B,0.18257605946591002,40.5653395465229
B,0.3803668409336231,71.25426586785976
B,0.036548823961983924,9.862160619080383
B,0.15444194997804903,30.914539715823476
B,0.7943569307214157,51.6762363724834
B,0.5083277412518378,18.350162173554573
B,0.18388966030176038,20.345127661025813
B,0.7513979917128617,80.07463214461814
B,0.6126663060105918,180.02683803448798
B,0.3814487735410904,43.89694327365611
B,0.3895092667931013,5.489234259041521
B,0.8387242354716682,331.06044634500387
B,0.7108909724178559,265.2376596491534
B,0.17472691938565085,7.324621845238809
B,0.47993491644240155,83.79371062803285
B,0.676163013180266,183.4441049019395
B,0.4631145199831691,14.854555184167053
B,0.8838329574751211,48.304752087639116
B,0.4181488343304409,100.23503973988639
B,0.6826294798261038,54.151466363778674
B,0.6880072233878637,46.06744821841002
B,0.6343696674646989,118.69089993199823
B,0.3027022541828856,18.416406930737615
B,0.5486517182390717,73.2285976381847
B,0.8296261252032989,405.6909466097215
B,0.8365407235740752,67.9387713817399
B,0.11799331277208328,7.965971860432637
B,0.830944370048206,75.39024734385545
B,0.7417680346386194,108.76655316271007
B,0.3486363389864036,12.827466366895631
B,0.39895083007274396,120.84700081791001
B,0.2355209683977268,8.15074628028767
B,0.27341251794818455,12.596679089351197
B,0.21840813937557924,48.73255893898232
B,0.7097278403841308,9.134168154762568
B,0.3540967547582431,49.17287403900524
B,0.6418334551526155,728.1350284971982
B,0.18642744057100027,22.816049475387597
B,0.03394519796887856,14.612108195991071
B,0.37537175677822365,17.785204916645224
B,0.25182489524614715,36.718554008485604
B,0.248362615303999,47.487243353236146
B,0.648250759287223,312.4478351994234
B,0.6609618579714632,52.44054483248858
B,0.283486449629533,15.070992382486937
B,0.7083574177829997,210.92016603362927
B,0.5928373601357447,24.888010905619865
B,0.31539184004585424,11.063103785710696
B,0.39061831086663523,55.188630248560706
B,0.573743422369803,94.2588976861901
B,0.49235085486311597,95.55875192671655
B,0.7251513765951516,198.62733624482684
B,0.7994040928726044,37.760381854107465
B,0.34526136320511014,80.57148554265645
B,0.3536796556677941,22.018563012509087
B,0.3750949993251848,14.054390527441665
B,0.27501484667138726,14.806032712569596
B,0.20367912904886934,26.583219514850803
B,0.38063316544969306,40.60588094723581
B,0.8053951094467786,396.0422041494376
B,0.6861455700113773,45.74487929509391
B,0.22039508415417214,19.53944052815442
B,0.14298237969351799,14.127252626639706
B,0.8035478659185099,272.048170369689
B,0.34284456916761824,107.53255774074523
B,0.48245061251840055,97.74789718219095
B,0.1933484501670735,5.622078522946047
B,0.2725497628862207,58.0332376331187
B,0.17988310276147598,25.84120774497083
B,0.3517197538287161,47.11846592980711
B,0.7122432528314309,101.01903295072069
B,0.6515485020431461,186.25914776694057
B,0.3051123194199125,22.484627241831035
B,0.725923508724003,41.58514150138584
B,0.622065390614216,60.62033122250574
B,0.881950696165552,28.97514159043721
B,0.7725369632206474,284.48993256749435
B,0.31515038551629004,28.556605303150743
B,0.5412652046690152,11.555215106992112
B,0.4433485765620688,71.3674898738916
B,0.22480602557398935,42.65477470822376
B,0.6318028288950713,13.476921986244554
B,0.6834574070930441,30.273838595154423
B,0.30588479786446865,21.466232092075767
B,0.8050245243491888,39.081761731376
B,0.8114781943184578,114.74458051787805
B,0.40426306935326706,142.40153387668204
B,0.26958459834487747,41.89639374885415
B,0.8469634491013187,98.08242985746843
B,0.7938158703951328,168.0935114292989
B,0.3316626878763913,9.390247606459285
B,0.640551166802185,117.92131760261577
B,0.432958044600862,48.7369340372418
B,0.886406566297628,47.32475492721027
B,0.4718458449696615,85.85753186509282
B,0.9713561910419732,203.06203234386393
B,0.21693773370791966,51.43758711634119
B,0.7473365096275748,200.42154167584033
B,0.7688045037873685,39.25219384583187
B,0.6136696812575437,92.33344458669646
B,0.48683720429095373,83.66427443659931
B,0.38157300297735214,61.90102857395094
B,0.23279854200716787,18.653924208592763
B,0.5969348393364099,43.45807941819353
B,0.7583049618213441,91.26929507929816
B,0.10555954076799838,29.58139920767595
B,0.44172438531001945,20.71211594422693
B,0.7016567652030624,80.86217383797597
B,0.42366284111129343,5.347264050276513
B,0.17538762823087656,137.93568219199742
B,0.2764476174290499,10.654662341510342
B,0.4106359887444094,18.832731960417714
B,0.48679568311166227,10.365200836256104
B,0.766555691641879,136.65052379196706
B,0.5264813754684597,59.5221774292168
B,0.02426414751291998,2.9434634789627
B,0.3010062825864858,29.12018454095341
B,0.7366902079065867,45.899442797221774
B,0.37144554567081756,39.00038796867166
B,0.5674304972946723,22.364801454809964
B,0.3362790331979209,37.634190565679596
B,0.5494642056583735,652.8309428203671
B,0.5032014657883156,105.9099963655388
B,0.18681763847656205,5.534425758670869
B,0.4945196918542711,113.66563312235387
B,0.6723081732698357,182.7430988041255
B,0.38713442610471793,36.73655859933108
B,0.7325878146744279,33.86575324028626
B,0.5417947169585271,176.76568523712487
B,0.27101439742321193,40.1895934004026
B,0.5315379931534489,566.391994014513
B,0.6283311880151847,23.627656577813276
B,0.15618733309307842,78.09527593956017
B,0.76545694711075,41.85466920683918
B,0.16759610207427278,17.03186374321338
B,0.8324856917490079,516.3439076274528
B,0.36916266353622523,22.486394728945243
B,0.7756434591741292,775.6492502450816
B,0.3198226322320835,48.880284542049914
B,0.8107903825261991,87.42718613086419
B,0.43794073847053383,429.06569765398103
B,0.9036361602967555,153.19356851430788
B,0.7136259519061048,66.78488334455696
B,0.31541529437646526,10.398925091813938
B,0.46968629102173354,11.594016333794146
B,0.705463582272638,93.58234958068336
B,0.9524152437284775,51.439525497453005
B,0.46027016709933405,36.838063298683814
B,0.428883152314635,54.49606727975727
B,0.49126949476025855,21.90018186389024
B,0.5332595775667145,54.414891938677286
B,0.3823503949849715,255.38359185471006
B,0.7825840489968175,137.53800367588073
B,0.4170000737281211,382.72676756480047
B,0.6555673898226481,46.57543842892085
B,0.702934051131496,126.59993990420644
B,0.5634818658526667,20.479957469692142
B,0.5596105300315287,994.5560852565067
B,0.5658321911320836,59.73859979747761
B,0.7354330930577639,86.6507111879414
B,0.6830922649232504,61.90158762020755
B,0.34076007686677606,39.50740967591442
B,0.2835462221372376,15.153191301923165
B,0.7724221841052268,25.92718812249801
B,0.14339580709599026,245.78132722422546
B,0.3199281379231296,19.345627135594462
B,0.5742103100180287,379.46704222420016
B,0.7277504700106918,33.544557568569765
B,0.5346376869816142,42.67261192008204
B,0.15634303216078582,13.129971507247115
B,0.7487526446695555,116.39686206998361
B,0.7560678022821752,25.555089088151
B,0.11358980233225174,16.264278357274026
B,0.2976753606192165,67.71480298798213
B,0.3328480114577744,16.11004556901504
B,0.37554177794546945,24.892398780111098
B,0.28966673533975495,130.87365314322884
B,0.2700596044407978,39.52460973161126
B,0.44051089541467453,23.890196951432497
B,0.8285552107201357,85.61809086225652
B,0.5244330301024516,27.46375300015335
B,0.4990100765672944,164.02845369273467
B,0.7657193664951121,369.5977902105307
B,0.7577272670898132,40.6187448621209
B,0.42541621609731095,36.59659620819423
B,0.6599451063644389,93.5522205213333
B,0.3481480486489082,58.70412124175612
B,0.5544304742677597,14.586150863140361
B,0.43245981776676773,22.33100254701053
B,0.6116486155051446,30.827713430884486
B,0.07866831424983159,6.653639848104772
B,0.6877732207479762,18.541329282071437
B,0.8280587538848194,196.7211723295901
B,0.03854114111159772,0.9093615032876962
B,0.732246359548754,162.6158370155158
B,0.17640765578012255,24.805721680976813
B,0.3078932212354644,49.33267860117268
B,0.5374932279547081,14.452919753787466
B,0.6263391549528138,44.274472166400415
B,0.642686775816041,151.33518455700985
B,0.7285995111304119,79.00213204064042
B,0.6040315023526667,54.18425671088823
B,0.5218056138028165,326.6471030433601
B,0.7278356674395755,114.08798785678009
B,0.8537538352146997,284.1711926048888
B,0.71364842737185,220.51812689315486
B,0.5034887953298024,28.165223600953368
B,0.14600489431170352,29.704917643499915
B,0.6622968387269836,151.956179242004
B,0.10359763320829002,6.731523594763265
B,0.4185358123096061,195.04911209651533
B,0.6143347652853045,37.603975987947656
B,0.5556871820448057,8.8111000556735
B,0.09069691575325023,14.313121144834135
B,0.772652703965955,132.13223017057214
B,0.17284871386170403,23.31394885535733
B,0.5486029458857099,121.9107165532461
B,0.6935979496715377,53.20757077806097
B,0.8109195573662094,114.04634729344212
B,0.5234725707257704,83.89086914716641
B,0.5210004161592288,263.3623162224326
B,0.6681280300195576,94.6326121460885
B,0.31390712309094926,12.771688238959992
B,0.6004793488829212,48.249702803469795
B,0.44492610018250484,67.21495660070427
B,0.19782991609674935,51.73982283662676
B,0.5847790857855698,73.3499351871742
B,0.3792372832185259,8.304218243886705
B,0.9634486859942432,333.6375022332067
B,0.13795964541904013,3.801507361371868
B,0.6098640557576147,50.68178893852305
B,0.7114335606328429,12.808972803522037
B,0.5589812058193615,112.36558947447993
B,0.5490717305256676,196.06373871439462
B,0.5526789485627844,55.24650998126927
B,0.5976173489969911,113.75457479804629
B,0.3953763143642605,20.94189540449006
B,0.8024098793377932,80.98485500358909
B,0.7344830670473327,45.21269821534445
B,0.6856227665738771,135.3932370736823
B,0.08673137176032882,2.1937185053116424
B,0.8772074646150969,39.328991636361934
B,0.8627436519053922,148.42549206019902
B,0.3683096832821766,32.497770308228006
B,0.6090612658700671,85.66385705874946
B,0.33867582574804617,159.07545396149473
B,0.26609490780623346,22.497910065353913
B,0.7952552449212529,139.98039851515657
B,0.770096706207247,87.9429015140903
B,0.875898884113516,112.6052350840391
B,0.4333832443880496,22.57399961148368
B,0.3064972145698217,42.56854060258938
B,0.40107250065748457,23.847713153835077
B,0.9094023989231641,135.21170260454716
B,0.4369589169234025,9.561755376821347
B,0.8971199906119035,21.567093907166996
B,0.32179709532834505,67.96188961145191
B,0.40525546567397214,41.90905232625293
B,0.38506402011838575,95.98422374375296
B,0.33679318412865555,20.237904997015534
B,0.8056372757084536,44.60984089666156
B,0.6745047954232788,245.74338721590513
B,0.22567958430541238,7.532439609087357
B,0.7528697062348993,195.7097201934738
B,0.5420220191548664,20.852307262680814
B,0.3282446577698914,13.120563810135558
B,0.4562929822835354,23.337424357709548
B,0.9093823842852347,100.18996574362382
B,0.16767953604618188,10.634632226523047
B,0.7567334824010006,289.13818015522804
B,0.560912282596984,26.380009324996568
B,0.6235701330023342,131.63724683153268
B,0.37587993061093544,21.431667775553855
B,0.7597683484347749,372.10990045814896
B,0.21537648444434723,35.63748676608957
B,0.46879537015792505,83.49864906693382
B,0.47753594853710885,102.24946011718829
B,0.689812272487208,86.7398852514934
B,0.14706185945876754,20.123768504704717
B,0.4860051412012625,109.97155716455104
B,0.8424013830694174,149.62285270953984
B,0.05781496132037498,88.81031845659176
B,0.34937913327750836,68.10962241389049
B,0.4910299656566902,41.93509922974401
B,0.5730604194045165,32.353368577042936
B,0.26544678091322843,65.41913823520633
B,0.21314509446518448,65.27272743805776
B,0.6145317005643288,151.85068147971
B,0.4341404639565571,59.63911618937146
B,0.3519684846593642,31.686455410734432
B,0.6209219358750138,171.9389498628448
B,0.3971665749383042,76.1242110162467
B,0.6780346720964671,62.22566378129647
B,0.9166160267095368,998.7194419377546
B,0.4260567472878695,64.50165221196711
B,0.2344265816298903,18.07077612721651
B,0.4848938073296342,36.30939397333501
B,0.7300420168157224,246.10475722252392
B,0.7880445340696639,67.62073820350957
B,0.3344604863089008,12.992817163111585
B,0.3519311984456141,54.998687638643716
B,0.4636676264654066,36.55898717203065
B,0.6891635067161827,43.27672015300319
B,0.8402764223048086,61.9676408991327
B,0.29563572294672275,43.2728777292409
B,0.8945245501222538,85.02437775341923
B,0.07817451968842984,21.47461153316223
B,0.687710430315389,26.34104473167537
B,0.27875855520001497,29.473815742102996
B,0.18969974070723866,24.384001945508068
B,0.06290752876971198,9.793847969666128
B,0.36295113686846037,18.731585632296206
B,0.0930111775940367,16.567212257881792
B,0.49686477123680184,399.40429448640407
B,0.5603284273247422,156.37905266174388
B,0.6147593399746748,79.73613726342997
B,0.8046752136998764,89.81812719331003
B,0.7532473038301334,15.006916655111159
B,0.07972745635838623,1.9084356824202975
B,0.7178697177277817,31.504741921652034
B,0.1265796996412161,7.902353917961229
B,0.7835162143318777,35.64299752006274
B,0.6494815442231682,70.0914145872192
B,0.31255829912104915,38.98857449087139
B,0.022734887253659717,3.003369393188527
B,0.2460939685951893,17.56364296018649
B,0.7785347198925928,23.99716879505258
B,0.8555789651673652,13.54748466114696
B,0.6679226120469354,237.37116331664794
B,0.7138075299652651,311.7138571666172
B,0.565979704222031,16.68585375849231
B,0.39499531373617225,43.9707278385897
B,0.7259591323511374,45.419943515035484
B,0.4032429954680991,12.342772054652087
B,0.18222159933744161,19.48653062600222
B,0.44016263727513666,45.49547853127285
B,0.22112405984142616,20.093331775198905
B,0.7917871763490578,270.4438609810141
B,0.6119205758777623,97.72336178762103
B,0.515281702899263,95.12771994627356
B,0.4453033504853886,17.10320325971382
B,0.41097984175483615,13.539125276220313
B,0.7051472307585279,144.87747771650172
B,0.5543712001921589,123.5336147980546
B,0.5304550826954367,28.887625362003366
B,0.9333318126697241,173.48626907457438
B,0.44858521385543915,144.28998631496282
B,0.2934356520792795,27.348709924489594
B,0.24320665595839538,54.59911478376523
B,0.5803062060659229,55.059174790746326
B,0.3472970230392548,23.339807111206717
B,0.1565341596705929,14.581885834414072
B,0.9608315170091831,59.65645111669774
B,0.2757510165271267,22.68897735923772
B,0.6165438197473259,253.62391864478403
B,0.027532962837046638,2.829667273376159
B,0.515635908624702,20.884809191906154
B,0.13037852539716627,22.1679528898332
B,0.27575774377306117,34.035093658151204
B,0.6955576708065098,131.81825975279247
B,0.06728264798833662,3.7468822902088617
B,0.5236349964728467,112.72317782651241
B,0.07251243418350013,9.049638752647635
B,0.6205292089619093,53.14208605542545
B,0.28482642374060513,48.915835971256556
B,0.48881475296598065,16.799354896897018
B,0.8689308997249523,205.75004740065074
B,0.7881268920207422,53.40691479163086
B,0.36708979285189314,28.92557658860685
B,0.33337103136955926,23.196404921497063
B,0.46535889635964056,55.05208672088898
B,0.18950569314944635,33.036045285775856
B,0.42815890745569357,467.82406290338025
B,0.5835921792935295,36.78345525716105
B,0.8692368785406724,23.344727074561224
B,0.8539781755809971,581.9808446588547
B,0.12356557819191401,27.2220518349138
B,0.33660423569706893,42.93757587169538
B,0.755627803928672,642.2843861465471
B,0.4627641644614353,49.30003207902165
B,0.7134152520001047,33.372052501800965
B,0.1261101850694274,25.22767177701954
B,0.4343046180156094,105.8002460931846
B,0.21637518163003638,31.26353748632212
B,0.3007995885704083,21.74895850006184
B,0.13543870086148566,6.404001578522223
B,0.5645296889657445,483.58836721785684
B,0.48831280321619897,33.93167278846901
B,0.6780336094929721,55.52997248269681
B,0.891989713827336,106.58675058434868
B,0.11591964995448147,1.9491746057356527
B,0.15435301395163914,21.69702181744961
B,0.24340830672239988,46.022769095595805
B,0.8164026851421452,56.472068631102665
B,0.29665511837042363,48.56362467201586
B,0.6452021286664872,47.500309339172624
B,0.47349685117331874,34.1105835205565
B,0.3564460442057611,109.38159472435818
B,0.23591648929754513,54.395045737737576
B,0.3684131798155394,56.76814209558561
B,0.060379295006830265,5.195587239939776
B,0.3950932679212217,20.7534393523159
B,0.2896707740195428,101.76258689310647
B,0.7043180660494573,233.72209579985983
B,0.8074634016438031,16.97475739580007
B,0.8423091177060595,87.14828820600182
B,0.6745534709610773,14.604861590858006
B,0.09053510742977727,41.789315653458765
B,0.27844116051397544,23.58432998860581
B,0.5580805044762053,67.8271923311651
B,0.6340599751765642,152.61733599375148
B,0.3983639559868449,181.5690238909006
B,0.6689424164223228,55.75799902602187
B,0.3559332286373745,18.918985236617466
B,0.4351290671752936,61.55447272090183
B,0.49162646530886667,65.24599344839436
B,0.14811428161009552,26.194852445656544
B,0.23869240265560754,98.88243202289773
B,0.6387975120716357,25.995511008322886
B,0.48416584271164237,32.19877620261238
B,0.7877640260945599,82.97072868334092
B,0.20474923596783243,39.31777713606991
B,0.16033552633042034,28.84301645459906
B,0.09552778988595549,18.343317295783503
B,0.23763447209515848,22.692040543034256
B,0.18551739818694468,7.917303646802791
B,0.8161713708384911,31.75249041588701
B,0.7237487426872534,68.04859204940033
B,0.8280740518804709,68.42694605755413
B,0.7496369031333248,197.43909602179363
B,0.2980268311983466,15.327356610956349
B,0.2849034682346325,51.412410100562155
B,0.22128604286573192,57.5499908263201
B,0.6041996211156052,234.42632110072614
B,0.10946896775317345,10.076703644113262
B,0.25295742137357624,17.439877737372637
B,0.3829041202067007,51.56820024930077
B,0.32207711541498013,137.43568994239672
B,0.19711942019002532,28.047008111896464
B,0.5396661047172198,3.6336303986646925
B,0.6274392402716791,59.155574080452496
B,0.7482978492623142,14.990450760723176
B,0.6507145065771481,106.27206881345401
B,0.21702227814228475,30.658268196632093
B,0.6908813733889547,392.0477905609186
B,0.2718451581556177,48.191673899382735
B,0.3894684097108527,20.033161680140324
B,0.4496073811925324,40.93215916355143
B,0.5215815150283035,238.6998406454166
B,0.40476325252224177,3.716285327366989
B,0.2726095725362375,6.694503367210536
B,0.7305585466642612,226.35865351301328
B,0.6772927288254332,373.44121705404893
B,0.46527658415064443,36.01536801705851
B,0.33314054142511335,36.15573404914723
B,0.43122664436618435,21.427438786421586
B,0.8906208063915456,28.917290393790253
B,0.2521717363534393,29.66916617807214
B,0.48914945096712054,73.07838019997438
B,0.2221402043447369,9.220370643029954
B,0.7146334657461066,42.92910183399766
B,0.22582720921183064,42.52294058113004
B,0.3941657122914871,18.91909699476904
B,0.4486366771949596,74.12593040957456
B,0.14252840031969802,5.1094905975779445
B,0.5830210801006498,90.95115743905805
B,0.8711209948389079,591.549145920082
B,0.440068395966286,42.87135721154114
B,0.41615328259534995,17.44581890012594
B,0.6425445511435509,155.16656128709542
B,0.3677487340036586,74.60565144392157
B,0.5722427970690495,136.50509156578843
B,0.5181543499686893,499.2849023070988
B,0.4591786536180137,92.52434605710961
B,0.33781540326109366,30.557545609851815
B,0.7172012927695758,60.79598795696688
B,0.6727101849644644,65.32690449037304
B,0.06969503828762091,16.00270710909027
B,0.5304173211875326,147.58511539684392
B,0.3830080794430081,44.81223399895342
B,0.18561868398274564,19.793006510868285
B,0.818082919445826,48.42164514894254
B,0.2781403433342127,119.6539195928652
B,0.8671577554479706,83.54629805410339
B,0.8398847044942911,77.21459157232486
B,0.35987256856879013,60.115771469960876
B,0.6472838773959537,130.6420824252713
B,0.29174159105115105,33.13371574585682
B,0.8726085778043537,276.1117398095937
B,0.25565269989219624,70.0196799901215
B,0.5971988727777505,247.3757811254552
B,0.3392485797663812,156.85353891236431
B,0.7322345579032102,375.89114827057864
B,0.6498326798017249,33.50786844314816
B,0.5171469796649935,68.13233331293033
B,0.13787415463231226,13.611465807455824
B,0.1375997638983113,8.802788384144483
B,0.2731730979135225,63.31458658458923
B,0.2048722993713185,153.61471197624425
B,0.8086375670936852,25.54187854720254
B,0.5784450989293723,189.6015009437983
B,0.07696040317533905,2.1502403236339758
B,0.10208132959338968,15.120394713032294
B,0.709147101084997,278.9926321651044
B,0.36581410852192303,266.7436149085648
B,0.7952149289289668,52.027330870254914
B,0.377813909760923,82.69956808696072
B,0.8913055041867146,71.49503248075511
B,0.5559866632893643,25.972974455212682
B,0.7759763694174823,617.6235711059014
B,0.17700343037029145,37.38193534350761
B,0.9316774051105937,140.64054347317375
B,0.0958279987367158,3.4351456310893864
B,0.17113704210878783,12.975299935063287
B,0.3904070853000113,126.31245313644133
B,0.6091989546366248,59.78713892865022
B,0.5608153469357782,41.52377302578041
B,0.7523609274335419,60.269153971303126
B,0.5871295125875007,12.488447611793394
B,0.8540712752263372,1000.0
B,0.806766654858272,39.84746312071244
B,0.1435034509836048,10.146471259476753
B,0.05841375442383133,20.22547145500978
B,0.4049234222325159,74.16962107050071
B,0.632901452515388,14.01343719064957
B,0.7105789546334594,101.0397950769238
B,0.20032437913521114,8.889413684750567
B,0.2849343048030983,40.95368034036662
B,0.5341763637942165,162.0123097885333
B,0.5014425521330084,85.65829146507166
B,0.2997250367930464,204.10140083746194
B,0.2972013867559392,67.59537167558939
B,0.19747747274635144,46.00645398270126
B,0.19805538590592225,48.450728731906686
B,0.09250868797015774,60.93696015961378
B,0.9084572449346184,278.40245038117394
B,0.7584925882314373,219.70375192306278
B,0.23454418639964664,14.880867248057566
B,0.37829410729862234,11.789311204144637
B,0.6270820513310054,17.61800265581623
B,0.5627310693902885,24.244332184438104
B,0.3116884542940076,16.245085629597554
B,0.29430893498597643,15.091124218536534
B,0.3821222170578332,19.95978367973421
B,0.7237155123297513,131.39877477256522
B,0.22945567681475862,9.436251816925708
B,0.46177786684243144,45.41855680452955
B,0.5098332410879898,241.54475542897373
B,0.12462608652800117,8.286058449655144
B,0.16897414145242265,6.270303196628757
B,0.199690739693381,39.44440955414624
B,0.8966361995817318,32.64947843714168
B,0.7876383154641781,56.946809477797345
B,0.3835794434917869,91.20760353448777
B,0.5051433384419671,6.467388298573565
B,0.22200516726845196,1.8597609932421262
B,0.4189103596950919,33.53124981356481
B,0.6373056268613693,56.56135378871362
B,0.6926218850820858,174.17847972897977
B,0.752984612691912,247.26977438714945
B,0.2920025517340062,46.58399606328916
B,0.8259152895790471,217.45557616503615
B,0.5437498548401181,62.15167956485052
B,0.49551124438319427,215.73713269003795
B,0.713802022400737,5.635402225084806
B,0.5416818175961544,22.13176502721082
B,0.8456686681820311,129.9459689087005
B,0.43173346698808684,146.66698080301003
B,0.5305652724700255,50.37958761449518
B,0.6275568322772208,65.731509986548
B,0.8584194655050096,154.06081333812614
B,0.321374920562279,16.479503050151965
B,0.27687320764729934,59.25381681496052
B,0.24738302612257837,40.92465058220071
B,0.22819682260502883,121.77198314196008
B,0.45625350440086687,49.50325787805207
B,0.24935553183533904,9.331710858737555
B,0.5832620293701548,140.7702497752194
B,0.27934488521352513,44.83875424952582
B,0.9230207263618483,213.15389669735907
B,0.5835742579377475,315.0559597174105
B,0.3907470249315667,15.13668137125765
B,0.32113551341462937,34.23685065321194
B,0.11338995964646842,2.5980983303394396
B,0.6080755055118657,76.56638769380321
B,0.3655573426856009,58.84379364819186
B,0.7609461638157579,91.63694234319865
B,0.7109375155418046,79.82722178261224
B,0.3716176412395012,61.50074253224749
B,0.8521703851682216,25.46854719209048
B,0.713206791922665,56.44457346872817
B,0.15810094976909383,4.7678854285112395
B,0.5597280756674995,40.11428475345495
B,0.29724976410078724,11.433698167103971
B,0.647946493554763,326.26385399490437
B,0.3030803158302143,219.7728410374674
B,0.3663378248446117,24.33040206473737
B,0.34468062521557413,86.15966294643165
B,0.7197669221899909,152.0114486769625
B,0.20901088293313128,8.863929980917893
B,0.7121174418544878,23.109708620575663
B,0.8007867119442927,89.7098926026087
B,0.8708592614492022,117.71553503592119
B,0.30873298266484467,40.22513446316346
B,0.7008001726450191,18.759670920996147
B,0.6373988259294253,59.15894629670759
B,0.8124891546132684,143.54258790754474
B,0.5307915404079142,35.18114403590089
B,0.8018786309033179,49.93360641411337
B,0.296784236991879,42.91677941200669
B,0.18346818380085234,47.88151331940857
B,0.35592992347959396,226.58134740833816
B,0.43972178395545797,60.62893860484472
B,0.13132502809993815,25.33180209347537
B,0.9688345441547909,235.19459518166346
B,0.6412850372351854,40.270177256215504
B,0.5622846007839374,56.69153839767517
B,0.474908902647429,21.45299859376008
B,0.23236640287234744,38.19830322481467
B,0.7630603985585316,80.66048061403045
B,0.1941246671534881,8.296051564336041
B,0.8538908506558235,214.16071149324375
B,0.09932512711750119,6.794340724594866
B,0.29384660256951445,68.14331003208467
B,0.46730379656097876,61.9131609776175
B,0.26585375329797584,10.672391341618692
B,0.9566514274805514,103.66827774457346
B,0.5573223829744737,155.81568796464254
B,0.09949096242390784,19.467109276839984
B,0.7638311021799886,53.642489941950906
B,0.4003818478694621,11.927225180189561
B,0.20391305194124545,73.71017112677436
B,0.07977243164764214,24.125499131260195
B,0.9405083381805868,648.7899707112479
B,0.7501065398767978,138.82098979286093
B,0.7094278699292048,97.0158339179904
B,0.08619700075862677,8.56455166093583
B,0.7331958783790865,55.344409640957
B,0.31508883141714983,58.98504020518107
B,0.36226117755070697,69.76817073071153
B,0.876615567322379,206.91754643377604
B,0.4005211463698305,36.48335196546981
B,0.2529418519729839,66.08667358230171
B,0.4585288015224938,81.42562764495322
B,0.3356262498633631,50.79315317646042
B,0.4011457464034748,137.86142701700732
B,0.40432354237296414,7.865803045707721
B,0.23455851657398794,155.57195853051792
B,0.6321880560835379,123.9332225872111
B,0.602535706997513,92.1396928592134
B,0.3701043745656802,44.65804576121084
B,0.25279247734882987,41.69000060957765
B,0.3938943465377431,77.11874832138245
B,0.8837368753703141,193.77827246953655
B,0.4548002301135505,42.74110508038698
B,0.915455093371608,454.52782762297056
B,0.1641838904592263,184.14492364813574
B,0.19992693561090927,23.767242406420994
B,0.5785292648003567,24.011734542194517
B,0.6851665986119395,166.10024263242377
B,0.7653468687270204,80.26190100052615
B,0.6322507486606707,32.6698611863278
B,0.7103443781473635,103.5150205686106
B,0.5809236389679442,5.194705472189839
B,0.8953997444964675,8.475384881218874
B,0.37828794104089597,6.7132725531790545
B,0.838758416007792,153.1883512349809
B,0.44590739915316574,18.813005374481932
B,0.5091021610216451,14.295466964638324
B,0.8931488603682436,12.38369066145516
B,0.4958779674081625,70.19856554971963
B,0.28107017860807654,196.46625322354987
B,0.2952238578164813,180.47408645907396
B,0.7039441715605951,15.713001736972732
B,0.48543761693502663,10.108863093364628
B,0.5511913589850419,265.2275051772105
B,0.5623368436339655,184.08763662317202
B,0.8106876596780194,27.11742272636166
B,0.5599606166846104,16.406229563965876
B,0.7850512915870088,14.07272711327791
B,0.8790310460528711,44.836489539446156
B,0.5783474412049961,5.875372965321762
B,0.2642409324313047,24.42406766134661
B,0.24461720928537484,222.29866908908718
B,0.5843538985586182,40.87806181846136
B,0.10706721345794845,10.091307795788769
B,0.5498474590611434,35.51047599695634
B,0.20933932222890395,16.072732459877855
B,0.6060813441063743,164.7695470665279
B,0.7466927862293488,39.350880956143264
B,0.40101395999600165,15.108866686679704
B,0.11724666451152292,21.032435185518903
B,0.29099241169823675,45.0452954863254
B,0.6201116205301522,27.53175097757705
B,0.7744141218258744,66.27603199182369
B,0.6200803479011482,18.02403160173387
B,0.3742595795248448,21.079870517261458
B,0.6297447287599701,87.7177127933276
B,0.050867816407994745,11.083228265972446
B,0.30086866596994627,81.60462460157271
B,0.0776462930328242,4.417730438680696
B,0.8596142909007015,380.3008613237659
B,0.3575882088387601,17.010984100235902
B,0.17243958272300505,20.912432354726697
B,0.8195940456999626,120.94325533096257
B,0.8290616788966017,170.0710567869017
B,0.3349745953659521,52.80317342983914
B,0.5295850089129696,70.64556929315042
B,0.15111374717461923,1.235800527087398
B,0.6947601310298497,117.98887712410212
B,0.8415711939858862,91.28481151718866
B,0.8561624148450283,143.0575430428026
B,0.5403865328887358,247.30120140411606
B,0.36991100254739245,176.27242091850155
B,0.17598726010327986,10.976795876871131
B,0.5698279099754605,130.82855905543497
B,0.8260742671362968,322.29342446552147
B,0.5007487013122845,101.93006822753506
B,0.5508996290002746,1000.0
B,0.6473385077381084,64.67275011320554
B,0.5339814202746028,23.775537829680406
B,0.6434500003184348,245.20903084548976
B,0.6369192701697476,71.50197793123803
B,0.8248505925715789,48.55494520286613
B,0.7836366774073166,168.62002620598557
B,0.2687029637305981,81.47417031728575
B,0.27909197143514763,20.494045149506366
B,0.5843556757836975,148.3689877528701
B,0.5312443128390689,18.913871586310826
B,0.42088095406936366,11.868829994780691
B,0.5711848522460375,808.7663584474348
B,0.08377875595527216,5.314856168016735
B,0.8784899148173304,156.0815336140942
B,0.7824448610139242,61.97719296056341
B,0.4063030066718047,24.314202515403693
B,0.18099630099651617,44.75322600570149
B,0.4431679028726118,42.847738926771086
B,0.43212318355551677,37.703530553302784
B,0.678234674235709,102.82316509882408
B,0.9608630028776534,19.708793960303808
B,0.15223767907090874,8.870464884474675
B,0.6460776834901857,98.79501688416609
B,0.3137127237620481,79.46842500265406
B,0.7172153351834356,36.84468237226753
B,0.6025159146343071,81.59944125702913
B,0.4858424000128426,5.3578467372197265
B,0.1366507183015584,9.690375344843018
B,0.16018724274582535,10.18281777067698
B,0.6902919437085959,249.04701402247696
B,0.42585131768502116,25.786199326703994
B,0.6201042799652662,79.32453381873572
B,0.3871929596271183,17.01094952784235
B,0.4569168921330843,29.18385422419435
B,0.8497213298707715,92.46541968927662
B,0.30672559866553756,70.48649231683618
B,0.41964680590380243,340.3255083340704
B,0.7547032436721685,63.74005706500695
B,0.4987883420982746,196.85923118967656
B,0.161619360350172,7.542651423132288
B,0.8954187682607089,312.63420099261805
B,0.2940247448628313,13.271248769213242
B,0.7303370529283896,43.54569874259776
B,0.28479633177969005,56.52696429601034
B,0.16970684631179334,2.2040237393599966
B,0.7298167920336395,44.438790461035374
B,0.6461830433669876,95.05892254632602
B,0.11734376336752066,15.04366326201036
B,0.5683203981095418,26.95113860896336
B,0.692702363183904,14.751276419320213
B,0.4452231484914854,26.504237810464776
B,0.20318328738472916,17.061617225908456
B,0.43963278139153206,11.819359500232324
B,0.269673898398344,97.04275036562402
B,0.7051023644136467,64.96090224135784
B,0.3489662039437536,65.48144510927712
B,0.6968252393002179,12.044527407356625
B,0.6250041729127911,221.89196750200986
B,0.691347667228214,81.70836552471819
B,0.7752882109147052,137.08388920500587
B,0.11571901618735882,22.64644043358957
B,0.3620152944402762,48.455409901138985
B,0.2906637829771835,9.651275573631992
B,0.42566373965591653,8.055270077772313
B,0.5902319302406545,9.707150057672608
B,0.5200921419219722,18.30285950942492
B,0.8903281904762744,42.96941969178483
B,0.6391955010113493,99.02197589110031
B,0.5464717764909235,119.7720141429312
B,0.8414978078120435,32.50633409668232
B,0.2452587007191992,38.20834999341955
B,0.9503725383905176,294.1384338900569
B,0.4178419023242359,14.800654546958858
B,0.268367702734554,20.24527385697508
B,0.20930680508676244,49.29712027139356
B,0.3080327188069249,80.16840303442773
B,0.7322708849349054,32.52442783727231
B,0.2766472309325438,10.61196893967901
B,0.17484892149644887,54.40890420218348
B,0.15285229384130472,37.842241878304065
B,0.6409968350488103,101.66751678361109
B,0.6086171139647238,27.547098571389135
B,0.7789768909372778,32.70831990174046
B,0.1988942227976104,76.99808184497674
B,0.9660342034647658,520.8224423011995
B,0.4907236722151947,83.46909367219455
B,0.36706715272897095,124.06285127364167
B,0.1153824460157745,15.058172284578935
B,0.2766526293093182,244.04123252233705
B,0.6000020200988256,60.95347776821711
B,0.2780879463470733,54.24955434942011
B,0.45922371107425103,191.67342930596274
B,0.23474060654946421,47.75795136213766
B,0.500554888815415,110.89925385673043
B,0.5666268079765241,26.36554741399259
B,0.8684572614452596,124.35779078172945
B,0.9526125225792462,122.91571167793357
B,0.5159039256546176,57.845895610164355
B,0.18624571158727196,58.80336119929562
B,0.3287221899286884,22.089533193906323
B,0.6038556175911248,20.134859787605734
B,0.5135210281938581,46.042624870618276
B,0.4904016713200103,156.9471817210385
B,0.14572520801491198,3.7550545796049315
B,0.8574864068143135,328.872818127522
B,0.7118973367478498,283.51392635314266
B,0.7532372512838439,89.17994234175627
B,0.14016434966203237,48.10737507918604
B,0.5914210012720851,40.94001719724281
B,0.5120189216116996,35.087776898216774
B,0.41384230846737025,52.9766146478285
B,0.8780588961321798,342.00663097739783
B,0.22043440955674634,61.341021818741375
B,0.46898536996955414,15.749171643645525
B,0.8601878549343291,22.58205044876415
B,0.21854505819823924,51.13334650759286
B,0.5564712436746356,108.80545552710431
B,0.7382135902318256,94.76334921046559
B,0.25778371505932046,74.82007717377988
B,0.7428745289096286,68.80050402381967
B,0.2715738267814607,128.70164005417072
B,0.9026339383497634,23.47948613754455
B,0.7867351252601604,24.972832607863584
B,0.7977232807627325,163.65045759036542
B,0.22161911155935268,37.47140929828264
B,0.18259333670487307,91.57067365251886
B,0.42491403836196107,16.04210458472608
B,0.3119370884601327,9.233844984249783
B,0.3922878974000819,21.6312036963469
B,0.22383629023700546,12.490321623155893
B,0.5060101395086314,44.54025927786802
B,0.1916423675697207,5.504173302067385
B,0.3234375973759292,145.25698937025163
B,0.6376274146816994,30.294169194817933
B,0.8641165725251662,93.85259250493493
B,0.43748231707203755,40.80965267625489
B,0.16127264250764992,5.155860006360268
B,0.10671352368971021,2.3031003550941014
B,0.7517531005701188,232.2860677430538
B,0.3427961458701673,31.343352198357675
B,0.1590339606313078,19.326339843928505
B,0.40299867620910323,53.32728770132774
B,0.3660163093586463,44.47055140066105
B,0.4987403146267356,69.9041210149477
B,0.8085787993565259,120.19717330958518
B,0.544959387939778,74.37138996217911
B,0.18891955363887697,7.064564925314866
B,0.18436048767187554,29.517496584362505
B,0.5327351261911357,136.88914362244333
B,0.8681631384073357,249.00023265512968
B,0.8726749793963205,24.732375792929616
B,0.11179966327178179,5.697353909634379
B,0.062058811602337276,6.3791513813037035
B,0.2874236648892809,5.6565966260081195
B,0.4095587465132792,9.759566852729105
B,0.329210577055513,10.433125919063176
B,0.45480261488184454,264.99195103807403
B,0.48767531831897937,127.17764317868217
B,0.29637069192672694,65.34908400191911
B,0.6060164767462938,154.38806702018667
B,0.5290467781369076,76.55628836324462
B,0.7825020219592708,97.20659537328436
B,0.3304032113229887,8.326042103896881
B,0.5853489868528389,97.86205845038278
B,0.518685676438888,136.93146938102913
B,0.271730717592364,17.093062824909733
B,0.3572489435514987,16.75846614478503
B,0.1685302991811938,15.21869723800086
B,0.4994448347366253,177.11480302498555
B,0.22648478536171948,35.66669935685532
B,0.5241029776886517,63.34410494764832
B,0.9128905615526139,41.45646176176457
B,0.6423366211519062,34.836160330889854
B,0.6731047802332543,58.30712685381814
B,0.717707693896862,257.74066867460374
B,0.9154115984637419,11.85879510596905
B,0.12666995035526193,17.910857311836565
B,0.0652018264841422,21.45867374392799
B,0.31998989361575125,44.65936215618593
B,0.06760630903469393,4.276029170333506
B,0.6502361521434992,281.61369439631795
B,0.20709166800296144,87.95573469694246
B,0.4189194297334094,41.403681499453654
B,0.5159572215323103,102.41427234898056
B,0.5739019912333104,28.286938220763073
B,0.2580932545916703,7.204258499875217
B,0.1863197274671529,5.368330553839324
B,0.6377179675928126,92.87365585271009
B,0.6586387162337628,89.70643437156963
B,0.06649699836323582,19.409330021341617
B,0.5632398489124074,11.89487724710444
B,0.7081552680809031,25.334101668313235
B,0.34023324666923366,94.25578832149536
B,0.5732267069612548,26.644939555256776
B,0.27463813198184783,54.60099074230904
B,0.4206868460585837,33.19568908363215
B,0.9555368479162846,32.04520321090676
B,0.039636717892046945,0.32424144875186856
B,0.16085821834773165,8.805781698551701
B,0.49231127471828184,21.649954808616
B,0.2855422414000211,47.10031097531491
B,0.2213544029476125,132.27746609371482
B,0.9604041767118807,179.04100823473928
B,0.4603688724656875,24.241298205647137
B,0.34914341910562224,52.252931352863044
B,0.7649634109267804,84.48429103123928
B,0.8168695557336059,307.1764325106135
B,0.7374295198082591,31.04037573727312
B,0.6240709423999494,41.69487438652543
B,0.39053987863850137,415.4579451600879
B,0.8271186602926655,71.22833718868995
B,0.25365509794484936,12.093076381814118
B,0.4479343012713867,21.764753375743428
B,0.5417920975172569,171.53340961489317
B,0.31991093071680404,20.78376446706247
B,0.543704168517451,43.92661462788879
B,0.737845723208003,26.2374868958977
B,0.7092484107927202,103.68804919517594
B,0.8456084306457756,203.012368461728
B,0.18873852364466331,57.087276035772774
B,0.7764341421313059,76.11471956434475
B,0.8963355364925287,657.3814921848709
B,0.4027235564122105,157.62134689551306
B,0.46811338626638005,71.51921952713138
B,0.27020245154403555,29.893003221142983
B,0.7831502172782426,19.08520630433085
B,0.5321123466449508,74.62607683964262
B,0.7658239254114908,838.4570153626729
B,0.7356729230087903,65.51587239674738
B,0.55446069864552,291.07825773867046
B,0.42824559754767466,20.816873559291977
B,0.2601227802477375,33.71762284838827
B,0.07991649630429272,19.469606134162653
B,0.6292294918097264,60.99404969548619
B,0.4736042048292866,88.46800733384079
B,0.8570365189720434,89.4681541402759
B,0.692635538060247,86.82280702446431
B,0.7213435633656422,260.80430441459345
B,0.16497343302731024,174.05478374505972
B,0.36808145398250236,37.85904173650745
B,0.21518772806578337,24.068709033069737
B,0.5377933279405889,10.706813552967603
B,0.2937314524240495,106.05994350668635
B,0.8213223971482164,387.94715036464794
B,0.47279793841693624,8.682288470685597
B,0.60382580598402,37.41285206638858
B,0.7408143334040174,44.00229934560946
B,0.7717650812977084,96.8584719963427
B,0.2533964241474618,111.99577760901775
B,0.652903500698469,56.6608241085055
B,0.502415209082361,71.75592798709596
B,0.14637708116590106,89.94577922718376
B,0.4781530724977949,61.55167760884942
B,0.9363737717510282,107.26143991788183
B,0.2567376868800518,17.671494517380765
B,0.3584634972326742,26.51339958252178
B,0.5233437205824076,71.83594425890563
B,0.6877661199948232,31.93829961457076
B,0.4553721367077048,114.45108161422436
B,0.1340611387208599,68.9279961921375
B,0.43870030262123927,163.08280945460584
B,0.863476881334515,139.99230490827705
B,0.5517148754608862,99.9530824698789
B,0.32989839272210136,13.90549971492652
B,0.3054767133047462,60.933743792013274
B,0.24312038737645275,33.27476643097978
B,0.7047095962391818,80.8145959773918
B,0.31511871673436354,18.905653086491647
B,0.2772007316253282,14.100288369516603
B,0.4589106316239596,42.968850611700915
B,0.6359017968560045,116.25387222602862
B,0.25294909008744354,42.90960473834196
B,0.5623183224822002,81.76310152567203
B,0.19320943063844087,5.161945890755667
B,0.5887303879338476,47.14190479127094
B,0.5668574803497288,53.1177753789205
B,0.8888752100080158,166.66946270691358
B,0.5050175680108389,37.295916854063634
B,0.6124912244466836,29.209937504808032
B,0.6026939187270329,212.25113566610898
B,0.15154383661789309,17.01980161336508
B,0.3428712736835821,49.417189373617695
B,0.6607709281287952,122.65324600648884
B,0.7599200779099201,47.269660361572946
B,0.5116860260838628,31.396367468008933
B,0.5032144859077873,73.79623045606617
B,0.4849334833463197,21.40231582836733
B,0.37301305539771185,205.1459474690703
B,0.48502301175851764,54.25119470678882
B,0.40392248515475043,303.4990682850343
B,0.6179695135960475,137.8174591514871
B,0.8568987717189895,145.77262760871818
B,0.4822686506081246,27.69286174174676
B,0.5352829939486767,269.8248683153278
B,0.07029100313636284,4.167141124482375
B,0.7589205343693335,47.434301120465705
B,0.2582321783692254,59.325950674680215
B,0.8362067733530537,195.197976034111
B,0.31294100599642727,6.610160227615113
B,0.18925851311965156,31.459192639901044
B,0.3164432649818359,4.285348033617869
B,0.4195824439763807,138.85359739454216
B,0.6321404671145477,175.31815460076854
B,0.5704294469372693,50.68896674081462
B,0.20957552087369502,94.80936851262948
B,0.15921504129556002,89.96528884846421
B,0.7736498153891711,149.44263073497433
B,0.35732904525146036,119.90590984317909
B,0.3980591736506678,58.40145174011672
B,0.3625714617174647,8.428403341604733
B,0.7943575791768775,94.78221525481284
B,0.6953555468553609,1000.0
B,0.6285302888692066,48.21564088621816
B,0.4990271859976588,15.717561983004135
B,0.31547897609167996,19.46651312941807
B,0.7453251730986669,699.1847617374866
B,0.42782773541095115,122.77705540840392
B,0.44747521909440235,51.1357687917932
B,0.7860770408794976,97.91671390968901
B,0.6436229489179351,18.662967495051465
B,0.09705842066774172,6.463701665596837
B,0.8045750012997743,126.83520269516049
B,0.6394193503952212,65.48958117261976
B,0.5184046770792814,50.172655075773626
B,0.7547483624509513,163.82516656453876
B,0.9301627187465833,32.91721903340034
B,0.46049688982981835,124.63246004967549
B,0.5971877284297841,64.98513957645416
B,0.5790117255916698,118.36966062810743
B,0.11811305321416271,3.5121521003324037
B,0.6022673812308198,618.036496133122
B,0.8137365150930103,106.89896951360907
B,0.8422612296290257,272.5533272020757
B,0.8746484900693549,203.18547926465916
B,0.7153240670338331,68.10055114207624
B,0.5813351153382045,79.82494225270877
B,0.56419206565792,73.97840790785041
B,0.4493994776260796,143.9568734492348
B,0.5504315180952857,105.33604481874077
B,0.6328336297580898,41.68606516111403
B,0.7409183833461561,126.56544311150348
B,0.5446031714052421,42.17339712723052
B,0.4113826660570271,12.78561052338777
B,0.2811066420970007,14.536558278095645
B,0.21691694882303214,52.879185539436236
B,0.5396162006004508,88.17113272614837
B,0.33808935822114666,64.40192407099404
B,0.5054422078533253,34.84509718038005
B,0.19528266095644528,40.010909897282446
B,0.5115164448850665,10.406959067576267
B,0.5693166168010688,108.15870584478948
B,0.9510028926575631,53.23951573755273
B,0.13768498195136342,26.223793909298735
B,0.6027793722549614,246.39098334511093
B,0.6429410977712886,112.43972126164567
B,0.2531964317261936,269.22501519560046
B,0.600898386130363,7.990579740642604
B,0.39360907030420367,76.00576407632595
B,0.3632329981262739,16.71963796460283
B,0.5381073466860772,142.6868988466847
B,0.6616947268629081,32.14858519684131
B,0.5229712809945999,204.21931274670115
B,0.7342151589772863,31.474896572832225
B,0.4292024710926341,17.81412105217149
B,0.5135042305190034,47.609105782112074
B,0.4431037186554455,15.586864720556255
B,0.4406275995741754,25.48989942494476
B,0.3657443012625726,61.08475698643885
B,0.296651034519939,16.13416660490704
B,0.2092391782668001,49.73425308811785
B,0.5418496305527367,152.61041708530968
B,0.7385617282130791,78.89872786110877
B,0.2220487325884402,5.851302610458953
B,0.5529834798983538,72.0283927906952
B,0.40505413286244096,54.74506951437478
B,0.2501727247331286,25.61186028713747
B,0.5145919952328906,31.002742054108122
B,0.8366242004775751,26.567419050322062
B,0.7562690565548992,87.25471791911355
B,0.1887639312861708,84.64402111067024
B,0.5225921319992155,194.24278490018358
B,0.2664507304352813,210.87500907845418
B,0.5259557441095358,51.941820310060265
B,0.9130650571940315,211.8103444532782
B,0.9184030779145805,149.17191756085623
B,0.4561678863611063,64.19383592078434
B,0.1804321567993491,30.422744360219372
B,0.34304876859229627,246.97650820226897
B,0.2968980202662489,21.10076691518614
B,0.47507069041426586,20.029453409099144
B,0.56973189331028,281.74255096501713
B,0.4381136762185697,139.64251229607558
B,0.27811711835814207,59.16282730292729
B,0.6654273620995821,99.53323668220975
B,0.5905974753177388,73.05314925672089
B,0.4364372408553732,33.83784753859177
B,0.41338807051134197,31.215059082799865
B,0.3752731502450214,15.06611906891573
B,0.5995897590430671,52.559227723561875
B,0.18081001346205527,59.545418647749074
B,0.657823855244512,96.48086186844931
B,0.33023755077868955,13.927230622074534
B,0.8904599720278483,285.50441503321196
B,0.644880072178261,20.974407483126136
B,0.696556624094557,149.768658710441
B,0.30636880187930654,62.30626221742809
B,0.612502821278125,76.12564076474798
B,0.8733150461195207,58.643473560424276
B,0.8823309329816694,58.517869885154276
B,0.3803250459693613,84.7865690789889
B,0.05955495216220014,13.21616281138056
B,0.7031018563847158,156.02545480200538
B,0.8812006867228086,38.687784491600695
B,0.5324171330399284,223.48911836848512
B,0.36989938463111977,35.915374495193774
B,0.7843841722376469,45.73801532260327
B,0.5153087265170273,59.15629999547394
B,0.5273139474728372,41.54919300122866
B,0.43222060950243535,42.29848128420515
B,0.46248801611893364,56.559239676343545
B,0.609849476580188,56.83696736368579
B,0.69920079158453,46.01182119596947
B,0.6480250780015876,72.56946246482751
B,0.36688156101659475,10.038392059649578
B,0.34856643746338034,7.76743103316296
B,0.35923058235489913,25.130801163859207
B,0.29032584996399174,33.820508212936886
B,0.781547423213457,52.99131756321557
B,0.20558540795356273,10.872883521287033
B,0.5568654564139629,172.6944543022929
B,0.6383466440936851,208.2202831327086
B,0.9400777460024591,19.052296981615502
B,0.646995707401332,41.946814120196464
B,0.31705208023317216,10.374294000479738
B,0.4255823486641744,381.11694470908526
B,0.2834358052852836,40.32715341767721
B,0.5854662231170354,160.43704873316855
B,0.7827462748421643,80.19831352297977
B,0.18939566061202334,2.915192296669946
B,0.3844351787167979,83.23407776642767
B,0.6978189614892732,46.512064452319414
B,0.876396268606883,243.5036794122357
B,0.7045751536444551,69.65391154734162
B,0.08368163564159573,18.700746249838218
B,0.1968906614404229,15.161026492741032
B,0.12712058925239147,11.162745196993006
B,0.2201539993059446,35.01502144797872
B,0.8615284214920834,25.27569615867297
B,0.5499233118020442,119.95656660962503
B,0.5004198737718139,253.63820329296303
B,0.2859999181812615,8.253949757158955
B,0.6053596962366387,34.24559620841561
B,0.5865712188989091,36.272576327838976
B,0.23829636780499153,4.915944227063158
B,0.681103610715803,96.34054195238083
B,0.8423936009768885,72.37286484199791
B,0.7606327194609255,36.48017049851787
B,0.5528037847320122,230.94094914442059
B,0.48781374964971796,63.94260923474578
B,0.60291272127876,206.94735004954657
B,0.28698625683589146,38.607610219265624
B,0.8225512115624204,31.958308290682492
B,0.7401856276068817,92.05742800046129
B,0.7547609859733082,44.8417715760692
B,0.07590872421076779,2.4488603102033575
B,0.20154559233459474,12.436176087064883
B,0.7434366018600935,35.44951724224148
B,0.4255162602904024,21.410940723457543
B,0.6282602534306898,52.04417431506904
B,0.5343474972238296,15.693433425850955
B,0.30809237659628613,137.3993325718663
B,0.5233064002412648,22.396387873160545
B,0.7415816662785353,29.77816376935406
B,0.7894381050573969,223.70182070082936
B,0.22326585141482577,12.658010682992249
B,0.6085915674749548,23.33371290930763
B,0.5388600577346722,83.79942428817785
B,0.7540322931862137,22.899520854275618
B,0.7198454980999767,45.4411815409309
B,0.5192222600800332,70.30698031588703
B,0.7722229107122824,69.06340677232934
B,0.06316911493224966,10.369690015836474
B,0.40685815853334706,39.875666242261126
B,0.9162173478133592,145.21388681043769
B,0.16488939978726058,29.6151337871431
B,0.5955335905245928,1000.0
B,0.11672562912753988,32.23448900671738
B,0.5155320122539946,49.331577090566434
B,0.3689727639918467,9.812790243920674
B,0.9684369257786112,78.85336079852003
B,0.4650178665891234,75.98096031793571
B,0.7991222270021014,40.7403405938954
B,0.7021986686743715,50.97746183214086
B,0.2525573316395818,44.45469569983355
B,0.7709041854698249,43.22313795752837
B,0.8503165998162489,74.55475970253775
B,0.5374540126672233,135.97596286030972
B,0.6473032962466836,19.460781006455626
B,0.42622465785527786,67.63330418826975
B,0.35801533480407477,168.97334113172016
B,0.3699121374011426,12.080332128754012
B,0.4156015620835862,141.5747257370687
B,0.7454390838097797,763.304304577566
B,0.14585314840700342,60.597982911164046
B,0.4055907103883165,44.53026444483658
B,0.46158557051414634,11.29314404098181
B,0.21704772949904325,22.64437890507688
B,0.24001311817735077,96.72120546426562
B,0.8405711756826749,96.25437516863707
B,0.9135061051156715,101.90516318439745
B,0.8552219424710934,163.23783322119775
B,0.5841255627196152,20.733048428479798
B,0.6866538532464271,129.8428277783696
B,0.8551788238621999,1000.0
B,0.22274752336789932,138.38458429427348
B,0.9449737528073905,50.366387410466814
B,0.10057525152901407,14.53499634929342
B,0.4409637295292948,26.71457785688671
B,0.43724303824616234,54.985184258425605
B,0.7740164107085086,31.43354304829351
B,0.786814895735518,404.864178617057
B,0.7758789979425345,277.4726957096455
B,0.6122752283427811,145.205289111683
B,0.7786515586429418,39.25751704726795
B,0.15643195599098014,52.18910690995761
B,0.27006506907046607,21.979387546805473
B,0.26600983063369404,2.954620285753949
B,0.6033803039445774,12.291445841465029
B,0.47533918374206385,13.07175155015227
B,0.8468615989207744,162.8845648475461
B,0.8760211350640676,23.231309727172256
B,0.11987355970501382,44.51584719643633
B,0.38599907259327976,77.50136901603322
B,0.5866015436962363,82.01078442322107
B,0.5520520477446546,39.19597594989699
B,0.4178482157869124,73.01466486792191
B,0.8865430933496103,24.772885236774908
B,0.46578873353233624,16.582016435637914
B,0.6402424479332063,30.218451687469344
B,0.6493558002730047,21.80248494898147
B,0.1269738809738915,26.54885661960244
B,0.21746282256537286,28.496180547499304
B,0.2585645853975311,19.895231011362227
B,0.3002576714767128,49.71113161901666
B,0.2874852197716544,88.18886999457655
B,0.573397920366246,14.27887428016552
B,0.4722890461729376,20.06684567932408
B,0.6973067726141186,126.59950969871663
B,0.758658266736376,72.33098541250958
B,0.15144673423144706,25.558863691487065
B,0.5135628138022319,46.35717308256353
B,0.8817391935238124,46.63183882011744
B,0.5551602085474194,5.208828450297075
B,0.5835671585937515,115.62333328524517
B,0.603592256153106,98.74804078544925
B,0.08720653769015974,3.654663469795109
B,0.5493437432647844,11.701531048126146
B,0.4749716817972665,88.61134496691628
B,0.7614443393454776,102.79049910381977
B,0.5367033641190855,34.445608834286375
B,0.43717377071526453,123.14574843212314
B,0.3536627369326198,57.5547191111051
B,0.8617701895835455,10.238933323293187
B,0.12690621679208253,155.27223519444658
B,0.8471288125594181,66.52442641627091
B,0.5002263938970671,50.31943759520226
B,0.6105848926685856,66.94876239381996
B,0.3534510555528535,47.73731423732565
B,0.8568219846498303,675.4569199233937
B,0.45778609664682474,125.57891037838132
B,0.866108172198822,150.35216547428254
B,0.2722503553858414,11.609172192163497
B,0.33046554460404554,84.41265204974552
B,0.7394052519221821,41.101641531534774
B,0.16803858999381227,75.48100086801374
B,0.26181870886886255,95.88288191288568
B,0.6808669363727126,73.73718112363379
B,0.11818101818586142,15.918930854648721
B,0.5443549467488794,42.85552784058992
B,0.7039851713846117,28.150523293164028
B,0.46855476746450314,62.76221307295201
B,0.5919566528067647,168.47205393209515
B,0.5587190320161898,147.53804816663435
B,0.852777105542327,130.8853916059735
B,0.08963263283438813,55.27719907472565
B,0.09764047383444897,17.74203099506834
B,0.2642517262656782,66.32219443272336
B,0.5110996681345624,24.432475439890652
B,0.5510939779715182,29.503399546847188
B,0.1182033267918309,28.33457693114377
B,0.5221471520235126,44.580662626887396
B,0.19966373359678702,32.18610434198291
B,0.385052002544971,35.4079665731716
B,0.7192804246073896,79.45030102670827
B,0.1092854467446381,20.08544343729978
B,0.19432342427863886,67.98522189956934
B,0.7833228572514462,300.23014784630595
B,0.5529897768388635,40.83004900906699
B,0.5086016639667591,98.856207633054
B,0.05784439338025618,14.003450226896813
B,0.12542624792519277,14.776499453141394
B,0.44440564767287344,108.90254465544385
B,0.3498521207105314,414.21544528954234
B,0.2851525815199405,55.7946950932816
B,0.8348438942450381,76.1066933966996
B,0.6489151551963044,76.8820200727995
B,0.6681612633557785,104.4729180914012
B,0.9666050306922227,86.20947285719753
B,0.15870303924168758,11.443611570119474
B,0.9188999251188168,74.84276180501229
B,0.2544822129202095,54.60775521852729
B,0.8897452482981641,96.68623305229924
B,0.3560635971165687,18.74418672665303
B,0.9295289268655318,186.2080979120893
B,0.19327764826708702,37.52416760253344
B,0.5428048774247798,1000.0
B,0.9656649581048093,379.3065966687653
B,0.3084270183747149,81.38608633266405
B,0.8992830713228642,74.08652842915319
B,0.8852423006920402,79.23829850995726
B,0.19956361252094884,89.68488692281238
B,0.44180114262195186,60.14312126582232
B,0.06341508562036875,4.126142631346067
B,0.7537720674118218,38.10559064378147
B,0.4407528929379565,68.83565714047867
B,0.2305443423945071,31.364346775561383
B,0.3828410144542038,93.03701800649571
B,0.7838076508185446,60.07624644499554
B,0.39040715552383043,15.75928715730265
B,0.7452256173327451,134.17500546440178
B,0.35945996479401987,15.841394818544826
B,0.7829602318961288,69.33763930206388
B,0.8780610955273598,48.530417661690564
B,0.4317540594266363,486.85782443455093
B,0.19850106990986302,7.798677859972825
B,0.7518461630864318,239.76300224395519
B,0.799810656683401,658.1702370372931
B,0.46912655996158437,590.2287249872364
B,0.9210966877291336,32.89093458824614
B,0.4246921358106435,72.94724723196865
B,0.41720572845424075,90.74943377383686
B,0.8983677693470389,26.60649195675541
B,0.7162041014614516,71.13836002193892
B,0.0703417432085944,5.680883084803243
B,0.4470812613577198,39.053159748021535
B,0.5632220468177199,29.216741688122855
B,0.3870822792985879,31.22305117164734
B,0.6987044030733327,57.49041329731342
B,0.43112799445160627,141.734551030777
B,0.4990215751281802,40.62816778153581
B,0.5345948588796479,60.73609815307928
B,0.6346928920707193,144.28462444128525
B,0.6773014749517324,349.9420068541631
B,0.07832834810616782,10.122804918097188
B,0.6858509213630892,57.0224420481527
B,0.7285266796010037,19.082824428371314
B,0.5938742422784964,60.26795282909752
B,0.8390963867224873,35.67555557367251
B,0.8751385896733599,172.2717189700699
B,0.6926946645131189,53.93695083240957
B,0.48608145329341157,192.5631422034744
B,0.194241517382549,99.10463615879331
B,0.5690835403780407,210.60611937537846
B,0.4005025950689968,26.527214756002348
B,0.09039021094709179,24.598181916968866
B,0.7153767381725507,22.875777208806035
B,0.41376766014467986,41.204773392945896
B,0.08555330510611889,3.0328758429214053
B,0.6338566575582131,131.18689774639634
B,0.8500762617012618,234.21476595703174
B,0.7639372961599725,550.9886771881171
B,0.575963822040534,79.40616390643808
B,0.36377990310132446,65.85922021943493
B,0.3891053915239046,124.08225205097946
B,0.26871228951210063,77.63948048972074
B,0.07590536457449959,3.5282317696400987
B,0.7339533978651896,165.62469751170173
B,0.48056131579735306,42.07628382123058
B,0.45639104180237233,72.66192020864922
B,0.6243629175696526,571.9799594231748
B,0.5875502683921969,41.18454436405572
B,0.41762123264406564,32.83221145387212
B,0.6430306370389808,87.16647273236434
B,0.2873799563528941,12.382436282218094
B,0.4567250349201684,19.37072531412132
B,0.6365252485081098,40.52308033416087
B,0.39900446814314483,14.494294999406492
B,0.3642388922174963,33.861123982418
B,0.8214193463103029,73.4549515238953
B,0.5639129640807652,43.97809510955328
B,0.6409481153144154,86.81031487191414
B,0.36927959787679315,27.70044665506902
B,0.32345856983142285,83.92712501417743
B,0.47998407566617957,26.8018489701926
B,0.3852659478684702,187.54362441596143
B,0.932197792767086,128.32729382210584
B,0.391451264825792,21.67261428888469
B,0.355396985538699,34.292390112606185
B,0.19189115350061034,14.64585229633526
B,0.012131281645253126,0.24738333941041668
B,0.5825276242603424,34.18692572071206
B,0.6888885910564156,204.76472421442762
B,0.09224659083805788,12.033765358834712
B,0.4518732063197486,24.089764377184903
B,0.1283083852155101,27.946978648723952
B,0.5055057941396954,394.4807721726295
B,0.9212389373218015,115.06241654051054
B,0.5721315615325221,36.28197707940739
B,0.5696194407377381,13.835644205727016
B,0.19685245531787687,24.36352129213703
B,0.5027287402201361,135.90149849080004
B,0.42666477720663,50.45049809780821
B,0.5449992285904401,129.25556476897063
B,0.48757183328249115,175.6572173548593
B,0.18799678482228077,10.384707737711398
B,0.6217788102613576,172.24711646108955
B,0.23264514996859956,47.775703306157645
B,0.2330788435274468,9.855175808762029
B,0.6401655260999951,133.3920806142127
B,0.6606830964960679,23.359569031578047
B,0.0265310220315237,1.3314761900296475
B,0.8295367245975921,60.73165547729086
B,0.8147608982584916,66.77874977959888
B,0.838426876935522,181.94178481441904
B,0.15271719070517117,11.267280977669886
B,0.06373588953661237,8.611312799683372
B,0.746253823925075,147.0604453520857
B,0.1377807202660874,4.652215932025458
B,0.48487652720548374,36.73193423748912
B,0.5400761515004298,54.40943566268253
B,0.6739259544286018,19.384987932121277
B,0.7830810291954312,71.19474570784305
B,0.4667594693938764,31.916528078700214
B,0.5497933814304837,91.41658019484551
B,0.7548131112516766,407.8756451080628
B,0.8326991359032471,154.45718112561497
B,0.7100968317331163,71.9737467469718
B,0.6181439822436839,37.66165077673119
B,0.23772394297686056,22.23449201936548
B,0.8601001900790648,51.74597160684891
B,0.06300683737898906,11.763183508098262
B,0.10743655511876035,3.6872776704339105
B,0.5464566527103125,66.54756092428975
B,0.8063884522993384,36.88874284212676
B,0.7321780621688011,39.56790563266494
B,0.4447656607564542,51.69763191305104
B,0.9078316906779526,154.981080681591
B,0.526945897249416,69.68402243824255
B,0.14544399826760596,9.362737166225106
B,0.41534093594954163,107.30694757831489
B,0.7532492687456867,57.72449002579428
B,0.8396512659668295,83.06683129508899
B,0.132245773964692,48.551960287012946
B,0.47657490764414623,99.15235153679183
B,0.38726472067773304,18.15910994331731
B,0.34373836691431287,9.676821190457169
B,0.7209292956060503,535.8564319433202
B,0.693367392357178,168.61966595913603
B,0.6996520387247702,33.66019985598353
B,0.026386645955638544,2.9427158776316302
B,0.7412879708092466,104.67684594594802
B,0.010302646610968745,5.145643810438451
B,0.15591256052550445,18.229034667466614
B,0.42776331681781676,24.59528623751977
B,0.6585839727696765,30.21927914211969
B,0.5734539342832214,43.11085406107706
B,0.2979887209358713,22.102245382623387
B,0.5582153972268785,19.547526189190584
B,0.26255038532752034,24.793754706328738
B,0.2386744444874708,16.61670947847888
B,0.29694017541511586,76.62249879714165
B,0.6374104091345546,14.93299273549173
B,0.26631316356021323,9.738813481378083
B,0.4277432263856679,29.88023073887024
B,0.1989817305610054,61.42975867940626
B,0.489293581769124,25.69040055669573
B,0.1538263595027452,22.90907245352696
B,0.6674925000564943,143.72695527759473
B,0.8290151924568196,12.244706809847479
B,0.09802133370411634,52.00384745978949
B,0.8598230188851715,385.68308538345883
B,0.8864470168340186,237.17563248119689
B,0.22080910161610817,60.56251285362299
B,0.3901593218277096,115.14720243935801
B,0.6011179835908147,75.2009846350526
B,0.6877959871498192,137.20072854385185
B,0.2589198176031551,19.57590920204431
B,0.5114162913955411,69.18726426250717
B,0.731145030818614,37.97217811296266
B,0.8372960162538189,26.644436040959746
B,0.5632299586790872,18.291441020626895
B,0.3741469427441021,50.04836865255497
B,0.22596178339197193,325.581310914693
B,0.16811194031667434,3.9334682692362177
B,0.3061974493439309,29.78197538015485
B,0.3897537217274518,19.108573321119234
B,0.7570687669388972,32.985001909888496
B,0.9337572388389972,1000.0
B,0.6916414099257687,203.2753522341655
B,0.8898080079233186,10.915272340669738
B,0.08954565753830168,2.0941828275763807
B,0.6122474369351132,232.64292758000587
B,0.44169490390357785,8.871614568690633
B,0.3446671625248399,60.211030225326326
B,0.2684949998579957,25.535089483246786
B,0.8078397843297923,51.97745370912995
B,0.23450361762979527,102.86904049543007
B,0.33455588302714234,10.288991952777282
B,0.7707326565000304,31.826803285282363
B,0.3545569996527421,72.85353911659229
B,0.5177563119065652,166.0944681189651
B,0.8572204767701709,85.37190556217597
B,0.42513792736845935,96.06107276534973
B,0.17850146489037985,11.671345386219288
B,0.7754525441008929,38.58649065104429
B,0.4552674181447902,28.6837298287918
B,0.5210883986322471,43.83760065753773
B,0.7553133948927118,178.30786679763833
B,0.11269575930299129,17.060792724110975
B,0.6263105805720289,28.07247273864428
B,0.6875467380940238,30.647049734899745
B,0.6107278627258622,19.52300142575964
B,0.3420483509609758,129.5105666734382
B,0.31964116908610335,47.189812552480255
B,0.7472306056352548,181.34998621379845
B,0.6395884230704663,124.76531326448332
B,0.27371954594648373,23.48769820649704
B,0.9208021922580215,162.0099514903454
B,0.6260477361665312,111.57169015769969
B,0.2804930393558995,21.667780295717453
B,0.3528976207114956,76.76101387458736
B,0.5411516944757652,122.10296982854253
B,0.5316197912814642,88.61980957209893
B,0.7943371390792967,342.01259126998565
B,0.8202875241561591,38.80723423462904
B,0.5912055958975877,9.540912013659554
B,0.10626033969914776,3.6467441327252925
B,0.4298756214794782,112.89697282467799
B,0.2539338129302688,13.027885934850499
B,0.805730648496329,11.187681108477658
B,0.5653908324223701,54.02141237575105
B,0.5013710108975451,150.94229243472606
B,0.9133965908142582,7.2418393533657675
B,0.2375616337935779,79.79797850991632
B,0.6600034162767726,361.47764792628
B,0.2474632905464202,22.038674184331295
B,0.8433507418996463,137.44064124417343
B,0.7693024723364067,19.42936680631573
B,0.31533497144597017,23.07858387126651
B,0.15187315532661785,16.901528716462185
B,0.4822219729624056,55.87893536894351
B,0.3006756547237731,112.59089115452892
B,0.29911250871617073,62.822803054258486
B,0.7090751141235606,98.74575391726837
B,0.12225874600554597,9.794575501533657
B,0.4118932476142011,93.31275913225141
B,0.744633608382601,83.46194592166123
B,0.07732962524192977,16.887018841144684
B,0.5917583488264079,37.71593364324303
B,0.7884273239180009,65.6091159193665
B,0.14918212515808463,2.984796331474126
B,0.6607962700414894,285.36067167303935
B,0.23038730409051003,16.26445531931047
B,0.44072060233392757,13.985680117197827
B,0.6112596702181012,16.520549336506456
B,0.570465013234191,36.43996262828241
B,0.6479770290344025,178.86267974211614
B,0.6407702837330393,52.264256733435545
B,0.27514527745864303,14.264562765923129
B,0.7155079071727237,50.387631844131626
B,0.8651764305472947,29.654492998906214
B,0.40552979002377104,11.891045122942081
B,0.36407684512999877,12.993302824726488
B,0.10190438380291945,2.632921486393186
B,0.903004133415682,32.84392346248534
B,0.9487328359555502,79.62349754753603
B,0.2909332776417146,30.44691889120662
B,0.2448960731771593,21.400994809293557
B,0.318623950356638,330.53316528712105
B,0.9204756048737012,114.61576803900915
B,0.13400405613325217,42.5800513036257
B,0.8021631458976878,26.44299016312529
B,0.2231746264755302,34.30015045361187
B,0.7250274274480362,185.91259553232692
B,0.6654785107754606,194.9922989563819
B,0.5003867367340749,147.06616032193
B,0.48501118273198823,86.91218646977163
B,0.8855171575021089,112.29746361675129
B,0.28300734408963657,43.8729724366252
B,0.3084638968252231,10.931152481429494
B,0.6040929702666031,323.8111910267706
B,0.3112136005867862,31.215681372500757
B,0.46727786686621436,17.625050932837354
B,0.2740422001762146,51.80681276801173
B,0.7557324779581088,49.82126558527465
B,0.3185678192129235,3.2519355422922374
B,0.7335080888296567,146.22351307577432
B,0.53016883696895,208.5647576851309
B,0.17027235412400996,32.405863312825936
B,0.9014497618372594,163.06608820464479
B,0.6547482722079184,144.2843331867775
B,0.790129333181594,103.40032238980034
B,0.45675792715840136,134.97427304035966
B,0.5705339383954607,123.73733552202826
B,0.5926608992836274,200.61362280944948
B,0.2165701452743126,11.141643981994177
B,0.8002135234513265,87.05196787336517
B,0.6366603525621503,21.951896613556798
B,0.16706259596199946,5.3683471489558645
B,0.29804155179022224,57.388506040862666
B,0.3540464642164215,78.88926768855467
B,0.7320366509977722,261.071447903326
B,0.26519571220930277,11.604352285248707
B,0.4047939110102036,46.45739962948116
B,0.4976163665651099,70.11707233900123
B,0.6601855433310232,157.04306726735294
B,0.30694211325261916,62.69456287322181
B,0.8614580696596557,61.81279921355496
B,0.2927259335283746,45.428671746892405
B,0.37782792012798544,14.025562428761502
B,0.5205590632798415,63.13150159387601
B,0.6468035869631168,79.15422571248375
B,0.8832706356352524,214.074069602671
B,0.4494387992738258,5.948866946077078
B,0.09168754213864036,1.4488649132629652
B,0.6922671449674888,22.46914105956082
B,0.14469921282420553,12.23457067170834
B,0.715904740021362,35.69873277953787
B,0.1430239667335727,17.642891591065652
B,0.2780511614846512,77.69268560007882
B,0.17737203088021078,21.51106733885778
B,0.8818559513132452,159.24369999424974
B,0.20994038030121231,14.888216040663496
B,0.8334036904256089,115.07422856254726
B,0.22470480290309738,21.47441975923731
B,0.39949226786170294,59.948458324474075
B,0.922988591875959,82.13319589344236
B,0.7799313054569603,397.94066423092573
B,0.31329202443112486,25.68119758361983
B,0.6762298061635466,46.55621195830637
B,0.45854888631680374,300.42940875802077
B,0.48943352690132647,74.24878400780406
B,0.18693854077868619,16.356922633999442
B,0.39245779631774325,28.632633304500928
B,0.23072773775728525,46.88570433556567
B,0.23015528643035157,11.334796516573352
B,0.06363784546240704,8.468157630704212
B,0.8436950742136037,18.669599583149363
B,0.3959075757721627,88.05948145841563
B,0.43573239370077665,36.57094918592427
B,0.9343978135433972,483.6706900419242
B,0.6119731063349161,52.15629984037061
B,0.6853425760426259,562.874254556578
B,0.43279702490269006,50.62302903556439
B,0.4960562846082511,174.0782140610746
B,0.4303632617783542,155.92780063076853
B,0.13199755672481153,28.760201616934825
B,0.4827165438833234,67.57209776450125
B,0.5289220129398667,76.78862924652327
B,0.5401961881911954,30.37638261303047
B,0.8600461593463679,101.31482521606503
B,0.20675794894211044,11.39876397871921
B,0.41988437420470454,158.3845672127737
B,0.752136125606254,320.6667636936038
B,0.39091550130989117,262.1487806356524
B,0.7166502688613628,104.01572078918139
B,0.4356322823561744,42.96823734624732
B,0.13317806317831743,38.81852347023842
B,0.19083932848523938,55.06258417323996
B,0.3966618853629927,14.693758830621551
B,0.20029286390686485,85.72883054735127
B,0.3151384926196997,6.0949960475980545
B,0.4991089130408264,332.88576285739197
B,0.29333456368490224,93.33568147379798
B,0.646172124346183,74.74935084784498
B,0.10027163555135489,2.4148989769613256
B,0.2015416392310301,17.118712260277313
B,0.5068008644009228,141.3584117580467
B,0.12998484805260524,7.75405884232004
B,0.43974607937530896,174.66314634879978
B,0.6043033078788378,372.9969785806134
B,0.2669097444446552,7.375328962083154
B,0.8520599527099788,9.740423990071996
B,0.5365545677684491,231.66715685810706
B,0.6316599299356491,87.70857512640899
B,0.24619250153448244,23.770014027621823
B,0.2911981018023922,12.157818629226833
B,0.48513981278412294,320.13557461445754
B,0.7813760517905219,185.41239608177506
B,0.36816378948258005,63.83584311015286
B,0.7619510587012386,76.70396496916688
B,0.4013802399624023,189.38804848206448
B,0.479454801272875,152.82606788147572
B,0.484639951755471,66.1946966206863
B,0.8779643690289081,57.056693028259595
B,0.49812477224170565,12.773124090718003
B,0.6552028171427074,183.69566589036774
B,0.45015005506028943,197.38201851290043
B,0.42698059307701597,102.22556752193833
B,0.6471466632275836,86.16535422204613
B,0.49593716734247173,52.45989513842203
B,0.7666553643514421,168.63724527057627
B,0.462592563208843,17.42115419719099
B,0.05031504267576535,3.337753386542275
B,0.056409970399528414,38.80325620831151
B,0.567182515427658,42.344308027055135
B,0.03216808387628887,1.987192389743131
B,0.17743953434634582,10.625313725850548
B,0.2908229622174616,39.810780278316244
B,0.7316527334593113,160.1705546405405
B,0.7240310130074273,22.724385037784618
B,0.5249583507224618,70.86767999016845
B,0.6852094723686231,36.391555912371416
B,0.06847082730421171,0.877111509056135
B,0.05866624758402002,1.956496028004013
B,0.28329914968215164,27.60977710303706
B,0.45638297451127724,83.8765829932915
B,0.9540766676320264,170.25633656964845
B,0.2610818263219494,47.52631258030935
B,0.7519196375120758,525.2843643225353
B,0.17553597168463123,6.573865990845869
B,0.7569916692760752,40.1170769902027
B,0.6999573002098763,83.09075511394927
B,0.6303896044423895,204.04727909756662
B,0.7785271071863326,104.90658471746238
B,0.5529373190562239,72.53330671800333
B,0.1966275711891047,2.6963420522116306
B,0.9333983888639802,25.16440574370364
B,0.5705753029551054,97.14947719923163
B,0.058504449766845795,16.878201989415494
B,0.12195720377452998,5.544771889618335
B,0.5360579683663926,83.50130442228136
B,0.16996895922170677,10.428291788627035
B,0.314336552537536,4.3564600013540415
B,0.6565856243793475,23.011702215749974
B,0.1715975459699549,3.9992120325365734
B,0.213162913598113,37.331967227540154
B,0.23029812768504931,32.2978052209513
B,0.8608795252982158,242.76421220296496
B,0.21398476661735716,3.515586973147554
B,0.8844336714328114,50.1730512845756
B,0.9347929688879663,112.71268944274871
B,0.6547835135037239,85.22651390172356
B,0.4312397084083714,90.19599946666094
B,0.21004099499754378,34.40878823363374
B,0.39851580080250887,65.75733577308101
B,0.42753457240303894,48.67782944707505
B,0.31726768602937183,66.01625902937374
B,0.7497461068820833,36.655154928420316
B,0.7321679844320208,62.720399747028
B,0.37584182424956536,47.485109555665154
B,0.3817265114408735,73.82066693433593
B,0.747088301649453,583.3238580896806
B,0.6489267286857467,34.42738658952447
B,0.6380393912594267,23.096295854513674
B,0.6502589313653341,111.19568485516588
B,0.36252246085879986,57.46696285649309
B,0.833099634751684,28.592383928603404
B,0.8798038691422717,154.409533613796
B,0.5631513487866834,27.250343386605568
B,0.10587450668853876,19.320151851296437
B,0.4154507740498477,287.1886178291653
B,0.6038501108765585,52.58750798831107
B,0.46469471633129944,86.05941219891288
B,0.07796585700702485,18.41533120324689
B,0.48356697028096324,49.54956817532299
B,0.9030338408971811,20.733574559992718
B,0.07897578350596052,8.509157872283915
B,0.4223578510873271,23.271053962391303
B,0.511182749531655,97.48977606600694
B,0.670027523876076,80.5961312907938
B,0.5092335300317612,433.2435190288915
B,0.6100912100995205,123.82960864331645
B,0.24957439310211668,33.10029382199794
B,0.42508744799785764,80.79654038936476
B,0.78882089121061,102.19369485507042
B,0.48391820590615436,14.280294385045199
B,0.328035899292264,43.51938483893754
B,0.9555438183843956,115.59727096737991
B,0.6672246853400058,9.768591189745877
B,0.33496055174566813,16.269327922278876
B,0.20570933334651936,53.2582182631906
B,0.7487922036104876,96.3748389391273
B,0.9214058243336845,31.876141939858226
B,0.5261657881681557,93.96670625252275
B,0.3173694372735664,120.06014826860758
B,0.5147101012948376,79.79596199604951
B,0.23855501870360626,59.80649760469977
B,0.3640348511410557,57.29904702934909
B,0.428811686977561,20.091527445378603
B,0.5243224572864608,56.50973230422116
B,0.07328560821200464,15.901035742855907
B,0.6847856667020701,139.3388274736893
B,0.3364281042584616,8.68574914244979
B,0.7121864588124256,17.25144776447392
B,0.897269115809502,117.96191292241535
B,0.7375081277694349,82.1239565551039
B,0.7198304259111722,276.345539873205
B,0.5862134186053592,248.9297134581244
B,0.2670656414409919,20.42214910694888
B,0.813644969657114,978.3018578718916
B,0.970010022122261,37.338707371189045
B,0.524323293934853,41.093551906010305
B,0.36489982088626305,66.93880749856486
B,0.3667866135203248,28.039687038737757
B,0.9090125460453112,42.34792678994747
B,0.2811252060353478,36.17817572011869
B,0.5754525646208868,56.3785679830679
B,0.8321471385281839,165.6401146116384
B,0.14867414634415765,6.460709019820609
B,0.7637055023532774,32.342717629518724
B,0.4105307740288868,24.02258680887873
B,0.5370708918748438,139.76820450400766
B,0.44624927822642907,20.73418172228015
B,0.5778813233324054,97.2800997387144
B,0.4335087237772972,12.611048378041694
B,0.5143596477091079,20.693969169614146
B,0.4806779025603845,16.275459881369724
B,0.7181451017101085,45.31036540910412
B,0.9027429431975226,53.34570356124247
B,0.4592434849109432,55.053410988266336
B,0.5045569845479838,222.0893722962251
B,0.6249240032393248,69.69385928741744
B,0.398893561938377,28.947759427913837
B,0.4525741529942233,49.83147297377359
B,0.770319482623408,148.0749517136832
B,0.618540951015378,245.22093219987315
B,0.3663371355357417,95.58397055999278
B,0.2885507127895066,122.04706534095949
B,0.4147428227080318,44.165329978833206
B,0.1465949340034074,48.79741320689792
B,0.5777422887712997,15.776549307828734
B,0.07422373706130203,7.644222901863328
B,0.6647024051697613,118.41252620521759
B,0.3233300862803506,13.33752806986943
B,0.13796819797825033,22.03735456832339
B,0.8295980991135707,25.784342932008045
B,0.09281372325967675,27.08503599979559
B,0.11498780761057727,9.946285753946142
B,0.43333581712797076,80.80191826507138
B,0.43044721246899387,54.64610073003245
B,0.5568543985251826,32.94650324451575
B,0.2963138034091105,27.851950183178634
B,0.365570851008251,4.738401925797278
B,0.4298092772786547,27.031492722002554
B,0.31557225927065974,36.18120563408755
B,0.6080178662778272,2.30234282171833
B,0.4571689425340835,106.7103114419131
B,0.8174303413574626,222.84499619845695
B,0.5210427796178206,22.655880377646266
B,0.6642206071242731,97.1927309825372
B,0.5058429139670998,32.66743661894587
B,0.2160092458898868,65.31764120393468
B,0.31435130343524964,37.52130215190386
B,0.8325574940709525,140.0178683295215
B,0.9407241571747272,62.606318741649915
B,0.13713014603464996,180.02932236827215
B,0.33092335950222046,42.89495348252704
B,0.49169430898328226,40.42730574809842
B,0.7924821865422722,45.20558334687437
B,0.8908592066463364,226.31123579001903
B,0.8536821807291698,110.21457186029616
B,0.8745655065384152,154.9488338339157
B,0.7128613945682065,17.46642218734145
B,0.09574163614544083,4.827793701711381
B,0.7293137539581073,55.85998786089722
B,0.4672074906564768,13.58843679692805
B,0.7479124546811454,212.94339439209628
B,0.1544408850787687,11.204913618119429
B,0.500783938189892,22.800393246752776
B,0.64744836382152,60.547692847092634
B,0.5344401276368372,89.03021454725173
B,0.35287090495467605,50.11399018860923
B,0.4470377725106402,105.15814847434237
B,0.5914184145901125,342.87552057128886
B,0.5969742091190735,178.49108633277996
B,0.5892850530341874,59.42368392548191
B,0.8178313294015027,175.98619613154423
B,0.18141445337629833,16.047275795416443
B,0.22292768716665595,50.810998697994435
B,0.6942694399521834,64.34244860000022
B,0.9139445050114096,12.473290582908666
B,0.6165600336277224,92.2519984004987
B,0.2476569688076487,2.590986113413623
B,0.7262150427115571,120.2703509368088
B,0.3417807565371773,99.40175506225756
B,0.5283977240687283,180.39309571437872
B,0.3372374432840462,10.046768487540653
B,0.8605229185322572,96.44504331514355
B,0.7446558234524292,27.376504063657187
B,0.8111394219348591,31.16420650674298
B,0.18952587783578842,190.54128801955358
B,0.9385107222414618,42.6596830301341
B,0.7182684606886373,18.717120374212172
B,0.15448195647308716,7.8885925119403
B,0.15812253181038763,21.774382974337268
B,0.44963441267428933,26.69210844453262
B,0.49816448221310444,284.80642276438226
B,0.07110172872192715,13.538774212307935
B,0.6271428027804838,89.3484404743698
B,0.7568173798135672,67.33119721745777
B,0.6701898688107946,77.70377016444814
B,0.7876879640927278,44.655209442497195
B,0.2828878638231973,82.90416372705974
B,0.6068828659376355,49.838956721077764
B,0.278850420076622,21.906994089578397
B,0.24465593289246618,8.624451335813207
B,0.18133924487545144,2.670475350939484
B,0.1308396583564723,24.856498595239877
B,0.5174470831309138,437.02847577784144
B,0.5782961737722734,17.46430842727103
B,0.22981076559677802,27.48086829876421
B,0.6884553460322831,15.711450371285286
B,0.31310112243573396,18.77470249636077
B,0.16128259033295048,45.91779798332744
B,0.6626738968897594,24.94198222008366
B,0.7758891847471024,13.830998530831856
B,0.686241416248876,170.86009017544208
B,0.5750395906152322,17.03224930492199
B,0.7864426293035329,28.108262931428502
B,0.28651110552181785,187.8445564234082
B,0.05969412289056419,1.0254019966388814
B,0.4287726829633201,81.12251644999778
B,0.18274216655741038,23.047918561438603
B,0.1506832729920408,14.188535738364752
B,0.6719014457698188,52.43548415693823
B,0.30414552215604446,35.58953081341586
B,0.49551675352599994,7.886643375605289
B,0.5498976939546295,35.02838205888376
B,0.20601357185317803,66.66148105684509
B,0.5646460654902357,20.667937775270897
B,0.7763039626018244,22.530761064163013
B,0.7715784693703168,13.827490444003654
B,0.8144230732639511,31.522855592190613
B,0.5924081770535562,75.8219061488263
B,0.8457280828437932,235.55083806722797
B,0.2883016387454117,96.90690822982904
B,0.3110454335119673,56.11629138546919
B,0.9066902584057766,72.82644905089109
B,0.6942919028545356,25.34896706541941
B,0.7642031008570275,19.117096230855076
B,0.8391508112528444,130.54174233998828
B,0.7386223670249695,16.647833449842647
B,0.2762064006681187,15.073673103384154
B,0.652586188805679,207.88450435277807
B,0.25427421743704753,31.154289933716623
B,0.4056245958795352,44.3498022190553
B,0.7148159670967257,36.088246738911266
B,0.4531711592815856,144.68663148065457
B,0.3567550427686066,16.412504668593154
B,0.5840672012588717,9.337933498243837
B,0.38817683119727847,33.355662431043896
B,0.3990709366992068,20.306463136659637
B,0.8567330188609207,44.60339381158972
B,0.6666983590373431,43.054866679360025
B,0.6478838972443403,52.63299783254806
B,0.5398937139584442,47.20509154575936
B,0.43705107632589013,39.95793556778153
B,0.8173534103192786,56.23465651348535
B,0.30215699283502845,30.51357827576945
B,0.48763555929439684,97.22344031242595
B,0.3462695849093404,51.743219534694575
B,0.28565185018337474,9.250936996576558
B,0.6887270947651019,42.37342513521573
B,0.40848347840147603,23.880485311950146
B,0.309640949925078,54.38248903973153
B,0.8369783321886904,69.78612158653277
B,0.824310561246688,51.53779436994539
B,0.5973426173820198,136.0792987630065
B,0.6523668041133257,63.117022865045634
B,0.6921778765432824,69.73250777143402
B,0.3612299484341762,30.20998389806708
B,0.8580643146971678,141.33269365482926
B,0.7843527075373805,64.08522520004647
B,0.2868087713045394,23.428366573513266
B,0.6220850525444218,74.91572605718602
B,0.21213302895507335,7.739568099736306
B,0.7300140350823632,198.02318429900674
B,0.6240157600858275,6.919295060587181
B,0.09027760367118386,42.240824852535496
B,0.8683722078714502,115.93774521473736
B,0.7335260443708549,84.88844383560838
B,0.15988682313830965,16.229654172700204
B,0.7361000946923711,216.3964312848977
B,0.6436106977083011,26.814846911853895
B,0.35338736888584016,40.86392201155914
B,0.24504573574054278,52.96366589138362
B,0.08477096802502672,2.712811658205198
B,0.46769433854119874,64.18332142345565
B,0.6744142162362621,33.65847652155343
B,0.5605157930679903,33.07100751075391
B,0.09198083402906782,42.15450776142518
B,0.3286755185888056,31.879207095598293
B,0.5347102357533078,10.464124747312862
B,0.824822640884259,24.696525550519752
B,0.28001105812959687,51.9760642944301
B,0.5196292219050939,25.334533568346863
B,0.6529135916720634,246.10512272937495
B,0.39784037988556015,22.333570317924114
B,0.7817369468032497,104.97412291625233
B,0.33700906205057274,16.353083507077145
B,0.19356961235858153,22.15556708663236
B,0.6906502882065934,167.11660099270935
B,0.3853637422203203,20.183295463231072
B,0.3173323290239956,30.095341792340225
B,0.24385746390710106,324.7407241279145
B,0.8052320001838479,107.97720305188595
B,0.9568502918750881,107.00292756555469
B,0.6831531311155691,106.19899881235462
B,0.4642315206426607,44.7558642600153
B,0.4659195172032968,149.09901047824167
B,0.7234731288109305,44.98451686017895
B,0.7351471027370927,185.33151377614703
B,0.8257248909663802,124.60770520443182
B,0.8084383266775669,311.5423231376671
B,0.3364248188006871,62.48329575995754
B,0.1147518869951467,12.640172090555987
B,0.4681995724194409,84.36117782817448
B,0.4890236866311269,217.59262378635376
B,0.20196938455354513,19.564165812274737
B,0.5714028278678316,33.52253083175219
B,0.371884949745784,21.33593015483011
B,0.1035754647050446,7.730583384977797
B,0.42374802621046154,53.96032666601861
B,0.7286807351451359,221.33059778456627
B,0.8620343722406263,239.77950221444252
B,0.528596290470716,63.35475069630805
B,0.8298058740413254,82.4402098304963
B,0.862111994009227,772.7602041037247
B,0.6712595341771782,244.88563394558048
B,0.5330304259062401,155.67745102168868
B,0.483321677230326,130.56076743343553
B,0.6905300548261654,46.994606356660064
B,0.7457142571088502,22.767826244581837
B,0.15152113320514707,10.330637311380285
B,0.17803376273157792,26.20191361447259
B,0.06432693211868099,6.868669107672155
B,0.357935254887464,26.920578028242062
B,0.22413884528776357,26.977548060015934
B,0.6751101940202959,44.78551117045709
B,0.5369996915513439,27.155260364796742
B,0.6474272569765399,84.23731865755737
B,0.21140435650762338,62.46344626597166
B,0.48438228935344396,19.939133500918018
B,0.7295971950244542,27.585686757737932
B,0.37617846477778716,42.604943533275026
B,0.10186908901130952,5.996664107971755
B,0.569025401122861,140.6586207093194
B,0.3364958249915163,3.0631028461648526
B,0.7171852312390085,222.29298220291017
B,0.33532849576457224,23.671915719886496
B,0.4630940555157814,84.6385044556393
B,0.6056515065281267,84.5222527426019
B,0.16028402342569523,13.844325368541659
B,0.39007549256119944,57.38964246355277
B,0.8883182082392728,182.47650391209925
B,0.6736192217981489,53.88728725708948
B,0.4084112796282398,26.62040238099506
B,0.40849892421764766,281.6917263739478
B,0.28328137990532365,32.42111742577285
B,0.88160955468621,69.95271859982614
B,0.6778511067013797,56.02328287707288
B,0.8715657454614358,35.550696326376205
B,0.28414210291185804,20.53703768517077
B,0.9057452349114126,70.98249461051938
B,0.633910459589583,276.09996633099826
B,0.902708791360713,447.546760466459
B,0.2528271875606793,146.40892416265723
B,0.5996135676642136,45.20857589626922
B,0.348315900628258,43.95872672784973
B,0.6445309348907299,482.908225116357
B,0.3305868486387149,107.33612863464448
B,0.5937462459264606,384.8202899903693
B,0.15768004964556093,16.301436021954643
B,0.48078164084291014,51.35130095008708
B,0.9126315504001131,32.44178514190323
B,0.058683691950010074,3.376930165868516
B,0.9299971352881907,98.8124285719294
B,0.5422583075962722,50.73782512742394
B,0.5607817371152443,7.262318718050351
B,0.8464556532868641,235.81065147431622
B,0.19757451695941466,90.42473423943369
B,0.39125365213281404,34.803854619886785
B,0.6793017597485114,94.16732111424717
B,0.9715325376202434,34.06659745854425
B,0.2584577060040665,21.325054456601638
B,0.6818778609949024,12.855759558506872
B,0.4768456880120548,14.742208795767063
B,0.7090502348345641,277.87579545261997
B,0.591497479699138,139.13101358879155
B,0.19221885637967318,4.123234724180522
B,0.4820307510882492,95.44833699661719
B,0.07163284053085382,1.4933113895478425
B,0.6586704806388195,31.22878528298699
B,0.13954244776601962,8.549139186103234
B,0.8165845531046171,264.7251994520137
B,0.3516134294280012,10.869200668531107
B,0.6979152147018238,73.71077616743281
B,0.6979573323007405,37.76378033642102
B,0.47826078027264024,57.536848578940244
B,0.30678261484737257,32.738694767971694
B,0.7166609400835487,51.877728666455106
B,0.8057500683347499,158.3707786699101
B,0.8834091319256182,295.618637470847
B,0.19331123866855351,26.564196091661604
B,0.3917910899746322,37.62096809134631
B,0.34151222029366546,43.66885463141123
B,0.7417110033131595,165.31232349511006
B,0.4294594250144551,11.354086811794028
B,0.4855698945171882,7.105084848391411
B,0.3055024531509679,46.38246286971035
B,0.491570092111019,93.72660094197988
B,0.692288024568603,106.98478149215713
B,0.84034403671959,126.94467776619896
B,0.4414385651966805,13.034266472931336
B,0.26166203332303645,53.963208632340695
B,0.7020625674805728,101.70166523514592
B,0.8510060276937962,34.93432369363988
B,0.17352622880757015,30.777429253496344
B,0.3832209039019746,20.843306356151796
B,0.5087695959262512,25.944935361538676
B,0.3606690590820038,7.644884951063853
B,0.8803000329752898,33.196632631885784
B,0.748950253025315,72.5300596101696
B,0.7882561919214401,99.43615176268789
B,0.42361272634286373,79.00647562661972
B,0.4351308362225035,36.986310218788404
B,0.2767376135517824,54.93519494014679
B,0.16864641563223853,12.843001018534462
B,0.5358881644118231,91.87161882734723
B,0.9400051302462158,86.64920017629122
B,0.8309977167190639,42.0157617176756
B,0.7921824517492702,43.28124217337401
B,0.19288055333360116,46.71176022825094
B,0.13129673725033286,4.2386754589850035
B,0.9092109705596779,518.6304249166651
B,0.09605111969569563,1.7598835263517905
B,0.7048514348463142,171.00084964423687
B,0.14148269314746234,17.554773503315758
B,0.5114139736013151,207.5662603116451
B,0.5458930620005166,26.133501303171986
B,0.13764059869295306,24.171886103315106
B,0.1012326732825488,2.8984870654107247
B,0.5714501868389054,94.55471406241342
B,0.596032243238349,67.78072357743989
B,0.30084350709897056,23.563605661523756
B,0.5872545967130268,43.72917428765518
B,0.15994989854195965,14.411819378207928
B,0.7996584165591626,19.323745562677118
B,0.6279389476112516,145.82443558619812
B,0.6837009733609124,782.0551904109702
B,0.6672001955273386,116.84191176930462
B,0.5138712280024074,20.271550071877964
B,0.44247527544046944,58.135770040034885
B,0.6539575102178399,91.82316142037173
B,0.6019181255119836,67.71791779038989
B,0.5627533539109576,13.546756468938183
B,0.7990369444171064,65.32384912007413
B,0.4900964016796313,72.58847088175159
B,0.3065318715591795,67.75117188340751
B,0.33595174540594186,37.1845658610977
B,0.45889403807263035,7.810739052111909
B,0.22121838116173362,86.2316512271825
B,0.34171625660815497,40.927731934608076
B,0.6113280851421362,202.42001789850482
B,0.11776405624850414,21.86282951832459
B,0.21933895060683922,120.79701592712206
B,0.6668746054896609,29.00366961545739
B,0.17623600407754797,67.05590121652169
B,0.24232713869461395,58.98834248978086
B,0.2708975829419911,72.21196801891982
B,0.1586471211809801,3.906253496320074
B,0.775829770725245,425.9412387878184
B,0.8119882879139867,43.46321730367926
B,0.5259848869207753,28.20390725262442
B,0.76999691760003,27.758515726529005
B,0.6716602467946616,54.856646965297166
B,0.7165077481618578,60.32674080875006
B,0.8839669901183919,50.42943384097067
B,0.20149610590359404,14.770765734063254
B,0.660524440011951,126.28689746467073
B,0.6112889249650725,24.27436810419647
B,0.8406285245916263,328.1922595631221
B,0.7605320962918887,14.170878760451336
B,0.6296309355114751,31.893258060942582
B,0.7486739252894407,52.08673626876968
B,0.15259717604396913,7.158182482597341
B,0.24836387061921228,39.93947471553129
B,0.4429893091501666,39.79296472004102
B,0.794291015643822,29.857142896360273
B,0.6460230253729602,467.85818608180824
B,0.9333986301117436,20.421201053313762
B,0.15402763581858325,13.375510129407541
B,0.6369897573886063,4.398319412495653
B,0.5480069639942604,93.8427611256374
B,0.33484042041545425,14.379187046379375
B,0.25860676314721803,29.998901533939613
B,0.8293721327981908,179.1087358626397
B,0.7573848792835057,100.4713555915938
B,0.9028084699321568,179.5162234022138
B,0.4410364268752795,22.394027441445086
B,0.8440551869950458,61.57622769967757
B,0.1592254677155711,12.503988862283563
B,0.6745989591187523,12.78039004900618
B,0.374291653381163,24.860200456774976
B,0.41995098473866593,88.60428470144146
B,0.18778372109193747,56.84304641736833
B,0.16307944001460836,18.470425462631304
B,0.7275862376226316,97.24150631827301
B,0.4532807762814629,101.7125687174029
B,0.6775679372225749,118.06841658191328
B,0.6296439675346126,81.07044287393319
B,0.5619802014123394,88.15850814000424
B,0.6684883859406454,97.15821605325878
B,0.41705864097863665,43.475418690602766
B,0.858671033579133,114.62378930153896
B,0.3709971916144821,130.46577711435927
B,0.06920887537911775,18.796821835608608
B,0.7303002077139494,90.73486089711682
B,0.41337357773638667,45.05530710881867
B,0.300036229629225,29.025784296609284
B,0.28157657047298285,31.478560507677454
B,0.15451654918392374,51.02834614173439
B,0.9029533651342506,122.27257522207798
B,0.5602617070900565,34.97983082793481
B,0.7549505147842211,40.08418392727941
B,0.7184198619096409,10.945375048439937
B,0.3146535455582196,30.66717166109003
B,0.9044917073555201,127.01282723831143
B,0.8914419438742366,140.4203941808722
B,0.5383930919425236,48.56607761008992
B,0.37513427388699816,15.040661710761636
B,0.621379900105229,36.03191980078264
B,0.43730688871051254,42.948378375272476
B,0.2837101454352538,27.77486942107408
B,0.6136465692707412,187.87489408859398
B,0.7328014812567908,192.63220556137523
B,0.2224114969113505,7.151463583896953
B,0.06549819226036631,3.8122511471508136
B,0.03353016391181391,3.8307206018245323
B,0.506760745721046,37.44149216680422
B,0.12297606242483972,19.99469438747653
B,0.4341757530532449,9.939788750279474
B,0.6798451892994933,39.880006476618824
B,0.7980080541284391,88.99283171073836
B,0.479756512340154,40.98370402628069
B,0.7124528089641965,59.80127425862716
B,0.5872612342869218,80.76032896843624
B,0.6373331572615256,17.969527000918234
B,0.4301824645558035,85.10930254540918
B,0.7925152407560642,93.05364135487598
B,0.4856360713495129,32.738708026063115
B,0.6406953457719816,2.7122964207238143
B,0.2117814963814962,5.585952385748404
B,0.19753060224340177,81.34329897372461
B,0.06474910835022507,8.689912061082495
B,0.7629956990330639,52.56222758043113
B,0.7035575766424431,89.40607821846682
B,0.8001194442080857,99.2333958666753
B,0.28887447613067224,18.615064609060784
B,0.14103427917606068,192.77691919063676
B,0.14452727735299012,18.903268737415896
B,0.7140639885621619,218.53345027405007
B,0.292931930070932,30.598869730714295
B,0.35801636747479304,20.767864544279462
B,0.38905056723292586,10.484416590010847
B,0.23134396183848696,9.530533758945543
B,0.14130169107920046,69.44716978250281
B,0.10113385359221708,26.820941038649206
B,0.21260661864177657,30.753200565990674
B,0.24940404975117825,23.97801731887513
B,0.28101679286105175,147.99059612802026
B,0.1261952400407478,8.38911632703001
B,0.8211408865199734,54.436072568853646
B,0.20417869229852142,56.55479843440294
B,0.6269073426828573,43.04506342695782
B,0.16607348515353512,4.996103162901211
B,0.864173885488631,110.23056876746446
B,0.2580279486225736,47.91501063874861
B,0.48376482789570696,32.36872470037094
B,0.3134562371058122,5.774558813005211
B,0.14503319927863348,4.862167719437144
B,0.5438171370807822,185.5292230325868
B,0.8288214122909765,80.01107166884994
B,0.40170951469310306,16.745004094105443
B,0.5018645739875546,315.6211487203428
B,0.3526685828435788,60.25945218098493
B,0.342379228770147,44.7132297468229
B,0.31344025303470635,221.24123083312563
B,0.4636328571710402,215.5535186593602
B,0.6266099606017937,71.62417343277025
B,0.3877996977485987,9.097510876525485
B,0.5784753948911494,19.013604511254535
B,0.9101736560454772,284.12089368144274
B,0.357576438483207,151.45732503530306
B,0.48822170340247917,116.50043069112722
B,0.7964951278269812,81.36814896039459
B,0.9635334617539564,64.14450403594407
B,0.06550096024309797,7.63961467705311
B,0.7511482142868141,90.28146977147729
B,0.8281840290546381,308.43701468785775
B,0.033451078421127496,4.3473160177817025
B,0.09089322520694913,25.8984693637993
B,0.36823058642168877,27.78023169669121
B,0.6662610861621171,19.57662469900484
B,0.6079205362558759,91.63942663659374
B,0.10915363529087967,9.760606468726177
B,0.6232365051789381,24.591086385762917
B,0.8026474685875108,67.79674795571958
B,0.35220295250566885,276.41723889702547
B,0.47418396240290694,35.67601014723937
B,0.42295866940557647,15.093310545602828
B,0.41373363863194335,86.85111456193984
B,0.23031528573887988,15.711306462002197
B,0.629224412220757,58.90910148714084
B,0.21820666606069625,7.666991445981687
B,0.5308596302251266,87.73525415090626
B,0.29024630636250404,29.856474262031274
B,0.5205832604231525,462.134292302678
B,0.6326889212606512,75.28364674338941
B,0.6337643722855577,6.820631339251122
B,0.7861859323642183,31.133450337606856
B,0.19946376866055027,39.25707249634059
B,0.43846235092564984,118.02009416114754
B,0.737024076294858,33.15219106552045
B,0.37595493718805095,122.91575483375911
B,0.6200313215740635,16.333890483609892
B,0.45044369770902665,105.71137893703225
B,0.29338295479520043,84.78745608392556
B,0.7578220949527738,647.078681079331
B,0.12131450404446975,7.187363706175821
B,0.5560693398883593,88.47383535728319
B,0.8238371061212145,73.35838546086063
B,0.6278409814513056,70.14866047532082
B,0.8776064371184881,70.90884323447253
B,0.07780263750322268,16.573778128182695
B,0.14984919441783345,50.31948294781675
B,0.32420161039269074,24.579152940789275
B,0.4573067835885862,53.10194312813013
B,0.7713966656326563,31.232816033700747
B,0.5228300169283314,152.33412221915702
B,0.37836133210572254,12.69655273769395
B,0.9232227089828968,112.7667898882377
B,0.38464460783588256,16.116651311967612
B,0.4768860562017747,211.75212110620933
B,0.4107977456600453,16.61911659970851
B,0.28386718025143864,66.2094261995777
B,0.2734644542357266,31.613568096046162
B,0.738590054646619,63.686287882201235
B,0.8984424464466997,1000.0
B,0.40907395093156274,104.74537095979363
B,0.36518004838150864,146.91842432839246
B,0.07109355540092029,10.692483350222943
B,0.513533461170021,302.30018984018136
B,0.613913500156133,9.24346251785368
B,0.596811697634907,98.40773680843148
B,0.36168791461202443,165.337304036197
B,0.5302764641668798,27.17793933646901
B,0.5348588751735053,28.316969036456587
B,0.5628089823199625,61.293270864843855
B,0.568502201884456,25.02454804374433
B,0.7010906388646894,193.59647267102076
B,0.29568606233805733,117.4365859661242
B,0.3278730900280116,27.993410387083255
B,0.7831076830118776,46.03317423279159
B,0.5895869721746743,33.89311376351587
B,0.23800528989119682,21.248857555000434
B,0.025049202605985674,16.057994493897855
B,0.3722372838265873,4.591061511707925
B,0.8173096659335085,51.26790388177384
B,0.8522850239948688,24.36268331174662
B,0.3057226455603201,12.684378178678113
B,0.48184906768938857,260.6944844186186
B,0.5292073584203653,108.58849837355054
B,0.8273010662598732,61.67989461860535
B,0.7982210182619331,174.56200257058927
B,0.6575799116481903,130.7741248070046
B,0.8608687456899071,201.64561845927625
B,0.7808631453101839,27.62686192095394
B,0.4231218532168881,38.68594670601678
B,0.44709423393164627,72.94693105670275
B,0.9233862191757387,31.884192986868378
B,0.7959243583089646,147.11539868802478
B,0.9857654592972633,626.969378713199
B,0.6725217225368837,236.4415260378833
B,0.8700827743228071,193.53635806111765
B,0.4359657860126475,28.70527125912285
B,0.21737507910610016,23.230554850961703
B,0.6256101730593839,70.3280079051926
B,0.9551454986660461,264.85926143525074
B,0.7167104589832866,68.29782911819699
B,0.40003363357848015,157.2280909519751
B,0.21868594784666728,17.36567525306202
B,0.13009879338242675,9.216955081300878
B,0.5553892922162122,111.45897048250978
B,0.923376852060523,59.74419449123152
B,0.32395903220909233,19.174038902268535
B,0.7869284139094299,545.8239056587038
B,0.9124640286806994,59.46690586718404
B,0.2791279136655686,127.88645371390207
B,0.7166531117594167,31.96479489634402
B,0.542895329715391,156.87761743659604
B,0.7309644472485414,307.8222824101493
B,0.5476878699204754,78.92596221355925
B,0.3666481521649926,230.9661101370452
B,0.5764953527747744,188.14512882285604
B,0.7369237946566141,36.2992601587103
B,0.14252856709744466,9.119072360948257
B,0.5568494333583925,145.74140214331615
B,0.5821789727455211,240.28480262800232
B,0.17302788273211897,156.15594246748708
B,0.29955486730024694,32.8051088532167
B,0.3483214905358068,404.9579870840983
B,0.34987812409423263,11.969670759670636
B,0.854256170560033,506.0320979551701
B,0.43205568665117605,40.88382336627915
B,0.5183529926472472,827.6026286257083
B,0.7196064835990916,17.93957539819637
B,0.23432569148574464,133.07789928093064
B,0.4682629479456195,13.964797139324556
B,0.5793786472393411,109.1763800854347
B,0.4159073810143203,3.7808523196389565
B,0.20967666873155433,8.617275912788354
B,0.25121040539431383,44.80894968482986
B,0.6613168288759531,248.92169102772334
B,0.7369419156241123,60.54627526718215
B,0.9151850469259657,106.44000973052508
B,0.24030859627964993,41.205642990332144
B,0.1890882375129931,78.56111800838842
B,0.822202898386427,35.97101578039463
B,0.25699274415815426,19.270308438459125
B,0.37447589370151485,27.136853511879398
B,0.3381453155828032,38.96364921734395
B,0.8561594891461006,40.82436261002862
B,0.5961367617564731,40.758426073805
B,0.6068654063735537,54.166379131960504
B,0.2922034104197406,38.68059477383799
B,0.3716893738436872,76.26584291132546
B,0.5200291810196271,188.02131905611355
B,0.8801473872076094,30.57839451285741
B,0.36936787748702576,16.63574026289271
B,0.6454289162673656,8.694869380463961
B,0.10792452880254151,77.37854172088645
B,0.055650584417697616,1.5735496163228841
B,0.3363210373590475,18.39543757342563
B,0.39419749342767957,3.2467631257415377
B,0.6993676136846306,24.191804497121463
B,0.11787311464198515,16.225102213449215
B,0.1597359031133313,9.361315979294773
B,0.061578640861235816,8.332918376022182
B,0.12021476702702122,8.553982810715086
B,0.5673217008680922,25.410552633734042
B,0.45735340605795055,377.259773316442
B,0.15528993427909696,65.53801326947502
B,0.8201958014492884,41.00336018286538
B,0.4870039912597803,52.34328659064109
B,0.6443345193213242,48.590172179404476
B,0.814144620452655,208.2963251769022
B,0.45001093453086866,73.51125293927156
B,0.4322994207088479,160.88883286188255
B,0.3689714923169067,46.93179958401323
B,0.8240541023789458,8.446141535461413
B,0.5553461648955489,68.66604301717953
B,0.056463695156947005,9.082306205200831
B,0.4995657993259607,75.21133323779537
B,0.8205298731482142,13.826412876153102
B,0.17419320675964634,10.53181627749987
B,0.20635123282688278,13.51729781603214
B,0.8084509155806218,64.19510409092787
B,0.28107180379699165,9.689658410524212
B,0.29519099289289547,28.30639284296954
B,0.3242576604855094,637.4165161072175
B,0.629941004567754,61.30860409888737
B,0.5599810780515083,39.79733971244302
B,0.6779504699925422,195.52092279796227
B,0.6962565385435405,113.37024990793688
B,0.8800091934411711,18.85292626137496
B,0.541918568293427,38.28659517415677
B,0.5385691803381784,106.11397255160324
B,0.10076687888510377,18.066400708825554
B,0.7203987387791093,94.9658004986674
B,0.6205704334817713,136.2043643263114
B,0.151997606858901,12.410500331500023
B,0.7183138313580433,39.686674436579885
B,0.2711875099188878,106.95683339289434
B,0.6944476748750125,28.192514223881812
B,0.8295591467744747,34.69166550636587
B,0.8242742878989526,139.9777368071924
B,0.5418479724213199,386.99186563081355
B,0.3867719922617658,61.09532527098692
B,0.9001175073330714,79.96150168374632
B,0.8136686805882885,516.837967400596
B,0.5508555573134938,49.05985573993084
B,0.5103474755366986,111.89964474187458
B,0.2609966101631605,35.85785249043555
B,0.3557062808831631,11.012211941471838
B,0.6089492985328016,4.754648230600025
B,0.24606776523031063,257.21278378047884
B,0.4699448114130421,42.506869550732965
B,0.10593350391900885,2.2413548332587347
B,0.1711722777301183,19.18129419173787
B,0.72321534107563,53.97460438996754
B,0.6186946030519079,171.2453146319741
B,0.9330722409447922,171.53370363391252
B,0.3275876178828138,109.66479069144435
B,0.8582626875062049,178.82790747234122
B,0.6227313957954985,406.9785552455903
B,0.8404712174538614,131.9309107833693
B,0.8526872847871488,39.63478282115482
B,0.2583858080363931,24.70219164871498
B,0.910044020678262,100.6574318457802
B,0.4833885744674105,150.2386434141908
B,0.2276346919158979,9.64092044891088
B,0.7706631677999232,176.75743601355273
B,0.36352074774652104,5.906942681310715
B,0.33112686525112994,39.32386820173192
B,0.6734540094039936,101.21844383877641
B,0.2481361600504053,194.48309141830885
B,0.4651582746542133,22.263909065234646
B,0.4579531971955567,36.43236359538599
B,0.7847892190108574,485.95777220045005
B,0.7335066902758587,69.94134879390406
B,0.6747713098663702,161.70318162628863
B,0.6185656150607116,156.19208390613315
B,0.8182541144131619,69.49396201358402
B,0.3014526057084638,52.21668410993342
B,0.44471110360328414,16.593367242324984
B,0.5262452618386981,184.23590078771036
B,0.09233799288639633,7.978602208883901
B,0.4334974169826407,21.757780867095583
B,0.7323565982784749,134.46754734981195
B,0.7098002548071007,99.25322210028438
B,0.44874153205980094,5.126342319038258
B,0.0736526054106977,6.013924266168866
B,0.17671614987371045,9.075745425648051
B,0.7361400941579603,252.67431875135642
B,0.893342232749182,136.48072114200096
B,0.5810401687606621,24.997133658232286
B,0.7998589886254096,447.7586882217976
B,0.8717892967199554,88.74575741813929
B,0.3814334662406978,41.013854108442516
B,0.5511062726931676,41.74184124978874
B,0.1316782414003157,34.84495526551592
B,0.7771957340017553,65.42361581567293
B,0.8521820564963266,108.90404636017895
B,0.3290384464280802,31.696259579918326
B,0.8549231838705511,132.1700975636184
B,0.8073637902989246,195.7046854618284
B,0.45443367715217875,13.9205501901151
B,0.7982472166867965,39.68701218284928
B,0.5270672285037595,62.980677329434364
B,0.3319457190385146,9.202815068646093
B,0.23704434351536638,37.3592021905543
B,0.6097307942094765,18.43405076790511
B,0.08262387497513,60.42098486780108
B,0.3856967802814945,60.74287422843143
B,0.48333823653306285,93.38523915449372
B,0.36426750394687923,17.016133533975175
B,0.07575822692218591,2.3641224524558826
B,0.7821304263449333,123.86283414422128
B,0.4670350053885947,31.26516133577415
B,0.1741746793906438,139.99581030741643
B,0.8653513279393203,82.91133399571643
B,0.8044410860020569,157.45436356755317
B,0.49033471659755823,31.530025682410656
B,0.13103716072872204,13.631293544630743
B,0.519830944705949,87.23104209980853
B,0.5405661022886251,170.7536621582875
B,0.4678297287425273,25.776195107729976
B,0.27446593079582216,38.73841297470878
B,0.3806502099939379,22.492255585317494
B,0.4140150963987909,11.936901558140663
B,0.49377786264836077,81.53070064651858
B,0.7774534603403374,179.1566076143988
B,0.21028805564111744,9.076005716581209
B,0.6427267516797195,288.5112464832566
B,0.5811729559013666,310.2187304133004
B,0.6219206232899402,61.34800843374628
B,0.2527383406409376,32.818253942753316
B,0.5320424742368077,208.52461662328307
B,0.2920519854476583,15.907066884831615
B,0.27997930039897045,74.41886123217792
B,0.1770030848092453,18.065964120063256
B,0.5191337742240281,45.994685214108436
B,0.8686971898485265,13.225864322394502
B,0.6840193342437974,127.21450754786605
B,0.20199946062898427,12.192814954268737
B,0.0897210125687809,9.712580361547172
B,0.5449825226926882,203.50053920498823
B,0.2804677908029401,31.189375042124077
B,0.5592379358253285,216.06339203034048
B,0.32835523279967027,58.71498962469131
B,0.49617751187968545,214.6132376602627
B,0.21307501065840706,26.079816835953018
B,0.8401539391319583,98.88573080433684
B,0.7258391188111762,231.01139398707383
B,0.6154742375388232,128.13815326377855
B,0.2692126481880547,50.32418414425587
B,0.3481510117571166,58.567148119718546
B,0.572180697744882,13.508070968466926
B,0.5755092599808824,74.83250046181635
B,0.8001509276820146,29.847656276084322
B,0.5484408082990572,16.920642388419147
B,0.4297229948898742,57.5836474028871
B,0.3662340391367375,32.19223454941885
B,0.3059051865023662,3.523129611633328
B,0.720972384599143,68.12593227126202
B,0.7872997572856644,42.50517020748209
B,0.4767299636820424,59.93145253176038
B,0.3669763714977916,7.928625301764396
B,0.4216056782307531,16.494253218393588
B,0.45738053050456545,86.1628153363996
B,0.6702807225651756,62.86485722401068
B,0.9071025973211279,60.29594506410373
B,0.8115280124902295,23.321973759410167
B,0.5153067001767281,74.1127493699932
B,0.3329669921434664,54.8644225235953
B,0.4379642481420032,28.95039290367969
B,0.16087859123709014,4.636400291339269
B,0.7215220964115237,159.87221899915897
B,0.18233159237578017,16.169322596267772
B,0.3279846742375763,60.687927391938814
B,0.2030404867152081,95.94488359879765
B,0.947740435136109,308.44469965012235
B,0.8493150584111092,93.19379338553901
B,0.09796359505105474,27.638865513985607
B,0.514142705950873,74.38797381694543
B,0.6457802460005279,27.29682492867299
B,0.9430215135942225,44.43804725526856
B,0.10408584675246046,19.40143230673833
B,0.41194388228900874,24.023068401819483
B,0.892330036558039,34.31571826520572
B,0.24966667345628143,36.3572904444844
B,0.6598198459448738,76.69288351055414
B,0.5016605592955463,114.46412391649747
B,0.9551961442538187,122.79456256742883
B,0.32061506422870595,16.174432379751376
B,0.7949214401983384,61.16145926816928
B,0.7567404538333127,423.32804057666027
B,0.2131149673172986,2.9174385173670303
B,0.9060899497674083,177.4169180866487
B,0.33245307700212273,23.972482298845375
B,0.11771973876909061,1.2064358715933463
B,0.7007384573346753,82.49921439731494
B,0.016335408304340618,3.006620798959773
B,0.23613870042217314,30.715273831793656
B,0.6038372050799564,380.674934414292
B,0.3693275847347377,30.76286448932879
B,0.7182179731244327,251.65604456972005
B,0.2933199976886135,17.326689822088365
B,0.2473708550644729,166.4903848432469
B,0.5139074832133542,95.80937787581901
B,0.2381690786262519,97.5762270789526
B,0.09541654225134087,6.572901620930704
B,0.41484314514206994,31.7046949097627
B,0.8311743995184159,75.96305302044195
B,0.489356409921599,127.6285443801106
B,0.70784611597132,32.300534689353896
B,0.25785428469866806,3.9996086508614175
B,0.1934921191565447,33.56283867646684
B,0.3846528068158096,81.6279327428478
B,0.3212566642225722,4.975111759768687
B,0.4706736631699854,74.05857451649076
B,0.6756285851157081,44.84302723511766
B,0.2604030962922473,26.089340493649203
B,0.2968559940422814,105.72629696264059
B,0.550174925243658,22.18601860525365
B,0.9026656314683982,44.71678283146651
B,0.44026674015161055,25.89899857161179
B,0.1958592232053859,24.137832246151955
B,0.5304930235642897,65.9265544139694
B,0.10034084606804265,1.1982752610700225
B,0.7802008968956881,67.29340735492232
B,0.256134694603027,23.010775009697266
B,0.8821807362330157,59.9424415691614
B,0.5805834963532769,89.9474432817434
B,0.5291972146539287,116.74083535348353
B,0.39913221904407353,15.867116256149423
B,0.6520879383040653,45.88876584543861
B,0.11664759746129116,24.868322820150258
B,0.330847076588548,26.35505352101246
B,0.6216942847035302,64.07194950807602
B,0.3425924472304683,121.16638057457324
B,0.46602022905772056,405.70124423998277
B,0.29602173666609033,10.555516546350217
B,0.5896896251918853,111.19805065595692
B,0.49892692845689884,17.66811969009023
B,0.4073825009781633,59.01448433058964
B,0.5499946274284578,143.9458746162699
B,0.12565166487499616,11.924016491787434
B,0.7950037390416524,566.2078246305119
B,0.25551770559121734,3.5849535934680974
B,0.5139991502539245,199.0201000602145
B,0.5410322538745314,187.04586797298998
B,0.6855870896796236,260.70136875225506
B,0.8477725819448337,14.42260864546859
B,0.6104682819384335,95.39315269552823
B,0.3517296827743149,21.94350004765979
B,0.035193130008479574,4.248598454421197
B,0.51764023027653,22.00142356159376
B,0.3982169079315088,73.24171440501162
B,0.8800244871974972,99.71428804413648
B,0.2946271652119773,52.3228161446373
B,0.3750104122128757,96.1865730627729
B,0.41701517399062055,19.81976324390038
B,0.4509745844746413,24.278671613514025
B,0.6691766493042796,76.01528542880135
B,0.5955600818113452,105.34168721043143
B,0.6143929642535546,219.57431089606806
B,0.05777030228894991,4.964908074305492
B,0.5382963081892326,217.28851848053225
B,0.06548347883444497,20.413724899771598
B,0.16260879303474543,17.560190530801307
B,0.6764083612912579,58.111073310251875
B,0.7594456503340354,102.10641090783031
B,0.3898422731244329,53.097605581373415
B,0.13455364738932296,2.195510895751261
B,0.24594639507399038,17.19805749242169
B,0.7251317075683733,77.11644138273587
B,0.41451874004388156,356.03967207500335
B,0.9796165430924381,214.6181568532215
B,0.2756405881661536,91.15319399023808
B,0.6922787680359176,33.98842827983178
B,0.2463187073105015,104.0142463530474
B,0.786620082729167,26.15225467591226
B,0.778159420008395,43.79649211179721
B,0.14211911344944594,18.530066633312472
B,0.8243499777590304,31.66558130470503
B,0.7350955473828756,61.5096791943016
B,0.5395664755912809,89.36520113611016
B,0.20830182005225673,7.116007936333782
B,0.5715056215602412,44.377121926870075
B,0.518127317751119,38.24123343771673
B,0.14691578417413625,3.929290958846944
B,0.5247974810974692,13.61440786698585
B,0.8774636941598559,264.10546695892236
B,0.18778720453189301,12.704573334097784
B,0.5589981098749861,191.8050808588913
B,0.8463087128447021,91.52027896441322
B,0.8379330995161067,101.32612479685851
B,0.5194364259977325,89.77801389969223
B,0.2508910760251551,14.859649308940469
B,0.5026390535801791,154.58762569543626
B,0.44197992997495583,34.582922577682716
B,0.33130908657722613,24.380019715428805
B,0.7615763204084539,60.498521988792945
B,0.8504157337005209,79.38618252391849
B,0.7343427325261929,174.6935100777528
B,0.67658251833655,36.90648266215297
B,0.8209599900494899,98.902392133138
B,0.9342027699385049,178.35426404995982
B,0.7803529723515815,45.899823993536515
B,0.29822564087008,7.098504894647103
B,0.45172041021461146,137.73624779162492
B,0.8251684868078877,14.967515162712923
B,0.4995934957006033,43.50352568080379
B,0.6027558082812149,29.17945084913546
B,0.30978733635487077,39.55085454395474
B,0.8510766301401922,171.94026292851947
B,0.9628015553675819,59.596541748717485
B,0.20473710570994452,30.77032749037727
B,0.17233304897546264,20.233571437801043
B,0.31127859800894603,8.665532871468812
B,0.3552126616001634,23.060845160050334
B,0.8590423679795781,122.49454188303474
B,0.4987623474209651,65.4091267279649
B,0.2985988342916468,56.9803244558232
B,0.6827782911148875,64.18899548838559
B,0.28333691352129176,10.602651760466921
B,0.7694585172651717,147.59368024895022
B,0.5150006253561425,18.595365463617245
B,0.19206354521925928,54.97125439523432
B,0.7836243814361464,259.5829216052031
B,0.6489115234324572,176.25991418754765
B,0.06755022451676944,1.0958718187933691
B,0.5630357239219204,115.31030235351693
B,0.5489139460838797,28.22068564133625
B,0.8439784800934969,121.28562558929558
B,0.6915288196341539,15.97771686902149
B,0.650079948534347,74.44584406753246
B,0.8051349175085635,47.068871547935544
B,0.11111334025950659,24.055641004537517
B,0.6299337710972683,142.2066115693414
B,0.6292408851050765,142.57938979059276
B,0.3388600689365952,27.60049369776086
B,0.7642406057494341,97.04521276873508
B,0.34138255382108096,13.00207614634424
B,0.764855765073716,114.66001569806983
B,0.29340352257704505,25.47435522932836
B,0.3808736466069409,36.29147005472503
B,0.5644295183815854,375.68566903441905
B,0.28293495816608594,61.79927047363945
B,0.8701140363098087,302.3027268113464
B,0.4880898821558666,180.411681507365
B,0.5192179428238786,57.7686208874141
B,0.626055646102891,17.599495336191247
B,0.8985205488493386,65.70690903731744
B,0.2857154024368353,15.372741629838995
B,0.34627637076877404,124.09083781794592
B,0.7517901756803601,131.5967405740759
B,0.3207894878969072,36.20444924907482
B,0.7798879877145434,47.07713269626519
B,0.5425751378962905,116.44972017750797
B,0.5406265546179082,33.88225294355106
B,0.6380867393948414,38.455050647043215
B,0.6337215465864496,165.79745621574884
B,0.24017031937597422,59.92740457791008
B,0.552130123043275,78.08115309837888
B,0.6216900939241504,70.13590193921269
B,0.23162138198090457,38.045469990503264
B,0.981280323631163,72.83639471013566
B,0.49499372854969514,18.422204517427954
B,0.14523000937990085,43.49962548804566
B,0.09012811105098437,12.88343209309977
B,0.41558268747622323,52.01075958071826
B,0.16283825089776297,21.642126194433498
B,0.1177800997304667,48.42984994415516
B,0.349559779602803,143.68199455640365
B,0.819658368520807,61.9377521053296
B,0.18089635752284625,46.71984128863254
B,0.5845293581144883,55.30143141157574
B,0.5808472613714467,35.496600229925306
B,0.7295392074437911,389.55260971508943
B,0.5729713816709247,51.41973856213682
B,0.28243989365669697,76.20299676089344
B,0.6895520946046527,55.37928640378536
B,0.28417129770198474,8.247138940882772
B,0.8339220388825264,77.37928779748802
B,0.2809980322783624,111.776987928185
B,0.7382360472500452,192.8969174914871
B,0.9158925810348914,44.93576799145495
B,0.7475519386108256,88.12184610838877
B,0.1278932366376384,15.121965132725226
B,0.9361223379473265,72.55420570583267
B,0.2287473882167478,15.615887659835991
B,0.4903051427625108,19.357311226681357
B,0.7408699644928316,32.26166684343947
B,0.41052507264350185,55.59145402121881
B,0.7442244284188667,66.59699957505336
B,0.26806599431689465,24.060195344639915
B,0.6129895455448175,25.615155404354653
B,0.1312449383027452,63.997094232432225
B,0.19079009142955689,18.54563887574172
B,0.3649658819270888,95.3277028315788
B,0.6526284669100051,61.36412483413425
B,0.18932111355870115,12.384887515761454
B,0.4681035952866253,56.162647120742406
B,0.6622685724877604,16.806861525237714
B,0.6795008392856732,87.19883484834597
B,0.1105287694605184,66.89440728648584
B,0.5337336241808643,282.9275767535965
B,0.6335479176351441,17.168889205312798
B,0.38002166658657116,46.284426572405124
B,0.9594052578878712,24.349303123256217
B,0.6313604672270299,95.1683655475361
B,0.7180110749510655,172.77856470646617
B,0.7369293052177516,133.753127349454
B,0.6416616485707847,30.552441905850035
B,0.7706984405409444,98.353234443529
B,0.10852516061503606,73.61383175243851
B,0.6945483828133333,127.25372994384246
B,0.4086440406328795,44.069973236357974
B,0.17351658963010166,24.68967783003037
B,0.23670427206113054,22.73829140916495
B,0.1971749331941889,11.90456199670013
B,0.11542456017660616,62.89794895878132
B,0.2871317219571022,278.85802159187085
B,0.7236691429130674,178.3162833771096
B,0.41093162570972636,36.8280896840451
B,0.2906245196709605,37.432900472671584
B,0.4813288310638444,10.920874656637334
B,0.4883722003535508,56.6993241096892
B,0.7099955361081307,117.9575842882892
B,0.8889891964520058,152.5228565671747
B,0.565731884091272,160.64016590591382
B,0.16298735409500537,8.055451308691842
B,0.7307583418918514,28.92198273404316
B,0.12789212833804053,6.156479857042676
B,0.854144702436156,68.69576499328028
B,0.3385820438369058,15.860154290934656
B,0.058432266004574164,3.7474539382449
B,0.368977528919566,23.86600067047622
B,0.8749309981534283,28.55783442001997
B,0.1486778976985586,78.62149989468368
B,0.5836494710771727,15.932887717064599
B,0.7246929369696578,93.27092577738395
B,0.5203159381945064,228.64728306692118
B,0.8142437297716588,26.26554279138586
B,0.38185379511430784,17.025581963175874
B,0.27096615671571417,50.456496761200974
B,0.31006796721141744,138.27720152683406
B,0.5844883031708065,53.98203328731185
B,0.03399687729963165,5.033433479477303
B,0.6057725850928404,75.02141752640057
B,0.8676558497787358,278.5638898916486
B,0.698611926879489,111.37384069156747
B,0.6898771976685376,59.10323892897081
B,0.573593807532532,74.12341630503087
B,0.45140853402417147,34.02836221581805
B,0.29762276544603367,83.45051359379539
B,0.43389994762056044,61.435952571529256
B,0.1628782937409416,8.419417377450813
B,0.5973501974586798,11.664990860284275
B,0.4130102072546794,350.17094479407933
B,0.6448176306564096,109.4953901269287
B,0.44688033876456856,78.44616459489946
B,0.6642011238163432,102.04510023659223
B,0.5480793022121185,44.084735426495705
B,0.7171971464240269,134.27375309324663
B,0.836669613278573,61.049562239390234
B,0.3000069907917515,10.697513966376071
B,0.8041663368239065,128.37924711765254
B,0.920957224129695,222.37615626813135
B,0.07872061211021339,25.662212948204733
B,0.663827832905661,42.83378590568838
B,0.6075224487094353,151.98028286183046
B,0.7389687803400236,131.84799859024034
B,0.032756894303518184,17.86678501230864
B,0.1022586285753003,54.190111781004425
B,0.19827460852053486,36.02749317516535
B,0.28213017838811755,38.29107421226223
B,0.5890024491161697,64.03272628873384
B,0.4794864888406746,34.62574554324949
B,0.6605754853273498,43.4913698877317
B,0.9493103235638539,42.715156809776836
B,0.1566196853282828,2.2207745504266296
B,0.46033747507644884,41.90819926417944
B,0.8240076020887657,36.739351705971146
B,0.27950684972013967,32.11234754174129
B,0.4831223329450997,64.5864973633243
B,0.4432792845296823,6.181783733504985
B,0.7756454046473554,30.524055791204525
B,0.8493074260232252,149.38531218902548
B,0.49743735913475673,29.611969169018128
B,0.07709280054541705,14.564997843288825
B,0.8038458663725824,87.87275495136532
B,0.4007604234862075,15.547935823132974
B,0.5008980364975217,82.93442042257013
B,0.42999352337279884,20.056449404192158
B,0.9167921087149947,80.0375958957243
B,0.43681809354287005,10.661876298881241
B,0.7119448976387167,50.55767313997295
B,0.5237658939143452,127.53887060554953
B,0.44072335934887175,64.96265470208522
B,0.8285700630409266,149.87144819665482
B,0.6033698134276867,84.34509074966812
B,0.6595030368633484,22.23611803248306
B,0.23093562952342456,19.013848684290256
B,0.7988612383299739,100.20668720475985
B,0.6923331729749048,8.74039278955374
B,0.40540997078450824,9.24859763154026
B,0.4291750137562327,26.152126039397444
B,0.603025126918299,9.19046909734537
B,0.6842283609708929,163.33105756720465
B,0.7394693010436586,44.84246158201614
B,0.39143568751986796,39.00118040417662
B,0.5257082659138855,28.06570698131072
B,0.17666893381766563,92.91454247897227
B,0.32261321247597585,51.470381052276
B,0.5110949947989247,18.595207999677747
B,0.4652147244076917,40.9634221129257
B,0.2764886136175991,13.869251667626937
B,0.0506521888427685,198.84131695009438
B,0.3856405866508342,19.82026594293244
B,0.22194463168016232,225.08842524474662
B,0.38806549145493147,3.499993458564087
B,0.2614180145179129,680.7569734507499
B,0.06626743108843809,6.205247470880415
B,0.682048594968256,225.50125470074894
B,0.8231372917444015,333.24156855369665
B,0.28790259180482203,16.16163412195672
B,0.6317653312742174,131.3543347799226
B,0.9121720345659003,38.788024280918926
B,0.7169894111589248,207.96941768209507
B,0.36916853759354173,44.56255418922977
B,0.6081953251522855,22.36092743240449
B,0.4223475953304916,55.44887256909544
B,0.758158683815687,171.01318485375614
B,0.818755672096197,129.55608833737173
B,0.32572907569124915,35.537153418979
B,0.19255746992813513,98.34531394473208
B,0.2931312065767131,55.52790385877129
B,0.3004496692853013,38.73475816080079
B,0.5063835852929455,90.77131375725706
B,0.5993591935866013,86.30724023879068
B,0.6779172322583417,113.17760395166191
B,0.8286152553884772,74.47152673694036
B,0.1570773566044389,2.8040901658547135
B,0.5151266217476655,39.0859939554838
B,0.4224856536975288,2.6028952653058033
B,0.30567031611995527,28.54311617033289
B,0.5909475372273154,121.92697500985616
B,0.4275665571880837,28.245163282587082
B,0.24942723931349078,56.90075074702209
B,0.7629276586189054,337.61051587280053
B,0.23766615592957693,12.787428773727267
B,0.724118767926394,29.53002305657092
B,0.17151038118931883,33.20227527642271
B,0.0597616910560451,6.239401298313804
B,0.20378175959156652,226.46792795216763
B,0.6627320819651858,40.899517906764
B,0.5868079334256316,46.40404516602866
B,0.849705933943067,373.65095425455957
B,0.31530092011859867,60.02011197511614
B,0.2906935336744651,49.51209826905735
B,0.8144024595925018,52.99252492777851
B,0.43788027095866083,88.65357706037003
B,0.8177456453379964,355.30161713127836
B,0.723300743371863,72.31913869081059
B,0.8035677879290067,26.791874675851535
B,0.6395712092990792,726.7423726648844
B,0.8788316351596008,80.69642793271592
B,0.14434633976403813,42.48713561175523
B,0.40162496997979236,148.67597929506988
B,0.37331781542115167,48.855757722214506
B,0.46742586143541404,112.69913904451802
B,0.14853878660300385,120.44299133317455
B,0.3990112610536965,170.64729050056192
B,0.4773849404176196,184.9993660869262
B,0.13869154349973953,23.519781841200206
B,0.4081959609973401,24.66685404361584
B,0.4476433651099701,44.836161261953166
B,0.5453501073478305,107.1248777979727
B,0.533490423068351,17.481206752006383
B,0.10508266965144429,7.4588711938607055
B,0.20192395145728834,24.137762876777145
B,0.7446809269180522,52.02186237362377
B,0.6758775262123741,50.71452874045197
B,0.28617205679560054,16.887215932600526
B,0.151281680171877,38.86781262226578
B,0.45624747804681004,64.41338124871753
B,0.36290733580389817,52.77647674978419
B,0.4786952841593378,31.49811613563698
B,0.350352628052874,28.512987130612636
B,0.3631004608894761,86.11401594722956
B,0.40852494118007304,18.85373143398043
B,0.7473906084483954,119.1394873815466
B,0.3972899024895745,185.75922647941707
B,0.4422890539934824,128.95132010454495
B,0.5563411251983297,133.05136128582348
B,0.39167844447697964,12.451581495071633
B,0.5012872738076961,90.15365498371418
B,0.8197485953558347,51.666628076211545
B,0.5397516986672504,37.818186257867175
B,0.8521333865854238,52.16191047195454
B,0.6385044753676526,30.861177568579198
B,0.576165464186183,31.394777277796383
B,0.5287101529021082,35.13111925138149
B,0.25118381579964,108.67230402319225
B,0.5156133446409025,62.09436561216823
B,0.23033561797713648,40.1411367014564
B,0.9436079797493557,45.565370766173466
B,0.28377354295511387,23.338934504343463
B,0.7231042922199333,102.02331926300364
B,0.5193851855349305,13.693274118914763
B,0.19438400733480235,190.26234944239394
B,0.3016111900939716,23.07658305853526
B,0.8894064076859566,29.90629197263207
B,0.7623785410800802,164.06401927676396
B,0.3472333248367129,36.453976005473834
B,0.22383742057412814,32.693227408250365
B,0.5494750605607862,277.41613504700825
B,0.3446771088810054,60.50903389679736
B,0.2867633433779349,9.586800471538112
B,0.09080570663289075,21.5703432607257
B,0.6575021457021842,50.997391148330074
B,0.5385118427978681,41.353903116477376
B,0.6716399224033774,78.16539711595193
B,0.32068818917746345,38.451290550532505
B,0.655433215436985,72.13949777400948
B,0.5375573276603586,14.991061607987016
B,0.30284157769830394,22.967323621689907
B,0.47193727297605786,180.45919672201987
B,0.7371608262484175,189.66375655732938
B,0.43404632251857445,27.048447264814303
B,0.19418028777729113,37.952537134463164
B,0.37150609111440086,27.702722105440227
B,0.36374027607121867,10.072427656810447
B,0.19057583389912366,112.4372034391137
B,0.7241247605651615,509.09064441040414
B,0.6330616510672961,54.273049246954955
B,0.4980220859151072,194.570320405151
B,0.33336664630545004,70.27520142448876
B,0.22570253964479733,38.310208088267316
B,0.2534867306673684,78.4428354000588
B,0.5201305802670222,147.2368892407205
B,0.8144698674152208,84.01755147382748
B,0.46388726810777203,119.63465853434252
B,0.8232301892738172,46.416805908498006
B,0.6456872947351664,20.331615670202687
B,0.810358384590727,82.28841975427099
B,0.6049882455925598,246.17470964992918
B,0.38895103838766426,58.880798830953886
B,0.9169471480817355,26.636847134216342
B,0.2127448477346983,35.2622123847441
B,0.2036081903604823,163.08548850757674
B,0.1824339563627531,107.50307403003379
B,0.7329497297292011,11.569742942294855
B,0.622298230408084,7.121238558267803
B,0.6920934895411619,41.6185784875272
B,0.2763003241544126,17.156386446056914
B,0.7243914146111377,8.9569635568805
B,0.20788040631641877,14.855424331648276
B,0.2518803245573788,70.13698528544954
B,0.45410044580170955,16.68149087447357
B,0.8251658135881732,55.989385408239734
B,0.5763456777993304,113.51686513372191
B,0.7323323111763353,45.7613834087444
B,0.45610615849961406,80.8707769870888
B,0.4638445976150916,24.348119582210703
B,0.2755558065148389,8.402718561828491
B,0.06467079596618037,6.423449284806598
B,0.6458187137202577,221.23873282448454
B,0.18991786099018113,157.5834833368893
B,0.2558580927544406,36.62639797211184
B,0.5535006538286074,66.84808818793417
B,0.6799243119458165,50.07206594338867
B,0.6720920088355465,149.15117142213046
B,0.32666659717136287,27.12894815380854
B,0.2882221540986403,45.1301314069962
B,0.6926581811791052,388.07599916623803
B,0.7168736732924741,446.66822439144016
B,0.6095099373577805,131.25976392765776
B,0.6852484711035775,212.19918313268292
B,0.7142207982494393,83.20239795244923
B,0.4248559731417205,9.723145207890326
B,0.4483397266048232,53.934019170183745
B,0.7888180756696866,76.60478328158105
B,0.17687880110757023,189.68138124025867
B,0.44419594668602597,63.95313302272059
B,0.30122259331936235,14.936089369512315
B,0.5519469763912035,30.141332054961296
B,0.5653396261255212,94.54817001590986
B,0.39728757178676977,311.1763489505354
B,0.19403346908140315,48.612554664644016
B,0.5472590264793599,251.90882419829353
B,0.6563441303505521,75.78753810852862
B,0.9346997206643449,9.917199570152388
B,0.8787900359556345,138.76201979268697
B,0.09901542947318294,39.77793536695844
B,0.7743988829722332,67.81730969974329
B,0.5509666297145102,53.16363852424048
B,0.567581733033325,115.85934534500998
B,0.4128530093839986,50.59696639587486
B,0.5695049679659586,65.3094826123194
B,0.4459218201301966,275.4875998485797
B,0.5033535672622126,119.9132512234264
B,0.5885924994653914,67.70625022453116
B,0.04503078773146938,4.278491679460427
B,0.7181072181327287,128.46787431754487
B,0.5529078181926513,23.06599364968859
B,0.7398710427722582,29.64273778550563
B,0.531875792138978,146.40538311792926
B,0.7389832412403108,62.67235972004857
B,0.5309959759048637,718.444910929033
B,0.43401321675205123,22.983119199294503
B,0.2523636477080343,94.39900841860917
B,0.12140049971410546,4.693060557553793
B,0.3666177519002625,31.608723430554654
B,0.332507786035438,10.421257759593413
B,0.0720192308015738,25.07049148495647
B,0.7711491434740363,60.538402955743955
B,0.132157320541599,7.024690915452458
B,0.37817527450935406,371.7794612587529
B,0.5724924786387529,15.607612086628095
B,0.37223099722106745,14.566958902833212
B,0.40855890192337607,66.38116203955286
B,0.8639757960102291,312.36791793201354
B,0.6684649048665868,227.34404874476348
B,0.3186151289921266,33.09410158607186
B,0.12027040994101827,3.817055600259778
B,0.3444650607036694,59.71801442135492
B,0.8528191536376902,66.16683394973478
B,0.6639114972962755,105.65956098966728
B,0.6820389423049553,68.28901548059703
B,0.8212653108179603,57.99287335840077
B,0.7676249190604327,148.28344433195812
B,0.23211803560616937,7.399252963692963
B,0.3918758662375207,136.85638304581101
B,0.532150853027729,43.07366151138195
B,0.3899491400734974,14.414264799935664
B,0.528445837618824,45.56237816095092
B,0.6755421114332977,140.88365477275664
B,0.30713204483465323,35.66894337784369
B,0.7609273970732429,269.811923027385
B,0.7923918309121823,29.978977363611364
B,0.2929708910961899,22.52970851911758
B,0.0709811744899664,11.661190424220296
B,0.45980512674448076,47.11013264013372
B,0.3782870766219955,17.860668698683394
B,0.33131848120837626,16.01657289131381
B,0.3323460575655613,82.61643650716134
B,0.6113393418961773,96.49299205771182
B,0.857223590362193,83.65104051324721
B,0.1615240467028902,16.153072863729438
B,0.3990865363744643,71.30284958504531
B,0.563591120979903,48.45276905003574
B,0.9272749467565091,120.6987360553804
B,0.7189149170850578,341.5205331029205
B,0.7817320300424113,76.42852363780466
B,0.9092446555525604,160.6936514057161
B,0.6122321287515076,59.361819529600496
B,0.3756221537389497,44.361603967385435
B,0.7498942382793161,25.33371636824321
B,0.33976556314441964,6.608708969850955
B,0.41067462003475114,29.78544998034303
B,0.4046335382839355,63.124502709867016
B,0.2937266056160469,34.38760891690133
B,0.39898101051967827,54.046653112142224
B,0.850386450733022,24.301446278090573
B,0.5106796573315678,83.775261290874
B,0.020323848936548334,2.347342468693215
B,0.6203628130571361,101.58250782970208
B,0.23185511958184085,43.91167381771076
B,0.394679838645659,54.507351210112354
B,0.2840708133847203,27.154222038684928
B,0.32138950386541687,105.4882549730768
B,0.47714721241957275,9.457372026879565
B,0.8252587430189016,57.148326790706086
B,0.8159656670225784,94.04344407857499
B,0.39536683838332104,17.05350196213765
B,0.925644701649578,942.4411553532094
B,0.517941395491095,73.04335904601997
B,0.5797812913921143,75.57428359669363
B,0.5331784287215438,60.868490221452184
B,0.14950438541219452,44.18886357314895
B,0.2502725550055001,59.04400212077321
B,0.2870445525548118,100.16308871258742
B,0.6114896612164136,64.66268305171565
B,0.4312761571722384,97.26866866713053
B,0.9348413374201038,206.82669024051017
B,0.7328546596533924,44.55022562792458
B,0.12521182880914822,29.659549834206835
B,0.09027803777204157,41.29380869491068
B,0.8011014037122335,96.4521247357114
B,0.6251239772707784,289.08132814412994
B,0.7159462204341661,64.00741086117593
B,0.422469319083307,13.24217553829669
B,0.5003475651838531,93.17955186427866
B,0.5527474544215677,238.9721963724475
B,0.18349670397195705,39.37677622463157
B,0.167846445867493,82.87232524955323
B,0.20759914070641816,43.8028305298625
B,0.8364092323649537,61.33615021941286
B,0.41922482367663766,49.10509666608507
B,0.5029833647069281,157.10165594950828
B,0.1929037018507041,21.67999954455549
B,0.3191071877380907,189.46447596939666
B,0.4038399670013962,36.98903280347154
B,0.23562422857731494,33.42940240695663
B,0.09009980015744094,3.5574681757376143
B,0.1473287008289371,91.92379785743542
B,0.2795783746613738,40.29410048774423
B,0.5652448621423012,55.283329033787545
B,0.540709881999399,53.70187096373467
B,0.40687739112827487,11.848279385947649
B,0.6050528826121361,129.30841403215516
B,0.6672276370913837,194.68315343168
B,0.7736724988945086,87.5775092296175
B,0.20260410547333307,15.826226897191333
B,0.32956555327853615,96.942217416434
B,0.3255445448893516,70.28967066028875
B,0.15635822976793942,23.331262351686963
B,0.17000427706386112,8.027586734026041
B,0.4262873892590804,160.0580095165109
B,0.37103956842041563,8.730039435495053
B,0.7929567792179502,12.278900166960193
B,0.9187567116709362,193.35377191020376
B,0.9159309407462791,43.70822102019013
B,0.364984707658629,78.47335469242867
B,0.38035071140136656,21.77343317313017
B,0.5586764199494875,22.60435333510903
B,0.6085213083847766,27.3203123485538
B,0.8016138301946248,27.25789517062045
B,0.24381129909260754,54.76401841563478
B,0.1749270365326741,13.00522669685665
B,0.4593075226847494,48.518678915185625
B,0.4044644494216481,84.99231402231766
B,0.16180577824124281,63.14122757863409
B,0.31949214123663416,11.681021273856068
B,0.26058145291789275,70.85805650229376
B,0.6432682534778331,57.99995990274414
B,0.8179029585489737,39.50217934123087
B,0.276827086855438,31.672702772401287
B,0.279765623066639,437.56254544210447
B,0.43468656305141645,35.52515952862984
B,0.2605932922619458,2.20819366079039
B,0.5444737183156175,139.76590515849122
B,0.3674722531019941,28.392751421152276
B,0.2591577131558402,22.194925453085936
B,0.4137555095965565,41.22760345534684
B,0.6141263228317035,257.370714996213
B,0.46840412047887997,88.70432585280066
B,0.6793944075829093,57.63709125735144
B,0.3673456897092427,23.29789994219915
B,0.932335724945142,108.69952200268625
B,0.5841270087164462,72.9969941206095
B,0.5522176652304688,159.82566097090276
B,0.355752996732416,14.370450115194291
B,0.5787194902608028,84.0509659403749
B,0.42186331889999856,115.16372077387719
B,0.36742231275213627,49.31190308505632
B,0.7009471281085435,106.44562538862463
B,0.40965877349218605,170.63260406679257
B,0.8144208632250592,146.60007434812496
B,0.666759511565045,55.18041012942322
B,0.9302322105761093,971.8006750090525
B,0.3381934032626806,42.78234127335214
B,0.29642982451827715,55.234948312608104
B,0.5994653485766368,77.06043089847402
B,0.13192303936535393,10.96553921261365
B,0.08084207466452961,8.387710498175672
B,0.2565327379839272,2.799731686013871
B,0.20671831155383685,37.59897069622739
B,0.9463436693229668,35.38670331529315
B,0.5745482417807607,73.0491116926681
B,0.06919803883054285,65.04097256195301
B,0.6364726104271965,120.05622859010184
B,0.848641853494326,35.307834055181814
B,0.7106861479354863,61.58955599243262
B,0.6329751014293628,191.2290233079272
B,0.2979124055705798,200.67747945132714
B,0.32958281850738547,34.162598228349964
B,0.2652776162736909,31.244325311923806
B,0.5764599123500834,10.992199726829131
B,0.16031592315153192,5.752728577981429
B,0.558493717418571,11.663608585147006
B,0.7640787285136318,400.5707981447697
B,0.3663652411386819,53.752853693284095
B,0.27894130828800034,15.117441048455248
B,0.5450098433752526,244.5869325276447
B,0.43908580370503403,41.17983466986101
B,0.8581621369453092,126.89835275852583
B,0.7790539573562131,145.45197548182898
B,0.552160007913929,58.10121972626354
B,0.09207714943561067,41.18652156232736
B,0.7004112704139743,149.57617915472463
B,0.3137679057934627,12.066453536138575
B,0.7135314902328223,118.05468433979637
B,0.13383191189198776,15.310444231508766
B,0.749716736922269,29.835945617061643
B,0.8639144516951764,107.60548609546136
B,0.23440567724304168,32.0161580445687
B,0.15463216880328778,9.306496691586977
B,0.3511970434665407,7.741441640706565
B,0.4525107115197263,149.03895822949167
B,0.5545688434430459,39.67361611457838
B,0.1043039037306887,38.13345495039165
B,0.3930356943495118,28.394905903493548
B,0.6310633362780539,115.67787843295244
B,0.19577829922134363,17.950059549928948
B,0.17592674389313925,66.14915770179769
B,0.4797092050859906,24.310405286287533
B,0.6724198123575307,74.18675664818971
B,0.5347606604872556,61.73070898617873
B,0.6384604689941162,229.2182507157126
B,0.7000895906633887,148.3176279511675
B,0.5602017799864698,108.73363644668417
B,0.6529995856439467,60.338158843363296
B,0.8771639313975425,135.2347421316959
B,0.6707274575797931,47.68590018968561
B,0.4184142281628495,44.610487433465934
B,0.14774369950976057,7.004498216631299
B,0.7563380444330011,100.32994127807923
B,0.5368781959700912,14.366889842969288
B,0.6118785787440401,56.256856603932576
B,0.22153805530312734,14.611884443417186
B,0.2696170623645728,23.75700832044154
B,0.5091214274001195,256.7875349730668
B,0.14112844324930748,3.7865827229197357
B,0.5647011862121254,49.669419751871004
B,0.6641345810412344,165.47887638654308
B,0.4624313134537703,74.64377175478053
B,0.6745815449759281,1000.0
B,0.826219763361277,26.958166252900643
B,0.9061800251578856,20.498466873008308
B,0.38727983460688936,265.87073062230564
B,0.4582976376968865,277.73033382727317
B,0.8241013935941328,91.48055575541186
B,0.5111172795054463,51.862462448556634
B,0.7987812517621722,212.42662525884566
B,0.08135804727266296,26.934333858568447
B,0.35911605755776577,51.28499202758239
B,0.5912392630075707,79.09204596783263
B,0.49097140305084597,8.41206699308315
B,0.42260841241897545,21.513004149099
B,0.13207885702317193,22.09977113373618
B,0.16459756719198768,3.2858101620877394
B,0.7418579989904502,4.33054175424567
B,0.3763115530348984,22.282448709586678
B,0.3869876178312229,30.48682088955925
B,0.5595135789096063,146.85309111335113
B,0.8292036349056042,104.94102979815436
B,0.16176321036547772,9.059346185153018
B,0.49368780903589954,20.123710949354642
B,0.9710925504952103,24.750767826958068
B,0.5255413950491691,328.4576046063014
B,0.7364117786422057,16.900479442757394
B,0.47788399756889816,29.39135462207637
B,0.09337190249410628,4.98685509053314
B,0.41739886544915905,37.588819168594235
B,0.853674456735696,25.691284586256774
B,0.47095579672651056,16.204503628872885
B,0.538892945616273,69.400593267987
B,0.1958746042764612,14.537663298206102
B,0.36675945696071843,480.8580364881173
B,0.43260000749578803,43.33402874048893
B,0.8771084259912627,12.194220653003695
B,0.49828790938909806,60.8246029371361
B,0.5938099888016627,97.72672170615203
B,0.7018496767704671,97.37794876390475
B,0.644299698019511,154.5634973927598
B,0.32940872627539375,40.96501955544226
B,0.3687894179351795,26.019287415782095
B,0.17117289162761745,39.747937980106585
B,0.42052880478055654,124.58492600257338
B,0.8129584231514093,60.71867439028243
B,0.2022833492956977,49.312904158076925
B,0.5775245989687339,317.91416415899715
B,0.35065528324522716,14.95568700483535
B,0.46518067318549283,26.015670287650476
B,0.7272622038080024,48.95305487033315
B,0.7800554728709871,50.281443007766235
B,0.37725041238122253,19.34313341729815
B,0.5839510559594515,587.8054290297391
B,0.904668834783698,148.56874151211983
B,0.07438828088656997,68.07513894608762
B,0.39181122165407095,50.36552303955906
B,0.6590776753962606,63.99184112985193
B,0.738019625668057,196.76051853024074
B,0.06771325549317064,20.79646088514114
B,0.6092100647661771,10.973257109571696
B,0.472462898165915,35.49309457687902
B,0.3410369802264363,37.554258180938874
B,0.21003028895751036,28.928347635738955
B,0.9736819554015745,335.7377882774589
B,0.2646800953211363,40.43254531995839
B,0.3797254034656004,43.305525117121306
B,0.5612468472053013,72.87510426459514
B,0.6892318146865981,581.1518132877419
B,0.06254630208666082,13.13020463671866
B,0.3584512751078863,32.96042908141857
B,0.22149135588912103,10.502391159785638
B,0.3637079542942429,52.248331383293454
B,0.5354790988346636,218.1176247579766
B,0.43637744513480364,25.98016038694237
B,0.42096312643202494,112.05809528207944
B,0.20828315990228982,39.43314564805578
B,0.6215527797767674,35.75815997005805
B,0.5742461334589114,107.66302528300075
B,0.1694354606967352,33.601594498756036
B,0.6076523866978963,168.24332257323263
B,0.9277579051641114,33.595293672887486
B,0.5256313586071195,117.74951179204668
B,0.5855751009496366,33.67697957883654
B,0.5603674011832777,46.93339171404874
B,0.25942634243965473,11.480572406934687
B,0.585181873644878,140.70042795904436
B,0.5410674293263258,23.368576720923844
B,0.47894974196008844,10.63184942737912
B,0.5029588047554718,97.26995196383214
B,0.23905270172898704,106.81845135540829
B,0.22457189774494135,82.49058263729214
B,0.3564395013789992,14.650792023673922
B,0.632544200901239,107.6824998952722
B,0.9115997999593027,99.85971143632123
B,0.8050280007292333,245.47830142456627
B,0.1699115422409761,129.1271842295489
B,0.5264937566418759,76.46413392230933
B,0.8467187753703072,451.3662064776533
B,0.5603926726560261,57.24145229167453
B,0.941350536375398,134.1698327867021
B,0.30457360959423196,50.74598536994851
B,0.5736613421140612,106.0452492908962
B,0.16255265161965035,24.53628177612538
B,0.7664340330765315,33.446030859443034
B,0.3657907477299597,115.0435937403627
B,0.4142060727423898,13.562890363744417
B,0.5232396386620201,96.73436533428017
B,0.7549301528390268,203.32663344368075
B,0.4219008326840915,32.54171004331133
B,0.7324302241655841,241.35020074624128
B,0.11123250483870253,18.11755786772687
B,0.49339868349269855,53.39264401959011
B,0.2742390596578496,41.07460093075289
B,0.6358136870826473,25.871018743097665
B,0.22046302970106532,139.32083094584553
B,0.11171336363266966,33.54100570203435
B,0.23435007508008895,37.89458358973077
B,0.6116167017126506,36.501351938253286
B,0.6966106738384157,28.065505262854575
B,0.395107204928667,117.32096447262319
B,0.43355043364924456,284.37115446775306
B,0.47698198005875636,44.81278231731512
B,0.648884840221289,23.31726740013857
B,0.46882144822723026,14.19087258303462
B,0.522741545244915,14.360171708438923
B,0.6875666126521818,13.908588729789718
B,0.4412802298212147,25.901717654874545
B,0.5710458809188464,73.66015469031882
B,0.1340917342152371,1.888597210115343
B,0.9325586075390923,84.82949636628591
B,0.4215829773464079,41.21104022101935
B,0.4076059914414891,55.72543935831866
B,0.22821812510802914,8.424145206625617
B,0.7940056156829068,32.89083453074372
B,0.46535925258486655,78.94198642823876
B,0.8817432216672523,113.54190633533712
B,0.4342174369179478,9.01236262272939
B,0.6023198492457037,113.39454619883435
B,0.5372077003052237,249.2758865107427
B,0.5869775408011745,39.9567850468653
B,0.6133585027321982,42.55837527839528
B,0.7679659162566306,49.859539102776836
B,0.7424856430403514,17.73034161409567
B,0.6064073319261832,43.40403126307856
B,0.2676037084016899,11.282272105556695
B,0.24259501424537358,20.137510886010787
B,0.8396773976525042,512.2280806207336
B,0.9361547933126538,36.54321147135741
B,0.48501707488679824,26.1666295228608
B,0.6042619763985968,71.88182416559741
B,0.6479292931974274,62.57677421877268
B,0.20644693436329337,76.94985269868987
B,0.7606543297133408,20.73945711349299
B,0.10017223798947622,34.08055473671706
B,0.2756721330228911,81.77871207436746
B,0.810752988349101,112.13517010508534
B,0.3617998903476099,25.9236848574146
B,0.5494008334089049,7.54909273630568
B,0.02141219500389359,6.636263901742346
B,0.6215451888972894,76.02345680016771
B,0.5719806237565931,15.945303411648696
B,0.12790407559374634,50.970128747437265
B,0.29367872675068724,75.04226987006092
B,0.7749378058703932,122.2498446699357
B,0.24174053906432744,26.61456871564406
B,0.31832766006008045,134.35693844089502
B,0.8179220301990017,156.31966720831417
B,0.40569941000521786,8.18550367241896
B,0.6145847271786306,126.36022533946974
B,0.2198083347771646,22.820121655878072
B,0.7949018101223273,138.51217628528215
B,0.7506121797553579,187.63776003351362
B,0.45340364629365937,81.80530216436561
B,0.8093966215599143,43.09251752315083
B,0.55623742181541,85.36649625690869
B,0.6491214461517448,158.44855066968654
B,0.4945845915024039,52.94689353176671
B,0.23749346055078824,18.742893363650726
B,0.3643079043667134,12.085091333344959
B,0.8966110032593653,41.91329151594827
B,0.07584770230610847,15.753808818135242
B,0.4601873721506929,108.36522729571693
B,0.2816851330284894,89.70188389616796
B,0.3024948102748919,34.542463269134245
B,0.7525640372449648,44.964539387953565
B,0.11934950530589676,9.842934226701459
B,0.2945299249819201,34.2179344269341
B,0.9328419353073648,258.90509734106206
B,0.534460127445073,23.95613493884934
B,0.33089297178784677,7.581480823492038
B,0.7681998228128661,106.30031071714741
B,0.24941583668980036,12.229742584652035
B,0.27850262704408374,5.765167589399044
B,0.36329210996623224,28.73389185398977
B,0.6711758339143467,34.43698071131349
B,0.845668763019669,335.157293236992
B,0.8355245495482445,136.14291512629418
B,0.45731709674828597,9.11350067263803
B,0.6688890797645483,83.49431351684267
B,0.3391845977959013,38.72431339137619
B,0.6551289391320725,306.7706178981919
B,0.24963693013965585,7.0391768224925
B,0.5611304739038955,63.08908780210337
B,0.3997897079003798,211.1666231921484
B,0.4430554470584121,31.657443627755743
B,0.7552159536265838,43.29824079632599
B,0.49778563298409745,52.26500495028082
B,0.6267124979465867,32.64080000517568
B,0.2562331060498584,49.968065724821734
B,0.4421270904985118,30.485930436286807
B,0.5635282870014684,16.69879016339525
B,0.3966377873246268,207.32914039664888
B,0.5397912090500864,48.45831713088559
B,0.7357759632604427,158.10694807648161
B,0.8365934459373733,66.66958827346338
B,0.37792590150729405,100.7748262234788
B,0.4564852863057523,96.1866147879884
B,0.9106444921152184,55.41543313958194
B,0.7928332684653231,186.7817753321407
B,0.3042775563536006,18.69887898667854
B,0.7345435661552351,139.3100139656897
B,0.7019144613489522,46.67881586830563
B,0.1928288620265239,3.348094528923513
B,0.7379244503104142,220.18946795401334
B,0.11379968111745106,10.852803727365444
B,0.5837132194615856,75.5463044756656
B,0.23131567219845858,86.95156267134342
B,0.8469512552043449,56.78279233892224
B,0.7885669435369577,32.25511121368131
B,0.5229601177226344,122.33470465003514
B,0.6215526929862746,110.47163071702363
B,0.6349169885107155,63.352196861229245
B,0.7127047646729636,57.99639088274449
B,0.43326206329815875,47.40760197627591
B,0.21962428342023851,18.08101754295944
B,0.37135267208683165,34.92255225188804
B,0.3447874927407958,26.609168371378022
B,0.5509952827482537,83.15929745616631
B,0.15026358621350505,14.772601252410597
B,0.5862973065714554,294.96947137257473
B,0.2908366215538614,6.593039729521619
B,0.9242347615779187,93.7379204761394
B,0.7149357400427462,86.74189613732675
B,0.3579285628603499,20.1285178771614
B,0.2605170991996942,50.16366950945971
B,0.6871707913893972,35.08089106029604
B,0.44593307670620225,47.48634088915678
B,0.6731743908520432,40.80894194637263
B,0.5663380711022371,57.3133229328927
B,0.29773467166273027,10.102045886673704
B,0.5682720691780229,207.93890175775547
B,0.5273770239404674,180.77796145128931
B,0.4164983863782007,618.2749483766963
B,0.41268433238341606,16.262364590999393
B,0.43003418219419004,131.83144153989534
B,0.6505346463327064,53.04847628634389
B,0.20163845100952008,5.565872770417766
B,0.8385844577831875,171.93425584676237
B,0.5793703364611408,15.655674151596859
B,0.3670582498061537,8.38682986801393
B,0.47467226569810894,11.959196689562479
B,0.7539022342685251,98.37093866656498
B,0.10280878392477993,9.729370756605787
B,0.5328909661905874,129.18078447733828
B,0.7714095490276325,68.88654291346272
B,0.810597080528944,144.47037515440863
B,0.5725811034187231,28.180151189920743
B,0.21114219812474863,11.802838924368375
B,0.37225751348622566,8.408167244969057
B,0.44930653932071024,73.34031901383226
B,0.05396629494599615,21.7859867899065
B,0.584689250115361,3.9723434314617934
B,0.518503394239679,25.587750244710204
B,0.1916326498126811,28.721219454292815
B,0.8491205216318156,627.6181504486996
B,0.38588782549726947,54.199388694099156
B,0.3427538702811176,17.313168541896818
B,0.5509253517688406,15.748733921417745
B,0.25672334738480895,6.864026672653895
B,0.36255137833849754,21.42015369994957
B,0.32684231733733776,45.431689311716035
B,0.8387600135005168,90.42929354614617
B,0.7765788679459985,11.787207719159209
B,0.9748747482082832,121.29285585726075
B,0.8744227394275507,233.10909096232493
B,0.4640052139441417,82.43584547213733
B,0.842118296543407,48.84641217203976
B,0.14636247546467093,7.387111769822525
B,0.7512975085079445,51.90967141997742
B,0.7375858388631716,142.78256315527454
B,0.4999079237773049,16.720570223583575
B,0.7909400644436545,20.716381091517928
B,0.4801483600107264,27.701426594528066
B,0.49400934894370896,47.5657003510104
B,0.6765139671562177,789.8350242292641
B,0.7627142984180517,54.19740417575483
B,0.7241333465726868,89.48086096614504
B,0.9523560926072699,129.5813337156265
B,0.08829333359506858,21.619011080295618
B,0.17744222664539602,43.98573091268341
B,0.6367583902664149,67.5974276042518
B,0.4965461638513724,17.87173829187071
B,0.7654442268344366,116.3008710928717
B,0.4301725772863161,12.67272011101953
B,0.6036618043591705,15.657466511229227
B,0.29399020873448295,7.442504221355348
B,0.8675169007115672,157.55776868678961
B,0.8373778066404987,86.7431469441053
B,0.23242182311945905,39.449661048976054
B,0.38171086737797044,46.38134835710527
B,0.12398207515057544,9.78325215747164
B,0.9161329011168262,60.05490017562196
B,0.4579988887492881,156.3788106248671
B,0.388796234956487,28.162108588507653
B,0.6257321228618958,199.15766734088686
B,0.3391445840637432,31.759166603585548
B,0.5506192454601576,24.26370847723164
B,0.3350776773227605,177.6767010954244
B,0.4588100514111487,191.39169003687576
B,0.3618011194752129,348.071841659028
B,0.150081549559798,2.486837280199636
B,0.732802137095778,114.08845176883298
B,0.7600003081545905,99.63123369812065
B,0.6929461191426788,184.61459095847874
B,0.8475677388192628,69.50231816001279
B,0.7352458491655978,168.7200786812411
B,0.16693079258644786,130.3017813015284
B,0.4500610674757834,37.54926416900446
B,0.38503208999667976,4.24976877831582
B,0.11071166011328765,7.690099618620683
B,0.1745851312618855,9.830285891178331
B,0.5749447124284018,79.60357312918454
B,0.13919992510595908,14.850180282810305
B,0.30954756051699533,135.67003632697902
B,0.6764966167759229,234.1081697803581
B,0.5686992754874434,27.404558954456373
B,0.2703164596663693,44.274460707774786
B,0.5631197199358057,117.14183272339471
B,0.021741828188725845,0.8927918331614257
B,0.43058372432413544,64.29780911427427
B,0.7849656376498604,361.72210871756
B,0.26488741759106493,4.982283494155619
B,0.7854702054545696,126.92690036341847
B,0.41170779597095986,23.359625162772115
B,0.6257400285656132,61.87487660765941
B,0.5078757880669585,8.042798068908155
B,0.17154611238382922,10.713576318029752
B,0.34752286547761724,40.455050603895565
B,0.27708712218703396,48.42840965555619
B,0.34835449689088105,11.866180887382294
B,0.4004505800377225,65.32611430344485
B,0.20059564675092145,59.73778545593217
B,0.871208378500823,38.392662642604755
B,0.8772079225548362,331.8384400343833
B,0.4551673316171239,47.53950250081386
B,0.41202164893117815,25.97430977478783
B,0.8519905624445547,224.9172710399768
B,0.48231957578202994,21.953523240854743
B,0.5504061355955864,50.4315796396637
B,0.7247908653216083,62.42915091909648
B,0.4613220329075123,196.5075002821991
B,0.7628546821557903,49.51261380776382
B,0.8020193345159246,114.93843275444856
B,0.6431287831191719,78.53610631909473
B,0.6608092066399691,102.27667626849119
B,0.2447169134407874,28.496100292961653
B,0.44106283121893836,37.65385546464181
B,0.40398395188952185,11.187086544326021
B,0.9682064307490184,42.983546220147545
B,0.773567452065711,30.822274119132913
B,0.9241656552650303,630.1545427223385
B,0.8634315434513836,189.93288607944442
B,0.48779227022219324,37.80559163624419
B,0.547369673696684,8.378062929568882
B,0.6016921518042305,35.878058447584245
B,0.76970846231662,105.52520989638963
B,0.7136393195657429,7.649108495431712
B,0.11444882087062086,12.316340938288837
B,0.9154444103100671,46.43677322203326
B,0.41400830948548,68.26952071155857
B,0.21098525652349154,20.850871783559576
B,0.9226428022752645,342.33549235085155
B,0.1768607350510103,9.975441739453771
B,0.47895867324792485,11.178511490656682
B,0.7695829552443948,79.30700081948058
B,0.6265132665171722,97.3473571210638
B,0.5962366862504187,53.675714148660376
B,0.020401432420969288,6.840152815152538
B,0.5855930030222259,70.2006794436552
B,0.3126343171659753,11.958953446859006
B,0.17920713539499547,41.09532639839143
B,0.7273997578442692,33.0413635406566
B,0.5846225788207553,46.16706421925068
B,0.7263284011655201,31.826543565292372
B,0.1649672744748865,16.08892826081731
B,0.28349210099443806,31.925987237641827
B,0.3615859093994959,3.975443837788851
B,0.9331642195548008,182.72900270528095
B,0.6308477997212568,26.797784828032082
B,0.15590214488746557,7.153548144291288
B,0.5939408269907219,21.84990914763713
B,0.46111868945347606,69.56094596229147
B,0.16048235795630525,20.201277354168585
B,0.6615301274976695,28.476930951920927
B,0.22362735493667743,18.029645929308273
B,0.926465131615495,81.79129077524698
B,0.3329301346850559,22.4107235670051
B,0.29856083144267137,58.097243239844325
B,0.4431135671000722,124.560504797502
B,0.1770628220916194,113.24162388041609
B,0.54716789356764,131.1094600159829
B,0.7765684843057016,63.48921247342879
B,0.576480496064605,79.61204625531344
B,0.09704465507628297,28.78302209752113
B,0.7461842755447533,83.76999937759368
B,0.9330460952571997,22.455457317421438
B,0.217345488408742,2.641027065402223
B,0.14458982864312692,107.95855102433795
B,0.6458171831233949,152.35795090897096
B,0.06966069239581509,3.4899265639861365
B,0.93013905345277,185.65226453678866
B,0.10889989164415419,62.22132160725756
B,0.28955208690876544,66.73606938239266
B,0.40757209083401347,86.72218261486154
B,0.8649907398782071,199.93213093066356
B,0.6513584573362923,53.89182916979232
B,0.3840045986464482,25.4230913973694
B,0.8454113625222069,189.96805748446045
B,0.6999329712227729,10.585837836930626
B,0.503469513909235,36.72396161426753
B,0.523953740233456,100.5801552990574
B,0.4542270141341366,86.38248847394775
B,0.4084440772952323,89.27338683211543
B,0.869795931661917,146.70920002690505
B,0.671935547172559,62.596395443631565
B,0.16598390514538056,15.57559831924245
B,0.1356540894755501,48.93362361727052
B,0.1810205026995415,25.71092916914177
B,0.6091437663377365,21.527952661329135
B,0.07595601168467873,9.127501651342188
B,0.18415686534683193,13.064315334132878
B,0.5502168281095696,40.61284238725004
B,0.9796256584081866,73.1854222011162
B,0.11351351522124867,23.033731598341138
B,0.8679766872013245,292.4798349514686
B,0.4878255623037294,160.35952451937527
B,0.6032237653213703,119.680931448713
B,0.1616761099710768,20.345433504376143
B,0.4559902053597728,69.43492441225249
B,0.4323688782700478,40.37444166345709
B,0.32470146358751173,14.468766746982855
B,0.4890645466716186,89.07469632950757
B,0.39380747355565415,37.4143726480711
B,0.788490397887189,44.20050890241064
B,0.5175842814430246,166.83590199945027
B,0.47867715488332424,184.46161112598008
B,0.39415476032415614,104.59324019150031
B,0.19831078557602186,26.489663350540894
B,0.6345271737741192,66.03434497335776
B,0.2662186228506233,63.549897601018706
B,0.20392786782616273,35.06179357073477
B,0.5584238995389068,37.0340523576874
B,0.5010949203586188,85.40785287401316
B,0.7406073533069025,304.30851448629215
B,0.1839290968319794,20.541563085008033
B,0.8622248453638081,127.38927123908135
B,0.38014136050318387,42.12777403481478
B,0.702721452079592,188.21567930664284
B,0.4882792604687305,33.442656533869794
B,0.2235439309135106,25.737461134031587
B,0.25187015977512894,32.254885972885965
B,0.752438048624225,66.78652145610361
B,0.824705581123134,133.0467667012435
B,0.0374104847823245,1.1317386883003853
B,0.40364448528161223,100.07741912984636
B,0.49585793339718953,37.282888219585395
B,0.6074321836137296,86.2562288550101
B,0.18270616900358147,1.345663752820911
B,0.5567059636491077,42.927221959730495
B,0.87791151765972,219.7920633680158
B,0.628069025568536,25.506349746728226
B,0.5063169445809339,123.01233289380598
B,0.8220202697040592,80.1956026959791
B,0.1731785115488632,11.573771019176982
B,0.4571131897062201,20.14619325387499
B,0.2684575021732079,17.01038622701533
B,0.04424169330580846,1.8334135119268795
B,0.631107261711308,75.51603777419916
B,0.5171703315030054,276.20445026249894
B,0.5159866614147828,48.635258491851715
B,0.59051090412865,20.017692575417033
B,0.10688013855346536,11.084533776733245
B,0.9400061928108062,208.17550331723336
B,0.7694708690132279,156.37607083464417
B,0.7903431685445097,14.294300428258408
B,0.7313639168688003,44.14690100051208
B,0.09593950999484771,6.179312754275743
B,0.03053178374344348,0.35489313938852446
B,0.24208902773791358,17.862381073916527
B,0.7011309816251091,54.853168502383475
B,0.9768689801190885,74.07190765670153
B,0.3362769544395753,10.165978951491546
B,0.0467877680546653,19.53389377143154
B,0.15277533443226002,38.177449443496045
B,0.043131299684965596,24.149002485424017
B,0.7896280188070621,156.6755652862056
B,0.6223715509960555,320.8799380564943
B,0.34287042890643177,14.89469484570043
B,0.7424578114180139,207.89089986592953
B,0.35681297285096064,16.81138196864436
B,0.7799573508576716,23.550407158353078
B,0.39334032691453913,43.47972194489133
B,0.3185143101734886,199.94900708696758
B,0.5231901141026851,60.4939822326126
B,0.5856700328953744,99.82801273787315
B,0.4656617945044897,32.46018103862371
B,0.19887981299291552,57.940585143155246
B,0.3312416452908485,11.349061253885028
B,0.6278954441230742,39.72374220784955
B,0.7785979094133254,287.44993662485956
B,0.7282751176650061,24.377770602776604
B,0.6098785927117245,8.00458240626134
B,0.7060028997942743,78.30281105401586
B,0.3516182986986382,7.753124252184407
B,0.11289279765980396,44.69036182298262
B,0.5995883831876259,35.36736480949992
B,0.9313314635061937,300.53307052242195
B,0.592002560650328,93.53530758772409
B,0.45702891598934536,87.5332274229148
B,0.5355179162502034,37.1765803714958
B,0.6984505032895433,9.958878558580668
B,0.4570776398714313,11.684543038661014
B,0.9612300372981218,157.48500830321188
B,0.27366576708504015,20.32561616626129
B,0.4935113625919038,134.98140386332412
B,0.1033506715764202,17.006896870537744
B,0.545469604883416,76.70040749914739
B,0.47726925008806625,53.692894582088314
B,0.5244561104721653,21.26175741214321
B,0.26235903042193603,182.3079336076735
B,0.359813965405078,14.260131901189139
B,0.40637742639739305,47.282146433146934
B,0.4033016648546362,68.22715362322751
B,0.4485757574789213,25.879136942889435
B,0.3343676147875905,5.015326309053374
B,0.6978692430513911,57.111227831291004
B,0.7855238742989056,226.8524661985698
B,0.8661778471330887,64.41750043446557
B,0.05357935358984463,8.403367156821442
B,0.27934724886201245,18.358576076298913
B,0.3017396555397603,219.333545575432
B,0.48294299220938475,235.4206107979648
B,0.20570491803120933,4.2932463117028465
B,0.23424549424868826,11.948046970764132
B,0.7343057850633368,236.4597416068733
B,0.09509473777277196,12.146864738856316
B,0.4415585696335486,40.59040238956915
B,0.19234307305212156,12.974877201669324
B,0.7971589920721722,192.87132408658846
B,0.42441729421976376,89.5447852699626
B,0.6096699131527008,64.23994699995538
B,0.34857470681465,35.66350380701887
B,0.359095595942982,104.37022137656498
B,0.21919733774769132,11.779665492648983
B,0.5366854082802234,6.130320479838771
B,0.8125414590106229,80.30136193400952
B,0.25362965468514087,84.62716000994998
B,0.6706985591791099,131.0297591791381
B,0.5354739637959383,89.85296133645944
B,0.6389795949023751,297.26828964550623
B,0.30593502440570414,149.32710735479742
B,0.5077957845177701,111.50908984946449
B,0.19794005333115058,51.20636617476328
B,0.7445349380878451,131.32853244276183
B,0.5001707672901705,147.928250662723
B,0.7672981496383334,257.6622705406421
B,0.1601157624822316,4.787585424983675
B,0.2980997973130664,90.52035785030301
B,0.42298693175864244,84.6033423678232
B,0.5853158497583613,161.58462634817928
B,0.19556088394770824,10.249411241022742
B,0.4116743790548035,70.39743988440804
B,0.8304263581040616,11.45236893536631
B,0.8210497830036135,25.088462947146766
B,0.614566770548051,51.59472363473589
B,0.4899458811016832,73.3278280662467
B,0.33062445314802846,65.69741849925188
B,0.63313499879102,35.61630354482961
B,0.5259598570127085,76.6123554484997
B,0.4907365502841844,390.3314225807556
B,0.415561589747697,28.52592650965405
B,0.3899584103258567,83.27123454239216
B,0.5963245847281776,187.06908595338643
B,0.840994434174274,127.14409498514976
B,0.80129524233447,54.63190659038792
B,0.9074776506054422,386.0946063699714
B,0.5946439256368765,8.368554153690074
B,0.7536421675894598,69.83305524699647
B,0.6901040446989147,29.31671138338622
B,0.6884242959497883,19.332209495487923
B,0.8502885134551821,194.48984184611982
B,0.20832424414800668,21.934615331719172
B,0.12116334196022037,14.750859678926405
B,0.8081919539540191,156.36968683931715
B,0.265177316248598,19.385564416842367
B,0.5220151543455303,20.280678391499674
B,0.07235043774527951,9.397241424756833
B,0.5268822398287046,123.84492503782604
B,0.15305568630725794,71.59756340309211
B,0.5091101501847018,55.84928119345264
B,0.41498120121508536,29.695795089018404
B,0.4423998232630121,26.892963334947318
B,0.6738949513125099,42.31311699073468
B,0.6342082623608228,49.97418257246409
B,0.42749498577279016,104.42395094359392
B,0.31508321363810915,153.8233241775631
B,0.7380981480081599,51.63540709401804
B,0.857172351691474,230.9822085023383
B,0.8097506078830315,40.95371399616543
B,0.6939970869613927,42.22553820430229
B,0.5004282329447478,289.4152235451119
B,0.8721361071665038,487.51665187868224
B,0.6787259804911743,159.60297842698952
B,0.2150073621207251,8.207843473688905
B,0.46533559147720954,44.349195562091275
B,0.5454339878027197,117.4046478449982
B,0.8321458703170906,41.543468379290424
B,0.4739312378558318,250.7107136285482
B,0.9154899089401929,129.76278695675344
B,0.588183924037249,58.65970991672644
B,0.2832588042283495,43.41632072022861
B,0.6644132381031942,114.08949480477334
B,0.20473219926625857,16.409946228526593
B,0.6483815581853936,112.91373014775529
B,0.5158794817449018,59.645727203527194
B,0.8247794718951595,30.167909030804005
B,0.5826433307599704,158.4665786742584
B,0.41115713112690616,77.41320406627413
B,0.6208937656786295,100.07788109629182
B,0.8832889590923833,46.02850966389801
B,0.37186280321122916,40.26463860489159
B,0.17903073352022164,36.77532858197737
B,0.6849126487918704,42.00139978983527
B,0.45272118098792385,59.79659280292104
B,0.1120481943040162,23.07200070723728
B,0.49284968487519837,23.103536902155334
B,0.480842149936446,53.566846209957006
B,0.8537317959600504,64.84672732044046
B,0.6800766674764944,227.4895086533442
B,0.777413322820428,51.4912751140353
B,0.21068197082836654,39.16135374024779
B,0.8028238150946996,166.0756896063171
B,0.45623954756797025,42.753142228064455
B,0.2737268325659858,9.616405803824744
B,0.4532924094745088,16.778830908725613
B,0.37266960203482674,10.905682422689406
B,0.83755510185447,31.72408448851265
B,0.5798437230665774,41.62495821231606
B,0.45012935242753727,9.228730299418338
B,0.6718885936156346,204.82334840698576
B,0.751072813898515,148.5659555446837
B,0.46350255535885726,74.55886555000092
B,0.48752222722863786,150.16885567481697
B,0.7469597340640505,57.77470846358567
B,0.20531418952096828,67.40869361728234
B,0.5546834413417921,169.55954930749238
B,0.43016040405560085,83.68742140135036
B,0.49376995826132,56.87247470309927
B,0.8004797477610982,152.8054522392599
B,0.8057615928291217,146.16119027595172
B,0.38309218325304856,25.27622156387888
B,0.5904397157927208,77.50445694329602
B,0.7545050369770335,40.38701676164526
B,0.9032582818552349,61.17027442743451
B,0.45347922373740235,69.43021289872222
B,0.5249045641391402,117.63588016039057
B,0.8036615386435739,29.68996656269167
B,0.29539939870690884,13.942175629289052
B,0.7697734922931883,191.08762776365995
B,0.9199115215737298,14.395602198218164
B,0.03684073983715841,1.32002601128477
B,0.8376697602270476,28.926574915631853
B,0.699494930666,32.71548188115724
B,0.58039881748278,101.41794324274245
B,0.2737756122099179,36.423505068039844
B,0.5586635023492869,98.88259080511506
B,0.25864381832495187,53.53563843421151
B,0.14553875676198164,45.417412027741285
B,0.32667912333495874,16.430019630892243
B,0.8972345483359363,128.06395747644058
B,0.5736117829827069,276.50752241998623
B,0.31108775050021675,21.587299228533706
B,0.44742899043797785,39.49387597138029
B,0.7782333973550445,48.509813622549366
B,0.6619504692638695,60.28395633423826
B,0.3287433507521068,164.60665296398918
B,0.34610347145680065,41.38675852479193
B,0.4873319242112826,108.04141078359864
B,0.49512081644458183,118.11640908526734
B,0.7362686943506408,85.87382605188758
B,0.2119723876218933,7.502446079974468
B,0.40095309312476823,124.96472869215236
B,0.8263940871016713,66.35610942236852
B,0.46676941600980004,29.915533159593558
B,0.1841408988642352,11.681833287057737
B,0.7908116419635289,48.43893257657574
B,0.3062213948289699,18.40755442021167
B,0.21526440655885015,36.89712420630212
B,0.8200431143499368,319.53339316577546
B,0.44906070558073213,64.89379430675267
B,0.7626040109578847,38.59962686281827
B,0.14982990717332675,6.980174144125485
B,0.6966369309706785,58.998312906130806
B,0.1951876110021478,10.264332628270182
B,0.893622266211983,352.0523768472601
B,0.8244009065832255,124.41478801819369
B,0.45052891888965985,51.32300044550182
B,0.4654190548266659,133.47429487110003
B,0.35171266795840617,25.763059296800442
B,0.7489569237450613,20.7374890486158
B,0.438447100967711,38.72613789787546
B,0.2695927396941272,68.4439626299025
B,0.7191408519919334,33.969710534005145
B,0.5684520274515911,32.69696772073811
B,0.6023504097720963,94.03481287657972
B,0.5028107834490755,62.482162362506756
B,0.43001292160221005,37.675833815991645
B,0.20118201990528095,40.605685629282846
B,0.33829964956705183,9.733805583650508
B,0.407628856969896,28.045253958057053
B,0.5922880538893757,19.58558804065161
B,0.8041367042002796,32.78481383889639
B,0.6007177914301395,57.24370882694069
B,0.7126644489087038,12.29204779047396
B,0.140307520337506,15.712170238168381
B,0.4566489038078088,14.531986975634082
B,0.6705925326979598,159.288432574325
B,0.23997228466122592,32.12980511765648
B,0.3633389920788792,36.626011052232826
B,0.5767925721013532,57.9365314605843
B,0.5446531673490247,56.2011611442232
B,0.8232204852726007,115.9027185805572
B,0.33007816589875166,99.21196529053938
B,0.4660282253354341,69.14195880156284
B,0.3047518987287768,184.53962673077842
B,0.059883970060178246,9.729243693198796
B,0.3773108396403549,37.92953481278368
B,0.4107855309656339,73.11840918287183
B,0.6940738414698665,60.42872168323258
B,0.36513911428817963,40.109817263211774
B,0.4122902446815527,5.639287768840788
B,0.49493555619584134,6.8867996099962765
B,0.5127390540400364,78.45469151773706
B,0.4454056179950084,59.61827370584053
B,0.8233056769553775,247.5880372269482
B,0.6236457692594424,49.766975109186816
B,0.5517429268364011,101.77262760507641
B,0.3688981996692852,181.71623557605534
B,0.12530255662863896,24.70245152743618
B,0.7114549337738232,45.82811790451928
B,0.5907141288177024,87.44891209708312
B,0.6787646269542429,89.10824967319213
B,0.8711154994366855,217.36875592517637
B,0.8238562045596383,5.2452288825049544
B,0.740255010002021,13.131691844081365
B,0.23980260584621782,24.864879702739874
B,0.9087916189515737,112.44733288986944
B,0.9064746408777542,451.11376141605365
B,0.8230122319518147,281.75780128488753
B,0.6197927085577841,94.03165967160653
B,0.5005828299485575,141.43068161586638
B,0.5299956758496797,47.59700633888234
B,0.152393058914348,18.17620608938569
B,0.021604713783962573,3.526221031426504
B,0.46153904816143254,31.178185759919295
B,0.8661836591599502,197.56198177075973
B,0.700201466618265,255.75006772975786
B,0.6868512337539684,19.087826654088218
B,0.162538159509223,57.07013235296921
B,0.811011108196543,20.395996662238375
B,0.6930022879555673,77.47125404440409
B,0.13595457156687274,8.983049100532321
B,0.3588814493675401,62.73120171199713
B,0.7837434608986203,68.44031214450965
B,0.8576192436408452,133.78452901885836
B,0.59462519333901,22.067216370339803
B,0.24943409577880857,28.125958695728453
B,0.3218720082205307,139.28925306360006
B,0.8979090574786375,19.701122347546498
B,0.7506874762212523,59.36120697061494
B,0.04810503918146738,6.656647949044549
B,0.6274821747524842,20.892107727913693
B,0.8275467802244635,124.21732698638968
B,0.9261654986909991,37.34764643759567
B,0.7411665358311673,34.379919350054394
B,0.21958603614707892,37.548348241895674
B,0.34026047287402034,46.25417078411436
B,0.3324639877885099,23.490339563697084
B,0.695442732900804,24.433276964174418
B,0.3006389126732047,14.251494873024187
B,0.6800831386447291,325.01968409407516
B,0.8699253020409456,95.37686931656195
B,0.22982456002953539,21.5261204654896
B,0.6760391041617555,76.28972288909894
B,0.3380569198449263,30.020244714262187
B,0.7131142299388908,60.32136099341664
B,0.4011191123148121,52.507189811616485
B,0.5540725059557551,123.04570967621474
B,0.8438558422152368,37.57553895014903
B,0.474869919109105,95.21634966871532
B,0.6921638629922557,67.786946765105
B,0.4384939561370259,93.75925945114135
B,0.1986368627724583,15.961310148560994
B,0.5691249255304265,100.5543997775012
B,0.8681227965538172,48.85328035543239
B,0.05843344647175608,8.992092791682422
B,0.7595774402789265,1000.0
B,0.8909749296823937,327.6282992731062
B,0.5947614160162992,115.10190279627562
B,0.6523363444603827,63.21530395250566
B,0.20226949999382013,7.113511803217992
B,0.2736661523763024,390.63833063662054
B,0.33183817545517286,149.8607953405554
B,0.6664729121698162,143.04491040141528
B,0.7425012950914425,212.04291970336757
B,0.5909984091682499,164.90481544323043
B,0.638522788379909,23.247933270715272
B,0.846363421745472,88.94630232767986
B,0.5355980865306613,57.037538042591756
B,0.3618295167871649,52.35695228141509
B,0.6919729947877543,182.32778224818517
B,0.03015249066787543,8.794465094322964
B,0.3960290006714971,101.90206961815177
B,0.3544160724218051,215.70805857278623
B,0.5637600280257629,31.92793455768542
B,0.2509721293650564,103.3276229127651
B,0.5268201493898134,357.89243143643023
B,0.3928890478150098,61.144913757949936
B,0.872028416753922,98.77544964592857
B,0.2810457217298228,23.418250230781457
B,0.10588444886601435,13.528446643155814
B,0.6805372663645968,535.8683956668905
B,0.6129676676586323,49.817722654730474
B,0.1911457029185494,33.1182725914221
B,0.6799836394137119,473.525131909344
B,0.4354051192901294,31.0061394123836
B,0.27587150836857627,29.828106311823976
B,0.3643301147342545,51.33107112319017
B,0.8577198065674052,81.43317016375724
B,0.7699449325954247,152.22708080921382
B,0.566513157067219,27.75036542949082
B,0.5439967089091966,230.31211200326473
B,0.5722098908696864,46.76382986394863
B,0.6371820174408163,28.928151288152886
B,0.28004587138531173,27.497835250168553
B,0.5133358912682225,39.82376432885175
B,0.4480742751088963,98.63982039983811
B,0.2790229035582843,27.034358283598188
B,0.6551012527092409,270.0978474379152
B,0.7851211299702113,664.9494648820845
B,0.3441303075927762,14.249708307262107
B,0.22554817173439187,15.351391557525204
B,0.0923441749926515,5.744923115618924
B,0.7872793941640265,23.614990991875725
B,0.6677134706420536,57.35319431792294
B,0.340019268853901,23.542551299814452
B,0.8570124198976631,57.79332503723274
B,0.3711143748823133,58.14355745391628
B,0.7022674543357752,33.706653225678664
B,0.395384398878599,9.506340215074086
B,0.5974820550569362,85.35613088372676
B,0.5731407008934399,37.447652922398866
B,0.7374244759076386,21.404452396672454
B,0.5013689423472453,45.80296020418508
B,0.7461875824460354,189.4916239925564
B,0.41259796290665296,116.86632087506914
B,0.6411926766474415,126.9471249895354
B,0.7598528654936249,168.9779625188124
B,0.1399738950143738,17.57229317591487
B,0.3533281347221476,77.86894925481883
B,0.4554367357971437,56.103028404481776
B,0.6948904039415049,4.131787352685892
B,0.5344553100138317,139.02827910048978
B,0.4805793956930886,100.31119750970421
B,0.8523218429680651,83.96337347426515
B,0.7467548393547148,38.125607382240396
B,0.5612462821147994,112.8502079374884
B,0.8523542036918341,44.47917788363197
B,0.5315175303345429,16.81855690624225
B,0.5211256808016255,56.36896465582995
B,0.48124014433814355,54.79017976779171
B,0.7363030493313699,32.43619372324093
B,0.1616913723625703,2.223788204785936
B,0.7253085562747755,59.55067172893324
B,0.3918563927686576,91.75161553450661
B,0.7828220274616954,258.70144254041577
B,0.6640208355140296,83.87583781458137
B,0.4207279356731128,85.0803370962267
B,0.6829236970457727,46.436691882705716
B,0.19618181157473297,30.179191009047155
B,0.7952665338583147,23.694167110186132
B,0.5618588167936363,50.083395350101036
B,0.2605446249585659,29.270871088224986
B,0.6899001768867986,41.66970940800187
B,0.640983309723271,32.871780183592996
B,0.686473898979605,237.30579255764755
B,0.9426274942210283,760.005197581029
B,0.5636804891931296,55.945642144351424
B,0.11886973417512389,6.292565062761662
B,0.5490747061530852,586.724791863684
B,0.14445159350081546,41.246667633550445
B,0.5452308151118169,377.2884869258509
B,0.5160120816452518,60.1581872574822
B,0.36861236411591497,33.63289176840045
B,0.8766465264982534,26.62196877870268
B,0.7751194784855931,798.827348842949
B,0.35158775691027494,76.71071129741024
B,0.581379340043578,41.20945106990204
B,0.5813746821582588,29.825808174534274
B,0.22414063660458025,95.307893076304
B,0.6101727787975695,47.2826032630687
B,0.48184307004356036,48.13388307718054
B,0.4342339428062469,39.61937874114443
B,0.2743111844582714,94.21469495950025
B,0.745153669867331,46.472265600069655
B,0.2669103786332848,66.04089044284515
B,0.17845873056161854,29.563299750011144
B,0.6900778621273919,63.72826197524031
B,0.07864174972260038,13.952109707764793
B,0.2917714649214491,18.060000535459153
B,0.4581409909493387,1.2353783813352124
B,0.44844099712501534,29.73279305591421
B,0.17234408029893641,16.967464234736273
B,0.656940370699808,61.70506358884371
B,0.21356519339367616,17.5953966372859
B,0.644800212200375,341.5926990289003
B,0.6346446664180444,104.57371399318711
B,0.3735829314554228,24.51895999847069
B,0.49717122977030637,15.659834964071376
B,0.637868842678922,32.53001318120066
B,0.9793711680793648,68.67945427680307
B,0.17166361959151855,4.187554089501758
B,0.6781503344066172,108.7636160565198
B,0.33062218187101994,104.71888461663228
B,0.6404414129673867,132.41927856037685
B,0.6484172400358513,32.5842975629976
B,0.11947256818648627,2.9209142973979
B,0.20246615513297625,11.826572294593571
B,0.5722234135302225,68.56680972083929
B,0.7756084637167663,121.07745528798999
B,0.15950610167697682,17.886829770413467
B,0.5689815895079497,28.44644787311528
B,0.6863979420713463,290.60331336653013
B,0.5485895905031963,37.05304820463352
B,0.4444647504545697,121.82717643562012
B,0.47764625289127494,14.650149485781222
B,0.6391915307969448,102.9452621062938
B,0.45846482180812015,109.14551775912096
B,0.7977006279535032,69.34731887853732
B,0.6565089899130973,53.969276058925566
B,0.6484858663893788,419.7613088284176
B,0.43144120182174966,157.89551366377586
B,0.09437638561886875,15.976870291421559
B,0.8072952722005529,45.56643889910779
B,0.7941304730930931,337.35699079319426
B,0.6283704025170307,151.14426699802152
B,0.24802614312973492,30.532460988124967
B,0.5744461152896364,204.58975111387463
B,0.4188560088882468,143.00845120062885
B,0.7651375263590477,568.7924926097303
B,0.2779579376292891,115.55743349076852
B,0.3149107360720835,174.5024932686282
B,0.4116682343786353,20.38501262324779
B,0.5211811701484637,6.576900852751351
B,0.11995352716928534,7.598553104584243
B,0.5749258403922733,41.62645892176274
B,0.1613797172191461,20.61164165350176
B,0.3213368551502459,198.67427116923616
B,0.3937592353752429,7.370119309609445
B,0.36673415188548036,36.36175458564779
B,0.562198709650417,75.69431366968826
B,0.2748674665012317,24.9658592016969
B,0.4702854760940332,265.1586517860278
B,0.4570995193367113,55.87387165212161
B,0.3311614833851734,77.08430567397578
B,0.0983333387362525,8.46548197159522
B,0.5564243541227466,105.98203108513316
B,0.43581446043685784,40.97356639984195
B,0.04392498834046666,30.87155304534158
B,0.9188007565885784,195.23110678251632
B,0.7832658279752112,1000.0
B,0.7464326887800714,377.4508190615162
B,0.488487372674248,60.689039440375076
B,0.5172671977955647,130.03612986173448
B,0.33053063421664275,9.744021065424098
B,0.630111461056345,15.590129184529092
B,0.7803555354164338,56.569052447554995
B,0.46557865526730324,49.74478833771457
B,0.9332881020707886,144.332007492194
B,0.2419080361502891,10.883694856843178
B,0.677790959059104,13.741593809200639
B,0.06412730830742708,3.7781320430507908
B,0.7566445692553515,42.00343937113119
B,0.5378657290607556,21.411712047043086
B,0.8820261927618096,69.06661748453858
B,0.6316684118744599,103.2694917484608
B,0.5398595704104049,54.1915029861613
B,0.6533773474581587,11.728082897227145
B,0.5633157254874456,352.7849397597733
B,0.46520378442268023,65.05460177239227
B,0.3128491511139151,49.496908641321916
B,0.8851962165151523,50.84381576234038
B,0.20827887188080937,10.007753123648234
B,0.3516236713009196,18.68907871149533
B,0.3371975789484947,78.67222337205435
B,0.7339867169032724,98.42004342753577
B,0.6205214477182024,52.55116842360354
B,0.34902709508142893,10.08112716558372
B,0.7580798091402511,24.14469071224607
B,0.35499848660450406,31.534618770362993
B,0.12008945835187845,4.010646081625468
B,0.8209565861043852,101.73344813422877
B,0.41035598061813977,27.91351139230966
B,0.37982051555930035,22.418520527772156
B,0.627194353519338,42.265322466739946
B,0.2719544003012719,46.48687864321471
B,0.49182880315396216,83.01231499994216
B,0.8239118737115301,95.61657838422737
B,0.48461507559568673,113.97276633031042
B,0.7774643212274862,101.82215040774038
B,0.3391720089699859,6.980951855480249
B,0.7064796637288238,44.802872998653385
B,0.6263276027257292,80.93873272715562
B,0.46497936062448264,88.43954645987164
B,0.8349990396960881,14.127275005980312
B,0.6758956787128844,98.50115059237439
B,0.49542743863626115,54.15868340844194
B,0.28695872846405707,4.00180048128506
B,0.24752653342222897,39.04531654636884
B,0.6483851959161135,218.82146967311644
B,0.4455214984589657,42.02112513820856
B,0.5468563309896928,106.37539419151315
B,0.050770652376158146,11.604061827069573
B,0.6712041241664723,90.06362232805765
B,0.08244765892849168,9.587051771659482
B,0.7948579168205978,42.89185326582918
B,0.5051400353934746,136.64382056113027
B,0.6096572366193553,43.54360964007383
B,0.35247736484267295,260.25754443726544
B,0.7711092833106334,26.55133649315721
B,0.2711196787753831,32.20469417005843
B,0.29541044613723266,241.77426701109775
B,0.37189988247303296,25.448777485338763
B,0.13584796263360865,14.463492444184341
B,0.5889724966167174,151.1364688766952
B,0.8154800413742771,189.8972637607445
B,0.49183124171490916,470.2970451691298
B,0.7119465742319312,60.76107108470873
B,0.3222875182989352,36.45233659985169
B,0.3468568976554199,183.18940256216558
B,0.5414555724940044,88.82526943924879
B,0.2516745837680685,25.94692554859773
B,0.3826674170254634,292.9502868392251
B,0.6146448039220693,47.11688599594395
B,0.29570658954589435,7.962574862859078
B,0.6496418627047281,37.45673834217766
B,0.3246800747407754,47.11280842549197
B,0.4433242342177123,69.7052809560164
B,0.30091597439849166,55.59285878404091
B,0.19176263830106646,8.136972683328391
B,0.17699034044544126,169.78870844707447
B,0.4600785657887805,35.550424209975176
B,0.46573326669703974,114.49893909397373
B,0.3693771406953902,40.37872318711679
B,0.34441435938989307,104.1218977403505
B,0.46077698294968517,59.39721337412414
B,0.5767234225110016,94.18495616766424
B,0.8790456074273941,883.2640574707025
B,0.15185484357028767,4.96040716229437
B,0.4190134184628209,19.189875412524085
B,0.4054627774404083,99.54228017710994
B,0.6351304565760199,407.14350597430837
B,0.7673877598770739,17.157569444132548
B,0.586217307638855,22.401474679843837
B,0.7019006781871865,48.63137071620676
B,0.21395627350286928,28.7773586479459
B,0.43427661661359296,31.321948491854926
B,0.7411646579065818,27.227979187951554
B,0.41621626230974074,63.43221507811578
B,0.14477982085503868,17.434430339589827
B,0.7404642139563186,177.5180789364733
B,0.8004390017187297,53.19391287262996
B,0.6130254329751671,20.491963645650554
B,0.861297927220345,51.57629560545869
B,0.38218374104938646,54.774096650591126
B,0.5445608502291875,143.5253152829629
B,0.7594159600358305,93.37106378928912
B,0.590723117179727,26.618543386800606
B,0.12711524716118386,12.221340724480935
B,0.6589597369021621,86.1041327370633
B,0.8093421960815492,47.704543811877684
B,0.9225225303919193,317.4726353278984
B,0.24010969401737514,126.51061195322175
B,0.4357654248189885,29.70948372469304
B,0.3377505136314916,88.32349169947163
B,0.7795405988691251,6.292125784631755
B,0.6475090242848045,62.20142557195426
B,0.8043593212029458,116.19273571910432
B,0.8654556352609455,89.28666878666854
B,0.34976675286117026,37.78586184862286
B,0.350054753351322,68.29307161312448
B,0.5786013852402438,217.077447155678
B,0.31825936963539864,6.243891917727846
B,0.6293980906953058,39.35683171820622
B,0.34784227088707553,115.82514407183972
B,0.5174334943495235,23.333689943558035
B,0.2396901937217791,202.54388969288433
B,0.12467844637413764,6.516752068778479
B,0.5806997634192719,30.437845689436667
B,0.23282767462828394,49.492817536963024
B,0.7002545716485175,46.59326058287825
B,0.8856049740099982,53.45804181003603
B,0.10772048758968884,6.139532147460959
B,0.4585126635912311,19.661983378020324
B,0.2584442717007983,82.24137327005961
B,0.45245614341206225,137.81254225674644
B,0.4878186715472641,216.42390417782286
B,0.3675104018038276,11.987285362982433
B,0.1207014469196885,1.880881863288159
B,0.5816082280164906,71.31596108122818
B,0.7811719888311836,106.38939892032299
B,0.32045814497837327,106.86667244252654
B,0.6280956521036793,52.521677331960454
B,0.849199024663208,70.19002256739385
B,0.9417182390092804,42.15856736589245
B,0.7256201668195293,90.70483234568786
B,0.23730900983485548,21.7579389959219
B,0.428804570827991,51.136900556329465
B,0.1269912607909412,27.591068299217916
B,0.5460952542331616,82.97786193235184
B,0.7783839184242604,56.701218114507846
B,0.3090229407416029,142.7387261603519
B,0.7898419921316349,104.76369434348902
B,0.7452359541866888,12.729301227864019
B,0.3802264043780083,119.06042803884468
B,0.49473382317934445,87.75536855746202
B,0.23075524543858514,12.526269950903078
B,0.4622683866983648,34.2962788536039
B,0.45785144038734493,58.50182730639902
B,0.9101684391043777,111.15732124423167
B,0.6738148888198622,32.70894063249125
B,0.6428946551443108,61.52003142476815
B,0.22694385134732661,102.97878342352581
B,0.1626727897969204,5.7774673464430535
B,0.30787465411727066,14.196186363555618
B,0.52148248117276,61.7918259649086
B,0.3503604068275465,47.51252655132977
B,0.11963447195885098,4.1019656345372955
B,0.5460064989427829,98.24679574747641
B,0.26175482609823036,44.07930452696961
B,0.393169909546843,15.458891105939419
B,0.21031497791964124,19.373611326305173
B,0.8999378967554879,384.38510974881154
B,0.29426963739333856,38.835660645448925
B,0.7707669725814524,51.37678689410342
B,0.25697596958431385,11.935264854441794
B,0.43993922867124213,130.12195136287144
B,0.6769635339152226,31.35647756739208
B,0.8902225839566977,170.98314327808086
B,0.8103281435401506,89.76703861710773
B,0.23110680636170047,14.610055081930806
B,0.41981560088343056,68.75957699989699
B,0.4810197734826412,39.977965029386915
B,0.6073157002003331,148.62682503388618
B,0.5421828006968792,50.6977425199291
B,0.3041961519156692,72.22985412927335
B,0.9084242684294763,64.05277699513016
B,0.41080686612009476,6.8269475122864876
B,0.8496296649857535,9.697528248090988
B,0.23441535577596923,17.209003402200157
B,0.3203420549586549,32.96177609167038
B,0.6025453928509577,86.87653329293718
B,0.06422679650957672,34.89525759861362
B,0.5172764716197955,68.79387757645274
B,0.43130759865750895,47.66102322297595
B,0.818244376629002,59.47899442216754
B,0.4572202686957534,5.626059181783152
B,0.5429125470863241,229.84657134886797
B,0.2148131326186866,7.045544280244164
B,0.8513492909323559,72.35154205143697
B,0.2241590445703271,10.498906018228318
B,0.8701651151062756,39.678044493053186
B,0.8978794846091218,123.99362153646658
B,0.18208745818321528,99.91054849504647
B,0.4191820557153469,34.35976016855662
B,0.4617114244872985,50.27503406772388
B,0.544697554624013,19.358090909821833
B,0.6729903311507226,21.404796792608217
B,0.3399937695613088,4.286037502824424
B,0.6290399658824125,124.7459245164035
B,0.501082267952698,82.94576994736259
B,0.14441030013020528,17.308423739390093
B,0.7785388088278514,92.84669590108014
B,0.4709530152701816,114.71265406190163
B,0.2771566276850112,35.03052186509898
B,0.8842474589982657,254.72865973291553
B,0.12074761760547653,12.217005755990362
B,0.4151809509033382,207.78817342103162
B,0.5812443553096258,28.11414485996614
B,0.8180224201780792,193.52983812786002
B,0.5559106712994701,66.94653010571837
B,0.46806362960772896,4.17602917145955
B,0.4234476261734414,60.853769440062386
B,0.6580347088280798,43.28718535296685
B,0.1503846534696809,34.73582793914102
B,0.6810563125653418,64.30284565851255
B,0.9290592047598987,52.158658749622795
B,0.4275367621145079,44.0360548860185
B,0.27240693754795586,47.98576164092746
B,0.6063938852806777,21.7017669190344
B,0.44932566187930206,171.5417374632396
B,0.8327447050661455,180.91939286921792
B,0.8315090459263518,409.700285058421
B,0.5776984398452405,56.10127364802183
B,0.7189392298956084,57.461272272487356
B,0.34764456800680016,80.10599206859635
B,0.7823765112227177,82.86282973870856
B,0.42520618708965774,27.178187150869956
B,0.7091712753089825,37.371964572619326
B,0.15110797414093735,7.8154532142530595
B,0.516302414274543,15.29826556783412
B,0.6699103643418274,20.457757993528137
B,0.44835450390727016,61.03020468220918
B,0.6089922674275421,26.42233869775163
B,0.3205501828623342,79.61504613727168
B,0.2986181166861886,102.43051490246133
B,0.8864972991628205,34.57306939661753
B,0.7128954080047878,170.38299939977705
B,0.42978774965919747,221.1662415710881
B,0.1769303948156122,127.23934495238464
B,0.39297622042571756,179.0537535560012
B,0.30648251798044807,21.403341884648402
B,0.5135195317219848,65.98876311777857
B,0.6368043399144597,62.20670574841715
B,0.7528795641267408,11.150353832820592
B,0.10254345553293981,7.47373650384257
B,0.5321944620151082,145.04736393246824
B,0.6543676766197859,83.6860082196871
B,0.528014466657549,20.073294222648645
B,0.19625287023900284,24.29626123446821
B,0.6746448919038927,41.40948258631279
B,0.709897242889636,52.926007744696115
B,0.8410164819434546,111.12502321933556
B,0.7785766984988995,88.43849792387672
B,0.3423350386956113,19.63099974751088
B,0.8685140100979764,68.63839061312274
B,0.3185793019203934,9.502938754948863
B,0.9163702892395579,454.4083405912651
B,0.25542494664216303,202.08141136591013
B,0.46637427280152904,32.0449122478992
B,0.5239698871417672,152.0805975211607
B,0.7184911658876552,22.105574954816888
B,0.3174079390895925,102.08271523946033
B,0.6792607064897788,124.14291451838497
B,0.5233740367146841,68.01806692658674
B,0.3992353242245615,25.170672064785666
B,0.3643006256816475,10.702760636408982
B,0.7860317811670474,111.62684059231714
B,0.8214032230132248,130.1501150267925
B,0.4726026223351242,80.94243077189357
B,0.7364993291084686,117.49530149382082
B,0.8959682759869628,99.49897400064586
B,0.3250671223671382,64.37447710781821
B,0.4758499367545064,22.875730522832228
B,0.825863340884005,706.8728074399602
B,0.3935643084742802,9.662759090363897
B,0.4676304740356649,80.08598367409715
B,0.5825002362797254,18.008526577119518
B,0.9741888701999237,151.97922180771846
B,0.7098758489165768,61.057374865044046
B,0.38343267069810544,26.189077192963143
B,0.989549789173044,83.7226715667562
B,0.7925596356727447,200.3896435437045
B,0.6895631924682023,129.00886415954352
B,0.22953718253859146,40.33923163085695
B,0.6696844886667573,136.12483385000675
B,0.5661192297573914,88.95886241285433
B,0.6418238241264181,53.92044500937629
B,0.36565289509083176,36.42655188093152
B,0.7904249470125969,83.23252190309552
B,0.28996111232723903,52.80945061536517
B,0.29783195271249646,35.32048271878753
B,0.30406609465722534,52.3591023605543
B,0.8698695792972136,191.97426682180802
B,0.152069768782902,7.993895611811116
B,0.9143559099420706,37.99294083533393
B,0.45737152079441123,38.65040201562784
B,0.7736244568104876,554.150739728308
B,0.43583160985415254,62.26229032715884
B,0.2403219734379897,26.097230825012943
B,0.25909664857040565,9.604610474004174
B,0.0514557523194335,1.0162911211745926
B,0.5696520000691842,173.96896194986613
B,0.6802195946241487,157.00402975592732
B,0.3339315747622806,51.92532198251889
B,0.5588843584499734,59.096943807461486
B,0.9112582568587825,46.51084505812434
B,0.11867374808170955,2.568826931021466
B,0.1505153166822995,3.475328706755894
B,0.5824855709542099,82.45550622283699
B,0.8258780999241204,385.15993037071183
B,0.7102701836321752,83.4958178521668
B,0.21719823940976252,35.38104286323979
B,0.4854776466818801,7.49419425669048
B,0.812780973852486,196.7814172550711
B,0.6735990038323676,27.483244032939275
B,0.864186584685277,353.6263465718082
B,0.7754630588648977,372.9085267717726
B,0.5510804477892516,11.60571958329318
B,0.29333359901213935,24.29256932943565
B,0.5755500641400614,27.283223271290165
B,0.41227662167838586,170.81543490835895
B,0.9122484888781576,149.47278811631148
B,0.20373964145363344,25.92196157907668
B,0.6691208769135607,13.252262464186694
B,0.1685431006721074,8.230284335317352
B,0.24919655349129857,113.47326966803993
B,0.329567478679645,36.004746269016216
B,0.9149277308840188,69.78584611084197
B,0.18708016967528568,29.05541282390331
B,0.6808569950166491,80.26837212346082
B,0.7423535035796619,489.83676824177775
B,0.685535455505563,50.283492678606486
B,0.8295473812335665,127.9661119006938
B,0.5227798141379547,67.57261488956507
B,0.4608792646173041,52.692102500046296
B,0.2702212984217816,29.56056959313827
B,0.4991240491761033,110.21890889284523
B,0.7320368404130639,88.13398752581014
B,0.5723311868088533,22.68202348343179
B,0.5520349083101794,19.913696338799326
B,0.27346150817294973,6.252789459043674
B,0.11415432010008529,25.648875026274233
B,0.8415155820335763,147.04306942886907
B,0.6754657103985394,40.84823127127596
B,0.16593177178858284,10.981154885273417
B,0.9175382698033098,122.39828309498645
B,0.7347022054743668,4.791465703608101
B,0.3015665897227323,15.887644787902166
B,0.32166912739248427,29.372246772619327
B,0.42270760501958277,93.04524754069274
B,0.3538531798514641,153.05412386913392
B,0.3693662865398786,103.67406628813848
B,0.36359101800402605,43.602667913207554
B,0.788804472886614,40.289026640973056
B,0.3332504331494069,72.76236494611783
B,0.2048692461576659,89.37047074089689
B,0.4598168171134059,17.468863832815103
B,0.5836183140795805,18.245905457191906
B,0.32242721303742156,115.47859967675652
B,0.5221187860776241,45.66077246739441
B,0.6766307203094654,147.07262388425505
B,0.5889347330900246,183.07148964432395
B,0.479434140928356,56.24678294476318
B,0.20227725888061604,37.264242083239765
B,0.10560218051572112,10.314959693516641
B,0.41492168851952765,13.290686386337331
B,0.5385448269073816,77.39044037063343
B,0.5855254462866367,38.03863202943584
B,0.23955552784030634,27.348610492350733
B,0.6727819345271379,142.69350047335527
B,0.492999459904361,63.253891196474406
B,0.1622873977691245,24.63995867940302
B,0.29670557657414387,15.37488723109332
B,0.3086954155199565,28.437829941149218
B,0.7602310142395536,40.2568176152642
B,0.8379203079242376,58.34720389579209
B,0.44192483036077246,40.205126183578614
B,0.19161409369491447,3.3266637155010343
B,0.24960310561121418,6.687157067367452
B,0.5814106788882546,91.48234371268279
B,0.4270515858901959,81.28377763522255
B,0.21488439090565686,51.11117127263562
B,0.7143800241781444,92.82571110062871
B,0.8378147400678313,526.6048453290601
B,0.7351053801081756,13.585370681328715
B,0.6041542599231097,87.76349533060309
B,0.5416195347386711,23.86094207637245
B,0.17816975198089577,14.95518119002561
B,0.6661963698126713,149.90102755603093
B,0.8177408275128486,57.294276202200585
B,0.20508928077117827,69.81948928963955
B,0.0639023404788969,17.323140487795367
B,0.41867703387676075,58.60237892202232
B,0.5363226670432968,4.391141882657337
B,0.7735659193422714,62.35054334261594
B,0.4677540979753551,186.9101686182332
B,0.45526563154597904,25.24170375950283
B,0.622306761544252,109.25665514294157
B,0.1021923549791451,22.728146184043776
B,0.04847155284643241,15.098253572093624
B,0.9121479396858762,467.8401828211852
B,0.599764125868406,103.63477479244501
B,0.49721748526514775,27.016120423245663
B,0.718929529658819,49.57721758924762
B,0.38862274682158116,46.74880826572442
B,0.7290753394375935,72.37538514183906
B,0.20571954935220288,1.6296407027001434
B,0.7618714406264103,813.5847067958946
B,0.8698748514775451,195.74777472811513
B,0.4531741673660469,40.461180844335324
B,0.13844760750261714,13.72842955795051
B,0.4552826050048182,152.70593094035252
B,0.9067079411488804,308.94430078660577
B,0.6028539897576202,159.04332954057006
B,0.5328871327049941,85.83820828622983
B,0.7619954847013192,86.00982192740786
B,0.1976888134810407,26.22640763324927
B,0.927171105711038,32.59141937044089
B,0.21722432657781904,20.55983078238729
B,0.5524379896916048,52.840339468528725
B,0.7175880112935984,52.892903943746255
B,0.8085431488384672,175.00654740927232
B,0.861430053549594,71.6740653201119
B,0.6164587783452868,129.97677964755854
B,0.20857052094929457,10.995161761407944
B,0.8194936933555421,220.41816192491453
B,0.5014938239711186,66.03246552625406
B,0.3953339133374397,84.88986596687917
B,0.5595189021566741,68.93887615834572
B,0.07239636369575225,5.251359014660539
B,0.8967300372468959,72.84280780569068
B,0.31429016002872395,18.97545535789309
B,0.4433904209423477,105.16212917015739
B,0.5225056337670388,28.13147442781175
B,0.3001270068632915,14.316278870793532
B,0.6721518039704234,13.861316769050884
B,0.46793397461031777,8.501126089476777
B,0.11000022028315148,29.505540338026893
B,0.1354922621613384,8.102294000240166
B,0.11384824333346263,6.414688706788739
B,0.08510439946206376,9.31721597549141
B,0.5493319074167832,38.089649238988066
B,0.7589024937045777,22.86074748058127
B,0.4202931596558239,62.89854602978496
B,0.726822190105265,171.52109943162364
B,0.19518304801946199,53.83879555857525
B,0.15853645313334003,1.1032439179484128
B,0.3329146569356898,47.570771107210575
B,0.7082638777087835,65.16634157765859
B,0.19514087238958247,9.290686523500897
B,0.4941849241357873,251.62055742956784
B,0.5274466841357419,208.46154422502428
B,0.43446684717521467,168.17696748846654
B,0.16197464236431322,74.50806214028887
B,0.6091992163829929,54.98560323079635
B,0.3223833346397708,11.04411772957788
B,0.5446411196596823,89.20058448789753
B,0.6280547342623843,71.24418313465813
B,0.10969491161736655,22.35787647588376
B,0.44099788343507607,720.1597580168967
B,0.2517321188542189,388.8110699229588
B,0.4449533954843559,30.88845884996705
B,0.7959782577083168,105.40251460659532
B,0.7075893570941456,83.60900881971389
B,0.2458640733083958,122.92563923472625
B,0.1793251303844294,14.660386447797757
B,0.29965531612213503,104.49517329054731
B,0.8318291864800627,201.58226696160992
B,0.1712458384308544,54.38602093236991
B,0.63322518125955,43.616429992343306
B,0.3325999081689702,81.21015508389252
B,0.7688330156410234,189.69739080700288
B,0.7413749449701874,439.0071001105672
B,0.3208472955516764,58.78917857382218
B,0.19503512884535376,18.07592139654883
B,0.5045160172835673,60.97583141066043
B,0.7641550318481868,53.36945248289595
B,0.4460944878655957,33.687244545186914
B,0.025181307305425556,2.620787027799893
B,0.3595259846350132,111.933876018072
B,0.16106217777711818,28.9132777564587
B,0.42454846005061214,97.89979693333181
B,0.2968727023959251,34.893054520987164
B,0.6251514127805137,33.52976752444124
B,0.21534032308245007,29.024852507055723
B,0.0752373499550764,4.7749308010121645
B,0.10461677399687642,18.576754245179615
B,0.724804025464513,26.20296033794298
B,0.6733340545363364,86.35280988634744
B,0.5568732023305785,105.25807776167241
B,0.5458289444609974,19.8273920682519
B,0.690844011484991,246.7709486760737
B,0.34427878003209267,34.05784647358025
B,0.334976751488321,47.5799939350243
B,0.5201093446875882,363.42497022612207
B,0.5063026610654592,69.79548133054713
B,0.590254515520501,113.57547561053501
B,0.6042317212082016,548.1743936748211
B,0.3362635931978643,59.07982258199916
B,0.6794402822471826,45.37771858800766
B,0.8001903803031744,40.526391426503594
B,0.5439770787855165,40.427212930307704
B,0.5557878694406538,31.584872621811975
B,0.03281684427365437,3.3515833970109052
B,0.9032169021830915,96.41381292467376
B,0.2768241823168323,51.25240324438767
B,0.28889602103891376,66.71832135298618
B,0.6889615343919621,122.92494274053686
B,0.7492274493110458,53.88532789585588
B,0.5004371245786056,42.61912799271655
B,0.1386690887132459,5.024812512943601
B,0.2425570180030589,8.624756369573191
B,0.7813266693383767,85.84619703263401
B,0.7650514740231028,37.152447814255446
B,0.6704958121724949,69.12308055587565
B,0.7444793986024858,93.8648744659389
B,0.6331843001441952,496.3914429471234
B,0.2859550169963118,19.41110304919016
B,0.2076508347967466,9.490272947633729
B,0.3311230715020668,20.732339272408815
B,0.8290673186478604,150.12566709844236
B,0.3852704002397309,42.09510263357861
B,0.9023560824891556,167.93739672603013
B,0.24302267979638437,18.445273433219473
B,0.7446763024513451,61.16038584299532
B,0.22501413472973503,4.196614260503281
B,0.3061200989759541,94.80899811803262
B,0.1055247801125853,5.821430566396727
B,0.8090110516287344,37.02686325194454
B,0.27672272774103035,74.92089816295879
B,0.6581897283348608,151.9385197120186
B,0.46994468053852184,29.294939118912023
B,0.7900084033855181,39.726271741480936
B,0.46314772161715806,34.73934563295547
B,0.40476034784427317,2.591295186220896
B,0.6551642617593315,74.50462833113872
B,0.4499919611432292,32.803174690439896
B,0.23157193977638002,20.539532231014434
B,0.8092325323989745,38.477695454399274
B,0.5221213457414587,58.979942711951
B,0.6324724442736809,40.44679105853295
B,0.807090442805571,103.32059099952669
B,0.4365364592745408,24.483201705127208
B,0.424464127435745,87.59911251768963
B,0.6246809986909183,443.0039698961452
B,0.2483161997043175,13.932109135472286
B,0.5421490810782748,194.9483282117359
B,0.45678650347135524,29.207109925845273
B,0.588831779563913,62.133274096217164
B,0.2984049509333381,20.26835484445989
B,0.2326435635595286,63.18867800312772
B,0.7765105531533594,341.3001668672862
B,0.4370294404447551,30.482938134854663
B,0.6515506708326457,68.60743725192631
B,0.13001756584566845,19.496398581002182
B,0.7581976132450086,70.03246499679449
B,0.41210284449315043,110.70137401548021
B,0.7314419839777974,71.8515988331195
B,0.4865416930971988,29.977689847776798
B,0.5946266094546154,21.430099754061324
B,0.2789374325532092,55.224995891965285
B,0.8547987249809913,24.00495915992433
B,0.8022346244971872,27.04711904812938
B,0.78542121226614,67.44812872519584
B,0.2378841926097622,8.521605038384433
B,0.1469302039491362,13.097815924058773
B,0.159667612482066,22.634925936563185
B,0.46285269075283275,61.07248231743921
B,0.34795846706139294,222.25093872843797
B,0.4772517496342636,106.6324883915931
B,0.8410510008401743,51.02245370343869
B,0.21276317023614583,14.29672563008957
B,0.3747050096260718,61.30414411357067
B,0.26036281491334273,65.60815943430127
B,0.6612549154532663,48.922327290869994
B,0.8780476938409608,18.430621915330182
B,0.5246001663734081,134.17797280042652
B,0.4963238233882923,54.15816472316002
B,0.6642574556733344,34.56295288628632
B,0.5212804336299917,185.65954399615183
B,0.12913376919752512,14.89747462221805
B,0.3988601351396545,147.85267807941915
B,0.30075790318891366,72.96034533210226
B,0.45278203166748066,20.06700415662759
B,0.38162553031713586,180.25025165058375
B,0.6624110521354772,32.12377934284036
B,0.7358582328605535,40.93741333661082
B,0.5254487564118444,78.18967046631779
B,0.23952773907138927,25.788363467675456
B,0.5069449683075966,13.032218471804628
B,0.3622468424204891,58.90182038276636
B,0.7089937410493562,131.66697865752676
B,0.30947325494760347,32.800731136633274
B,0.3652294993173433,7.350849538164515
B,0.5789328492154135,21.328024731717598
B,0.12055736161885805,13.24014168750951
B,0.47149643789156476,39.09542139484225
B,0.65412692073652,280.1261787691299
B,0.5708804447092984,323.930030755096
B,0.5885744870116083,73.5525667421266
B,0.4324630326915598,292.78369460017024
B,0.4117903995830564,20.47435852150366
B,0.2994208541570045,14.75064215195638
B,0.2136579082332707,3.6268105892926124
B,0.8346667869831881,48.02147797713112
B,0.34109318112617376,42.22741964517418
B,0.5502444781254797,140.0963354845144
B,0.7157457445859376,31.871521915942868
B,0.3577209282963858,103.10220538625936
B,0.12564550197910865,16.22114895971448
B,0.5416897148225908,21.118080403018645
B,0.23185357013878127,56.66310278392108
