draw,status,binding_bounds,urea_export
1,OPTIMAL,v2:upper,27.702205412613996
2,OPTIMAL,v2:upper,85.0667908978025
3,OPTIMAL,v2:upper,100.04108618423712
4,OPTIMAL,v1:upper,189.37608687825386
5,OPTIMAL,v2:upper,15.78085073209327
6,OPTIMAL,v2:upper,93.41928864828866
7,OPTIMAL,v2:upper,431.7091959573824
8,OPTIMAL,v2:upper,83.11993504434022
9,OPTIMAL,v2:upper,120.44861551419315
10,OPTIMAL,v2:upper,56.78695684777965
11,OPTIMAL,v2:upper,94.63280902310163
12,OPTIMAL,v2:upper,52.518256309926265
13,OPTIMAL,v2:upper,26.597269380096403
14,OPTIMAL,v2:upper,169.20296712731806
15,OPTIMAL,v2:upper,27.68331127715052
16,OPTIMAL,v2:upper,225.57334531452082
17,OPTIMAL,v2:upper,34.71552866019318
18,OPTIMAL,v1:upper,52.66629451865207
19,OPTIMAL,v2:upper,152.0318550925961
20,OPTIMAL,v2:upper,166.49519860642982
21,OPTIMAL,v1:upper,306.9084981140419
22,OPTIMAL,v2:upper,285.9278487475513
23,OPTIMAL,v2:upper,18.659937217143504
24,OPTIMAL,v2:upper,522.2480903287129
25,OPTIMAL,v2:upper,38.88175971655795
26,OPTIMAL,v2:upper,183.9173890598465
27,OPTIMAL,v2:upper,234.68176678175772
28,OPTIMAL,v2:upper,205.71428719889678
29,OPTIMAL,v2:upper,24.129727027076253
30,OPTIMAL,v2:upper,130.51074209349264
31,OPTIMAL,v2:upper,95.71084064983675
32,OPTIMAL,v3:upper,46.674953062689696
33,OPTIMAL,v1:upper,142.73587802415167
34,OPTIMAL,v2:upper,127.41636642872636
35,OPTIMAL,v1:upper,161.17366085284013
36,OPTIMAL,v2:upper,48.66899179817052
37,OPTIMAL,v2:upper,159.81779484911104
38,OPTIMAL,v2:upper,833.4964371181438
39,OPTIMAL,v2:upper,34.58256518995036
40,OPTIMAL,v2:upper,40.42557735578544
41,OPTIMAL,v2:upper,406.22938781698474
42,OPTIMAL,v2:upper,166.49072622459792
43,OPTIMAL,v1:upper,144.49690857707796
44,OPTIMAL,v2:upper,96.67701633576404
45,OPTIMAL,v2:upper,89.46273768936388
46,OPTIMAL,v2:upper,137.52285440428716
47,OPTIMAL,v2:upper,557.9259123829634
48,OPTIMAL,v3:upper,205.73599077942058
49,OPTIMAL,v2:upper,111.84698506379615
50,OPTIMAL,v1:upper,212.31199819958456
51,OPTIMAL,v2:upper,170.9135204109528
52,OPTIMAL,v2:upper,82.84816921096184
53,OPTIMAL,v2:upper,58.08193465715238
54,OPTIMAL,v2:upper,706.0328067327636
55,OPTIMAL,v3:upper,258.09765314419315
56,OPTIMAL,v1:upper,128.4798478702315
57,OPTIMAL,v1:upper,41.577643157867584
58,OPTIMAL,v2:upper,133.74062695410677
59,OPTIMAL,v2:upper,162.1807027499806
60,OPTIMAL,v1:upper,90.643396507094
61,OPTIMAL,v2:upper,86.69380728667987
62,OPTIMAL,v2:upper,57.02967167218704
63,OPTIMAL,v2:upper,82.83339931463708
64,OPTIMAL,v2:upper,459.4562978246807
65,OPTIMAL,v2:upper,213.48969012021325
66,OPTIMAL,v2:upper,20.780156329051596
67,OPTIMAL,v2:upper,227.10195986204508
68,OPTIMAL,v1:upper,426.21496714617336
69,OPTIMAL,v2:upper,127.39898470162574
70,OPTIMAL,v2:upper,27.898126042459804
71,OPTIMAL,v2:upper,19.16204752168934
72,OPTIMAL,v2:upper,425.12678993873374
73,OPTIMAL,v2:upper,83.1073717022193
74,OPTIMAL,v2:upper,38.21065104686641
75,OPTIMAL,v2:upper,92.93758625564037
76,OPTIMAL,v2:upper,113.84948744173657
77,OPTIMAL,v1:upper,57.457513458557884
78,OPTIMAL,v2:upper,279.8272705371289
79,OPTIMAL,v2:upper,82.6826717306625
80,OPTIMAL,v2:upper,229.56854479061636
81,OPTIMAL,v2:upper,137.35677158747396
82,OPTIMAL,v1:upper,769.326578478077
83,OPTIMAL,v2:upper,80.56425144485792
84,OPTIMAL,v2:upper,113.08405275203597
85,OPTIMAL,v2:upper,130.4532112015881
86,OPTIMAL,v2:upper,49.20583829728102
87,OPTIMAL,b1:lower;b2:lower;b3:upper;b4:upper;b5:lower;b6:upper;b7:upper;b8:upper;b14:lower,1000.0
88,OPTIMAL,v2:upper,429.87373468664634
89,OPTIMAL,v2:upper,168.3048231045073
90,OPTIMAL,v3:upper,29.03326497325546
91,OPTIMAL,v2:upper,205.06364208546177
92,OPTIMAL,v2:upper,448.3820742725381
93,OPTIMAL,v2:upper,149.50003720364282
94,OPTIMAL,v1:upper,93.45578900604293
95,OPTIMAL,v2:upper,105.86373960705683
96,OPTIMAL,v2:upper,169.9362653390457
97,OPTIMAL,v2:upper,118.19121909342097
98,OPTIMAL,v1:upper,44.74701847517171
99,OPTIMAL,v2:upper,160.57678215870712
100,OPTIMAL,v2:upper,52.881603101464165
101,OPTIMAL,v2:upper,178.18190098197704
102,OPTIMAL,v2:upper,98.85313262094623
103,OPTIMAL,v1:upper,112.5000394529775
104,OPTIMAL,v1:upper,97.36852858370288
105,OPTIMAL,v2:upper,104.4800896791225
106,OPTIMAL,v2:upper,430.2290103596788
107,OPTIMAL,v2:upper,151.66199912438483
108,OPTIMAL,v2:upper,44.39739915305514
109,OPTIMAL,v2:upper,178.51248340410314
110,OPTIMAL,v2:upper,199.94281198642696
111,OPTIMAL,v1:upper,241.21457250912852
112,OPTIMAL,v2:upper,170.64939547047115
113,OPTIMAL,v2:upper,336.52669870190704
114,OPTIMAL,v2:upper,260.71133578560244
115,OPTIMAL,v2:upper,355.03284082735087
116,OPTIMAL,v2:upper,93.32783236784294
117,OPTIMAL,v3:upper,236.70604275625922
118,OPTIMAL,v2:upper,188.42468644526267
119,OPTIMAL,v2:upper,135.38901856216972
120,OPTIMAL,v2:upper,254.18662945647296
121,OPTIMAL,v2:upper,172.83734855032
122,OPTIMAL,v2:upper,61.91306898683912
123,OPTIMAL,v1:upper,163.76793876616378
124,OPTIMAL,v2:upper,296.59052575262604
125,OPTIMAL,v2:upper,26.716317654075315
126,OPTIMAL,v2:upper,87.85720090590509
127,OPTIMAL,v2:upper,105.29765085090273
128,OPTIMAL,v2:upper,104.7309101973542
129,OPTIMAL,v2:upper,71.42377129903835
130,OPTIMAL,v2:upper,484.2806352120655
131,OPTIMAL,v1:upper,141.39105428511257
132,OPTIMAL,v2:upper,205.369126236725
133,OPTIMAL,v2:upper,36.22185062532126
134,OPTIMAL,v2:upper,48.347961348069056
135,OPTIMAL,v2:upper,171.3063396348869
136,OPTIMAL,v2:upper,123.2382691565183
137,OPTIMAL,v1:upper,422.8745581051704
138,OPTIMAL,v2:upper,25.002611218832765
139,OPTIMAL,v2:upper,22.410130744636056
140,OPTIMAL,v1:upper,184.71328561002326
141,OPTIMAL,v2:upper,546.5871624225641
142,OPTIMAL,v2:upper,86.56995083854765
143,OPTIMAL,v2:upper,151.06537593673994
144,OPTIMAL,v2:upper,117.77368537947115
145,OPTIMAL,v2:upper,110.80691945204954
146,OPTIMAL,v2:upper,158.95168012406708
147,OPTIMAL,v2:upper,114.11498912816475
148,OPTIMAL,v2:upper,102.61804806643632
149,OPTIMAL,v2:upper,40.29896664033684
150,OPTIMAL,v2:upper,95.31826497222092
151,OPTIMAL,v1:upper,315.35685492281556
152,OPTIMAL,v2:upper,42.97150109133175
153,OPTIMAL,v2:upper,268.08641054094085
154,OPTIMAL,v2:upper,325.2225401933818
155,OPTIMAL,v2:upper,49.99451785587585
156,OPTIMAL,v1:upper,63.03034827396137
157,OPTIMAL,v1:upper,263.62319822976
158,OPTIMAL,v1:upper,154.8021550065716
159,OPTIMAL,v2:upper,73.35283729283822
160,OPTIMAL,v2:upper,52.42864460517293
161,OPTIMAL,v2:upper,57.83061253792067
162,OPTIMAL,v2:upper,21.874954175187156
163,OPTIMAL,v2:upper,52.60762457378846
164,OPTIMAL,v1:upper,99.27029725348115
165,OPTIMAL,v2:upper,38.567999134702355
166,OPTIMAL,v2:upper,17.935480202288936
167,OPTIMAL,v2:upper,39.02918744317134
168,OPTIMAL,v2:upper,254.86362625529208
169,OPTIMAL,v3:upper,64.49584675516834
170,OPTIMAL,v2:upper,73.68958271458918
171,OPTIMAL,v2:upper,67.82406431222503
172,OPTIMAL,v2:upper,75.04297242354905
173,OPTIMAL,v2:upper,82.4393619521602
174,OPTIMAL,v2:upper,70.58030851183953
175,OPTIMAL,v2:upper,503.1085372164483
176,OPTIMAL,v2:upper,55.26041630043279
177,OPTIMAL,v4:upper,189.62478885174326
178,OPTIMAL,v2:upper,189.96580485871445
179,OPTIMAL,v2:upper,147.19421156688944
180,OPTIMAL,v2:upper,45.83888455383475
181,OPTIMAL,v2:upper,102.03743621706559
182,OPTIMAL,v2:upper,98.95186422750596
183,OPTIMAL,v2:upper,61.72689040581943
184,OPTIMAL,v2:upper,280.6367409187335
185,OPTIMAL,v2:upper,103.20622910710382
186,OPTIMAL,v2:upper,67.2794981969924
187,OPTIMAL,v2:upper,173.00232683048978
188,OPTIMAL,v2:upper,68.28357713160156
189,OPTIMAL,v2:upper,23.262490372537737
190,OPTIMAL,v2:upper,112.12291945860207
191,OPTIMAL,v2:upper,11.782530299972569
192,OPTIMAL,v2:upper,107.63199481971381
193,OPTIMAL,v2:upper,69.28345130715138
194,OPTIMAL,v1:upper,45.78001584952216
195,OPTIMAL,v2:upper,187.89943396893275
196,OPTIMAL,v2:upper,59.57955651289578
197,OPTIMAL,v1:upper,92.21874705424852
198,OPTIMAL,v2:upper,25.52591812247595
199,OPTIMAL,v2:upper,18.63435559967138
200,OPTIMAL,v1:upper,57.92891426446181
201,OPTIMAL,v1:upper,84.61985902101283
202,OPTIMAL,v2:upper,78.47113728357554
203,OPTIMAL,v1:upper,326.35051117145423
204,OPTIMAL,v2:upper,40.003264285540894
205,OPTIMAL,v2:upper,88.87108809881268
206,OPTIMAL,v2:upper,203.28022696434724
207,OPTIMAL,v2:upper,36.29401986031776
208,OPTIMAL,v2:upper,23.599202338759802
209,OPTIMAL,v3:upper,259.5953868864836
210,OPTIMAL,v2:upper,127.60425684579405
211,OPTIMAL,v2:upper,184.95288798988838
212,OPTIMAL,v2:upper,280.4587889011178
213,OPTIMAL,v2:upper,174.03136145741928
214,OPTIMAL,v2:upper,92.4951793937968
215,OPTIMAL,v2:upper,92.31183765027247
216,OPTIMAL,v2:upper,77.41142804762036
217,OPTIMAL,v2:upper,76.15978227437076
218,OPTIMAL,v4:upper,110.7239077249229
219,OPTIMAL,v2:upper,32.48092668179379
220,OPTIMAL,v2:upper,295.8084417962802
221,OPTIMAL,v2:upper,53.53211397712377
222,OPTIMAL,v2:upper,88.74115096569449
223,OPTIMAL,v2:upper,71.26611636037984
224,OPTIMAL,v2:upper,74.25054859501262
225,OPTIMAL,v1:upper,680.4569445655048
226,OPTIMAL,v2:upper,107.83861761717888
227,OPTIMAL,v3:upper,149.56898098810157
228,OPTIMAL,v2:upper,229.1943455835926
229,OPTIMAL,v2:upper,127.26286117152247
230,OPTIMAL,v2:upper,49.77254223496464
231,OPTIMAL,v2:upper,141.1930647763662
232,OPTIMAL,v3:upper,354.1867929877516
233,OPTIMAL,v2:upper,139.0297592480932
234,OPTIMAL,v2:upper,669.7592362315606
235,OPTIMAL,v2:upper,124.82467257996362
236,OPTIMAL,v2:upper,54.87522948929804
237,OPTIMAL,v2:upper;v3:upper,65.67657469144137
238,OPTIMAL,v2:upper,63.81806303870594
239,OPTIMAL,v2:upper,86.62463614107807
240,OPTIMAL,v2:upper,31.343273761884355
241,OPTIMAL,v2:upper,93.47962101753201
242,OPTIMAL,v2:upper,31.797406302985152
243,OPTIMAL,v1:upper,38.15852541824294
244,OPTIMAL,v2:upper,487.30915278735586
245,OPTIMAL,v2:upper,75.45415667996653
246,OPTIMAL,v2:upper,30.236351697892932
247,OPTIMAL,v2:upper,40.35968544652186
248,OPTIMAL,v2:upper,48.85304434515363
249,OPTIMAL,v2:upper,217.65338326539035
250,OPTIMAL,v2:upper,100.11258980924131
251,OPTIMAL,v2:upper,237.39075195028244
252,OPTIMAL,v2:upper,73.72014962953219
253,OPTIMAL,v2:upper,181.64888475164318
254,OPTIMAL,v2:upper,676.4313960715085
255,OPTIMAL,v2:upper,49.19596380502443
256,OPTIMAL,v2:upper,333.93524810501896
257,OPTIMAL,v2:upper,60.89488187747732
258,OPTIMAL,v1:upper,94.30852839410481
259,OPTIMAL,v2:upper,158.0400755464845
260,OPTIMAL,v2:upper,83.01849014932826
261,OPTIMAL,v2:upper,167.62901172337038
262,OPTIMAL,v2:upper,74.67543396118825
263,OPTIMAL,v2:upper,404.44426715027106
264,OPTIMAL,v2:upper,120.48686113752058
265,OPTIMAL,v2:upper,90.82754964377298
266,OPTIMAL,v3:upper,74.68359050392195
267,OPTIMAL,v2:upper,121.67646186541343
268,OPTIMAL,v2:upper,204.00906469027134
269,OPTIMAL,v3:upper,69.30150584439862
270,OPTIMAL,v2:upper,34.888017586927056
271,OPTIMAL,v2:upper,159.60706016654223
272,OPTIMAL,v2:upper,573.0050576811906
273,OPTIMAL,v2:upper,27.918665037555904
274,OPTIMAL,v2:upper,69.87899251402315
275,OPTIMAL,v2:upper,49.328610320734604
276,OPTIMAL,v2:upper,50.60458584176328
277,OPTIMAL,v2:upper,33.86008971622081
278,OPTIMAL,v2:upper,9.734113324407062
279,OPTIMAL,v2:upper,53.96240142399817
280,OPTIMAL,v2:upper,156.9937563061385
281,OPTIMAL,v1:upper,29.562322189605865
282,OPTIMAL,v2:upper,76.71307013563937
283,OPTIMAL,v2:upper,186.58825567273033
284,OPTIMAL,v1:upper,274.69452455759034
285,OPTIMAL,v2:upper,385.9337264940353
286,OPTIMAL,v2:upper,29.841307024409023
287,OPTIMAL,v2:upper,140.28551105259876
288,OPTIMAL,v2:upper,447.48416686098955
289,OPTIMAL,v1:upper,101.29349959705937
290,OPTIMAL,v1:upper,97.2353052862479
291,OPTIMAL,v1:upper,103.64541140531797
292,OPTIMAL,v2:upper,222.58807756432353
293,OPTIMAL,v2:upper,72.89222688706447
294,OPTIMAL,v2:upper,187.70765083437408
295,OPTIMAL,v2:upper,35.326674811359645
296,OPTIMAL,v1:upper,321.5972318119227
297,OPTIMAL,v2:upper,34.78368722807383
298,OPTIMAL,v2:upper,393.8985704510049
299,OPTIMAL,v2:upper,185.14551698941753
300,OPTIMAL,v2:upper,78.33205207816219
301,OPTIMAL,v2:upper,110.09368331951255
302,OPTIMAL,v2:upper,29.015584155145977
303,OPTIMAL,v2:upper,41.24798993612974
304,OPTIMAL,v2:upper,51.18539936910011
305,OPTIMAL,v2:upper,95.26242803691476
306,OPTIMAL,v1:upper,109.28347843207706
307,OPTIMAL,v2:upper,41.34671695380922
308,OPTIMAL,v1:upper,45.13136903763295
309,OPTIMAL,v2:upper,266.30719496151545
310,OPTIMAL,v2:upper,155.92321970575696
311,OPTIMAL,v2:upper,193.47314943683068
312,OPTIMAL,v1:upper,242.85215959807152
313,OPTIMAL,v2:upper,119.89437231034249
314,OPTIMAL,v2:upper,307.0559793374532
315,OPTIMAL,v2:upper,85.77211477332536
316,OPTIMAL,v2:upper,697.7170375667388
317,OPTIMAL,v2:upper,295.9584450718809
318,OPTIMAL,v2:upper,54.86763441333692
319,OPTIMAL,v2:upper,53.90305600982225
320,OPTIMAL,v2:upper,73.00109528780764
321,OPTIMAL,v2:upper,47.7633876502501
322,OPTIMAL,v2:upper,140.8710274509248
323,OPTIMAL,v2:upper,58.723011691347956
324,OPTIMAL,v3:upper,43.00158229614918
325,OPTIMAL,v2:upper,49.38448137633893
326,OPTIMAL,b1:lower;b2:lower;b3:upper;b4:upper;b5:lower;b6:upper;b7:upper;b8:upper;b14:lower,1000.0
327,OPTIMAL,v1:upper,248.26514938978644
328,OPTIMAL,v1:upper,67.98464499077167
329,OPTIMAL,v2:upper,202.424952856385
330,OPTIMAL,v2:upper,57.96062961772954
331,OPTIMAL,v4:upper,250.23374006893258
332,OPTIMAL,v2:upper,87.15243605376449
333,OPTIMAL,v2:upper,131.62084323306385
334,OPTIMAL,v2:upper,48.89272142429871
335,OPTIMAL,v2:upper,103.10988636655286
336,OPTIMAL,v2:upper,230.74608061464397
337,OPTIMAL,v2:upper,25.83592235458955
338,OPTIMAL,v2:upper,9.737181539859234
339,OPTIMAL,v2:upper,55.49365553627524
340,OPTIMAL,v2:upper,268.6271057236447
341,OPTIMAL,v2:upper,15.631293264822688
342,OPTIMAL,v2:upper,22.24197891507391
343,OPTIMAL,v3:upper,71.24753304700164
344,OPTIMAL,v2:upper,87.96807145936957
345,OPTIMAL,v2:upper,210.61203395373983
346,OPTIMAL,v2:upper,107.84693908990074
347,OPTIMAL,v1:upper,158.298068761345
348,OPTIMAL,v2:upper,182.60500769649272
349,OPTIMAL,v1:upper,59.077129306393296
350,OPTIMAL,v2:upper,65.98056762860845
351,OPTIMAL,v2:upper,149.67862178833855
352,OPTIMAL,v2:upper,57.24500022660833
353,OPTIMAL,v2:upper,105.21768751918673
354,OPTIMAL,v2:upper,51.22142599429776
355,OPTIMAL,v2:upper,43.962163263912835
356,OPTIMAL,v2:upper,102.1971166330344
357,OPTIMAL,v2:upper,144.0796145176467
358,OPTIMAL,v2:upper,69.32794765267549
359,OPTIMAL,v2:upper,113.9252232714137
360,OPTIMAL,v2:upper,16.36639812820504
361,OPTIMAL,v2:upper,33.35409111295703
362,OPTIMAL,v2:upper,256.1347380422989
363,OPTIMAL,v2:upper,41.90844611887289
364,OPTIMAL,v2:upper,102.39810657889127
365,OPTIMAL,v2:upper,204.16016025297225
366,OPTIMAL,v1:upper,279.38859012856807
367,OPTIMAL,v2:upper,132.47138743631763
368,OPTIMAL,v3:upper,203.73467140022834
369,OPTIMAL,v3:upper,20.72969301575702
370,OPTIMAL,v3:upper,69.21420358520423
371,OPTIMAL,v2:upper,134.72131207454066
372,OPTIMAL,v2:upper,141.50138800881652
373,OPTIMAL,v2:upper,370.5304296784091
374,OPTIMAL,v1:upper,165.87550545591796
375,OPTIMAL,v2:upper,238.38135584190573
376,OPTIMAL,v2:upper,57.29976270922544
377,OPTIMAL,v1:upper,358.8634813723237
378,OPTIMAL,v2:upper,172.9858394026937
379,OPTIMAL,v1:upper,80.43249391559371
380,OPTIMAL,v2:upper,139.478997805594
381,OPTIMAL,v2:upper,100.78532615791336
382,OPTIMAL,v2:upper,120.57475206561365
383,OPTIMAL,v2:upper,21.8975644951083
384,OPTIMAL,v3:upper,157.65995165040317
385,OPTIMAL,v2:upper,100.3999395494491
386,OPTIMAL,v2:upper,204.44533583076756
387,OPTIMAL,v1:upper,435.80104915266014
388,OPTIMAL,v2:upper,50.675467399677025
389,OPTIMAL,v2:upper,48.26329433800424
390,OPTIMAL,v2:upper,336.45995545647366
391,OPTIMAL,v2:upper,58.37052860243464
392,OPTIMAL,v2:upper,219.98679278777732
393,OPTIMAL,v2:upper,146.52320925140856
394,OPTIMAL,v1:upper,121.48010293802679
395,OPTIMAL,v2:upper,137.9656953737865
396,OPTIMAL,v2:upper,41.49752440719629
397,OPTIMAL,v2:upper,42.85864205966143
398,OPTIMAL,v1:upper,29.45448976996437
399,OPTIMAL,v2:upper,97.59910063409791
400,OPTIMAL,v1:upper,178.7462404633489
401,OPTIMAL,v2:upper,89.94067794327425
402,OPTIMAL,v2:upper,246.95565798365607
403,OPTIMAL,v2:upper,255.3276364079098
404,OPTIMAL,v2:upper,218.3262391431818
405,OPTIMAL,v3:upper,75.1686782305045
406,OPTIMAL,v2:upper,116.63834424493402
407,OPTIMAL,v2:upper,61.28482293796235
408,OPTIMAL,v2:upper,153.47278619432385
409,OPTIMAL,v1:upper,93.89199689576296
410,OPTIMAL,v2:upper,95.76650317503157
411,OPTIMAL,v2:upper,180.39286502192292
412,OPTIMAL,v2:upper,131.33536620284426
413,OPTIMAL,v2:upper,178.08058990954945
414,OPTIMAL,v2:upper,124.0031193163023
415,OPTIMAL,v2:upper,48.78921751322916
416,OPTIMAL,v2:upper,191.38717849610805
417,OPTIMAL,v2:upper,50.29834193397391
418,OPTIMAL,v2:upper,195.83754050360866
419,OPTIMAL,v2:upper,312.5105187264959
420,OPTIMAL,v2:upper,80.01582422680478
421,OPTIMAL,v2:upper,285.25125414146794
422,OPTIMAL,v1:upper,156.70673774494475
423,OPTIMAL,v1:upper,168.67998325404383
424,OPTIMAL,v2:upper,35.609174491452215
425,OPTIMAL,v2:upper,145.15524987352836
426,OPTIMAL,v1:upper,157.99362837855787
427,OPTIMAL,v2:upper,171.9024597480731
428,OPTIMAL,v1:upper,291.5354451968525
429,OPTIMAL,v2:upper,98.31548497799184
430,OPTIMAL,v2:upper,57.59638273530795
431,OPTIMAL,v1:upper,29.042865374545077
432,OPTIMAL,v2:upper,53.98800527103074
433,OPTIMAL,v2:upper,33.502524904767796
434,OPTIMAL,v2:upper,17.311095356178722
435,OPTIMAL,v2:upper,88.63729190976704
436,OPTIMAL,v2:upper,28.770219931658165
437,OPTIMAL,v2:upper,94.62729746143117
438,OPTIMAL,v3:upper,152.6310495100369
439,OPTIMAL,v2:upper,38.14624817438156
440,OPTIMAL,v2:upper,231.99379073442333
441,OPTIMAL,v2:upper,131.82331805111858
442,OPTIMAL,v2:upper,166.1989466628243
443,OPTIMAL,v2:upper,127.94390389438756
444,OPTIMAL,v1:upper,218.12499657067747
445,OPTIMAL,b1:lower;b2:lower;b3:upper;b4:upper;b5:lower;b6:upper;b7:upper;b8:upper;b14:lower,1000.0
446,OPTIMAL,v2:upper,85.78690423122421
447,OPTIMAL,v3:upper,19.19581064217842
448,OPTIMAL,v1:upper,105.87709263747871
449,OPTIMAL,v2:upper,26.712007445999767
450,OPTIMAL,v2:upper,69.88597532989405
451,OPTIMAL,v1:upper,183.31958555646676
452,OPTIMAL,v2:upper,112.69952701702547
453,OPTIMAL,v2:upper,833.0039203667319
454,OPTIMAL,v2:upper,520.0061264029111
455,OPTIMAL,v2:upper,14.376605264478245
456,OPTIMAL,v2:upper,39.48512462118565
457,OPTIMAL,v2:upper,38.930114188571174
458,OPTIMAL,v2:upper,181.48063554140444
459,OPTIMAL,v2:upper,206.0057593549253
460,OPTIMAL,v2:upper,16.719105039550985
461,OPTIMAL,v2:upper,470.87191769287074
462,OPTIMAL,v2:upper,73.84960230841133
463,OPTIMAL,v2:upper,43.57617515020254
464,OPTIMAL,v3:upper,240.6657131869772
465,OPTIMAL,v2:upper,109.29241206793402
466,OPTIMAL,v2:upper,30.31878820974758
467,OPTIMAL,v2:upper,183.10785191871364
468,OPTIMAL,v2:upper,160.82037882866624
469,OPTIMAL,v2:upper,183.09701883007068
470,OPTIMAL,v2:upper,374.9083049910613
471,OPTIMAL,v2:upper,170.50296734008174
472,OPTIMAL,v2:upper,55.06389253430497
473,OPTIMAL,v2:upper,17.89837669948359
474,OPTIMAL,v2:upper,80.73244748212
475,OPTIMAL,v2:upper,147.47783502820144
476,OPTIMAL,v1:upper,101.73339090929935
477,OPTIMAL,v2:upper,35.66450985572508
478,OPTIMAL,v2:upper,184.71543449760998
479,OPTIMAL,v2:upper,82.56598981064302
480,OPTIMAL,v2:upper,98.38889377985417
481,OPTIMAL,v2:upper,85.3181662241922
482,OPTIMAL,v1:upper,101.37924953392357
483,OPTIMAL,v2:upper,128.14472810635755
484,OPTIMAL,v2:upper,34.30804384698559
485,OPTIMAL,v2:upper,116.74639014958706
486,OPTIMAL,v2:upper,239.94215946631093
487,OPTIMAL,v2:upper,57.6784309839662
488,OPTIMAL,v2:upper,74.05241969325829
489,OPTIMAL,v2:upper,53.74029831633614
490,OPTIMAL,v2:upper,111.4113771799462
491,OPTIMAL,v1:upper,107.32136399315041
492,OPTIMAL,v2:upper,20.581693467349027
493,OPTIMAL,v1:upper,108.9078132965214
494,OPTIMAL,v2:upper,285.54276066945175
495,OPTIMAL,v2:upper,324.5944276248632
496,OPTIMAL,v2:upper,51.6046141792795
497,OPTIMAL,v1:upper,662.3692853347642
498,OPTIMAL,v2:upper,362.808804105617
499,OPTIMAL,v2:upper,51.664118174566426
500,OPTIMAL,v2:upper,22.7144445240705
501,OPTIMAL,v2:upper,24.29339334531018
502,OPTIMAL,v2:upper,17.23331890822679
503,OPTIMAL,v2:upper,64.78022553999489
504,OPTIMAL,v2:upper,467.7833324912906
505,OPTIMAL,v2:upper,342.0372501035526
506,OPTIMAL,v2:upper,21.127916615163127
507,OPTIMAL,v2:upper,92.29874056512985
508,OPTIMAL,v1:upper,80.44000407046387
509,OPTIMAL,v1:upper,253.28945245731467
510,OPTIMAL,v1:upper,103.81574260321591
511,OPTIMAL,v2:upper,62.29380437398398
512,OPTIMAL,v2:upper,133.9122548938251
513,OPTIMAL,v2:upper,171.88127831865387
514,OPTIMAL,v3:upper,15.928992604708187
515,OPTIMAL,v2:upper,84.3815273805411
516,OPTIMAL,v2:upper,20.810653034815502
517,OPTIMAL,v2:upper,77.91805845876668
518,OPTIMAL,v2:upper,205.9215379155887
519,OPTIMAL,v2:upper,79.22580003022463
520,OPTIMAL,v2:upper,82.9379842134954
521,OPTIMAL,v2:upper,196.47050254449044
522,OPTIMAL,v2:upper,133.96781946622306
523,OPTIMAL,v2:upper,420.95947482312016
524,OPTIMAL,v2:upper,158.7385661241353
525,OPTIMAL,v2:upper,26.365526947332725
526,OPTIMAL,v4:upper,39.53300382285752
527,OPTIMAL,v2:upper,149.81235858068402
528,OPTIMAL,v1:upper,11.571521860882953
529,OPTIMAL,v2:upper,185.56477981504898
530,OPTIMAL,v2:upper,89.72390504487154
531,OPTIMAL,v2:upper,125.01825485332795
532,OPTIMAL,v2:upper,45.72810164544909
533,OPTIMAL,v2:upper,207.51036472806757
534,OPTIMAL,v2:upper,291.0375592689925
535,OPTIMAL,v2:upper,375.1375215629367
536,OPTIMAL,v2:upper,116.24361577561577
537,OPTIMAL,v2:upper,266.6124755532135
538,OPTIMAL,v2:upper,102.4710645779352
539,OPTIMAL,v2:upper,30.08652656305406
540,OPTIMAL,v2:upper,21.453453884549795
541,OPTIMAL,v1:upper,307.2662584864283
542,OPTIMAL,v2:upper,631.7354852633733
543,OPTIMAL,v2:upper,29.025634680367208
544,OPTIMAL,v2:upper,216.26302195381814
545,OPTIMAL,v2:upper,122.11245901057268
546,OPTIMAL,v2:upper,99.38508891958413
547,OPTIMAL,v2:upper,91.92930996368686
548,OPTIMAL,v2:upper,354.21252814827284
549,OPTIMAL,v2:upper,190.29749032076612
550,OPTIMAL,v3:upper,43.37865718916876
551,OPTIMAL,v1:upper,171.54496304879197
552,OPTIMAL,v4:upper,35.36067695576124
553,OPTIMAL,v2:upper,88.07682919314776
554,OPTIMAL,v2:upper,123.5328153162143
555,OPTIMAL,v2:upper,591.4812980243856
556,OPTIMAL,v2:upper,13.032450827005258
557,OPTIMAL,v2:upper,150.16615311755575
558,OPTIMAL,v2:upper,371.77048506026495
559,OPTIMAL,v2:upper,379.44511075673097
560,OPTIMAL,v2:upper,184.31221050043672
561,OPTIMAL,v2:upper,114.32911508873536
562,OPTIMAL,v2:upper,56.36158639363901
563,OPTIMAL,v2:upper,44.132886029174315
564,OPTIMAL,v3:upper,229.26723668330592
565,OPTIMAL,v2:upper,261.0632857226996
566,OPTIMAL,v3:upper,417.25807893453725
567,OPTIMAL,v2:upper,456.851837794358
568,OPTIMAL,v2:upper,49.79687704921595
569,OPTIMAL,v2:upper,148.78648706514676
570,OPTIMAL,v2:upper,175.7441148909207
571,OPTIMAL,v2:upper,67.46393465957166
572,OPTIMAL,v2:upper,150.32440896156794
573,OPTIMAL,v2:upper,95.58734203609362
574,OPTIMAL,v2:upper,106.36086927928355
575,OPTIMAL,v2:upper,221.18360653173096
576,OPTIMAL,v2:upper,33.246987197104154
577,OPTIMAL,v2:upper,212.5422362456809
578,OPTIMAL,v2:upper,61.73408085979005
579,OPTIMAL,v2:upper,97.14201649904062
580,OPTIMAL,v2:upper,151.13398683465914
581,OPTIMAL,v2:upper,10.448467152729405
582,OPTIMAL,v2:upper,114.91939907476652
583,OPTIMAL,v2:upper,55.17908793153855
584,OPTIMAL,v3:upper,57.05027034671213
585,OPTIMAL,v2:upper,113.5340563045253
586,OPTIMAL,v2:upper,86.95096503100994
587,OPTIMAL,v2:upper,41.8316920653491
588,OPTIMAL,v2:upper,673.4414548331912
589,OPTIMAL,v2:upper,35.520237736063194
590,OPTIMAL,v2:upper,16.8417264107173
591,OPTIMAL,v2:upper,761.736332246753
592,OPTIMAL,v2:upper,546.4672211826557
593,OPTIMAL,v2:upper,56.53141013767039
594,OPTIMAL,v2:upper,17.99722223103564
595,OPTIMAL,v2:upper,40.717832642787045
596,OPTIMAL,v2:upper,204.37665674334423
597,OPTIMAL,v3:upper,240.88090125849357
598,OPTIMAL,v2:upper,317.5854141018872
599,OPTIMAL,v2:upper,93.45124953541185
600,OPTIMAL,v2:upper,52.40138680307869
601,OPTIMAL,v2:upper,15.207586591625546
602,OPTIMAL,v2:upper,7.093004330347687
603,OPTIMAL,v4:upper,302.722995875091
604,OPTIMAL,v2:upper,57.784251944072125
605,OPTIMAL,v3:upper,361.65039063398206
606,OPTIMAL,v2:upper,233.3730810017116
607,OPTIMAL,v3:upper,55.76000944043662
608,OPTIMAL,v4:upper,112.48758918386946
609,OPTIMAL,v2:upper,110.94562765331769
610,OPTIMAL,v2:upper,584.235200356668
611,OPTIMAL,v2:upper,19.474539439824206
612,OPTIMAL,v2:upper,116.77042881919873
613,OPTIMAL,v2:upper,135.68858928246647
614,OPTIMAL,v2:upper,59.995094150041965
615,OPTIMAL,v2:upper,324.9923515217358
616,OPTIMAL,v2:upper,85.12810590770071
617,OPTIMAL,v2:upper,630.6754224057939
618,OPTIMAL,v2:upper,68.85099162044986
619,OPTIMAL,v2:upper,107.57516706356506
620,OPTIMAL,v2:upper,68.08903140611095
621,OPTIMAL,v2:upper,737.8595229028884
622,OPTIMAL,v2:upper,39.00544226739659
623,OPTIMAL,v2:upper,61.55152514634928
624,OPTIMAL,v2:upper,128.28791534650486
625,OPTIMAL,v2:upper,73.63333664920482
626,OPTIMAL,v4:upper,247.92050865261982
627,OPTIMAL,v2:upper,132.16238021853968
628,OPTIMAL,v2:upper,340.70520552596736
629,OPTIMAL,v2:upper,181.69369241152773
630,OPTIMAL,v1:upper,249.77973607004114
631,OPTIMAL,v2:upper,101.59676986605287
632,OPTIMAL,v2:upper,57.42886587559336
633,OPTIMAL,v2:upper,391.93342547121557
634,OPTIMAL,v2:upper,311.9243830363518
635,OPTIMAL,v2:upper,66.48107981027267
636,OPTIMAL,v2:upper,159.19723917787778
637,OPTIMAL,v3:upper,53.52005599431422
638,OPTIMAL,v2:upper,56.1220590043928
639,OPTIMAL,v2:upper,86.14965199176254
640,OPTIMAL,v2:upper,15.298938349226914
641,OPTIMAL,v2:upper,177.81299808315202
642,OPTIMAL,v2:upper,138.40216279737217
643,OPTIMAL,v1:upper,146.99008228902653
644,OPTIMAL,v2:upper,169.61197891980987
645,OPTIMAL,v2:upper,27.195719809728523
646,OPTIMAL,v2:upper,29.799415715051765
647,OPTIMAL,v2:upper,120.05520678938878
648,OPTIMAL,v2:upper,47.36355736359314
649,OPTIMAL,v2:upper,187.01422921803646
650,OPTIMAL,v2:upper,89.3586118064947
651,OPTIMAL,v2:upper,86.23153493379642
652,OPTIMAL,v3:upper,47.5847619454224
653,OPTIMAL,v2:upper,61.53537584551391
654,OPTIMAL,v2:upper,119.63329910205968
655,OPTIMAL,v2:upper,116.54890984160681
656,OPTIMAL,v2:upper,64.70650226598927
657,OPTIMAL,v1:upper,58.447349210901095
658,OPTIMAL,v2:upper,239.49428632123988
659,OPTIMAL,v2:upper,74.01252796021537
660,OPTIMAL,v3:upper,76.97418020447353
661,OPTIMAL,v1:upper,173.44086074444846
662,OPTIMAL,v2:upper,93.16445377133272
663,OPTIMAL,v2:upper,16.35131760678081
664,OPTIMAL,v1:upper,41.32036659213189
665,OPTIMAL,v1:upper,263.93349463902297
666,OPTIMAL,v2:upper,88.44550525953468
667,OPTIMAL,v2:upper,22.67571923404522
668,OPTIMAL,v2:upper,97.94126265973354
669,OPTIMAL,v2:upper,118.69495067820445
670,OPTIMAL,v2:upper,319.5926956535404
671,OPTIMAL,v2:upper,179.1190854955522
672,OPTIMAL,v1:upper,95.65941603278365
673,OPTIMAL,v1:upper,20.246685781235083
674,OPTIMAL,v2:upper,142.4943004889242
675,OPTIMAL,v1:upper,53.97407753159413
676,OPTIMAL,v2:upper,138.19553511995974
677,OPTIMAL,v2:upper,58.17679030351748
678,OPTIMAL,v2:upper,44.95856989508622
679,OPTIMAL,v2:upper,585.4609344136588
680,OPTIMAL,v2:upper,167.61960719759932
681,OPTIMAL,v2:upper,50.817077076409376
682,OPTIMAL,v2:upper,45.525507495789114
683,OPTIMAL,v2:upper,34.285281356393504
684,OPTIMAL,v2:upper,89.1700552777627
685,OPTIMAL,v1:upper,206.75979671155852
686,OPTIMAL,v2:upper,184.67040372650234
687,OPTIMAL,v2:upper,154.2506887529275
688,OPTIMAL,v2:upper,125.68027240259997
689,OPTIMAL,v2:upper,108.40820564197757
690,OPTIMAL,b1:lower;b2:lower;b3:upper;b4:upper;b5:lower;b6:upper;b7:upper;b8:upper;b14:lower,1000.0
691,OPTIMAL,v2:upper,85.22113347197262
692,OPTIMAL,v2:upper,81.73136274757077
693,OPTIMAL,v2:upper,16.071024870164603
694,OPTIMAL,v1:upper,77.72271161011173
695,OPTIMAL,v2:upper,150.2211127164672
696,OPTIMAL,v2:upper,274.2031083363615
697,OPTIMAL,v2:upper,410.63731491454104
698,OPTIMAL,v2:upper,363.5109335415632
699,OPTIMAL,v2:upper,89.12195978266861
700,OPTIMAL,v2:upper,104.94662862796741
701,OPTIMAL,v2:upper,861.4016629697752
702,OPTIMAL,v1:upper,565.1368698857553
703,OPTIMAL,v2:upper,25.379098914020798
704,OPTIMAL,b1:lower;b2:lower;b3:upper;b4:upper;b5:lower;b6:upper;b7:upper;b8:upper;b14:lower,1000.0
705,OPTIMAL,v2:upper,331.67926042330726
706,OPTIMAL,v2:upper,148.15683377770597
707,OPTIMAL,v2:upper,315.9956569728641
708,OPTIMAL,v1:upper,210.1572155558087
709,OPTIMAL,v1:upper,10.556160702197701
710,OPTIMAL,v2:upper,110.26208774904102
711,OPTIMAL,v2:upper,409.90882846800946
712,OPTIMAL,v2:upper,40.59922552678791
713,OPTIMAL,v2:upper,36.29568683752556
714,OPTIMAL,v2:upper,45.850671125852564
715,OPTIMAL,v2:upper,74.44213504077867
716,OPTIMAL,v2:upper,212.04910664544246
717,OPTIMAL,v1:upper,307.15829323850716
718,OPTIMAL,v2:upper,33.21504399685111
719,OPTIMAL,v3:upper,83.10000034910814
720,OPTIMAL,v2:upper,200.44685323855276
721,OPTIMAL,v2:upper,48.78711166844552
722,OPTIMAL,v2:upper,184.39046390555637
723,OPTIMAL,v2:upper,329.8484321367661
724,OPTIMAL,v2:upper,53.15102863377185
725,OPTIMAL,v2:upper,314.2300963300255
726,OPTIMAL,v1:upper,414.6008037285341
727,OPTIMAL,v2:upper,85.41910781021785
728,OPTIMAL,v2:upper,712.4482440008245
729,OPTIMAL,v3:upper,192.54769954201006
730,OPTIMAL,v2:upper,113.77086476299057
731,OPTIMAL,v2:upper,674.401426029345
732,OPTIMAL,v2:upper,41.661111603206905
733,OPTIMAL,v2:upper,58.699051847837346
734,OPTIMAL,v2:upper,37.460756591839036
735,OPTIMAL,v2:upper,76.61563620523107
736,OPTIMAL,v2:upper,375.4848116072701
737,OPTIMAL,v2:upper,272.52592186342275
738,OPTIMAL,v3:upper,67.5161706830621
739,OPTIMAL,v2:upper,48.3277680269704
740,OPTIMAL,v2:upper,197.48890206506158
741,OPTIMAL,v2:upper,50.36815194134153
742,OPTIMAL,v2:upper,323.10021822771375
743,OPTIMAL,v2:upper,300.25824349174724
744,OPTIMAL,v1:upper,39.96928607913168
745,OPTIMAL,v2:upper,425.4322448982243
746,OPTIMAL,v2:upper,289.5315512568244
747,OPTIMAL,v2:upper,55.08853281806695
748,OPTIMAL,v2:upper,90.47521554680289
749,OPTIMAL,v2:upper,207.5193679996753
750,OPTIMAL,v2:upper,85.10634587454068
751,OPTIMAL,v2:upper,33.40122255846191
752,OPTIMAL,v2:upper,187.23087516936252
753,OPTIMAL,v2:upper,98.11817360785373
754,OPTIMAL,v2:upper,153.2208710486549
755,OPTIMAL,v1:upper,96.97015737750957
756,OPTIMAL,v1:upper,190.9605930795297
757,OPTIMAL,v2:upper,45.180236433293345
758,OPTIMAL,v2:upper,230.5317489470863
759,OPTIMAL,v1:upper,474.87020196063446
760,OPTIMAL,v2:upper,93.06397427179827
761,OPTIMAL,v2:upper,87.56001469431818
762,OPTIMAL,v2:upper,55.790444478805505
763,OPTIMAL,v2:upper,96.48705625928908
764,OPTIMAL,v2:upper,28.339138398530284
765,OPTIMAL,v2:upper,40.97853199069965
766,OPTIMAL,v2:upper,79.98003424161007
767,OPTIMAL,v2:upper,121.93789858815141
768,OPTIMAL,v2:upper,57.03402050416884
769,OPTIMAL,v2:upper,277.0821899703257
770,OPTIMAL,v2:upper,66.45832397754005
771,OPTIMAL,v2:upper,178.99867999611044
772,OPTIMAL,v2:upper,280.19148087371366
773,OPTIMAL,v3:upper,26.46865996664001
774,OPTIMAL,v2:upper,68.56962472491394
775,OPTIMAL,v2:upper,76.49253795901204
776,OPTIMAL,v1:upper,160.74594201808875
777,OPTIMAL,v2:upper,69.89505845461635
778,OPTIMAL,v2:upper,168.22806896101352
779,OPTIMAL,v2:upper,881.8120890770211
780,OPTIMAL,v3:upper,42.81758638810372
781,OPTIMAL,v1:upper,143.36212210643424
782,OPTIMAL,v2:upper,136.9863367366696
783,OPTIMAL,v2:upper,42.515135155780115
784,OPTIMAL,v2:upper,147.2578476859765
785,OPTIMAL,v2:upper,327.94911156944596
786,OPTIMAL,v2:upper,488.3086792516325
787,OPTIMAL,v4:upper,34.26817779868972
788,OPTIMAL,v2:upper,81.13282273752809
789,OPTIMAL,v2:upper,63.282691571358846
790,OPTIMAL,v2:upper,51.8015106986655
791,OPTIMAL,v2:upper,97.30223871637912
792,OPTIMAL,v2:upper,590.4723209638289
793,OPTIMAL,v2:upper,147.7193865452593
794,OPTIMAL,v2:upper,425.44773752261574
795,OPTIMAL,v2:upper,133.65342927741537
796,OPTIMAL,v2:upper,50.75973616243543
797,OPTIMAL,v2:upper,96.134315934213
798,OPTIMAL,v3:upper,100.73844743219605
799,OPTIMAL,v2:upper,411.93932264365196
800,OPTIMAL,v2:upper,133.35243858278102
801,OPTIMAL,v2:upper,74.12823538730173
802,OPTIMAL,v2:upper,31.793106610350083
803,OPTIMAL,v2:upper,53.0671934897869
804,OPTIMAL,v2:upper,59.1803306377462
805,OPTIMAL,v2:upper,98.74276623041598
806,OPTIMAL,v2:upper,249.64716565554463
807,OPTIMAL,v3:upper,396.0458912946819
808,OPTIMAL,v2:upper,29.877789489977335
809,OPTIMAL,v2:upper,71.84341853968989
810,OPTIMAL,v2:upper,58.68538430247773
811,OPTIMAL,v4:upper,136.63411967370115
812,OPTIMAL,v2:upper,66.34328275715005
813,OPTIMAL,v2:upper,148.89978936941088
814,OPTIMAL,v2:upper,42.21063869800503
815,OPTIMAL,v2:upper,89.45312753788166
816,OPTIMAL,v2:upper,76.54079433930517
817,OPTIMAL,v1:upper,181.70820081062595
818,OPTIMAL,v2:upper,239.73594219639776
819,OPTIMAL,v1:upper,202.8238483462962
820,OPTIMAL,v2:upper,74.31542207323682
821,OPTIMAL,v2:upper,240.7051664192526
822,OPTIMAL,v2:upper,79.81516684125616
823,OPTIMAL,v1:upper,415.7711030270971
824,OPTIMAL,v2:upper,156.13954271113175
825,OPTIMAL,v2:upper,27.398556874456723
826,OPTIMAL,v2:upper,56.90625885460699
827,OPTIMAL,v2:upper,87.62132556750002
828,OPTIMAL,v2:upper,77.64799723501822
829,OPTIMAL,v2:upper,35.1672529178992
830,OPTIMAL,v2:upper,85.50981550543165
831,OPTIMAL,v2:upper,77.71717833675245
832,OPTIMAL,v2:upper,40.096554354458405
833,OPTIMAL,v2:upper,71.92063856557999
834,OPTIMAL,v2:upper,234.65472770604148
835,OPTIMAL,v2:upper,68.39550903780021
836,OPTIMAL,v2:upper,61.75617987342232
837,OPTIMAL,v1:upper,88.2203866915827
838,OPTIMAL,v4:upper,125.82848690188058
839,OPTIMAL,v4:upper,142.393279284039
840,OPTIMAL,v3:upper,76.28033380562336
841,OPTIMAL,v2:upper,112.39593989868399
842,OPTIMAL,v2:upper,59.08022806381564
843,OPTIMAL,b1:lower;b2:lower;b3:upper;b4:upper;b5:lower;b6:upper;b7:upper;b8:upper;b14:lower,1000.0
844,OPTIMAL,v2:upper,73.02686168523184
845,OPTIMAL,v2:upper,95.18646772955786
846,OPTIMAL,v2:upper,66.72329723307024
847,OPTIMAL,v2:upper,131.26172242435123
848,OPTIMAL,v2:upper,175.96579933678106
849,OPTIMAL,v1:upper,300.30663617681074
850,OPTIMAL,v2:upper,121.66464040954361
851,OPTIMAL,v2:upper,129.83988258958053
852,OPTIMAL,v1:upper,158.7380684803799
853,OPTIMAL,v1:upper,199.7112021401679
854,OPTIMAL,v2:upper,514.770775226676
855,OPTIMAL,v2:upper,10.183392148387759
856,OPTIMAL,v3:upper,128.69741207819877
857,OPTIMAL,v2:upper,56.11237818038054
858,OPTIMAL,v1:upper,270.79688215105506
859,OPTIMAL,v1:upper,769.8125518615758
860,OPTIMAL,v2:upper,62.831203635903485
861,OPTIMAL,v2:upper,391.65215156941184
862,OPTIMAL,v1:upper,195.3660893598969
863,OPTIMAL,v2:upper,62.659818349189756
864,OPTIMAL,v2:upper,67.94788175336718
865,OPTIMAL,v2:upper,325.39560831290436
866,OPTIMAL,v2:upper,167.34092716025572
867,OPTIMAL,v2:upper,24.75920959091096
868,OPTIMAL,v2:upper,640.446691528812
869,OPTIMAL,v2:upper,64.8741746122918
870,OPTIMAL,v2:upper,96.47644112563417
871,OPTIMAL,v2:upper,97.79534177662316
872,OPTIMAL,v2:upper,58.697346914573586
873,OPTIMAL,v2:upper,161.165383077108
874,OPTIMAL,v2:upper,100.1296511277527
875,OPTIMAL,v1:upper,285.23487260312555
876,OPTIMAL,v2:upper,126.53702565179277
877,OPTIMAL,v2:upper,42.26947090657894
878,OPTIMAL,v2:upper,144.20042431802884
879,OPTIMAL,v2:upper,54.449212631494866
880,OPTIMAL,v1:upper,238.29057576235627
881,OPTIMAL,v2:upper,314.7935165995255
882,OPTIMAL,v2:upper,183.49040335414725
883,OPTIMAL,v2:upper,277.8456569475851
884,OPTIMAL,v2:upper,98.80055953431275
885,OPTIMAL,v3:upper,130.24763929455526
886,OPTIMAL,v2:upper,173.3760442974089
887,OPTIMAL,v4:upper,72.47497233541121
888,OPTIMAL,v1:upper,468.24123663439974
889,OPTIMAL,v2:upper,177.1072158041228
890,OPTIMAL,v2:upper,39.85599474278826
891,OPTIMAL,v2:upper,27.75165947968664
892,OPTIMAL,v2:upper,114.21316128845964
893,OPTIMAL,v2:upper,30.889358603077973
894,OPTIMAL,v1:upper,63.7530198464548
895,OPTIMAL,v4:upper,206.20076176943255
896,OPTIMAL,v2:upper,85.91533630706331
897,OPTIMAL,v3:upper,469.32012168112425
898,OPTIMAL,v1:upper,43.07588001049586
899,OPTIMAL,v2:upper,106.75155026951487
900,OPTIMAL,v3:upper,68.70789817961257
901,OPTIMAL,v2:upper,28.820641862187063
902,OPTIMAL,v1:upper,65.70719718531588
903,OPTIMAL,v1:upper,14.827146867959485
904,OPTIMAL,v2:upper,24.727203288350005
905,OPTIMAL,v2:upper,53.5744300923177
906,OPTIMAL,v2:upper,687.684107580041
907,OPTIMAL,v2:upper,250.6416703341015
908,OPTIMAL,v2:upper,581.196319827123
909,OPTIMAL,v2:upper,13.094373221177566
910,OPTIMAL,v2:upper,65.99702946555551
911,OPTIMAL,v2:upper,127.88651502480815
912,OPTIMAL,v2:upper,11.33840771325658
913,OPTIMAL,v2:upper,32.76093010235591
914,OPTIMAL,v2:upper,24.129420063914342
915,OPTIMAL,v1:upper,45.29979822781333
916,OPTIMAL,v2:upper,54.74786319045238
917,OPTIMAL,v2:upper,91.22796980152067
918,OPTIMAL,v2:upper,6.110388167373348
919,OPTIMAL,v2:upper,32.66585143384879
920,OPTIMAL,v2:upper,41.06602452262539
921,OPTIMAL,v1:upper,138.22431452248253
922,OPTIMAL,v2:upper,53.45297026040987
923,OPTIMAL,v2:upper,203.97858463170206
924,OPTIMAL,v2:upper,61.31541682474206
925,OPTIMAL,v2:upper,610.9036131465065
926,OPTIMAL,v2:upper,25.35465605807055
927,OPTIMAL,v2:upper,127.19199614338305
928,OPTIMAL,v1:upper,190.48103446313888
929,OPTIMAL,v2:upper,112.53549904135467
930,OPTIMAL,v2:upper,59.058477624413555
931,OPTIMAL,v2:upper,59.068224724665264
932,OPTIMAL,v2:upper,153.26858387515063
933,OPTIMAL,v2:upper,64.31325928552594
934,OPTIMAL,v2:upper,88.29242661037746
935,OPTIMAL,v2:upper,221.99098216275144
936,OPTIMAL,v2:upper,412.0486911440978
937,OPTIMAL,v2:upper,86.97815230367397
938,OPTIMAL,v2:upper,635.0992554301685
939,OPTIMAL,v2:upper,62.13087725062945
940,OPTIMAL,v2:upper,95.08006544254832
941,OPTIMAL,v2:upper,521.9689087638723
942,OPTIMAL,v2:upper,35.62380298973702
943,OPTIMAL,v1:upper,150.89605991284247
944,OPTIMAL,v2:upper,30.88112312689274
945,OPTIMAL,v2:upper,45.608533703910425
946,OPTIMAL,v2:upper,239.9360129091929
947,OPTIMAL,v2:upper,267.03017241501215
948,OPTIMAL,v2:upper,416.77034704110844
949,OPTIMAL,v1:upper,117.7229686151952
950,OPTIMAL,v2:upper,37.11683431222703
951,OPTIMAL,v3:upper,178.65177921027282
952,OPTIMAL,v2:upper,458.8186026065285
953,OPTIMAL,v2:upper,121.59712657443198
954,OPTIMAL,v2:upper,99.0723887428978
955,OPTIMAL,v2:upper,49.58782529705362
956,OPTIMAL,v2:upper,107.53052733871036
957,OPTIMAL,v2:upper,32.593354477851435
958,OPTIMAL,v1:upper,74.28653966177454
959,OPTIMAL,v2:upper,95.96958799566443
960,OPTIMAL,v2:upper,99.47911580572266
961,OPTIMAL,v3:upper,44.95675564408268
962,OPTIMAL,v2:upper,119.47845074604145
963,OPTIMAL,v2:upper,65.56017566423087
964,OPTIMAL,v2:upper,30.192394017198215
965,OPTIMAL,v2:upper,13.5861780184696
966,OPTIMAL,v2:upper,47.75594152911906
967,OPTIMAL,v1:upper,63.83591313200315
968,OPTIMAL,v3:upper,46.97142252485814
969,OPTIMAL,v2:upper,21.188984610003338
970,OPTIMAL,b1:lower;b2:lower;b3:upper;b4:upper;b5:lower;b6:upper;b7:upper;b8:upper;b14:lower,1000.0
971,OPTIMAL,v2:upper,160.5226943882511
972,OPTIMAL,v2:upper,103.97892515285886
973,OPTIMAL,v1:upper,134.1566827852044
974,OPTIMAL,v2:upper,44.01837976646757
975,OPTIMAL,v1:upper,511.058216722768
976,OPTIMAL,v2:upper,556.1649593311171
977,OPTIMAL,v2:upper,396.84916312157105
978,OPTIMAL,v2:upper,208.52291587441547
979,OPTIMAL,v2:upper,54.50001706065495
980,OPTIMAL,v2:upper,95.33427309339464
981,OPTIMAL,v1:upper,237.0541225167851
982,OPTIMAL,v2:upper,19.361695437366826
983,OPTIMAL,v2:upper,52.13487532387544
984,OPTIMAL,v1:upper,161.43097529302096
985,OPTIMAL,v2:upper,30.639284764298075
986,OPTIMAL,v3:upper,49.08649691855534
987,OPTIMAL,v2:upper,27.79824126366197
988,OPTIMAL,v2:upper,58.90583670860712
989,OPTIMAL,v2:upper,40.63734920956983
990,OPTIMAL,v2:upper,31.70428649311847
991,OPTIMAL,v2:upper,35.301679419309565
992,OPTIMAL,v2:upper,123.24003602746238
993,OPTIMAL,v2:upper,197.7035943011381
994,OPTIMAL,v3:upper,79.57731906285727
995,OPTIMAL,v2:upper,21.497367868404744
996,OPTIMAL,v2:upper,258.0900237832439
997,OPTIMAL,v2:upper,76.0872111256931
998,OPTIMAL,v2:upper,17.867227061170674
999,OPTIMAL,v2:upper,133.16964297111852
1000,OPTIMAL,v2:upper,151.5726921756555
1001,OPTIMAL,v2:upper,418.11486974624364
1002,OPTIMAL,v2:upper,76.87686617816655
1003,OPTIMAL,v2:upper,69.98868428245626
1004,OPTIMAL,v2:upper,15.235587888773075
1005,OPTIMAL,v2:upper,58.01609280530921
1006,OPTIMAL,v2:upper,202.74918717627483
1007,OPTIMAL,v1:upper,72.05208223294936
1008,OPTIMAL,v2:upper,84.4323929431852
1009,OPTIMAL,v2:upper,17.41872005707791
1010,OPTIMAL,v2:upper,111.29757280227858
1011,OPTIMAL,v1:upper,452.4767366574214
1012,OPTIMAL,v2:upper,130.42020421327516
1013,OPTIMAL,v2:upper,23.776026307491335
1014,OPTIMAL,v1:upper,35.489126294592594
1015,OPTIMAL,v2:upper,65.18758893931384
1016,OPTIMAL,v1:upper,124.21888004155824
1017,OPTIMAL,v2:upper,305.7852694354617
1018,OPTIMAL,v2:upper,381.1004195821094
1019,OPTIMAL,v2:upper,105.06195940807083
1020,OPTIMAL,v2:upper,39.99109651102668
1021,OPTIMAL,v2:upper,468.30119524435565
1022,OPTIMAL,v2:upper,73.71688075267915
1023,OPTIMAL,v2:upper,204.65172217765496
1024,OPTIMAL,v2:upper,233.19843768513803
1025,OPTIMAL,v2:upper,198.7771142794308
1026,OPTIMAL,v2:upper,56.60850477687362
1027,OPTIMAL,v2:upper,51.68988821433383
1028,OPTIMAL,v2:upper,75.02415936286155
1029,OPTIMAL,v2:upper,187.1473032440984
1030,OPTIMAL,v2:upper,120.68704678265443
1031,OPTIMAL,v2:upper,219.42997142690322
1032,OPTIMAL,v2:upper,30.802198753342225
1033,OPTIMAL,v2:upper,127.76121119322232
1034,OPTIMAL,v1:upper,141.38259035021505
1035,OPTIMAL,v3:upper,392.46159689849884
1036,OPTIMAL,v3:upper,241.570595160353
1037,OPTIMAL,v2:upper,79.71480090366273
1038,OPTIMAL,v2:upper,64.59961844240898
1039,OPTIMAL,v2:upper,134.73871124062035
1040,OPTIMAL,v2:upper,166.94795409861106
1041,OPTIMAL,v2:upper,101.39408003185055
1042,OPTIMAL,v1:upper,254.14440606644365
1043,OPTIMAL,v2:upper,24.79008087343535
1044,OPTIMAL,v4:upper,271.1796734575697
1045,OPTIMAL,v2:upper,22.754479797130394
1046,OPTIMAL,v2:upper,237.3858553014071
1047,OPTIMAL,v2:upper,88.11038592259467
1048,OPTIMAL,v2:upper,133.6549883398538
1049,OPTIMAL,v1:upper,63.112724520566786
1050,OPTIMAL,v2:upper,251.743495576213
1051,OPTIMAL,v2:upper,43.884793946410994
1052,OPTIMAL,v2:upper,91.61232876271589
1053,OPTIMAL,v1:upper,325.0002024025944
1054,OPTIMAL,v2:upper,232.66534369878573
1055,OPTIMAL,v2:upper,31.79849043819986
1056,OPTIMAL,v2:upper,142.13357536249217
1057,OPTIMAL,v2:upper,76.39761037538659
1058,OPTIMAL,v1:upper,253.45700677786198
1059,OPTIMAL,v2:upper,65.98614204232342
1060,OPTIMAL,v2:upper,170.29989489727947
1061,OPTIMAL,v2:upper,105.9681193617532
1062,OPTIMAL,v2:upper,207.77832879927348
1063,OPTIMAL,v2:upper,42.06699705655194
1064,OPTIMAL,v1:upper,67.88470249409545
1065,OPTIMAL,v2:upper,507.1851961713022
1066,OPTIMAL,v2:upper,48.33852807306662
1067,OPTIMAL,v2:upper,44.00767743267901
1068,OPTIMAL,v2:upper,66.50831801468726
1069,OPTIMAL,v3:upper,173.58978557893616
1070,OPTIMAL,v2:upper,32.13462102078849
1071,OPTIMAL,v2:upper,155.47331479411966
1072,OPTIMAL,v2:upper,373.9639848924283
1073,OPTIMAL,v2:upper,71.48340587275342
1074,OPTIMAL,v2:upper,140.04377767254223
1075,OPTIMAL,v2:upper,319.5398580633785
1076,OPTIMAL,v2:upper,66.15064721949841
1077,OPTIMAL,v2:upper,322.2984231076814
1078,OPTIMAL,v2:upper,164.74600508397904
1079,OPTIMAL,v2:upper,133.94902079243283
1080,OPTIMAL,v1:upper,138.1088591560034
1081,OPTIMAL,v2:upper,352.22229399622347
1082,OPTIMAL,v2:upper,109.5630738630911
1083,OPTIMAL,v2:upper,40.08186949652164
1084,OPTIMAL,v2:upper,865.9533838015113
1085,OPTIMAL,v2:upper,580.7049049176268
1086,OPTIMAL,v2:upper,110.30198685926104
1087,OPTIMAL,v2:upper,249.90434493511265
1088,OPTIMAL,v2:upper,149.53650255402545
1089,OPTIMAL,v2:upper,429.4488481703807
1090,OPTIMAL,v1:upper,31.812029614332683
1091,OPTIMAL,v2:upper,41.61571302263002
1092,OPTIMAL,v2:upper,126.36808652258469
1093,OPTIMAL,v2:upper,330.5363453593831
1094,OPTIMAL,v1:upper,125.0869842215952
1095,OPTIMAL,v2:upper,37.99915966794441
1096,OPTIMAL,v2:upper,62.355932497186856
1097,OPTIMAL,v2:upper,96.56626547070296
1098,OPTIMAL,v2:upper,26.535390955589303
1099,OPTIMAL,v2:upper,344.88188055809746
1100,OPTIMAL,v2:upper,244.2828147981266
1101,OPTIMAL,v2:upper,117.23741200598006
1102,OPTIMAL,v2:upper,80.32262340005481
1103,OPTIMAL,v2:upper,167.01105008476702
1104,OPTIMAL,v2:upper,60.4946764638334
1105,OPTIMAL,b1:lower;b2:lower;b3:upper;b4:upper;b5:lower;b6:upper;b7:upper;b8:upper;b14:lower,1000.0
1106,OPTIMAL,v2:upper,61.04821575777319
1107,OPTIMAL,v2:upper,126.78545851700417
1108,OPTIMAL,v2:upper,188.31788796654877
1109,OPTIMAL,v2:upper,29.12882186733127
1110,OPTIMAL,v2:upper,309.0481015901371
1111,OPTIMAL,v1:upper,120.08588918879605
1112,OPTIMAL,v2:upper,110.41683979904901
1113,OPTIMAL,v2:upper,74.06561375016861
1114,OPTIMAL,v2:upper,169.86625415173643
1115,OPTIMAL,v2:upper,79.38586493706318
1116,OPTIMAL,v2:upper,39.16212061622075
1117,OPTIMAL,v2:upper,57.625629310893885
1118,OPTIMAL,v2:upper,27.646128980839148
1119,OPTIMAL,v2:upper,135.9334739604906
1120,OPTIMAL,v2:upper,40.926494594461715
1121,OPTIMAL,v2:upper,77.79664973321779
1122,OPTIMAL,v2:upper,145.08192318491865
1123,OPTIMAL,v3:upper,104.42021995409692
1124,OPTIMAL,v1:upper,92.6755300562169
1125,OPTIMAL,v2:upper,56.61196094422335
1126,OPTIMAL,v2:upper,43.320460495767925
1127,OPTIMAL,v2:upper,149.87370764134752
1128,OPTIMAL,v2:upper,97.65189034129098
1129,OPTIMAL,v1:upper,204.33665288761642
1130,OPTIMAL,v3:upper,54.75089790558497
1131,OPTIMAL,v2:upper,27.964137037167074
1132,OPTIMAL,v2:upper,287.7218336007517
1133,OPTIMAL,v2:upper,67.10243622939451
1134,OPTIMAL,v2:upper,16.503769781000933
1135,OPTIMAL,v2:upper,24.901467790958282
1136,OPTIMAL,v2:upper,91.39553309712171
1137,OPTIMAL,v1:upper,251.34285408096727
1138,OPTIMAL,v2:upper,47.42784636377723
1139,OPTIMAL,v2:upper,236.02852240793356
1140,OPTIMAL,v1:upper,188.03947041775186
1141,OPTIMAL,v2:upper,29.135671982732536
1142,OPTIMAL,v2:upper,130.4370856682946
1143,OPTIMAL,v2:upper,75.04809982666417
1144,OPTIMAL,v2:upper,115.72307850704063
1145,OPTIMAL,v2:upper,47.73705983094819
1146,OPTIMAL,v1:upper,91.58977569000172
1147,OPTIMAL,v2:upper,338.22856947165593
1148,OPTIMAL,v2:upper,64.56125602115524
1149,OPTIMAL,v1:upper,140.20712708114766
1150,OPTIMAL,v2:upper,69.16630254426573
1151,OPTIMAL,v2:upper,150.37445179314113
1152,OPTIMAL,v1:upper,542.472364593183
1153,OPTIMAL,v2:upper,114.16107026284169
1154,OPTIMAL,v2:upper,146.97754967581068
1155,OPTIMAL,v2:upper,24.70200293053675
1156,OPTIMAL,v2:upper,32.679919071670945
1157,OPTIMAL,v2:upper,332.0444478675724
1158,OPTIMAL,v2:upper,23.706982894848178
1159,OPTIMAL,v2:upper,63.7757393047844
1160,OPTIMAL,v2:upper,51.73940528158939
1161,OPTIMAL,v2:upper,34.981374244302074
1162,OPTIMAL,v2:upper,270.8506922984109
1163,OPTIMAL,v2:upper,229.92143508336616
1164,OPTIMAL,v2:upper,151.2955809035798
1165,OPTIMAL,v3:upper,28.268112452601112
1166,OPTIMAL,v2:upper,39.260783189739044
1167,OPTIMAL,v1:upper,462.0936860800756
1168,OPTIMAL,v2:upper,115.05783231821579
1169,OPTIMAL,v2:upper,290.12940342776733
1170,OPTIMAL,v1:upper,222.94763750183208
1171,OPTIMAL,v2:upper,233.19800634442134
1172,OPTIMAL,v2:upper,49.19832755608838
1173,OPTIMAL,v2:upper,214.93841243119246
1174,OPTIMAL,v2:upper,33.67012349603343
1175,OPTIMAL,v2:upper,223.96778737618166
1176,OPTIMAL,v2:upper,115.35351811164507
1177,OPTIMAL,v2:upper,241.8207406541106
1178,OPTIMAL,v2:upper,52.38986799090814
1179,OPTIMAL,v2:upper,65.50489449443188
1180,OPTIMAL,v2:upper,71.96564245942548
1181,OPTIMAL,v2:upper,298.2676842101902
1182,OPTIMAL,v1:upper,219.35889388925025
1183,OPTIMAL,v2:upper,172.05014883576538
1184,OPTIMAL,v2:upper,11.709694905937814
1185,OPTIMAL,v3:upper,172.37075386318816
1186,OPTIMAL,v2:upper,16.097073562006337
1187,OPTIMAL,v2:upper,32.39634279652381
1188,OPTIMAL,v3:upper,41.994288202319844
1189,OPTIMAL,v2:upper,33.75499701605825
1190,OPTIMAL,v2:upper,157.43876630819594
1191,OPTIMAL,v2:upper,19.890554951409936
1192,OPTIMAL,v2:upper,53.51069450113014
1193,OPTIMAL,v2:upper,180.79694809377773
1194,OPTIMAL,v2:upper,86.60504836224978
1195,OPTIMAL,v1:upper,280.17176502420693
1196,OPTIMAL,v2:upper,98.6548954835163
1197,OPTIMAL,v2:upper,49.42471002704143
1198,OPTIMAL,v2:upper,43.4126693784264
1199,OPTIMAL,v2:upper,675.7839780476717
1200,OPTIMAL,v2:upper,38.04362147745789
1201,OPTIMAL,v2:upper,23.045503851271544
1202,OPTIMAL,v2:upper,108.71628744484292
1203,OPTIMAL,v2:upper,51.58609330071304
1204,OPTIMAL,v2:upper,310.27946317462533
1205,OPTIMAL,v2:upper,67.66893198371157
1206,OPTIMAL,v3:upper,469.042114755397
1207,OPTIMAL,v2:upper,19.17970837460338
1208,OPTIMAL,v2:upper,227.54475026762415
1209,OPTIMAL,v3:upper,147.07709459425968
1210,OPTIMAL,v1:upper,297.1442519983409
1211,OPTIMAL,v2:upper,253.34598720696667
1212,OPTIMAL,v1:upper,134.77207419436246
1213,OPTIMAL,v2:upper,62.88153320271162
1214,OPTIMAL,v2:upper,10.178928922727875
1215,OPTIMAL,v2:upper,29.840464593414776
1216,OPTIMAL,v2:upper,70.87274952500621
1217,OPTIMAL,v2:upper,154.5519538086679
1218,OPTIMAL,v2:upper,77.60004989314183
1219,OPTIMAL,v2:upper,190.8625309591156
1220,OPTIMAL,v1:upper,127.27928166652629
1221,OPTIMAL,v2:upper,140.9218615161972
1222,OPTIMAL,v1:upper,136.81368465572058
1223,OPTIMAL,v2:upper,85.63061820702313
1224,OPTIMAL,v2:upper,143.57783444791716
1225,OPTIMAL,v2:upper,53.87671981906749
1226,OPTIMAL,v2:upper,25.871559498056243
1227,OPTIMAL,v2:upper,84.92041400633855
1228,OPTIMAL,v2:upper,88.949369289804
1229,OPTIMAL,v2:upper,37.093123425737275
1230,OPTIMAL,v1:upper,444.53181014186987
1231,OPTIMAL,v2:upper,28.288641674369607
1232,OPTIMAL,v2:upper,218.81984482845954
1233,OPTIMAL,v2:upper,126.3972967428002
1234,OPTIMAL,v2:upper,72.02097249306179
1235,OPTIMAL,v1:upper,272.0003503533763
1236,OPTIMAL,v2:upper,70.65442011980521
1237,OPTIMAL,v2:upper,15.146116790143216
1238,OPTIMAL,v1:upper,53.74936612816243
1239,OPTIMAL,v3:upper,270.1230685696946
1240,OPTIMAL,v1:upper,49.25948257734365
1241,OPTIMAL,v2:upper,88.56149052239205
1242,OPTIMAL,v2:upper,137.32633930084492
1243,OPTIMAL,v2:upper,89.19441714837065
1244,OPTIMAL,v2:upper,348.5314542965995
1245,OPTIMAL,v2:upper,80.61987210315621
1246,OPTIMAL,v2:upper,22.599254187996937
1247,OPTIMAL,v1:upper,319.11078641638335
1248,OPTIMAL,v2:upper,26.18721478611963
1249,OPTIMAL,v2:upper,41.6954085352446
1250,OPTIMAL,b1:lower;b2:lower;b3:upper;b4:upper;b5:lower;b6:upper;b7:upper;b8:upper;b14:lower,1000.0
1251,OPTIMAL,v1:upper,45.0258423396529
1252,OPTIMAL,v2:upper,366.50925595684555
1253,OPTIMAL,v2:upper,491.9495248037586
1254,OPTIMAL,v2:upper,159.40927754523972
1255,OPTIMAL,v2:upper,84.62838237943313
1256,OPTIMAL,v1:upper,429.68671081296173
1257,OPTIMAL,v2:upper,443.59199961470136
1258,OPTIMAL,v2:upper,91.49869989835678
1259,OPTIMAL,v2:upper,234.19253431466683
1260,OPTIMAL,v2:upper,68.48167671682295
1261,OPTIMAL,v2:upper,190.16456611075793
1262,OPTIMAL,v1:upper,821.9741610770756
1263,OPTIMAL,v1:upper,108.08749141806827
1264,OPTIMAL,v1:upper,76.3563479026156
1265,OPTIMAL,v1:upper,272.6617520074434
1266,OPTIMAL,v1:upper,176.0930688008782
1267,OPTIMAL,v2:upper,109.85246190449664
1268,OPTIMAL,v1:upper,68.59023633129394
1269,OPTIMAL,v2:upper,61.44935246366304
1270,OPTIMAL,v2:upper,68.86864662441133
1271,OPTIMAL,v2:upper,40.637926707367306
1272,OPTIMAL,v2:upper,57.94540798159362
1273,OPTIMAL,v1:upper,66.63491414221966
1274,OPTIMAL,v2:upper,17.358246788207808
1275,OPTIMAL,v1:upper,220.70660866629493
1276,OPTIMAL,v2:upper,81.60590048351034
1277,OPTIMAL,v3:upper,481.3692930743174
1278,OPTIMAL,v2:upper,104.69061318081924
1279,OPTIMAL,v2:upper,99.34500634293
1280,OPTIMAL,v2:upper,122.12965677843417
1281,OPTIMAL,v2:upper,123.51854640591155
1282,OPTIMAL,v2:upper,189.70761314152927
1283,OPTIMAL,v2:upper,72.9791463993428
1284,OPTIMAL,v2:upper,176.03748872309265
1285,OPTIMAL,v2:upper,18.31351629995617
1286,OPTIMAL,v1:upper,99.08339203914457
1287,OPTIMAL,v2:upper,53.618299410688564
1288,OPTIMAL,v2:upper,82.42668173065398
1289,OPTIMAL,v2:upper,81.06792202365354
1290,OPTIMAL,v2:upper,29.53496438376303
1291,OPTIMAL,v3:upper,56.44989143265098
1292,OPTIMAL,v1:upper,134.34837363975367
1293,OPTIMAL,v2:upper,33.01955940939278
1294,OPTIMAL,v2:upper,29.78503909043265
1295,OPTIMAL,v1:upper,253.7727859716421
1296,OPTIMAL,v2:upper,122.37281037234672
1297,OPTIMAL,v2:upper,624.6027889143452
1298,OPTIMAL,v2:upper,95.34182595938385
1299,OPTIMAL,v2:upper,60.30589221060642
1300,OPTIMAL,v2:upper,99.41581604459242
1301,OPTIMAL,v1:upper,132.37396374158737
1302,OPTIMAL,v2:upper,47.632288603354155
1303,OPTIMAL,v2:upper,213.57416091292578
1304,OPTIMAL,v2:upper,27.139972287224523
1305,OPTIMAL,v1:upper,52.721126902272985
1306,OPTIMAL,v2:upper,51.17771385869752
1307,OPTIMAL,v2:upper,163.36315967657623
1308,OPTIMAL,v2:upper,45.22747008954445
1309,OPTIMAL,v2:upper,172.9120263140967
1310,OPTIMAL,v2:upper,52.28658756263007
1311,OPTIMAL,v2:upper,67.80112550744867
1312,OPTIMAL,v3:upper,459.59210545257287
1313,OPTIMAL,v2:upper,72.14724927415891
1314,OPTIMAL,v2:upper,165.71151752229144
1315,OPTIMAL,v2:upper,157.6855781148292
1316,OPTIMAL,v2:upper,35.083783124865406
1317,OPTIMAL,v2:upper,95.47828028472505
1318,OPTIMAL,v2:upper,29.88109595484422
1319,OPTIMAL,v2:upper,319.7648105468269
1320,OPTIMAL,v2:upper,108.93986349297147
1321,OPTIMAL,v2:upper,47.24969722079436
1322,OPTIMAL,v2:upper,23.095788495574066
1323,OPTIMAL,v1:upper,28.429908882079932
1324,OPTIMAL,v2:upper,407.3408381573946
1325,OPTIMAL,v2:upper,21.777573701907016
1326,OPTIMAL,v2:upper,142.96973712112978
1327,OPTIMAL,v2:upper,91.60790830537516
1328,OPTIMAL,v2:upper,37.022569458067714
1329,OPTIMAL,v2:upper,146.6566853628081
1330,OPTIMAL,v2:upper,358.8605320182268
1331,OPTIMAL,v2:upper,67.16342215921937
1332,OPTIMAL,v2:upper,329.7409207576609
1333,OPTIMAL,v4:upper,94.57038566770392
1334,OPTIMAL,v2:upper,18.896066849906067
1335,OPTIMAL,v2:upper,34.15664532901177
1336,OPTIMAL,v2:upper,15.263542597922813
1337,OPTIMAL,v2:upper,78.06273905381197
1338,OPTIMAL,v2:upper,125.8360901758722
1339,OPTIMAL,v2:upper,125.92148458647551
1340,OPTIMAL,v2:upper,39.58919543149526
1341,OPTIMAL,v3:upper,148.18198038143234
1342,OPTIMAL,v2:upper,145.85132372251115
1343,OPTIMAL,v2:upper,132.92099001755994
1344,OPTIMAL,v2:upper,263.5513146803228
1345,OPTIMAL,v2:upper,35.50867907296786
1346,OPTIMAL,v2:upper,57.1141113988892
1347,OPTIMAL,v2:upper,27.3753287626021
1348,OPTIMAL,v2:upper,171.60978598861834
1349,OPTIMAL,v2:upper,196.65175649341228
1350,OPTIMAL,v2:upper,441.84518403706056
1351,OPTIMAL,v2:upper,196.90057813166698
1352,OPTIMAL,v2:upper,307.72604262441126
1353,OPTIMAL,v2:upper,90.87391520132623
1354,OPTIMAL,v2:upper,16.837135001244402
1355,OPTIMAL,v2:upper,84.39968435727468
1356,OPTIMAL,v2:upper,155.6049168780638
1357,OPTIMAL,v2:upper,653.4804545430286
1358,OPTIMAL,v2:upper,48.21430512417073
1359,OPTIMAL,v2:upper,33.06076816247585
1360,OPTIMAL,v2:upper,49.16701829592852
1361,OPTIMAL,v2:upper,44.72284071122456
1362,OPTIMAL,v3:upper,683.1146087047831
1363,OPTIMAL,v3:upper,96.37095936074755
1364,OPTIMAL,v2:upper,30.10469254140754
1365,OPTIMAL,v3:upper,95.41822378043916
1366,OPTIMAL,v2:upper,232.28091936378803
1367,OPTIMAL,v2:upper,386.0984780394877
1368,OPTIMAL,v2:upper,368.223031059148
1369,OPTIMAL,v2:upper,497.7232638633138
1370,OPTIMAL,v2:upper,276.7147814005948
1371,OPTIMAL,v2:upper,174.57148840050448
1372,OPTIMAL,v2:upper,245.2692267960808
1373,OPTIMAL,v2:upper,192.6574393737941
1374,OPTIMAL,v2:upper,45.49357946827133
1375,OPTIMAL,v2:upper,158.28305125978397
1376,OPTIMAL,v2:upper,136.17864019296016
1377,OPTIMAL,v2:upper,386.27852876416426
1378,OPTIMAL,v2:upper,53.94241716575833
1379,OPTIMAL,v2:upper,168.5108237795028
1380,OPTIMAL,v2:upper,47.72258493498274
1381,OPTIMAL,v1:upper,26.552683470102906
1382,OPTIMAL,v2:upper,152.39335943835272
1383,OPTIMAL,v2:upper,71.72546408605847
1384,OPTIMAL,v2:upper,99.39300036547236
1385,OPTIMAL,v1:upper,65.56240040766077
1386,OPTIMAL,v1:upper,236.48799399155047
1387,OPTIMAL,v2:upper,58.69266145754093
1388,OPTIMAL,v1:upper,115.24504767693188
1389,OPTIMAL,v2:upper,352.7402359974561
1390,OPTIMAL,v2:upper,38.227046687460316
1391,OPTIMAL,v2:upper,269.1997392644787
1392,OPTIMAL,v3:upper,590.8990084446999
1393,OPTIMAL,v2:upper,201.14689497962513
1394,OPTIMAL,v2:upper,29.901097004865953
1395,OPTIMAL,v2:upper,34.10802607550098
1396,OPTIMAL,v2:upper,64.18990793160548
1397,OPTIMAL,v2:upper,78.88207767424993
1398,OPTIMAL,v1:upper,477.2096310704665
1399,OPTIMAL,v3:upper,84.97976081656506
1400,OPTIMAL,v2:upper,93.11877465864926
1401,OPTIMAL,v2:upper,61.115193193346556
1402,OPTIMAL,v1:upper,249.45323959627729
1403,OPTIMAL,v2:upper,82.45510405206002
1404,OPTIMAL,v2:upper,188.46275585337344
1405,OPTIMAL,v2:upper,41.596825290413925
1406,OPTIMAL,v1:upper,138.90210175477065
1407,OPTIMAL,v2:upper,26.285817415700105
1408,OPTIMAL,v2:upper,104.79213582312917
1409,OPTIMAL,v1:upper,181.69125865169485
1410,OPTIMAL,v2:upper,128.14485021352095
1411,OPTIMAL,v2:upper,459.0914063212687
1412,OPTIMAL,v2:upper,57.79322625766086
1413,OPTIMAL,v1:upper,481.97424215229495
1414,OPTIMAL,v2:upper,40.322654041143515
1415,OPTIMAL,v2:upper,437.0132942660685
1416,OPTIMAL,v2:upper,17.889334751158504
1417,OPTIMAL,v3:upper,13.054900253611866
1418,OPTIMAL,v2:upper,105.928402391871
1419,OPTIMAL,v2:upper,100.66453488397948
1420,OPTIMAL,v2:upper,59.58114606479215
1421,OPTIMAL,v2:upper,28.84246551073675
1422,OPTIMAL,v2:upper,218.65660475043458
1423,OPTIMAL,v2:upper,335.447714711848
1424,OPTIMAL,v1:upper,35.63204887891837
1425,OPTIMAL,v2:upper,196.11111746149493
1426,OPTIMAL,v2:upper,141.55008511652778
1427,OPTIMAL,v1:upper,61.99610003706774
1428,OPTIMAL,v2:upper,64.93467847126885
1429,OPTIMAL,v1:upper,42.326891279657225
1430,OPTIMAL,v2:upper,304.70760140470634
1431,OPTIMAL,v3:upper,244.76335061128532
1432,OPTIMAL,v2:upper,94.28238907697205
1433,OPTIMAL,v1:upper,146.55818667944385
1434,OPTIMAL,v1:upper,150.5060375055166
1435,OPTIMAL,v2:upper,145.49153319774746
1436,OPTIMAL,v2:upper,56.801334817842225
1437,OPTIMAL,v2:upper,84.25545024577421
1438,OPTIMAL,v2:upper,122.09812384395065
1439,OPTIMAL,v1:upper,105.32658173151404
1440,OPTIMAL,v2:upper,49.86501478717417
1441,OPTIMAL,v2:upper,95.00008081733658
1442,OPTIMAL,v3:upper,223.82345001772381
1443,OPTIMAL,v2:upper,89.08760248199773
1444,OPTIMAL,v2:upper,151.98312949831376
1445,OPTIMAL,v2:upper,102.37469647127597
1446,OPTIMAL,v3:upper,703.8599032558674
1447,OPTIMAL,v2:upper,14.170624050795706
1448,OPTIMAL,v2:upper,49.520305219992004
1449,OPTIMAL,v2:upper,52.37340046203348
1450,OPTIMAL,v2:upper,27.640470250087024
1451,OPTIMAL,v2:upper,18.728986689193754
1452,OPTIMAL,v3:upper,200.46944535486585
1453,OPTIMAL,v2:upper,19.806508451355082
1454,OPTIMAL,v3:upper,27.99638895722629
1455,OPTIMAL,v2:upper,388.555560501859
1456,OPTIMAL,v2:upper,621.2488204567593
1457,OPTIMAL,v2:upper,59.462957163170394
1458,OPTIMAL,v2:upper,119.34566294974533
1459,OPTIMAL,v1:upper,79.98469337115213
1460,OPTIMAL,v2:upper,304.7082400341118
1461,OPTIMAL,v2:upper,43.75180785880209
1462,OPTIMAL,v1:upper,260.1720632693321
1463,OPTIMAL,v2:upper,210.2902103740237
1464,OPTIMAL,v2:upper,26.875233009900658
1465,OPTIMAL,v2:upper,213.6938970275424
1466,OPTIMAL,v2:upper,501.1073906954572
1467,OPTIMAL,v2:upper,46.512314950650236
1468,OPTIMAL,v2:upper,107.09762602210743
1469,OPTIMAL,v2:upper,124.28975168563433
1470,OPTIMAL,v2:upper,36.33026659791651
1471,OPTIMAL,v2:upper,51.42202576473245
1472,OPTIMAL,v2:upper,45.54330595629563
1473,OPTIMAL,v2:upper,81.14682107269498
1474,OPTIMAL,v2:upper,51.296429981505035
1475,OPTIMAL,v2:upper,216.80380064925046
1476,OPTIMAL,v2:upper,49.30150668487838
1477,OPTIMAL,v1:upper,59.24745614233098
1478,OPTIMAL,v2:upper,54.287530925887935
1479,OPTIMAL,v2:upper,48.14439127778463
1480,OPTIMAL,v2:upper,159.02983786553978
1481,OPTIMAL,v3:upper,68.65077333593085
1482,OPTIMAL,v2:upper,150.95353159925122
1483,OPTIMAL,v1:upper,59.28944922018102
1484,OPTIMAL,v2:upper,185.13987714985646
1485,OPTIMAL,v2:upper,56.05594504946294
1486,OPTIMAL,v2:upper,228.25126625279148
1487,OPTIMAL,v1:upper,70.15521423426789
1488,OPTIMAL,v2:upper,93.53427088774104
1489,OPTIMAL,v2:upper,672.918146789813
1490,OPTIMAL,v1:upper,133.60965980624576
1491,OPTIMAL,v2:upper,387.470638983801
1492,OPTIMAL,v2:upper,455.0565824228228
1493,OPTIMAL,v2:upper,577.6512038954286
1494,OPTIMAL,v1:upper,81.46696569254442
1495,OPTIMAL,v2:upper,326.45202140809306
1496,OPTIMAL,v2:upper,193.3597148148074
1497,OPTIMAL,v2:upper,158.40896706546826
1498,OPTIMAL,v2:upper,82.50147267463298
1499,OPTIMAL,v2:upper,80.78854678808024
1500,OPTIMAL,v2:upper,391.7378807345962
1501,OPTIMAL,v2:upper,68.10720996313712
1502,OPTIMAL,v2:upper,12.416395700094428
1503,OPTIMAL,v2:upper,27.35954611144786
1504,OPTIMAL,v2:upper,151.12571448393786
1505,OPTIMAL,v2:upper,139.477614759623
1506,OPTIMAL,v1:upper,46.39171468191598
1507,OPTIMAL,v2:upper,19.879964814997084
1508,OPTIMAL,v2:upper,236.61114147647595
1509,OPTIMAL,v2:upper,58.470327196754006
1510,OPTIMAL,v2:upper,99.54141236797737
1511,OPTIMAL,v2:upper,215.9551390764468
1512,OPTIMAL,v2:upper,22.713028278413166
1513,OPTIMAL,v1:upper,125.20471208338134
1514,OPTIMAL,v1:upper,171.29656708776818
1515,OPTIMAL,v2:upper,262.88475908055017
1516,OPTIMAL,v2:upper,380.69296401806514
1517,OPTIMAL,v1:upper,302.9044996055634
1518,OPTIMAL,v2:upper,119.17296104050659
1519,OPTIMAL,v2:upper,56.42688146407747
1520,OPTIMAL,v2:upper,425.7748872000853
1521,OPTIMAL,v2:upper,58.92074228689077
1522,OPTIMAL,v1:upper,19.902931680480165
1523,OPTIMAL,v2:upper,47.10454789767336
1524,OPTIMAL,v2:upper,42.29290221415138
1525,OPTIMAL,v2:upper,143.42169539926616
1526,OPTIMAL,v2:upper,493.3475626932491
1527,OPTIMAL,v2:upper,40.80530592576434
1528,OPTIMAL,v2:upper,141.05332590480373
1529,OPTIMAL,v1:upper,188.92001570394663
1530,OPTIMAL,v3:upper,157.49415943232773
1531,OPTIMAL,v2:upper,37.149382950347054
1532,OPTIMAL,v1:upper,471.34057630721514
1533,OPTIMAL,v2:upper,132.4532326451356
1534,OPTIMAL,v1:upper,189.53621116162242
1535,OPTIMAL,v4:upper,629.1045173303713
1536,OPTIMAL,v2:upper,46.87037114958247
1537,OPTIMAL,v2:upper,82.16236464622759
1538,OPTIMAL,v3:upper,203.01608098952246
1539,OPTIMAL,v2:upper,100.34692768796138
1540,OPTIMAL,v2:upper,40.71957101598065
1541,OPTIMAL,v2:upper,53.9633638215694
1542,OPTIMAL,v2:upper,109.95701626146582
1543,OPTIMAL,v2:upper,27.217916199537914
1544,OPTIMAL,v1:upper,147.35407557768647
1545,OPTIMAL,v2:upper,72.84860680530238
1546,OPTIMAL,v2:upper,383.34715359736174
1547,OPTIMAL,v2:upper,93.28856427872962
1548,OPTIMAL,v2:upper,179.3332146765613
1549,OPTIMAL,v1:upper,71.35601347591813
1550,OPTIMAL,v2:upper,754.5442522446322
1551,OPTIMAL,v2:upper,44.22190627844362
1552,OPTIMAL,v2:upper,61.89878912869592
1553,OPTIMAL,v2:upper,123.64088789532488
1554,OPTIMAL,v2:upper,129.16484311402957
1555,OPTIMAL,v2:upper,33.00992830742802
1556,OPTIMAL,v2:upper,52.716312990193536
1557,OPTIMAL,v1:upper,79.63679584247325
1558,OPTIMAL,v2:upper,106.55068755824414
1559,OPTIMAL,v2:upper,287.43404895282725
1560,OPTIMAL,v2:upper,83.53216625499158
1561,OPTIMAL,v2:upper,33.880890922914745
1562,OPTIMAL,v2:upper,13.527674152681682
1563,OPTIMAL,v2:upper,250.56150364129556
1564,OPTIMAL,v2:upper,98.5710345612028
1565,OPTIMAL,v2:upper,124.45790637598039
1566,OPTIMAL,v2:upper,206.60007948546578
1567,OPTIMAL,v2:upper,120.71238384052793
1568,OPTIMAL,v2:upper,79.52299593567413
1569,OPTIMAL,v2:upper,62.243756284023824
1570,OPTIMAL,v2:upper,63.825539615426095
1571,OPTIMAL,v1:upper,142.69091607162156
1572,OPTIMAL,v2:upper,159.7496258679877
1573,OPTIMAL,v1:upper,358.0444258636917
1574,OPTIMAL,v2:upper,172.07023989133714
1575,OPTIMAL,v1:upper,150.74209282671237
1576,OPTIMAL,v2:upper,41.3830903812873
1577,OPTIMAL,v2:upper,31.242311682877055
1578,OPTIMAL,v1:upper,50.78183344092085
1579,OPTIMAL,v2:upper,33.999772340869995
1580,OPTIMAL,v2:upper,291.21864362020233
1581,OPTIMAL,v2:upper,219.26027468411772
1582,OPTIMAL,v2:upper,44.570845554636726
1583,OPTIMAL,v2:upper,368.3657356411472
1584,OPTIMAL,v1:upper,190.93044364189066
1585,OPTIMAL,v2:upper,160.31819716351316
1586,OPTIMAL,v2:upper,238.56519374858885
1587,OPTIMAL,v2:upper,125.56005772458971
1588,OPTIMAL,v1:upper,163.57104055450387
1589,OPTIMAL,v2:upper,66.93494935934683
1590,OPTIMAL,v2:upper,207.15942768571148
1591,OPTIMAL,v2:upper,81.68037156961034
1592,OPTIMAL,v2:upper,252.99604468621163
1593,OPTIMAL,v3:upper,84.13843598678146
1594,OPTIMAL,v2:upper,228.03934486382252
1595,OPTIMAL,v2:upper,176.2248393955735
1596,OPTIMAL,v2:upper,69.90512341144132
1597,OPTIMAL,v1:upper,60.71412821198282
1598,OPTIMAL,v2:upper,154.94626181122825
1599,OPTIMAL,v2:upper,92.56884417022512
1600,OPTIMAL,v2:upper,39.76507340736641
1601,OPTIMAL,v2:upper,39.9873832861356
1602,OPTIMAL,v2:upper,70.25918825620897
1603,OPTIMAL,v2:upper,10.013593992777865
1604,OPTIMAL,v2:upper,187.8556202455098
1605,OPTIMAL,v2:upper,69.21321377961898
1606,OPTIMAL,v2:upper,165.45591419759631
1607,OPTIMAL,v2:upper,33.35286864741352
1608,OPTIMAL,v2:upper,75.94487319830294
1609,OPTIMAL,v2:upper,115.50776308781528
1610,OPTIMAL,v2:upper,228.40585071273628
1611,OPTIMAL,v2:upper,368.06743588730626
1612,OPTIMAL,v2:upper,39.54229128103662
1613,OPTIMAL,v2:upper,228.79917635412127
1614,OPTIMAL,v1:upper,39.669337350279775
1615,OPTIMAL,v2:upper,494.39785158020464
1616,OPTIMAL,v1:upper,62.41120577010795
1617,OPTIMAL,v2:upper,180.334527843038
1618,OPTIMAL,v1:upper,226.99321078533671
1619,OPTIMAL,v2:upper,148.7674516221824
1620,OPTIMAL,v2:upper,196.76533226702554
1621,OPTIMAL,v2:upper,62.08630457058966
1622,OPTIMAL,v2:upper,34.657568431305606
1623,OPTIMAL,v1:upper,152.23777523804807
1624,OPTIMAL,v2:upper,108.36974044150507
1625,OPTIMAL,v2:upper,590.9441480713858
1626,OPTIMAL,v1:upper,48.63743713785354
1627,OPTIMAL,v2:upper,38.160176917895974
1628,OPTIMAL,v1:upper,17.496189807744276
1629,OPTIMAL,v2:upper,309.2423508539427
1630,OPTIMAL,v2:upper,9.511670925466584
1631,OPTIMAL,v2:upper,42.430328584864206
1632,OPTIMAL,v2:upper,22.439401115299432
1633,OPTIMAL,v2:upper,41.61311377619732
1634,OPTIMAL,v2:upper,187.9505677183099
1635,OPTIMAL,v2:upper,165.35492608223697
1636,OPTIMAL,v2:upper,129.46924773431152
1637,OPTIMAL,v2:upper,59.276954378979546
1638,OPTIMAL,v2:upper,76.60621484153089
1639,OPTIMAL,v2:upper,113.33090715136962
1640,OPTIMAL,v2:upper,272.67842605811336
1641,OPTIMAL,v2:upper,122.5539601483326
1642,OPTIMAL,v2:upper,94.88107097453134
1643,OPTIMAL,v2:upper,52.21039899002954
1644,OPTIMAL,v2:upper,737.1849723068161
1645,OPTIMAL,v1:upper,126.79398661811659
1646,OPTIMAL,v2:upper,191.45340486766074
1647,OPTIMAL,v2:upper,276.3812793782772
1648,OPTIMAL,v2:upper,88.90698339125257
1649,OPTIMAL,v2:upper,28.69844377810239
1650,OPTIMAL,v2:upper,152.13044080297848
1651,OPTIMAL,v2:upper,241.7761668012611
1652,OPTIMAL,v2:upper,182.35804873791687
1653,OPTIMAL,v2:upper,68.4797551867612
1654,OPTIMAL,v1:upper,102.93760178837864
1655,OPTIMAL,v2:upper,79.4907966350383
1656,OPTIMAL,v2:upper,50.457012269918046
1657,OPTIMAL,v2:upper,242.47470101072554
1658,OPTIMAL,v1:upper,89.8852933787022
1659,OPTIMAL,v2:upper,39.87904325106759
1660,OPTIMAL,v2:upper,43.04025917576302
1661,OPTIMAL,v2:upper,268.03671782244646
1662,OPTIMAL,v2:upper,79.00938746062336
1663,OPTIMAL,v2:upper,88.6206904642138
1664,OPTIMAL,v2:upper,57.93028289252359
1665,OPTIMAL,v2:upper,51.856789754370894
1666,OPTIMAL,v2:upper,63.24922688541988
1667,OPTIMAL,v2:upper,114.15839235697315
1668,OPTIMAL,v2:upper,67.98128410973652
1669,OPTIMAL,v2:upper,172.64834718558726
1670,OPTIMAL,v2:upper,41.397473417290186
1671,OPTIMAL,v2:upper,214.26970924581522
1672,OPTIMAL,v2:upper,98.22170397523399
1673,OPTIMAL,v2:upper,20.125745829303025
1674,OPTIMAL,v2:upper,69.24021646579668
1675,OPTIMAL,v2:upper,277.0301966660665
1676,OPTIMAL,v2:upper,93.54027714299926
1677,OPTIMAL,v2:upper,190.4037442445693
1678,OPTIMAL,v2:upper,103.51172471676031
1679,OPTIMAL,v2:upper,152.4823845002774
1680,OPTIMAL,v2:upper,415.1459487865801
1681,OPTIMAL,v1:upper,456.35153890459037
1682,OPTIMAL,v2:upper,218.81714540391513
1683,OPTIMAL,v1:upper,528.516720964002
1684,OPTIMAL,v2:upper,123.3781754556479
1685,OPTIMAL,v2:upper,348.963291031452
1686,OPTIMAL,v2:upper,338.1201807757631
1687,OPTIMAL,v2:upper,129.14644453061456
1688,OPTIMAL,v2:upper,111.9942115434165
1689,OPTIMAL,v2:upper,171.48734633988465
1690,OPTIMAL,v2:upper,177.25063767576103
1691,OPTIMAL,v2:upper,78.3744256671197
1692,OPTIMAL,v1:upper,847.3683734425373
1693,OPTIMAL,v1:upper,199.06224076573034
1694,OPTIMAL,v2:upper,116.76732273876347
1695,OPTIMAL,v1:upper,103.78698705601747
1696,OPTIMAL,v2:upper,35.929420547610874
1697,OPTIMAL,v1:upper,285.82263084746194
1698,OPTIMAL,v2:upper,381.35648602027885
1699,OPTIMAL,v2:upper,36.50440108062449
1700,OPTIMAL,v2:upper,107.6790885490905
1701,OPTIMAL,v2:upper,460.2320787142607
1702,OPTIMAL,v2:upper,139.4546483136944
1703,OPTIMAL,v2:upper,43.87298781165107
1704,OPTIMAL,v2:upper,65.71027030637246
1705,OPTIMAL,v2:upper,220.59605996349293
1706,OPTIMAL,v1:upper,141.88261866245603
1707,OPTIMAL,v2:upper,56.93831430827568
1708,OPTIMAL,v2:upper,107.40907518482824
1709,OPTIMAL,v2:upper,154.20478563541184
1710,OPTIMAL,v2:upper,77.19866800220777
1711,OPTIMAL,v2:upper,134.79454109409036
1712,OPTIMAL,v2:upper,120.14782847352839
1713,OPTIMAL,v2:upper,281.81289063464806
1714,OPTIMAL,v2:upper,145.58046594012856
1715,OPTIMAL,v3:upper,127.16039498683432
1716,OPTIMAL,v2:upper,114.10004692487318
1717,OPTIMAL,v2:upper,118.53588047721209
1718,OPTIMAL,v2:upper,93.08976211824033
1719,OPTIMAL,v2:upper,150.25241728309632
1720,OPTIMAL,v2:upper,148.14135731271406
1721,OPTIMAL,v2:upper,82.76235143937551
1722,OPTIMAL,v1:upper,50.13953024889205
1723,OPTIMAL,v2:upper,45.9680998687825
1724,OPTIMAL,v2:upper,90.84108674728974
1725,OPTIMAL,v2:upper,131.1622887840009
1726,OPTIMAL,v2:upper,132.8893718924437
1727,OPTIMAL,v4:upper,273.9477527924786
1728,OPTIMAL,v1:upper,61.54891481418869
1729,OPTIMAL,v2:upper,50.904750316397006
1730,OPTIMAL,v2:upper,400.7543888138591
1731,OPTIMAL,v2:upper,30.97928101710749
1732,OPTIMAL,v2:upper,37.156602416416476
1733,OPTIMAL,v1:upper,139.88184476418527
1734,OPTIMAL,v1:upper,107.45118304307381
1735,OPTIMAL,v1:upper,840.2602846776489
1736,OPTIMAL,v2:upper,28.442264199499686
1737,OPTIMAL,v2:upper,20.134102971743317
1738,OPTIMAL,v2:upper,359.2034588253199
1739,OPTIMAL,v1:upper,134.47362633903825
1740,OPTIMAL,v2:upper,55.44317156220126
1741,OPTIMAL,v2:upper,130.52636399628182
1742,OPTIMAL,v3:upper,82.00464137471846
1743,OPTIMAL,v1:upper,127.43724247972526
1744,OPTIMAL,v2:upper,214.0719731320164
1745,OPTIMAL,v2:upper,17.53647612547576
1746,OPTIMAL,v2:upper,102.89910386701858
1747,OPTIMAL,v2:upper,11.180244137321122
1748,OPTIMAL,v1:upper,152.69682945762855
1749,OPTIMAL,v2:upper,31.226568316868896
1750,OPTIMAL,v2:upper,352.82370858866426
1751,OPTIMAL,v2:upper,304.81963272121845
1752,OPTIMAL,v2:upper,94.10395760214791
1753,OPTIMAL,v2:upper,43.38665692700358
1754,OPTIMAL,v1:upper,179.07208856816197
1755,OPTIMAL,v2:upper,93.31195613066753
1756,OPTIMAL,v2:upper,178.18363361523186
1757,OPTIMAL,v2:upper,77.04785498956993
1758,OPTIMAL,v2:upper,197.43368940007284
1759,OPTIMAL,v2:upper,172.94321415484404
1760,OPTIMAL,v2:upper,65.35184687253911
1761,OPTIMAL,v2:upper,199.07556070804975
1762,OPTIMAL,v2:upper,65.00739123746344
1763,OPTIMAL,v2:upper,17.81177627891659
1764,OPTIMAL,v2:upper,29.52850107157473
1765,OPTIMAL,v2:upper,23.31464379519516
1766,OPTIMAL,v2:upper,201.28424492930847
1767,OPTIMAL,v1:upper,228.24330688938298
1768,OPTIMAL,v2:upper,116.97941555141152
1769,OPTIMAL,v2:upper,45.20011804030706
1770,OPTIMAL,v1:upper,310.2358870237118
1771,OPTIMAL,v2:upper,147.8521487166822
1772,OPTIMAL,v1:upper,105.63945585828466
1773,OPTIMAL,v2:upper,120.41945081736203
1774,OPTIMAL,v2:upper,80.80455670364884
1775,OPTIMAL,b1:lower;b2:lower;b3:upper;b4:upper;b5:lower;b6:upper;b7:upper;b8:upper;b14:lower,1000.0
1776,OPTIMAL,v2:upper,53.088807030129914
1777,OPTIMAL,v2:upper,213.89008297305168
1778,OPTIMAL,v3:upper,20.77365534682458
1779,OPTIMAL,v1:upper,52.93618210404593
1780,OPTIMAL,v2:upper,39.25334516139418
1781,OPTIMAL,v2:upper,291.65228872243813
1782,OPTIMAL,v2:upper,32.67155280657022
1783,OPTIMAL,v2:upper,36.12626931940949
1784,OPTIMAL,v2:upper,28.238223682883618
1785,OPTIMAL,v1:upper,324.65629723760316
1786,OPTIMAL,v2:upper,181.43296567813212
1787,OPTIMAL,v1:upper,39.21022449761704
1788,OPTIMAL,v2:upper,457.5126873784406
1789,OPTIMAL,v2:upper,42.45020246240744
1790,OPTIMAL,v1:upper,52.023881201745766
1791,OPTIMAL,v2:upper,615.7319713878635
1792,OPTIMAL,v2:upper,282.4674149920038
1793,OPTIMAL,v2:upper,96.35376287904568
1794,OPTIMAL,v3:upper,29.006426786006596
1795,OPTIMAL,v2:upper,132.99299514187553
1796,OPTIMAL,v2:upper,11.0618900766101
1797,OPTIMAL,v1:upper,119.62394211602181
1798,OPTIMAL,v2:upper,166.70136277943055
1799,OPTIMAL,v2:upper,75.60832849460698
1800,OPTIMAL,v1:upper,107.66860961981368
1801,OPTIMAL,v2:upper,45.106489880246855
1802,OPTIMAL,v2:upper,112.66370503747592
1803,OPTIMAL,v1:upper,208.63574185542862
1804,OPTIMAL,v2:upper,87.62706593495517
1805,OPTIMAL,v2:upper,207.7848049372622
1806,OPTIMAL,v3:upper,73.35679242373625
1807,OPTIMAL,v1:upper,22.83465416299356
1808,OPTIMAL,v2:upper,72.15806926487946
1809,OPTIMAL,v2:upper,212.13414802226447
1810,OPTIMAL,v1:upper,526.1626578364858
1811,OPTIMAL,v2:upper,16.052707882986844
1812,OPTIMAL,v2:upper,152.67572923216426
1813,OPTIMAL,v2:upper,25.340340610236986
1814,OPTIMAL,v2:upper,46.23638881295395
1815,OPTIMAL,v2:upper,20.254811937441886
1816,OPTIMAL,v2:upper,90.45846074449423
1817,OPTIMAL,v2:upper,26.244776831944897
1818,OPTIMAL,v2:upper,204.32485100925848
1819,OPTIMAL,v1:upper,25.87265727681926
1820,OPTIMAL,v2:upper,107.89839708847637
1821,OPTIMAL,v1:upper,89.41458927138113
1822,OPTIMAL,v2:upper,211.66896366880525
1823,OPTIMAL,v2:upper,56.8891706281689
1824,OPTIMAL,v2:upper,36.25504944345536
1825,OPTIMAL,v2:upper,90.00731456127836
1826,OPTIMAL,v2:upper,194.99366158401523
1827,OPTIMAL,v2:upper,121.49278698817034
1828,OPTIMAL,v2:upper,20.77716287238042
1829,OPTIMAL,v2:upper,85.30129849156769
1830,OPTIMAL,v1:upper,39.78175816194459
1831,OPTIMAL,v2:upper,65.99393942409314
1832,OPTIMAL,v2:upper,41.861039600523476
1833,OPTIMAL,v2:upper,70.91210184720686
1834,OPTIMAL,v2:upper,247.14536124156015
1835,OPTIMAL,v2:upper,85.22857069776775
1836,OPTIMAL,v2:upper,57.58336827848295
1837,OPTIMAL,b1:lower;b2:lower;b3:upper;b4:upper;b5:lower;b6:upper;b7:upper;b8:upper;b14:lower,1000.0
1838,OPTIMAL,v2:upper,91.77178178618044
1839,OPTIMAL,v2:upper,30.157556354084758
1840,OPTIMAL,v2:upper,218.29937296238265
1841,OPTIMAL,v1:upper,87.45196018451054
1842,OPTIMAL,v2:upper,255.04590722067246
1843,OPTIMAL,v2:upper,391.4946783321383
1844,OPTIMAL,v2:upper,54.53386526254541
1845,OPTIMAL,v2:upper,105.78243762174095
1846,OPTIMAL,v3:upper,199.9020475863921
1847,OPTIMAL,v2:upper,171.79378222386254
1848,OPTIMAL,v2:upper,267.0890134897393
1849,OPTIMAL,v2:upper,40.498260136999804
1850,OPTIMAL,v2:upper,44.196157949804764
1851,OPTIMAL,v2:upper,81.68522983773981
1852,OPTIMAL,v1:upper,564.8117779606869
1853,OPTIMAL,v1:upper,528.2607576033208
1854,OPTIMAL,v2:upper,102.21537488561394
1855,OPTIMAL,v1:upper,157.69878979129223
1856,OPTIMAL,v3:upper,79.63790241683742
1857,OPTIMAL,v2:upper,151.1460374445564
1858,OPTIMAL,v2:upper,72.34768025195872
1859,OPTIMAL,v2:upper,276.7242146676788
1860,OPTIMAL,v2:upper,189.58779394935334
1861,OPTIMAL,v2:upper,118.65424272494019
1862,OPTIMAL,v1:upper,108.46449401459023
1863,OPTIMAL,v2:upper,271.4412518446692
1864,OPTIMAL,v2:upper,314.5118117229945
1865,OPTIMAL,v2:upper,188.69155337742222
1866,OPTIMAL,v2:upper,69.12941112013611
1867,OPTIMAL,v2:upper,407.58379856189305
1868,OPTIMAL,v2:upper,16.51105256771263
1869,OPTIMAL,v2:upper,177.15090495171492
1870,OPTIMAL,v2:upper,16.916342593148165
1871,OPTIMAL,v1:upper,148.82474062375877
1872,OPTIMAL,v2:upper,69.01976294124574
1873,OPTIMAL,v2:upper,271.68870367000034
1874,OPTIMAL,v2:upper,33.250727833780125
1875,OPTIMAL,v2:upper,212.84822887925552
1876,OPTIMAL,v2:upper,93.37339383641068
1877,OPTIMAL,v1:upper,132.2905233090866
1878,OPTIMAL,v2:upper,34.341501275887396
1879,OPTIMAL,v2:upper,57.956292627699256
1880,OPTIMAL,v2:upper,37.414240069762606
1881,OPTIMAL,v2:upper,84.65537906640658
1882,OPTIMAL,v3:upper,137.76830962794293
1883,OPTIMAL,v2:upper,79.71967259376176
1884,OPTIMAL,v2:upper,97.18211930928076
1885,OPTIMAL,v2:upper,80.89595506867164
1886,OPTIMAL,v1:upper,59.757118486081254
1887,OPTIMAL,v2:upper,53.19418945933597
1888,OPTIMAL,v2:upper,37.6136162012118
1889,OPTIMAL,v1:upper,209.56815350738214
1890,OPTIMAL,v2:upper,71.26996439616444
1891,OPTIMAL,v2:upper,30.744686060918067
1892,OPTIMAL,v1:upper,34.681546823785204
1893,OPTIMAL,v2:upper,239.07924900663383
1894,OPTIMAL,v1:upper,86.59553944711891
1895,OPTIMAL,v2:upper,130.27901358720047
1896,OPTIMAL,v2:upper,282.3771470034128
1897,OPTIMAL,v2:upper,52.071088344513754
1898,OPTIMAL,v2:upper,55.72156437499034
1899,OPTIMAL,v2:upper,118.45017104792244
1900,OPTIMAL,v1:upper,151.99737574175944
1901,OPTIMAL,v2:upper,79.1411465155772
1902,OPTIMAL,v2:upper,259.57179212766096
1903,OPTIMAL,v2:upper,69.79291623248973
1904,OPTIMAL,v2:upper,125.01259346286811
1905,OPTIMAL,v2:upper,103.58101959943667
1906,OPTIMAL,v2:upper,71.6031553291587
1907,OPTIMAL,v2:upper,281.76108483877636
1908,OPTIMAL,v1:upper,123.0830251607905
1909,OPTIMAL,v1:upper,77.2761162261676
1910,OPTIMAL,v2:upper,110.81046641145856
1911,OPTIMAL,v2:upper,248.745453085368
1912,OPTIMAL,v2:upper,396.20602564966526
1913,OPTIMAL,v2:upper,165.48804057561748
1914,OPTIMAL,v3:upper,42.820215790102694
1915,OPTIMAL,v2:upper,887.2395932114528
1916,OPTIMAL,v2:upper,88.26907780810102
1917,OPTIMAL,v2:upper,415.9110085663682
1918,OPTIMAL,v3:upper,94.37941255812484
1919,OPTIMAL,v2:upper,105.51292832534982
1920,OPTIMAL,v3:upper,96.1858400502041
1921,OPTIMAL,v1:upper,44.907471644891984
1922,OPTIMAL,v2:upper,146.22269868121109
1923,OPTIMAL,v2:upper,463.04597924632236
1924,OPTIMAL,v1:upper,82.64902648648498
1925,OPTIMAL,v2:upper,124.26456540127985
1926,OPTIMAL,v2:upper,110.73860544159233
1927,OPTIMAL,v1:upper,118.85100887526194
1928,OPTIMAL,v2:upper,130.52302826026465
1929,OPTIMAL,v2:upper,48.05049526586392
1930,OPTIMAL,v2:upper,121.17109151789886
1931,OPTIMAL,v2:upper,395.8540656620249
1932,OPTIMAL,v1:upper,427.8491736667377
1933,OPTIMAL,v1:upper,118.19161675839523
1934,OPTIMAL,v1:upper,388.1327846444205
1935,OPTIMAL,v2:upper,230.4259029198539
1936,OPTIMAL,v1:upper,165.11411114260494
1937,OPTIMAL,v2:upper,90.55343337800932
1938,OPTIMAL,v2:upper,44.73618539180606
1939,OPTIMAL,v2:upper,49.860102933040125
1940,OPTIMAL,v2:upper,69.06476188225295
1941,OPTIMAL,v2:upper,100.10794893530436
1942,OPTIMAL,v2:upper,35.30189919259426
1943,OPTIMAL,v2:upper,226.98718690297292
1944,OPTIMAL,v2:upper,31.056177432468996
1945,OPTIMAL,v1:upper,97.22586781474193
1946,OPTIMAL,v2:upper,157.42441711607748
1947,OPTIMAL,v2:upper,20.725017420427484
1948,OPTIMAL,v2:upper,229.33520703905648
1949,OPTIMAL,v2:upper,81.28275865694101
1950,OPTIMAL,v2:upper,137.2968719422349
1951,OPTIMAL,v2:upper,64.66397077571139
1952,OPTIMAL,v2:upper,181.44869481737916
1953,OPTIMAL,v1:upper,26.633644398469944
1954,OPTIMAL,v2:upper,302.8075806903687
1955,OPTIMAL,v3:upper,191.83234542739186
1956,OPTIMAL,v1:upper,95.168546343649
1957,OPTIMAL,v2:upper,105.01066787402785
1958,OPTIMAL,v1:upper,56.50860268632911
1959,OPTIMAL,v1:upper,462.0573185168907
1960,OPTIMAL,v2:upper,152.17755194771146
1961,OPTIMAL,v2:upper,23.5676463466313
1962,OPTIMAL,v2:upper,37.3001855016249
1963,OPTIMAL,v2:upper,292.1229932802706
1964,OPTIMAL,v2:upper,36.660484977577795
1965,OPTIMAL,v2:upper,300.28436590988076
1966,OPTIMAL,v2:upper,84.66536397393637
1967,OPTIMAL,v1:upper,61.14896650518962
1968,OPTIMAL,v2:upper,80.50069256468646
1969,OPTIMAL,v2:upper,23.060738845619586
1970,OPTIMAL,v2:upper,37.279571107494256
1971,OPTIMAL,v2:upper,578.9907876503979
1972,OPTIMAL,v2:upper,58.736056871525
1973,OPTIMAL,v2:upper,230.68112072269935
1974,OPTIMAL,v2:upper,49.26666457431759
1975,OPTIMAL,v2:upper,78.62764522236714
1976,OPTIMAL,v2:upper,136.6348002793531
1977,OPTIMAL,v2:upper,202.8734490265668
1978,OPTIMAL,v2:upper,313.23949319006806
1979,OPTIMAL,v2:upper,134.45311157533683
1980,OPTIMAL,v2:upper,226.45126389227758
1981,OPTIMAL,v2:upper,18.33022943142001
1982,OPTIMAL,v2:upper,84.73080486724844
1983,OPTIMAL,v1:upper,173.67290585875386
1984,OPTIMAL,v2:upper,133.95599707869835
1985,OPTIMAL,v2:upper,161.24192433222828
1986,OPTIMAL,v2:upper,27.72601433763701
1987,OPTIMAL,v3:upper,291.52703822245445
1988,OPTIMAL,v1:upper,145.97088514678202
1989,OPTIMAL,v2:upper,96.83665628885028
1990,OPTIMAL,v2:upper,67.24698563027287
1991,OPTIMAL,v2:upper,87.17927542096533
1992,OPTIMAL,v2:upper,98.13070793289907
1993,OPTIMAL,v1:upper,41.33366072493943
1994,OPTIMAL,v2:upper,35.09298375721
1995,OPTIMAL,v2:upper,128.01916431624014
1996,OPTIMAL,v2:upper,316.7112128156761
1997,OPTIMAL,v1:upper,166.78438283492187
1998,OPTIMAL,v2:upper,87.4123635368363
1999,OPTIMAL,v2:upper,70.10494746550054
2000,OPTIMAL,v2:upper,244.5621485466323
2001,OPTIMAL,v2:upper,52.67691646630568
2002,OPTIMAL,v2:upper,150.02278048551855
2003,OPTIMAL,v2:upper,135.34608206771765
2004,OPTIMAL,v2:upper,138.97884495453278
2005,OPTIMAL,v2:upper,62.61366700543514
2006,OPTIMAL,v2:upper,395.268559652106
2007,OPTIMAL,v2:upper,89.69322340706877
2008,OPTIMAL,v1:upper,194.46152753112852
2009,OPTIMAL,v2:upper,69.85618560716566
2010,OPTIMAL,v2:upper,37.99030460203167
2011,OPTIMAL,v2:upper,28.896612041941157
2012,OPTIMAL,v2:upper,69.12183432503207
2013,OPTIMAL,v2:upper,38.72379903558008
2014,OPTIMAL,v2:upper,113.95511422657269
2015,OPTIMAL,v2:upper,22.694447824829957
2016,OPTIMAL,v2:upper,128.5806523924264
2017,OPTIMAL,v2:upper,412.3697204124566
2018,OPTIMAL,v2:upper,583.4875193434813
2019,OPTIMAL,v1:upper,117.7747807977648
2020,OPTIMAL,v2:upper,45.17137143387727
2021,OPTIMAL,v1:upper,75.86968107328971
2022,OPTIMAL,v2:upper,171.79606780587625
2023,OPTIMAL,v2:upper,58.93171679810079
2024,OPTIMAL,v2:upper,142.76091568613924
2025,OPTIMAL,v2:upper,20.233146936188803
2026,OPTIMAL,v1:upper,79.82628061353677
2027,OPTIMAL,v2:upper,39.61822254132566
2028,OPTIMAL,v2:upper,180.15461760514833
2029,OPTIMAL,v2:upper,237.45850781154704
2030,OPTIMAL,v2:upper,143.7508180074855
2031,OPTIMAL,v3:upper,221.47834455675292
2032,OPTIMAL,v2:upper,113.17719367089425
2033,OPTIMAL,v2:upper,102.84132021321939
2034,OPTIMAL,v2:upper,169.8912921306688
2035,OPTIMAL,v2:upper,41.6009472902972
2036,OPTIMAL,v2:upper,177.37768513842417
2037,OPTIMAL,v2:upper,57.472017618841775
2038,OPTIMAL,v3:upper,404.1652497829301
2039,OPTIMAL,v1:upper,68.81610271969741
2040,OPTIMAL,v2:upper,122.41707527446653
2041,OPTIMAL,v2:upper,156.76266425576628
2042,OPTIMAL,v2:upper,64.49114151383003
2043,OPTIMAL,v2:upper,473.19558816828106
2044,OPTIMAL,v2:upper,207.51505842483402
2045,OPTIMAL,v2:upper,177.36621741699477
2046,OPTIMAL,v2:upper,127.86307334888357
2047,OPTIMAL,v2:upper,70.0256609722712
2048,OPTIMAL,v2:upper,38.767779026198916
2049,OPTIMAL,v2:upper,19.06951070564301
2050,OPTIMAL,v2:upper,34.19579971367328
2051,OPTIMAL,v2:upper,55.898510086617726
2052,OPTIMAL,v2:upper,52.37037620763675
2053,OPTIMAL,v2:upper,77.88564195578691
2054,OPTIMAL,v1:upper,224.77944879867465
2055,OPTIMAL,v2:upper,29.939560813211006
2056,OPTIMAL,v2:upper,37.57498886830368
2057,OPTIMAL,v2:upper,138.55120297331055
2058,OPTIMAL,v2:upper,129.81901270287017
2059,OPTIMAL,v2:upper,56.59656860275622
2060,OPTIMAL,v2:upper,274.52137931608496
2061,OPTIMAL,v2:upper,108.2507929332615
2062,OPTIMAL,v2:upper,20.951296677928998
2063,OPTIMAL,v2:upper,39.15818617380528
2064,OPTIMAL,v3:upper,395.99526020717474
2065,OPTIMAL,v2:upper,28.56672273209639
2066,OPTIMAL,v1:upper,196.2939837963675
2067,OPTIMAL,v2:upper,312.2217183752385
2068,OPTIMAL,v2:upper,35.40933364997859
2069,OPTIMAL,v2:upper,35.130582063396375
2070,OPTIMAL,v2:upper,366.0707022427483
2071,OPTIMAL,v2:upper,285.2441532729574
2072,OPTIMAL,v2:upper,42.58990222726545
2073,OPTIMAL,v2:upper,95.94352591267999
2074,OPTIMAL,v2:upper,56.59215658539617
2075,OPTIMAL,v2:upper,73.80260912403946
2076,OPTIMAL,v2:upper,116.51633345677837
2077,OPTIMAL,v2:upper,188.7016539048543
2078,OPTIMAL,v2:upper,70.36404432843638
2079,OPTIMAL,v1:upper,60.18414533954682
2080,OPTIMAL,b1:lower;b2:lower;b3:upper;b4:upper;b5:lower;b6:upper;b7:upper;b8:upper;b14:lower,1000.0
2081,OPTIMAL,v2:upper,490.7898572602255
2082,OPTIMAL,v1:upper,79.53418906194584
2083,OPTIMAL,v2:upper,92.92925992778426
2084,OPTIMAL,v2:upper,54.247606416991395
2085,OPTIMAL,v1:upper,733.6535446611814
2086,OPTIMAL,v2:upper,60.545872668447224
2087,OPTIMAL,v2:upper,71.35838328779653
2088,OPTIMAL,v2:upper,75.26782334831093
2089,OPTIMAL,v2:upper,93.19089979532303
2090,OPTIMAL,v2:upper,330.5571277088764
2091,OPTIMAL,v2:upper,312.3017134375454
2092,OPTIMAL,b1:lower;b2:lower;b3:upper;b4:upper;b5:lower;b6:upper;b7:upper;b8:upper;b14:lower,1000.0
2093,OPTIMAL,v2:upper,72.57351819867112
2094,OPTIMAL,v2:upper,63.31443631151325
2095,OPTIMAL,v2:upper,338.1654649527985
2096,OPTIMAL,v2:upper,67.76996594521253
2097,OPTIMAL,v2:upper,44.889128326612976
2098,OPTIMAL,v1:upper,329.17688637509565
2099,OPTIMAL,v2:upper,87.26007549363366
2100,OPTIMAL,v2:upper,51.80531273466256
2101,OPTIMAL,v2:upper,112.08697061964203
2102,OPTIMAL,v2:upper,189.8765053850471
2103,OPTIMAL,v2:upper,40.933323941205444
2104,OPTIMAL,v2:upper,74.71962430803333
2105,OPTIMAL,v1:upper,56.16352524311356
2106,OPTIMAL,v2:upper,160.82971411282747
2107,OPTIMAL,v2:upper,113.69903543943572
2108,OPTIMAL,v2:upper,227.52700736807242
2109,OPTIMAL,v2:upper,124.92450830783538
2110,OPTIMAL,v2:upper,26.307666080937945
2111,OPTIMAL,v2:upper,221.61907139109243
2112,OPTIMAL,v2:upper,119.7144933530853
2113,OPTIMAL,v2:upper,7.356909391806892
2114,OPTIMAL,v2:upper,35.2950497186096
2115,OPTIMAL,v3:upper,149.85714835874953
2116,OPTIMAL,v2:upper,64.36346223289877
2117,OPTIMAL,v2:upper,32.199080998325236
2118,OPTIMAL,v2:upper,326.4921078234793
2119,OPTIMAL,v2:upper,58.84205176338361
2120,OPTIMAL,v2:upper,52.8161744481594
2121,OPTIMAL,v2:upper,97.22524519582613
2122,OPTIMAL,v2:upper,17.28653279239219
2123,OPTIMAL,v1:upper,139.87768914173026
2124,OPTIMAL,v2:upper,34.678910704068066
2125,OPTIMAL,v2:upper,101.98182238427985
2126,OPTIMAL,v2:upper,349.2349304390939
2127,OPTIMAL,v2:upper,841.0190524991049
2128,OPTIMAL,v2:upper,56.89961032643462
2129,OPTIMAL,v2:upper,31.055900179533637
2130,OPTIMAL,v2:upper,159.6342437926699
2131,OPTIMAL,v1:upper,74.72890344527222
2132,OPTIMAL,v2:upper,116.26843147438552
2133,OPTIMAL,v2:upper,293.17077310225756
2134,OPTIMAL,v2:upper,88.3345578747428
2135,OPTIMAL,v4:upper,82.07126163284596
2136,OPTIMAL,v2:upper,157.84714047398407
2137,OPTIMAL,v2:upper,94.17458363057693
2138,OPTIMAL,v2:upper,43.30829614482333
2139,OPTIMAL,v2:upper,301.75500418432006
2140,OPTIMAL,v2:upper,67.4135863272299
2141,OPTIMAL,v2:upper,107.86999460875916
2142,OPTIMAL,v2:upper,35.19242183514214
2143,OPTIMAL,v1:upper,429.4348606011038
2144,OPTIMAL,v1:upper,65.2866897596239
2145,OPTIMAL,v2:upper,12.480689216716797
2146,OPTIMAL,v2:upper,47.6796342343817
2147,OPTIMAL,v2:upper,431.9319529139966
2148,OPTIMAL,v2:upper,163.31813838796256
2149,OPTIMAL,v2:upper,47.13306697446478
2150,OPTIMAL,v2:upper,298.2817379631197
2151,OPTIMAL,v2:upper,341.83720129450046
2152,OPTIMAL,v2:upper,383.031441144226
2153,OPTIMAL,v2:upper,206.95540425895058
2154,OPTIMAL,v2:upper,154.1392961393092
2155,OPTIMAL,v2:upper,76.45875460865331
2156,OPTIMAL,v2:upper,99.74156566546468
2157,OPTIMAL,v3:upper,59.82907486031339
2158,OPTIMAL,v2:upper,434.8788287246476
2159,OPTIMAL,v2:upper,74.03632241881195
2160,OPTIMAL,v1:upper,135.1590200035152
2161,OPTIMAL,v2:upper,241.69185832436793
2162,OPTIMAL,v2:upper,18.59113992693531
2163,OPTIMAL,v2:upper,194.79459626066344
2164,OPTIMAL,v2:upper,142.95921346010593
2165,OPTIMAL,v3:upper,71.22042460393526
2166,OPTIMAL,v1:upper,212.24230389865807
2167,OPTIMAL,v1:upper,53.2530065922623
2168,OPTIMAL,v1:upper,91.60589812460424
2169,OPTIMAL,v2:upper,175.26678690905246
2170,OPTIMAL,v3:upper,321.526480470799
2171,OPTIMAL,v2:upper,122.85455996856508
2172,OPTIMAL,v2:upper,20.508405554271302
2173,OPTIMAL,v2:upper,31.739011846775988
2174,OPTIMAL,v2:upper,150.15541758344577
2175,OPTIMAL,v2:upper,55.08432389311322
2176,OPTIMAL,v1:upper,719.3741171352281
2177,OPTIMAL,v2:upper,78.79268788510633
2178,OPTIMAL,v1:upper,60.23095280032057
2179,OPTIMAL,v2:upper,421.6917878742953
2180,OPTIMAL,v2:upper,100.32975325380312
2181,OPTIMAL,v1:upper,160.59072040989415
2182,OPTIMAL,v2:upper,74.02416149897161
2183,OPTIMAL,v2:upper,45.05423325654086
2184,OPTIMAL,v3:upper,94.4523789776412
2185,OPTIMAL,v2:upper,26.278582895742446
2186,OPTIMAL,v2:upper,220.05926499147233
2187,OPTIMAL,v2:upper,51.62114293059462
2188,OPTIMAL,v2:upper,213.02361576895152
2189,OPTIMAL,v2:upper,209.6064436994005
2190,OPTIMAL,v2:upper,80.74327720917276
2191,OPTIMAL,v1:upper,100.47318947843567
2192,OPTIMAL,v2:upper,61.49574507566695
2193,OPTIMAL,v2:upper,128.36902828446046
2194,OPTIMAL,v2:upper,50.400905832419696
2195,OPTIMAL,v3:upper,330.47996701003905
2196,OPTIMAL,v2:upper,88.66626582351438
2197,OPTIMAL,v2:upper,72.53301731126821
2198,OPTIMAL,v2:upper,99.82712541940775
2199,OPTIMAL,v2:upper,10.379419129067575
2200,OPTIMAL,v2:upper,99.23536904392115
2201,OPTIMAL,v2:upper,50.567773842875944
2202,OPTIMAL,v2:upper,130.36985256954856
2203,OPTIMAL,v1:upper,25.543787028002132
2204,OPTIMAL,v2:upper,45.98292400570087
2205,OPTIMAL,v2:upper,291.3473523575254
2206,OPTIMAL,v2:upper,59.93379019845638
2207,OPTIMAL,v2:upper,181.51355309650558
2208,OPTIMAL,v1:upper,162.11153619188752
2209,OPTIMAL,v2:upper,87.99302377708702
2210,OPTIMAL,v3:upper,118.50567168302268
2211,OPTIMAL,v2:upper,125.51320157657447
2212,OPTIMAL,v2:upper,42.457622554597165
2213,OPTIMAL,v1:upper,72.46848606970961
2214,OPTIMAL,v2:upper,18.66214221136758
2215,OPTIMAL,v2:upper,159.08450608768595
2216,OPTIMAL,v1:upper,656.3761741028061
2217,OPTIMAL,v2:upper,91.87848200138109
2218,OPTIMAL,v1:upper,164.60569336826154
2219,OPTIMAL,v2:upper,198.49490638240093
2220,OPTIMAL,v2:upper,138.00656467356927
2221,OPTIMAL,v2:upper,293.6430999690457
2222,OPTIMAL,v2:upper,163.14168951929793
2223,OPTIMAL,v2:upper,60.101074718070244
2224,OPTIMAL,v2:upper,18.4837268635416
2225,OPTIMAL,v2:upper,71.47075733020174
2226,OPTIMAL,v2:upper,79.3049485758285
2227,OPTIMAL,v2:upper,378.59388869231765
2228,OPTIMAL,v2:upper,61.11936608303716
2229,OPTIMAL,v2:upper,224.71852853056782
2230,OPTIMAL,v2:upper,182.3148023212204
2231,OPTIMAL,v1:upper,124.24192885122868
2232,OPTIMAL,v2:upper,187.89865609849093
2233,OPTIMAL,v2:upper,62.5242776203291
2234,OPTIMAL,v2:upper,141.1177886269011
2235,OPTIMAL,v2:upper,334.2541078763918
2236,OPTIMAL,v2:upper,38.87726626810307
2237,OPTIMAL,v2:upper,31.151142150327324
2238,OPTIMAL,v2:upper,85.14490275036177
2239,OPTIMAL,v2:upper,180.74387176182373
2240,OPTIMAL,v2:upper,54.07718949249955
2241,OPTIMAL,v2:upper,9.888051734023058
2242,OPTIMAL,v2:upper,146.35069948259354
2243,OPTIMAL,v2:upper,470.1832042846696
2244,OPTIMAL,v2:upper,79.46377836395853
2245,OPTIMAL,v2:upper,37.17738782662735
2246,OPTIMAL,v1:upper,180.6210249409475
2247,OPTIMAL,v2:upper,77.49650723354623
2248,OPTIMAL,v2:upper,172.6434755613017
2249,OPTIMAL,v2:upper,21.550340630664103
2250,OPTIMAL,b1:lower;b2:lower;b3:upper;b4:upper;b5:lower;b6:upper;b7:upper;b8:upper;b14:lower,1000.0
2251,OPTIMAL,v2:upper,76.27576616713228
2252,OPTIMAL,v3:upper,266.0277271989155
2253,OPTIMAL,v2:upper,178.87863411038217
2254,OPTIMAL,v2:upper,86.62397279495956
2255,OPTIMAL,v1:upper,105.60453333934683
2256,OPTIMAL,v3:upper,185.68734087481243
2257,OPTIMAL,v2:upper,385.2596250941481
2258,OPTIMAL,v1:upper,154.31758474147213
2259,OPTIMAL,v1:upper,53.87626313713771
2260,OPTIMAL,v2:upper,23.231390191881214
2261,OPTIMAL,v2:upper,10.00248377294319
2262,OPTIMAL,v2:upper,176.67823171273503
2263,OPTIMAL,v2:upper,262.8859577636582
2264,OPTIMAL,v2:upper,670.415746543215
2265,OPTIMAL,v1:upper,98.04705897502015
2266,OPTIMAL,v2:upper,33.89481728190842
2267,OPTIMAL,v2:upper,34.174649006954255
2268,OPTIMAL,v2:upper,88.73261739123788
2269,OPTIMAL,v3:upper,98.42219112380397
2270,OPTIMAL,v2:upper,61.71135473567415
2271,OPTIMAL,v2:upper,160.7734923730575
2272,OPTIMAL,v2:upper,36.039810246049626
2273,OPTIMAL,v2:upper,398.97192298835137
2274,OPTIMAL,v2:upper,58.75583631722497
2275,OPTIMAL,v2:upper,492.3154006820045
2276,OPTIMAL,v2:upper,87.2511083917216
2277,OPTIMAL,v2:upper,91.78533712997357
2278,OPTIMAL,v2:upper,190.5299397705066
2279,OPTIMAL,v2:upper,127.54518810105682
2280,OPTIMAL,v2:upper,55.967623167091695
2281,OPTIMAL,v1:upper,172.292874127783
2282,OPTIMAL,v2:upper,110.80311141726042
2283,OPTIMAL,v2:upper,718.3009574918724
2284,OPTIMAL,v2:upper,380.2865038655427
2285,OPTIMAL,v2:upper,60.40574756684648
2286,OPTIMAL,v2:upper,114.54317675050677
2287,OPTIMAL,v2:upper,336.7712050365765
2288,OPTIMAL,v2:upper,39.2853799930237
2289,OPTIMAL,v1:upper,194.83973916440962
2290,OPTIMAL,v2:upper,194.759268994719
2291,OPTIMAL,v2:upper,329.94720179971864
2292,OPTIMAL,v2:upper,178.48461494666222
2293,OPTIMAL,v2:upper,868.7394313915792
2294,OPTIMAL,v2:upper,35.701256320355
2295,OPTIMAL,v2:upper,43.39976628174309
2296,OPTIMAL,v2:upper,22.778566368123045
2297,OPTIMAL,v2:upper,115.38960647952581
2298,OPTIMAL,v2:upper,50.83134764271533
2299,OPTIMAL,v2:upper,69.42456843134184
2300,OPTIMAL,v2:upper,36.625918459509634
2301,OPTIMAL,v2:upper,69.9124682304799
2302,OPTIMAL,v2:upper,17.148677095453866
2303,OPTIMAL,v1:upper,13.262215318715528
2304,OPTIMAL,v2:upper,254.202565618186
2305,OPTIMAL,v2:upper,337.68824653103957
2306,OPTIMAL,v2:upper,98.3161188857929
2307,OPTIMAL,v2:upper,137.72220919432897
2308,OPTIMAL,v2:upper,35.35973006244342
2309,OPTIMAL,v2:upper,93.90030619331509
2310,OPTIMAL,v2:upper,372.3396577976446
2311,OPTIMAL,v2:upper,78.04041236760038
2312,OPTIMAL,v2:upper,102.91031103097927
2313,OPTIMAL,v2:upper,211.52132642716396
2314,OPTIMAL,v2:upper,30.53095184230573
2315,OPTIMAL,v2:upper,29.625648599870377
2316,OPTIMAL,v2:upper,81.48016598300029
2317,OPTIMAL,v2:upper,65.49334638790462
2318,OPTIMAL,v3:upper,146.58044182906087
2319,OPTIMAL,v1:upper,30.0804479436933
2320,OPTIMAL,v2:upper,295.5869804794046
2321,OPTIMAL,v1:upper,59.90408787109226
2322,OPTIMAL,v1:upper,91.62112602179431
2323,OPTIMAL,v1:upper,109.97844969016917
2324,OPTIMAL,v2:upper,111.38254881722777
2325,OPTIMAL,v1:upper,93.10482454621801
2326,OPTIMAL,v2:upper,194.20919243093408
2327,OPTIMAL,v2:upper,68.15360407727451
2328,OPTIMAL,v2:upper,619.3482056474513
2329,OPTIMAL,v2:upper,64.33190054720261
2330,OPTIMAL,v2:upper,270.4512526779075
2331,OPTIMAL,v3:upper,37.900270032069805
2332,OPTIMAL,v2:upper,36.66463366337047
2333,OPTIMAL,v2:upper,75.00315252941446
2334,OPTIMAL,v2:upper,158.26574405268158
2335,OPTIMAL,v2:upper,50.66445101710621
2336,OPTIMAL,v3:upper,125.48062137235502
2337,OPTIMAL,v1:upper,421.18678534402767
2338,OPTIMAL,v2:upper,188.34211871881095
2339,OPTIMAL,v2:upper,171.42081395784876
2340,OPTIMAL,v2:upper,60.71635265396125
2341,OPTIMAL,v2:upper,127.02682870879575
2342,OPTIMAL,v2:upper,105.02122617106465
2343,OPTIMAL,v2:upper,78.16701234819487
2344,OPTIMAL,v2:upper,93.04795334203921
2345,OPTIMAL,v2:upper,59.91390720121663
2346,OPTIMAL,v2:upper,57.10271904311291
2347,OPTIMAL,v2:upper,53.812988373359545
2348,OPTIMAL,v2:upper,113.52868059931085
2349,OPTIMAL,v2:upper,37.79939765822321
2350,OPTIMAL,v2:upper,82.92004078877069
2351,OPTIMAL,v2:upper,226.2737662978803
2352,OPTIMAL,v2:upper,117.52087907733866
2353,OPTIMAL,v2:upper,262.90999754243956
2354,OPTIMAL,v2:upper,52.06662564999365
2355,OPTIMAL,v1:upper,207.23122317415547
2356,OPTIMAL,v2:upper,112.35153988884467
2357,OPTIMAL,v1:upper,185.16671735660094
2358,OPTIMAL,v1:upper,150.1634757546777
2359,OPTIMAL,v2:upper,49.53285507526855
2360,OPTIMAL,v2:upper,46.57558043477981
2361,OPTIMAL,v2:upper,113.2890788087811
2362,OPTIMAL,v2:upper,95.06790460554912
2363,OPTIMAL,v2:upper,88.9919357194741
2364,OPTIMAL,v2:upper,65.05492244426712
2365,OPTIMAL,v2:upper;v3:upper,140.09139030827845
2366,OPTIMAL,v2:upper,216.621873098744
2367,OPTIMAL,v2:upper,37.47096221583611
2368,OPTIMAL,v2:upper,386.08169883196865
2369,OPTIMAL,v2:upper,83.6785565189121
2370,OPTIMAL,v1:upper,256.8697252005218
2371,OPTIMAL,v2:upper,70.8156248396629
2372,OPTIMAL,v2:upper,68.637837663834
2373,OPTIMAL,v2:upper,215.09584211273102
2374,OPTIMAL,v2:upper,45.76555934225114
2375,OPTIMAL,v2:upper,958.3278768872141
2376,OPTIMAL,v2:upper,24.516113469414215
2377,OPTIMAL,v2:upper,387.58704998480414
2378,OPTIMAL,v2:upper,5.751510308884342
2379,OPTIMAL,v2:upper,23.173868109179416
2380,OPTIMAL,v2:upper,22.005404521699717
2381,OPTIMAL,v2:upper,144.69555784289722
2382,OPTIMAL,v3:upper,164.7031056300463
2383,OPTIMAL,v2:upper,53.73154062108631
2384,OPTIMAL,v2:upper,109.03898732436085
2385,OPTIMAL,v2:upper,53.72234021314945
2386,OPTIMAL,v2:upper,133.11182625160896
2387,OPTIMAL,v2:upper,117.14671592485404
2388,OPTIMAL,v1:upper,127.87666156223649
2389,OPTIMAL,v2:upper,51.76292293370597
2390,OPTIMAL,v2:upper,160.7421895212167
2391,OPTIMAL,v2:upper,119.43635216289258
2392,OPTIMAL,v2:upper,967.7960443804086
2393,OPTIMAL,v2:upper,46.64980324794258
2394,OPTIMAL,v1:upper,36.04947680338142
2395,OPTIMAL,v2:upper,185.84977056536292
2396,OPTIMAL,v2:upper,356.29361423428827
2397,OPTIMAL,v2:upper,112.06248284013363
2398,OPTIMAL,v1:upper,104.89100707259202
2399,OPTIMAL,v2:upper,106.46980905733064
2400,OPTIMAL,v2:upper,212.3105376110546
2401,OPTIMAL,v2:upper,13.975849550070002
2402,OPTIMAL,v1:upper,322.3724856069233
2403,OPTIMAL,v2:upper,44.11781951211551
2404,OPTIMAL,v2:upper,109.42410126836528
2405,OPTIMAL,v2:upper,84.62929965742613
2406,OPTIMAL,v2:upper,149.59637463848674
2407,OPTIMAL,v2:upper,89.0897059684274
2408,OPTIMAL,v2:upper,277.99611654532777
2409,OPTIMAL,v2:upper,182.19628322082932
2410,OPTIMAL,v2:upper,41.69011663067256
2411,OPTIMAL,v1:upper,51.80737809025536
2412,OPTIMAL,v2:upper,206.63470689166525
2413,OPTIMAL,v2:upper,62.9247579347632
2414,OPTIMAL,v2:upper,61.43762359861488
2415,OPTIMAL,v2:upper,108.11335068228865
2416,OPTIMAL,v1:upper,338.62951100224944
2417,OPTIMAL,v2:upper,66.0491148997814
2418,OPTIMAL,v4:upper,163.45254439232505
2419,OPTIMAL,v2:upper,224.24070575345223
2420,OPTIMAL,v2:upper,170.41951445301603
2421,OPTIMAL,v2:upper,96.73965948228106
2422,OPTIMAL,v2:upper,68.77747386541175
2423,OPTIMAL,v2:upper,53.40830297586658
2424,OPTIMAL,v2:upper,41.73759875595278
2425,OPTIMAL,v2:upper,71.24047897591733
2426,OPTIMAL,v2:upper,35.38544647472866
2427,OPTIMAL,v2:upper,51.68357023991859
2428,OPTIMAL,v2:upper,48.14596747411657
2429,OPTIMAL,v1:upper,334.56030840661134
2430,OPTIMAL,v2:upper,38.31643124508737
2431,OPTIMAL,v2:upper,157.7017847932188
2432,OPTIMAL,v2:upper,66.76394885766216
2433,OPTIMAL,v2:upper,227.4106257245179
2434,OPTIMAL,v2:upper,41.83082334916477
2435,OPTIMAL,v2:upper,94.05438524787832
2436,OPTIMAL,v2:upper,189.20377010448667
2437,OPTIMAL,v1:upper,66.98210336678581
2438,OPTIMAL,v1:upper,306.22988061470113
2439,OPTIMAL,v2:upper,203.86488323517165
2440,OPTIMAL,v2:upper,109.37611128644178
2441,OPTIMAL,v2:upper,37.243331562624185
2442,OPTIMAL,v2:upper,29.96135835148178
2443,OPTIMAL,v2:upper,144.63962505192117
2444,OPTIMAL,v1:upper,201.94879427134327
2445,OPTIMAL,v2:upper,73.37117817290563
2446,OPTIMAL,v1:upper,247.59739632467443
2447,OPTIMAL,v3:upper,72.74559903296057
2448,OPTIMAL,v2:upper,78.58141950361744
2449,OPTIMAL,v2:upper,87.88290236286234
2450,OPTIMAL,v2:upper,112.98240211312279
2451,OPTIMAL,v1:upper,115.2479142132524
2452,OPTIMAL,v2:upper,383.7221709933005
2453,OPTIMAL,v2:upper,46.3634956520815
2454,OPTIMAL,v2:upper,57.38696982530667
2455,OPTIMAL,v2:upper,194.45720987280805
2456,OPTIMAL,v2:upper,86.23039607930683
2457,OPTIMAL,v2:upper,513.8676284743834
2458,OPTIMAL,v2:upper,78.54335397581197
2459,OPTIMAL,b1:lower;b2:lower;b3:upper;b4:upper;b5:lower;b6:upper;b7:upper;b8:upper;b14:lower,1000.0
2460,OPTIMAL,v2:upper,26.37600208702207
2461,OPTIMAL,v2:upper,78.4448388368329
2462,OPTIMAL,v2:upper,202.19451353757916
2463,OPTIMAL,v2:upper,118.08750559929963
2464,OPTIMAL,v1:upper,107.99271381558138
2465,OPTIMAL,v2:upper,129.82022577208306
2466,OPTIMAL,v2:upper,74.21195238200707
2467,OPTIMAL,v2:upper,48.649759964885824
2468,OPTIMAL,v2:upper,54.28323965705986
2469,OPTIMAL,v1:upper,275.75691447721306
2470,OPTIMAL,v2:upper,111.43697078515261
2471,OPTIMAL,b1:lower;b2:lower;b3:upper;b4:upper;b5:lower;b6:upper;b7:upper;b8:upper;b14:lower,1000.0
2472,OPTIMAL,v2:upper,94.0454993396407
2473,OPTIMAL,v2:upper,93.56131974612968
2474,OPTIMAL,v2:upper,173.5331643837735
2475,OPTIMAL,v2:upper,90.57442097492584
2476,OPTIMAL,v2:upper,53.5905683330425
2477,OPTIMAL,v2:upper,103.91845528654872
2478,OPTIMAL,v2:upper,80.93077755598075
2479,OPTIMAL,v2:upper,132.2945907002157
2480,OPTIMAL,v2:upper,91.71122383674472
2481,OPTIMAL,v2:upper,126.14891378393695
2482,OPTIMAL,v3:upper,474.0873398773047
2483,OPTIMAL,v2:upper,155.34949020467073
2484,OPTIMAL,v2:upper,20.029315116634667
2485,OPTIMAL,v2:upper,86.45837602761989
2486,OPTIMAL,v2:upper,125.56132323981055
2487,OPTIMAL,v3:upper,57.211749165499825
2488,OPTIMAL,v1:upper,166.59887866141952
2489,OPTIMAL,v1:upper,35.6724061343953
2490,OPTIMAL,v1:upper,85.77191527219642
2491,OPTIMAL,v2:upper,69.0781184211169
2492,OPTIMAL,v2:upper,32.153159578155844
2493,OPTIMAL,v2:upper,380.7454414883903
2494,OPTIMAL,v2:upper,121.41559715232319
2495,OPTIMAL,v2:upper,21.706107668530123
2496,OPTIMAL,v2:upper,797.4791111697648
2497,OPTIMAL,v2:upper,678.3408012269657
2498,OPTIMAL,v2:upper,29.72523984166721
2499,OPTIMAL,v2:upper,274.6536269685442
2500,OPTIMAL,v2:upper,131.96727607429514
2501,OPTIMAL,v2:upper,85.79578429974292
2502,OPTIMAL,v2:upper,79.86916236914851
2503,OPTIMAL,v2:upper,415.9896928875274
2504,OPTIMAL,v2:upper,66.12949289546376
2505,OPTIMAL,v2:upper,119.97086950046881
2506,OPTIMAL,v2:upper,62.12329496593325
2507,OPTIMAL,v2:upper,44.7987217871222
2508,OPTIMAL,v2:upper,51.96013271626945
2509,OPTIMAL,v2:upper,234.00874455735178
2510,OPTIMAL,v2:upper,61.65315737185328
2511,OPTIMAL,v2:upper,143.4087158343359
2512,OPTIMAL,v2:upper,366.31382980564945
2513,OPTIMAL,v2:upper,263.789423053821
2514,OPTIMAL,v2:upper,82.21775966202141
2515,OPTIMAL,v2:upper,284.5347018890168
2516,OPTIMAL,v2:upper,137.00484852331726
2517,OPTIMAL,v2:upper,321.84760352842187
2518,OPTIMAL,v2:upper,199.69442807512652
2519,OPTIMAL,v2:upper,334.4014287135999
2520,OPTIMAL,v2:upper,105.31542564630092
2521,OPTIMAL,v2:upper,360.8996371102627
2522,OPTIMAL,v2:upper,79.24107439451694
2523,OPTIMAL,v2:upper,67.54134419660107
2524,OPTIMAL,v2:upper,430.4929317855281
2525,OPTIMAL,v2:upper,212.71933565275646
2526,OPTIMAL,v1:upper,65.31121648300656
2527,OPTIMAL,v2:upper,44.29185372892167
2528,OPTIMAL,v2:upper,32.23254704124274
2529,OPTIMAL,v3:upper,270.7775878767824
2530,OPTIMAL,v2:upper,25.38429669212741
2531,OPTIMAL,v2:upper,36.52054610674128
2532,OPTIMAL,v2:upper,59.89593905750484
2533,OPTIMAL,v2:upper,160.31140817683834
2534,OPTIMAL,v2:upper,42.63306291537629
2535,OPTIMAL,v2:upper,201.73500144563167
2536,OPTIMAL,v2:upper,110.16305740200508
2537,OPTIMAL,v2:upper,228.34095523257494
2538,OPTIMAL,v2:upper,43.21015373564387
2539,OPTIMAL,v2:upper,86.63797811807602
2540,OPTIMAL,v2:upper,122.79013247351887
2541,OPTIMAL,v2:upper,65.0386139056034
2542,OPTIMAL,v2:upper,264.41599781304484
2543,OPTIMAL,v2:upper,360.84975233831756
2544,OPTIMAL,v2:upper,116.79029380248542
2545,OPTIMAL,v1:upper,151.69809545661607
2546,OPTIMAL,v2:upper,250.56345897440508
2547,OPTIMAL,v1:upper,132.35282753600967
2548,OPTIMAL,v2:upper,599.0242615758352
2549,OPTIMAL,v2:upper,286.80728616634457
2550,OPTIMAL,v2:upper,366.53861805912913
2551,OPTIMAL,v2:upper,85.92479458373192
2552,OPTIMAL,v2:upper,15.90172945737315
2553,OPTIMAL,v1:upper,47.88240906392581
2554,OPTIMAL,v2:upper,113.76929955525792
2555,OPTIMAL,v2:upper,159.64859215060915
2556,OPTIMAL,v2:upper,45.847068923175456
2557,OPTIMAL,v1:upper,56.03369560503143
2558,OPTIMAL,v2:upper,32.05360373462799
2559,OPTIMAL,v2:upper,305.4340301569116
2560,OPTIMAL,v2:upper,53.655192039645364
2561,OPTIMAL,v1:upper,113.35144666677637
2562,OPTIMAL,v1:upper,458.29882621659556
2563,OPTIMAL,v1:upper,532.762550727762
2564,OPTIMAL,v2:upper,48.94280663357806
2565,OPTIMAL,v1:upper,184.73555813808863
2566,OPTIMAL,v2:upper,57.10473945704463
2567,OPTIMAL,v2:upper,142.06569654356443
2568,OPTIMAL,v2:upper,49.241354711246785
2569,OPTIMAL,v2:upper,48.228892203726566
2570,OPTIMAL,v2:upper,30.604625471953785
2571,OPTIMAL,v2:upper,145.7264793423956
2572,OPTIMAL,v2:upper,406.34143785383014
2573,OPTIMAL,v2:upper,98.3645223126102
2574,OPTIMAL,v1:upper,39.64380229399074
2575,OPTIMAL,v2:upper,62.84244400430511
2576,OPTIMAL,v1:upper,458.35412932274494
2577,OPTIMAL,v2:upper,47.752890307094724
2578,OPTIMAL,v2:upper,209.6646406898004
2579,OPTIMAL,v2:upper,540.2072787872103
2580,OPTIMAL,v2:upper,78.10510132885575
2581,OPTIMAL,v2:upper,724.3269409646706
2582,OPTIMAL,v2:upper,2.9283018871972173
2583,OPTIMAL,v2:upper,58.93226432023987
2584,OPTIMAL,v2:upper,481.8501515619871
2585,OPTIMAL,v2:upper,63.04097936993567
2586,OPTIMAL,v2:upper,197.7036887018061
2587,OPTIMAL,v2:upper,403.27909477000964
2588,OPTIMAL,v2:upper,336.9301520823391
2589,OPTIMAL,v2:upper,338.66522937535615
2590,OPTIMAL,v3:upper,473.87715056378187
2591,OPTIMAL,v4:upper,77.66367548314116
2592,OPTIMAL,v2:upper,70.65410186084587
2593,OPTIMAL,v2:upper,64.21360745074404
2594,OPTIMAL,v2:upper,48.214696166410405
2595,OPTIMAL,v2:upper,106.77890106642059
2596,OPTIMAL,v2:upper,135.0611246981064
2597,OPTIMAL,v2:upper,176.09271516195048
2598,OPTIMAL,v1:upper,234.3582119970008
2599,OPTIMAL,v2:upper,17.43647332476736
2600,OPTIMAL,v2:upper,115.03675209121126
2601,OPTIMAL,v1:upper,199.40165476552414
2602,OPTIMAL,v2:upper,38.967761348519105
2603,OPTIMAL,v1:upper,69.0057073399275
2604,OPTIMAL,v2:upper,380.06721084210756
2605,OPTIMAL,v2:upper,77.96595262747411
2606,OPTIMAL,v2:upper,181.66607495716315
2607,OPTIMAL,v2:upper,203.00606434449875
2608,OPTIMAL,v2:upper,139.3710907170904
2609,OPTIMAL,v2:upper,61.91802386855376
2610,OPTIMAL,v3:upper,114.8913862653402
2611,OPTIMAL,v1:upper,114.74860407420114
2612,OPTIMAL,v2:upper,65.01307636016062
2613,OPTIMAL,v2:upper,82.20517842778835
2614,OPTIMAL,v2:upper,35.45429640249635
2615,OPTIMAL,v2:upper,78.14598006643153
2616,OPTIMAL,v2:upper,211.79742750464888
2617,OPTIMAL,v2:upper,63.94136551776839
2618,OPTIMAL,v2:upper,167.1319133741192
2619,OPTIMAL,v3:upper,59.3397112891063
2620,OPTIMAL,v2:upper,184.9385848534275
2621,OPTIMAL,v4:upper,270.07885629776536
2622,OPTIMAL,v2:upper,107.93958155723064
2623,OPTIMAL,v2:upper,14.213570837770314
2624,OPTIMAL,v3:upper,263.5012021800283
2625,OPTIMAL,v2:upper,78.37157781542437
2626,OPTIMAL,v2:upper,7.4061885308833935
2627,OPTIMAL,v2:upper,146.60024747479784
2628,OPTIMAL,v2:upper,210.58660927630083
2629,OPTIMAL,v2:upper,80.66858555420866
2630,OPTIMAL,v3:upper,46.50387847115718
2631,OPTIMAL,v2:upper,53.13654096816217
2632,OPTIMAL,v2:upper,462.57535273253905
2633,OPTIMAL,v2:upper,146.16725286481514
2634,OPTIMAL,v2:upper,108.22222174569919
2635,OPTIMAL,v2:upper,133.52699889477458
2636,OPTIMAL,v2:upper,47.436884044449265
2637,OPTIMAL,v1:upper,242.9721594452146
2638,OPTIMAL,v2:upper,245.59370228062073
2639,OPTIMAL,v2:upper,218.80716290692828
2640,OPTIMAL,v2:upper,106.35369593776637
2641,OPTIMAL,v2:upper,524.8412110869784
2642,OPTIMAL,v2:upper,35.043192326529635
2643,OPTIMAL,v2:upper,46.12591405332639
2644,OPTIMAL,v2:upper,22.542805308451864
2645,OPTIMAL,v2:upper,55.32865196838301
2646,OPTIMAL,v2:upper,268.8460752364005
2647,OPTIMAL,v2:upper,307.137887401047
2648,OPTIMAL,v1:upper,93.40222465703422
2649,OPTIMAL,v2:upper,226.52211169319358
2650,OPTIMAL,v2:upper,40.57204343943375
2651,OPTIMAL,v2:upper,120.459469090243
2652,OPTIMAL,v2:upper,119.92801057596955
2653,OPTIMAL,v2:upper,212.04857109098816
2654,OPTIMAL,v2:upper,107.52153878289593
2655,OPTIMAL,v2:upper,71.32823810221562
2656,OPTIMAL,v3:upper,54.770374407155515
2657,OPTIMAL,v2:upper,35.156103544227825
2658,OPTIMAL,v2:upper,57.85397751806533
2659,OPTIMAL,v2:upper,307.44257729007717
2660,OPTIMAL,v2:upper,344.9625957824167
2661,OPTIMAL,v2:upper,16.79997045475786
2662,OPTIMAL,v2:upper,50.17230215474714
2663,OPTIMAL,v2:upper,42.50599161344549
2664,OPTIMAL,v2:upper,53.95905328629469
2665,OPTIMAL,v1:upper,153.4926841816209
2666,OPTIMAL,v2:upper,327.9231925204165
2667,OPTIMAL,v2:upper,211.6964026232646
2668,OPTIMAL,v2:upper,80.81944507049323
2669,OPTIMAL,v2:upper,295.73318539637177
2670,OPTIMAL,v2:upper,64.21604909480732
2671,OPTIMAL,v2:upper,116.63372979107243
2672,OPTIMAL,v2:upper,31.022123775178688
2673,OPTIMAL,v2:upper,72.49337448055464
2674,OPTIMAL,v1:upper,82.02429902207165
2675,OPTIMAL,v3:upper,46.851684927304134
2676,OPTIMAL,v2:upper,249.71108567722573
2677,OPTIMAL,v2:upper,19.423617102728308
2678,OPTIMAL,v2:upper,109.26589845637027
2679,OPTIMAL,v2:upper,135.5565599675094
2680,OPTIMAL,v2:upper,145.64067043650036
2681,OPTIMAL,v1:upper,89.99586016497429
2682,OPTIMAL,v3:upper,175.62182498464526
2683,OPTIMAL,v2:upper,69.1216893718899
2684,OPTIMAL,v2:upper,285.97229247960666
2685,OPTIMAL,v2:upper,112.4933788203247
2686,OPTIMAL,v2:upper,159.96440604927716
2687,OPTIMAL,v2:upper,114.49731198740193
2688,OPTIMAL,v3:upper,383.8660080376526
2689,OPTIMAL,v2:upper,52.587194721845535
2690,OPTIMAL,v2:upper,138.56844657684988
2691,OPTIMAL,v2:upper,179.4344780190862
2692,OPTIMAL,v2:upper,164.30568101543034
2693,OPTIMAL,v3:upper,139.7227942304144
2694,OPTIMAL,v2:upper,25.11458523598386
2695,OPTIMAL,v1:upper,197.6943754655872
2696,OPTIMAL,v1:upper,594.7218379802622
2697,OPTIMAL,v2:upper,31.882454326341904
2698,OPTIMAL,v2:upper,150.48541994966277
2699,OPTIMAL,v2:upper,613.0156630474554
2700,OPTIMAL,v2:upper,103.18450956180347
2701,OPTIMAL,v3:upper,59.96755535030953
2702,OPTIMAL,v2:upper,37.68271873276778
2703,OPTIMAL,v2:upper,21.971166818149946
2704,OPTIMAL,v2:upper,259.0563759697111
2705,OPTIMAL,v2:upper,71.69739007920354
2706,OPTIMAL,v2:upper,91.97708619088691
2707,OPTIMAL,v2:upper,156.5993766263448
2708,OPTIMAL,v2:upper,63.96380885697941
2709,OPTIMAL,v2:upper,26.53736036564962
2710,OPTIMAL,v2:upper,228.34093443489897
2711,OPTIMAL,v2:upper,42.9342692801783
2712,OPTIMAL,v2:upper,59.70894830833141
2713,OPTIMAL,v3:upper,337.84213361952294
2714,OPTIMAL,v2:upper,142.35071627055544
2715,OPTIMAL,v2:upper,40.41972621255314
2716,OPTIMAL,v2:upper,114.66568244216357
2717,OPTIMAL,v2:upper,30.747691053067335
2718,OPTIMAL,v2:upper,39.000642511886504
2719,OPTIMAL,v2:upper,69.54926268452066
2720,OPTIMAL,v2:upper,117.51822384509745
2721,OPTIMAL,v2:upper,32.23777325421862
2722,OPTIMAL,v2:upper,62.02808207843835
2723,OPTIMAL,v2:upper,232.0615650244827
2724,OPTIMAL,v2:upper,509.56651993488987
2725,OPTIMAL,v1:upper,18.315223835869773
2726,OPTIMAL,v1:upper,162.3899901622551
2727,OPTIMAL,v2:upper,103.20815065329629
2728,OPTIMAL,v2:upper,141.9430633207867
2729,OPTIMAL,v2:upper,91.29062905617819
2730,OPTIMAL,v2:upper,608.2469681337903
2731,OPTIMAL,v2:upper,89.54979231168453
2732,OPTIMAL,v2:upper,97.13447847546412
2733,OPTIMAL,v2:upper,57.57232678232512
2734,OPTIMAL,v2:upper,282.3139718826829
2735,OPTIMAL,v2:upper,29.356260499288712
2736,OPTIMAL,v1:upper,77.25488879418846
2737,OPTIMAL,v2:upper,54.851788109781175
2738,OPTIMAL,v2:upper,73.44674062578284
2739,OPTIMAL,v2:upper,164.23444542488775
2740,OPTIMAL,v2:upper,60.20651495396336
2741,OPTIMAL,v1:upper,367.6791769612398
2742,OPTIMAL,v2:upper,86.68616875504979
2743,OPTIMAL,v2:upper,334.3773131749598
2744,OPTIMAL,v2:upper,307.0687870901621
2745,OPTIMAL,v2:upper,207.89162857457126
2746,OPTIMAL,v2:upper,198.5972889117039
2747,OPTIMAL,v2:upper,172.25294081149246
2748,OPTIMAL,v2:upper,160.5685732439796
2749,OPTIMAL,v2:upper,59.29817629130328
2750,OPTIMAL,v4:upper,355.34138462053477
2751,OPTIMAL,v1:upper,156.09531739066452
2752,OPTIMAL,v2:upper,80.96228835719398
2753,OPTIMAL,v2:upper,820.1227299920262
2754,OPTIMAL,v2:upper,464.34195799023735
2755,OPTIMAL,v1:upper,33.17382389352549
2756,OPTIMAL,v2:upper,183.04304585193742
2757,OPTIMAL,v2:upper,42.21968510094201
2758,OPTIMAL,v3:upper,72.22586111241289
2759,OPTIMAL,v2:upper,21.736050908694338
2760,OPTIMAL,v2:upper,420.7163525803648
2761,OPTIMAL,v2:upper,279.4679403343229
2762,OPTIMAL,v2:upper,119.70084928811882
2763,OPTIMAL,v2:upper,49.546159226867374
2764,OPTIMAL,v2:upper,736.3135607306158
2765,OPTIMAL,v2:upper,366.1798557338106
2766,OPTIMAL,v2:upper,32.05966136842316
2767,OPTIMAL,v2:upper,50.73635008312644
2768,OPTIMAL,v2:upper,68.79037657838994
2769,OPTIMAL,v2:upper,111.32830048941285
2770,OPTIMAL,v2:upper,55.80463950427175
2771,OPTIMAL,v2:upper,177.31119661455043
2772,OPTIMAL,v2:upper,131.0083295744686
2773,OPTIMAL,v1:upper,148.07625487258588
2774,OPTIMAL,v2:upper,151.6094961931878
2775,OPTIMAL,v2:upper,25.62121485285284
2776,OPTIMAL,v2:upper,75.08801337204054
2777,OPTIMAL,v2:upper,202.34721928615824
2778,OPTIMAL,v3:upper,159.7701810322384
2779,OPTIMAL,v2:upper,106.6134082660034
2780,OPTIMAL,v2:upper,45.08604830274025
2781,OPTIMAL,v2:upper,157.17945780295773
2782,OPTIMAL,v1:upper,119.4053036651581
2783,OPTIMAL,v2:upper,278.1348808711278
2784,OPTIMAL,v1:upper,167.91235891267178
2785,OPTIMAL,v1:upper,326.5807716541163
2786,OPTIMAL,v2:upper,569.4696831332533
2787,OPTIMAL,v2:upper,123.65366278263186
2788,OPTIMAL,v1:upper,116.64547559903103
2789,OPTIMAL,v1:upper,42.92621557789548
2790,OPTIMAL,v2:upper,42.89063644823226
2791,OPTIMAL,v2:upper,84.51829484565307
2792,OPTIMAL,v2:upper,323.5634677029763
2793,OPTIMAL,v1:upper,143.30062565558654
2794,OPTIMAL,v2:upper,136.07024342488018
2795,OPTIMAL,v2:upper,176.39014579227438
2796,OPTIMAL,v1:upper,138.39149264784743
2797,OPTIMAL,v2:upper,128.34386959916017
2798,OPTIMAL,v2:upper,84.1790435838709
2799,OPTIMAL,v2:upper,16.135618894341672
2800,OPTIMAL,v2:upper,103.00175330257632
2801,OPTIMAL,v2:upper,181.8841903308608
2802,OPTIMAL,v2:upper,326.4078873688858
2803,OPTIMAL,v2:upper,159.60012421826605
2804,OPTIMAL,v2:upper,49.284385724942034
2805,OPTIMAL,v2:upper,56.65893616915958
2806,OPTIMAL,v2:upper,358.1608876188742
2807,OPTIMAL,v2:upper,123.48318331878768
2808,OPTIMAL,v2:upper,136.7522621678706
2809,OPTIMAL,v1:upper,153.72728517320274
2810,OPTIMAL,v2:upper,64.04890637061217
2811,OPTIMAL,v2:upper,31.421350179751748
2812,OPTIMAL,v2:upper,48.66763432255933
2813,OPTIMAL,v2:upper,74.57984626897864
2814,OPTIMAL,v2:upper,90.61265342291158
2815,OPTIMAL,v2:upper,67.05655343651084
2816,OPTIMAL,v2:upper,154.20770877824617
2817,OPTIMAL,v2:upper,93.58824603179436
2818,OPTIMAL,v2:upper,72.76498312444772
2819,OPTIMAL,v2:upper,443.14821816174896
2820,OPTIMAL,v2:upper,133.74007657820843
2821,OPTIMAL,v3:upper,69.34425474848764
2822,OPTIMAL,v3:upper,34.78835005976847
2823,OPTIMAL,v2:upper,145.72704299592024
2824,OPTIMAL,v2:upper,188.40892953039946
2825,OPTIMAL,v2:upper,151.32744044728506
2826,OPTIMAL,v1:upper,306.3514457677945
2827,OPTIMAL,v2:upper,352.3618040296902
2828,OPTIMAL,v3:upper,64.66740536027156
2829,OPTIMAL,v2:upper,104.67801082352892
2830,OPTIMAL,v2:upper,233.47911293152578
2831,OPTIMAL,v2:upper,35.61250312409584
2832,OPTIMAL,v2:upper,124.13792490174174
2833,OPTIMAL,v2:upper,94.25958697680315
2834,OPTIMAL,v2:upper,81.09419695964256
2835,OPTIMAL,v2:upper,481.51014512474814
2836,OPTIMAL,v1:upper,56.92069399334637
2837,OPTIMAL,v1:upper,69.25571495822683
2838,OPTIMAL,v1:upper,132.42497456949837
2839,OPTIMAL,v1:upper,196.93643329609165
2840,OPTIMAL,v2:upper,161.63722645875143
2841,OPTIMAL,v2:upper,40.47230163230709
2842,OPTIMAL,v2:upper,67.83052232535975
2843,OPTIMAL,v1:upper,154.31497053368838
2844,OPTIMAL,v2:upper,400.35440080502536
2845,OPTIMAL,v2:upper,62.617161037098754
2846,OPTIMAL,v2:upper,18.40515134701782
2847,OPTIMAL,v1:upper,210.38686810947033
2848,OPTIMAL,v2:upper,22.016604631919645
2849,OPTIMAL,v2:upper,228.03106494638678
2850,OPTIMAL,v3:upper,302.5441351164531
2851,OPTIMAL,v2:upper,58.7387485060523
2852,OPTIMAL,v2:upper,112.82179903826585
2853,OPTIMAL,v2:upper,67.53646761770275
2854,OPTIMAL,v2:upper,39.092007469732806
2855,OPTIMAL,v2:upper,325.57825650798486
2856,OPTIMAL,v1:upper,64.4354257099934
2857,OPTIMAL,v2:upper,95.37831394382954
2858,OPTIMAL,v2:upper,61.01402611484786
2859,OPTIMAL,v2:upper,316.4307557836038
2860,OPTIMAL,v2:upper,237.77968405312313
2861,OPTIMAL,v4:upper,133.7159300690373
2862,OPTIMAL,v2:upper,208.24316026789435
2863,OPTIMAL,v2:upper,2.3084139950704525
2864,OPTIMAL,v2:upper,245.30183828807785
2865,OPTIMAL,v3:upper,85.71391809335843
2866,OPTIMAL,v2:upper,53.670649574024026
2867,OPTIMAL,v2:upper,138.06800308182125
2868,OPTIMAL,v1:upper,78.20579043111728
2869,OPTIMAL,v2:upper,173.98299817060405
2870,OPTIMAL,v2:upper,124.9560428796586
2871,OPTIMAL,v2:upper,101.71913385020589
2872,OPTIMAL,v2:upper,40.131892903909474
2873,OPTIMAL,v2:upper,31.012757341400963
2874,OPTIMAL,v2:upper,59.58079517264082
2875,OPTIMAL,v2:upper,142.41887208118763
2876,OPTIMAL,v2:upper,9.788625260964366
2877,OPTIMAL,v2:upper,181.8245002296222
2878,OPTIMAL,v2:upper,126.00633704104494
2879,OPTIMAL,v2:upper,83.32135553823647
2880,OPTIMAL,v2:upper,193.64735080966477
2881,OPTIMAL,v2:upper,58.8089340829717
2882,OPTIMAL,v1:upper,240.1770696080973
2883,OPTIMAL,v2:upper,5.7539131238398165
2884,OPTIMAL,v1:upper,41.151382817730884
2885,OPTIMAL,v2:upper,42.01158469922662
2886,OPTIMAL,v2:upper,57.549966362049
2887,OPTIMAL,v2:upper,361.10081036916955
2888,OPTIMAL,v2:upper,77.13155889866874
2889,OPTIMAL,v2:upper,64.97241284601103
2890,OPTIMAL,v2:upper,158.9092621042082
2891,OPTIMAL,v2:upper,86.5940513807461
2892,OPTIMAL,v3:upper,115.35179407537935
2893,OPTIMAL,v2:upper,64.72006974244364
2894,OPTIMAL,v2:upper,100.69232045660942
2895,OPTIMAL,v3:upper,22.989183458961513
2896,OPTIMAL,v1:upper,377.9161855491673
2897,OPTIMAL,v2:upper,410.17614535336855
2898,OPTIMAL,v2:upper,688.0771406347158
2899,OPTIMAL,v1:upper,153.38710724062736
2900,OPTIMAL,v2:upper,69.34877900452965
2901,OPTIMAL,v2:upper,188.9109398777838
2902,OPTIMAL,v2:upper,40.68291109298232
2903,OPTIMAL,v2:upper,33.918906205360884
2904,OPTIMAL,v3:upper,270.8818209424586
2905,OPTIMAL,v2:upper,30.350241808838383
2906,OPTIMAL,v2:upper,249.69818864668085
2907,OPTIMAL,v2:upper,116.46025984508087
2908,OPTIMAL,v2:upper,85.30540914336949
2909,OPTIMAL,v2:upper,170.14500158665268
2910,OPTIMAL,v2:upper,48.36255587865916
2911,OPTIMAL,v1:upper,168.65515709775377
2912,OPTIMAL,v2:upper,66.83395356842001
2913,OPTIMAL,v2:upper,39.451103855342375
2914,OPTIMAL,v2:upper,146.2644651658602
2915,OPTIMAL,v2:upper,82.412267275546
2916,OPTIMAL,v2:upper,44.401257280942104
2917,OPTIMAL,v2:upper,86.95273923939041
2918,OPTIMAL,v2:upper,157.61591049383682
2919,OPTIMAL,v2:upper,132.4113949069878
2920,OPTIMAL,v1:upper,183.52071317572265
2921,OPTIMAL,v2:upper,45.65308514527152
2922,OPTIMAL,v2:upper,146.23200291765704
2923,OPTIMAL,v2:upper,276.9222041993547
2924,OPTIMAL,v2:upper,31.51172162209351
2925,OPTIMAL,v2:upper,84.48540622949076
2926,OPTIMAL,v2:upper,376.5164488779921
2927,OPTIMAL,v1:upper,261.32821728350456
2928,OPTIMAL,v2:upper,74.08097029048746
2929,OPTIMAL,v2:upper,50.64260858476416
2930,OPTIMAL,v2:upper,90.33165841446146
2931,OPTIMAL,v2:upper,71.57550810711399
2932,OPTIMAL,v2:upper,54.25486125178894
2933,OPTIMAL,v2:upper,22.021697277834086
2934,OPTIMAL,v2:upper,422.219038934042
2935,OPTIMAL,v2:upper,64.24615107659275
2936,OPTIMAL,v1:upper,485.6365113269589
2937,OPTIMAL,v2:upper,82.29668287271315
2938,OPTIMAL,v2:upper,490.4009583772009
2939,OPTIMAL,v2:upper,330.0073694552982
2940,OPTIMAL,v2:upper,39.157117728280774
2941,OPTIMAL,v1:upper,80.01636873786752
2942,OPTIMAL,v2:upper,142.70164459095773
2943,OPTIMAL,v2:upper,541.5207702738767
2944,OPTIMAL,v2:upper,10.809355394420498
2945,OPTIMAL,v2:upper,394.75466913335606
2946,OPTIMAL,v1:upper,214.64145175946484
2947,OPTIMAL,v2:upper,40.385193991751585
2948,OPTIMAL,v2:upper,912.2791586829383
2949,OPTIMAL,v2:upper,74.46660219364907
2950,OPTIMAL,v3:upper,157.56668954856184
2951,OPTIMAL,v1:upper,315.62935192559087
2952,OPTIMAL,v1:upper,175.65603424206736
2953,OPTIMAL,v2:upper,412.8068044501301
2954,OPTIMAL,v2:upper,48.56811413383348
2955,OPTIMAL,v2:upper,73.9274595186142
2956,OPTIMAL,v1:upper,107.90444159205003
2957,OPTIMAL,v2:upper,121.8107973039201
2958,OPTIMAL,v2:upper,83.7260108121999
2959,OPTIMAL,v2:upper,28.78601331102036
2960,OPTIMAL,v2:upper,110.83217824263727
2961,OPTIMAL,v1:upper,307.34573592574924
2962,OPTIMAL,v2:upper,126.62379576640882
2963,OPTIMAL,v2:upper,50.29998217251153
2964,OPTIMAL,v2:upper,80.31511222966691
2965,OPTIMAL,v1:upper,669.5273503384614
2966,OPTIMAL,v2:upper,39.67787528089646
2967,OPTIMAL,v2:upper,73.1012213566114
2968,OPTIMAL,v2:upper,87.08703194400087
2969,OPTIMAL,v2:upper,381.7890318968836
2970,OPTIMAL,v3:upper,224.5327880355643
2971,OPTIMAL,v2:upper,143.7377743060576
2972,OPTIMAL,v1:upper,476.6696775573203
2973,OPTIMAL,v2:upper,225.75980881401475
2974,OPTIMAL,v2:upper,135.058456823364
2975,OPTIMAL,v2:upper,62.83434900827396
2976,OPTIMAL,v2:upper,174.16800794011033
2977,OPTIMAL,v2:upper,63.92136385397948
2978,OPTIMAL,v2:upper,93.65724702328004
2979,OPTIMAL,v3:upper,146.19828438800783
2980,OPTIMAL,v2:upper,135.23159191367557
2981,OPTIMAL,v2:upper,139.68745599017817
2982,OPTIMAL,v2:upper,38.26990098872505
2983,OPTIMAL,v1:upper,180.89447835688085
2984,OPTIMAL,v1:upper,618.8182928822469
2985,OPTIMAL,v2:upper,153.05068212332844
2986,OPTIMAL,v2:upper,59.04443433088186
2987,OPTIMAL,v2:upper,248.25235937042098
2988,OPTIMAL,v2:upper,348.7324113091412
2989,OPTIMAL,v2:upper,119.87714045649608
2990,OPTIMAL,v2:upper,11.628399130575405
2991,OPTIMAL,v2:upper,150.50812330428525
2992,OPTIMAL,v2:upper,61.420438491247474
2993,OPTIMAL,v2:upper,74.79271600193053
2994,OPTIMAL,v2:upper,111.70849668466185
2995,OPTIMAL,v2:upper,32.871278956034566
2996,OPTIMAL,v2:upper,64.65828166962595
2997,OPTIMAL,v2:upper,106.59653484627013
2998,OPTIMAL,v1:upper,129.09973447900063
2999,OPTIMAL,v2:upper,64.75573881289166
3000,OPTIMAL,v2:upper,321.4837430653821
3001,OPTIMAL,v2:upper,896.3019868826985
3002,OPTIMAL,v3:upper,138.2760248496415
3003,OPTIMAL,v2:upper,14.291816817768252
3004,OPTIMAL,v2:upper,170.37051170179245
3005,OPTIMAL,v2:upper,64.6148894179995
3006,OPTIMAL,v2:upper,246.92180972786684
3007,OPTIMAL,v1:upper,337.17853678415463
3008,OPTIMAL,v2:upper,27.98748905024482
3009,OPTIMAL,v1:upper,152.85981191220813
3010,OPTIMAL,v2:upper,125.23150789419894
3011,OPTIMAL,v2:upper,65.36836871644937
3012,OPTIMAL,v2:upper,105.42468769361734
3013,OPTIMAL,v2:upper,175.62629101418904
3014,OPTIMAL,v1:upper,231.6115028765686
3015,OPTIMAL,v2:upper,103.85562627173803
3016,OPTIMAL,v2:upper,93.55872360487581
3017,OPTIMAL,v2:upper,201.265352380093
3018,OPTIMAL,v2:upper,141.59395956991753
3019,OPTIMAL,v2:upper,87.71940356909427
3020,OPTIMAL,v2:upper,26.286195038132092
3021,OPTIMAL,v2:upper,137.1899340617588
3022,OPTIMAL,v2:upper,19.257559245738154
3023,OPTIMAL,v1:upper,32.28539437361303
3024,OPTIMAL,v2:upper,18.328288729602633
3025,OPTIMAL,v2:upper,234.094354000676
3026,OPTIMAL,v2:upper,94.01693754719273
3027,OPTIMAL,v2:upper,308.5443487449594
3028,OPTIMAL,v2:upper,14.144835359972351
3029,OPTIMAL,v2:upper,141.1250166315145
3030,OPTIMAL,v2:upper,236.93725125737052
3031,OPTIMAL,v2:upper,73.93270923167493
3032,OPTIMAL,v2:upper,102.32109082313188
3033,OPTIMAL,v3:upper,87.16242303452734
3034,OPTIMAL,v2:upper,59.54279660654635
3035,OPTIMAL,v2:upper,70.52840318312148
3036,OPTIMAL,v2:upper,39.58675786479347
3037,OPTIMAL,v2:upper,123.10372342523463
3038,OPTIMAL,v2:upper,252.09278273299515
3039,OPTIMAL,v2:upper,356.02686620335624
3040,OPTIMAL,v2:upper,359.843176036374
3041,OPTIMAL,v3:upper,13.62432437065888
3042,OPTIMAL,v2:upper,45.8066428061668
3043,OPTIMAL,v2:upper,17.23871406224946
3044,OPTIMAL,v2:upper,365.74248398490676
3045,OPTIMAL,v2:upper,139.76757633925226
3046,OPTIMAL,v2:upper,133.1312072769503
3047,OPTIMAL,v2:upper,47.5714473330979
3048,OPTIMAL,v2:upper,191.90548278654862
3049,OPTIMAL,v1:upper,134.63179619010754
3050,OPTIMAL,v2:upper,325.7263938318321
3051,OPTIMAL,v2:upper,13.472835289053336
3052,OPTIMAL,v2:upper,62.03731627576025
3053,OPTIMAL,v2:upper,72.63246611399745
3054,OPTIMAL,v2:upper,76.35395084547623
3055,OPTIMAL,v2:upper,80.64043372219662
3056,OPTIMAL,v2:upper,47.76555445187755
3057,OPTIMAL,v2:upper,4.481535235077888
3058,OPTIMAL,v2:upper,60.35939966501396
3059,OPTIMAL,v2:upper,234.38938424348265
3060,OPTIMAL,v2:upper,31.509510525168626
3061,OPTIMAL,v2:upper,14.450673005263187
3062,OPTIMAL,v2:upper,77.29741675396865
3063,OPTIMAL,v1:upper,337.4600449231364
3064,OPTIMAL,v2:upper,230.8883963078959
3065,OPTIMAL,v2:upper,82.22746298710028
3066,OPTIMAL,v2:upper,165.38426750776367
3067,OPTIMAL,v2:upper,412.9580065333239
3068,OPTIMAL,v2:upper,13.512410281782156
3069,OPTIMAL,v2:upper,63.54388747254402
3070,OPTIMAL,v2:upper,15.045126795312404
3071,OPTIMAL,v2:upper,365.2561187272792
3072,OPTIMAL,v1:upper,130.79199337769683
3073,OPTIMAL,v2:upper,104.57433757149265
3074,OPTIMAL,v2:upper,18.146513410738937
3075,OPTIMAL,v2:upper,84.33142326043658
3076,OPTIMAL,v3:upper,136.45432755741234
3077,OPTIMAL,v2:upper,188.47399771278063
3078,OPTIMAL,v2:upper,88.84720135950997
3079,OPTIMAL,v2:upper,9.607306206266278
3080,OPTIMAL,v1:upper,68.4046724823066
3081,OPTIMAL,v2:upper,124.8004831694476
3082,OPTIMAL,v2:upper,207.78177601564394
3083,OPTIMAL,v2:upper,102.8084494687706
3084,OPTIMAL,v2:upper,131.03325525898535
3085,OPTIMAL,v2:upper,134.51403894656963
3086,OPTIMAL,v2:upper,107.42840608856275
3087,OPTIMAL,v2:upper,52.47191170383614
3088,OPTIMAL,v1:upper,237.70393648494948
3089,OPTIMAL,v2:upper,116.59379341086222
3090,OPTIMAL,v2:upper,74.07273751562911
3091,OPTIMAL,v2:upper,50.56093265839078
3092,OPTIMAL,v2:upper,24.98523446137356
3093,OPTIMAL,v2:upper,41.455644604307345
3094,OPTIMAL,v2:upper,40.70711198250755
3095,OPTIMAL,v2:upper,189.06711732403502
3096,OPTIMAL,v2:upper,383.8134648815928
3097,OPTIMAL,v2:upper,47.90311893378998
3098,OPTIMAL,v2:upper,111.9585233922479
3099,OPTIMAL,v2:upper,549.4326211364291
3100,OPTIMAL,v2:upper,279.79503558884426
3101,OPTIMAL,v2:upper,51.00865257046087
3102,OPTIMAL,v2:upper,57.22625052117731
3103,OPTIMAL,v2:upper,23.914028216022658
3104,OPTIMAL,v2:upper,36.36672492546433
3105,OPTIMAL,v2:upper,383.6061460935066
3106,OPTIMAL,v2:upper,8.104847175594815
3107,OPTIMAL,v2:upper,152.81662036126835
3108,OPTIMAL,v2:upper,516.0747970866937
3109,OPTIMAL,v2:upper,261.911574098818
3110,OPTIMAL,v2:upper,101.17352132099364
3111,OPTIMAL,v2:upper,139.93437700163298
3112,OPTIMAL,v2:upper,53.5767801594879
3113,OPTIMAL,v2:upper,51.07304795144078
3114,OPTIMAL,v2:upper,35.56911012947251
3115,OPTIMAL,v2:upper,72.94065935226466
3116,OPTIMAL,v2:upper,231.48946416374594
3117,OPTIMAL,v2:upper,125.07173524918893
3118,OPTIMAL,v2:upper,38.50951080230359
3119,OPTIMAL,v2:upper,72.02268628143251
3120,OPTIMAL,v2:upper,320.6860246319216
3121,OPTIMAL,v2:upper,135.86120036578035
3122,OPTIMAL,v2:upper,42.33985981002158
3123,OPTIMAL,v2:upper,20.82871832990187
3124,OPTIMAL,v2:upper,268.222879540095
3125,OPTIMAL,v2:upper,47.14634891817814
3126,OPTIMAL,v1:upper,30.46167946091781
3127,OPTIMAL,v2:upper,95.88234077454136
3128,OPTIMAL,v2:upper,151.0585110828296
3129,OPTIMAL,v2:upper,149.03286409665526
3130,OPTIMAL,v2:upper,119.97681609193185
3131,OPTIMAL,v2:upper,20.0590410914042
3132,OPTIMAL,v2:upper,110.96602327100366
3133,OPTIMAL,v2:upper,30.347358544484116
3134,OPTIMAL,v2:upper,447.6365383364719
3135,OPTIMAL,v2:upper,93.91912597369075
3136,OPTIMAL,v2:upper,64.75449985989763
3137,OPTIMAL,v1:upper,88.72528953960149
3138,OPTIMAL,v2:upper,55.45884944368185
3139,OPTIMAL,v2:upper,21.146616650462303
3140,OPTIMAL,v2:upper,303.561094987893
3141,OPTIMAL,v2:upper,9.047515471040285
3142,OPTIMAL,v1:upper,104.09666295086708
3143,OPTIMAL,v2:upper,160.71703238425343
3144,OPTIMAL,v2:upper,27.20372634810528
3145,OPTIMAL,v2:upper,60.14528422409722
3146,OPTIMAL,v2:upper,129.9219809691176
3147,OPTIMAL,v2:upper,762.2437662287672
3148,OPTIMAL,v2:upper,132.5613746979228
3149,OPTIMAL,v2:upper,184.1004088830151
3150,OPTIMAL,v2:upper,66.74958457463548
3151,OPTIMAL,v2:upper,89.82281548862599
3152,OPTIMAL,v2:upper,50.99696796601354
3153,OPTIMAL,v2:upper,21.739994815880898
3154,OPTIMAL,v2:upper,196.08785836205797
3155,OPTIMAL,v3:upper,315.0909119991571
3156,OPTIMAL,v1:upper,110.84361838632306
3157,OPTIMAL,v2:upper,222.52639988773512
3158,OPTIMAL,v2:upper,181.6931718799419
3159,OPTIMAL,v2:upper,43.577166226657184
3160,OPTIMAL,v2:upper,62.33648037246451
3161,OPTIMAL,v2:upper,116.94962540444246
3162,OPTIMAL,v2:upper,104.89708459994483
3163,OPTIMAL,v2:upper,11.698955040956212
3164,OPTIMAL,v2:upper,178.8758300825936
3165,OPTIMAL,v2:upper,144.79383410402966
3166,OPTIMAL,v1:upper,220.04433816866955
3167,OPTIMAL,v2:upper,98.00902035975814
3168,OPTIMAL,v2:upper,23.496497915647478
3169,OPTIMAL,v2:upper,184.23358479589396
3170,OPTIMAL,v2:upper,12.617418489699396
3171,OPTIMAL,v2:upper,69.51142032747755
3172,OPTIMAL,v1:upper,426.5954233487967
3173,OPTIMAL,v1:upper,307.55841090815767
3174,OPTIMAL,v2:upper,52.43853761132537
3175,OPTIMAL,v2:upper,83.60964597400148
3176,OPTIMAL,v2:upper,54.49109456509891
3177,OPTIMAL,b1:lower;b2:lower;b3:upper;b4:upper;b5:lower;b6:upper;b7:upper;b8:upper;b14:lower,1000.0
3178,OPTIMAL,v2:upper,351.16293502512775
3179,OPTIMAL,v2:upper,16.99583580139708
3180,OPTIMAL,v2:upper,590.456796935017
3181,OPTIMAL,v4:upper,210.51269248116347
3182,OPTIMAL,v2:upper,278.7313119461121
3183,OPTIMAL,v2:upper,33.51196507435216
3184,OPTIMAL,v2:upper,47.372621303390744
3185,OPTIMAL,v1:upper,528.4714976458466
3186,OPTIMAL,v1:upper,81.8447256554547
3187,OPTIMAL,v2:upper,60.37805532707989
3188,OPTIMAL,v2:upper,88.70609980199036
3189,OPTIMAL,v3:upper,210.64563971480163
3190,OPTIMAL,v3:upper,84.12724316972296
3191,OPTIMAL,v2:upper,97.89320915421926
3192,OPTIMAL,v2:upper,50.58695023400763
3193,OPTIMAL,v2:upper,200.4400260337127
3194,OPTIMAL,v2:upper,400.77827885658763
3195,OPTIMAL,v2:upper,144.71821635731547
3196,OPTIMAL,v2:upper,7.734284116308886
3197,OPTIMAL,v2:upper,38.691911963178285
3198,OPTIMAL,v2:upper,113.0764028297548
3199,OPTIMAL,v2:upper,913.6692330220944
3200,OPTIMAL,v2:upper,77.54037131079359
3201,OPTIMAL,v2:upper,288.3196688713074
3202,OPTIMAL,v2:upper,4.799027646168875
3203,OPTIMAL,v2:upper,116.53347440121527
3204,OPTIMAL,v2:upper,127.78262931725358
3205,OPTIMAL,v2:upper,9.976709837360845
3206,OPTIMAL,v2:upper,241.11988081024398
3207,OPTIMAL,v2:upper,113.35156064664336
3208,OPTIMAL,v2:upper,258.52769598794265
3209,OPTIMAL,v3:upper,113.1914071008108
3210,OPTIMAL,v2:upper,15.934959294749612
3211,OPTIMAL,v2:upper,137.33974261973407
3212,OPTIMAL,v2:upper,128.26538653356417
3213,OPTIMAL,v2:upper,113.27882023616918
3214,OPTIMAL,v2:upper,306.25302698867785
3215,OPTIMAL,v2:upper,150.79818786564923
3216,OPTIMAL,v2:upper,136.74319875565277
3217,OPTIMAL,v2:upper,41.15748514132836
3218,OPTIMAL,v2:upper,73.46175673652657
3219,OPTIMAL,v2:upper,88.58835149912723
3220,OPTIMAL,v2:upper,54.66315049690988
3221,OPTIMAL,v2:upper,197.9182734880978
3222,OPTIMAL,v2:upper,45.324769653659985
3223,OPTIMAL,v1:upper,353.0194732600527
3224,OPTIMAL,v2:upper,36.08204877262497
3225,OPTIMAL,v2:upper,190.76733273604844
3226,OPTIMAL,v2:upper,42.349898901513654
3227,OPTIMAL,v2:upper,26.858603152557734
3228,OPTIMAL,v2:upper,123.36539643810914
3229,OPTIMAL,v2:upper,39.3667937920396
3230,OPTIMAL,v2:upper,84.66430905534277
3231,OPTIMAL,v2:upper,173.49649545919004
3232,OPTIMAL,v2:upper,71.27488841755577
3233,OPTIMAL,v2:upper,290.10827592904207
3234,OPTIMAL,v2:upper,49.89975326073583
3235,OPTIMAL,v3:upper,85.8171673137155
3236,OPTIMAL,v2:upper,57.91285618963151
3237,OPTIMAL,v2:upper,89.22302999298465
3238,OPTIMAL,v2:upper,183.57405149950512
3239,OPTIMAL,v2:upper,50.60751626330144
3240,OPTIMAL,v2:upper,39.21757342535119
3241,OPTIMAL,v2:upper,25.51882647653884
3242,OPTIMAL,v2:upper,108.39839571567431
3243,OPTIMAL,v2:upper,391.6068397653301
3244,OPTIMAL,v2:upper,190.23565265591802
3245,OPTIMAL,v1:upper,200.26603932189423
3246,OPTIMAL,v2:upper,187.5763436921244
3247,OPTIMAL,v2:upper,36.972419210669294
3248,OPTIMAL,v2:upper,58.87085639423695
3249,OPTIMAL,v2:upper,93.12293606861034
3250,OPTIMAL,v1:upper,401.30975039088446
3251,OPTIMAL,v2:upper,54.22580862005918
3252,OPTIMAL,v2:upper,78.57410510608904
3253,OPTIMAL,v2:upper,50.89674909768973
3254,OPTIMAL,v1:upper,149.72927196258502
3255,OPTIMAL,v2:upper,73.46340623737848
3256,OPTIMAL,v2:upper,16.606253421919796
3257,OPTIMAL,v2:upper,78.80397135220728
3258,OPTIMAL,v2:upper,217.48544766972165
3259,OPTIMAL,v3:upper,135.85609382725048
3260,OPTIMAL,v2:upper,88.97754658730865
3261,OPTIMAL,v1:upper,338.2851460723304
3262,OPTIMAL,v2:upper,57.48895728671154
3263,OPTIMAL,b1:lower;b2:lower;b3:upper;b4:upper;b5:lower;b6:upper;b7:upper;b8:upper;b14:lower,1000.0
3264,OPTIMAL,b1:lower;b2:lower;b3:upper;b4:upper;b5:lower;b6:upper;b7:upper;b8:upper;b14:lower,1000.0
3265,OPTIMAL,v2:upper,238.45905530937938
3266,OPTIMAL,v2:upper,96.24635871210556
3267,OPTIMAL,v2:upper,58.22430372780662
3268,OPTIMAL,v1:upper,144.17338171443475
3269,OPTIMAL,v2:upper,677.079441752627
3270,OPTIMAL,v2:upper,22.500833777247355
3271,OPTIMAL,v2:upper,27.074796802936277
3272,OPTIMAL,v2:upper,252.79852824883642
3273,OPTIMAL,v2:upper,185.62098550814167
3274,OPTIMAL,v2:upper,113.70104940073774
3275,OPTIMAL,v2:upper,362.46514731152763
3276,OPTIMAL,v2:upper,506.42479660576737
3277,OPTIMAL,v2:upper,106.9950877101194
3278,OPTIMAL,v2:upper,174.83947893169594
3279,OPTIMAL,v3:upper,72.06204098886793
3280,OPTIMAL,b1:lower;b2:lower;b3:upper;b4:upper;b5:lower;b6:upper;b7:upper;b8:upper;b14:lower,1000.0
3281,OPTIMAL,v2:upper,18.803788577663436
3282,OPTIMAL,v2:upper,205.7012325400555
3283,OPTIMAL,b1:lower;b2:lower;b3:upper;b4:upper;b5:lower;b6:upper;b7:upper;b8:upper;b14:lower,1000.0
3284,OPTIMAL,v2:upper,134.27438500306218
3285,OPTIMAL,v2:upper,139.52505961423805
3286,OPTIMAL,v3:upper,119.73048100275192
3287,OPTIMAL,v2:upper,120.20612056729438
3288,OPTIMAL,v2:upper,113.29845262941456
3289,OPTIMAL,v2:upper,173.41889516488126
3290,OPTIMAL,v2:upper,15.682855276838916
3291,OPTIMAL,v3:upper,181.5324541934504
3292,OPTIMAL,v2:upper,80.23578774767954
3293,OPTIMAL,v2:upper,176.40756211676646
3294,OPTIMAL,v2:upper,248.99629492301088
3295,OPTIMAL,v3:upper,375.5187809261103
3296,OPTIMAL,v2:upper,67.27388905194489
3297,OPTIMAL,v2:upper,296.90092013072035
3298,OPTIMAL,v2:upper,195.50231566629736
3299,OPTIMAL,v1:upper,275.57924008243833
3300,OPTIMAL,v2:upper,131.07959763762918
3301,OPTIMAL,v2:upper,187.05326006610179
3302,OPTIMAL,v2:upper,284.41950906456447
3303,OPTIMAL,v1:upper,228.01209357824493
3304,OPTIMAL,v2:upper,170.07624398677194
3305,OPTIMAL,v2:upper,24.566698612550415
3306,OPTIMAL,v3:upper,264.9508345078796
3307,OPTIMAL,v2:upper,40.98797750963249
3308,OPTIMAL,v2:upper,303.00448174919455
3309,OPTIMAL,v2:upper,65.759894545799
3310,OPTIMAL,v1:upper,93.95807522858054
3311,OPTIMAL,v2:upper,100.28713518988347
3312,OPTIMAL,v1:upper,387.3134731004694
3313,OPTIMAL,v2:upper,77.32128935036728
3314,OPTIMAL,v2:upper,271.8061602683917
3315,OPTIMAL,v2:upper,79.27737547707878
3316,OPTIMAL,v3:upper,74.15709673428286
3317,OPTIMAL,v2:upper,165.3445399189023
3318,OPTIMAL,v2:upper,88.00336455601399
3319,OPTIMAL,v1:upper,495.6077842995065
3320,OPTIMAL,v2:upper,115.81560031503412
3321,OPTIMAL,v2:upper,797.3706550260763
3322,OPTIMAL,v2:upper,99.36626257674466
3323,OPTIMAL,v2:upper,40.79699008908185
3324,OPTIMAL,v2:upper,49.298622610008145
3325,OPTIMAL,v2:upper,23.218068857897713
3326,OPTIMAL,v2:upper,66.29562467227632
3327,OPTIMAL,v2:upper,189.49960896886185
3328,OPTIMAL,v2:upper,72.03630779487837
3329,OPTIMAL,v2:upper,109.54924628365092
3330,OPTIMAL,v2:upper,68.44963048422447
3331,OPTIMAL,v2:upper,63.476361612783045
3332,OPTIMAL,v1:upper,183.4546717032718
3333,OPTIMAL,v2:upper,75.25641981962005
3334,OPTIMAL,v2:upper,406.3908930302706
3335,OPTIMAL,v2:upper,56.25931618641901
3336,OPTIMAL,v2:upper,272.0432551066236
3337,OPTIMAL,v2:upper,96.67993407888815
3338,OPTIMAL,v2:upper,670.4149098781751
3339,OPTIMAL,v2:upper,38.727872434066185
3340,OPTIMAL,v1:upper,186.23422770138188
3341,OPTIMAL,v1:upper,112.76828084421491
3342,OPTIMAL,v1:upper,72.29225022386218
3343,OPTIMAL,v1:upper,468.2761767836846
3344,OPTIMAL,v1:upper,195.74324649898116
3345,OPTIMAL,v2:upper,31.457061382241424
3346,OPTIMAL,v2:upper,89.53898766006405
3347,OPTIMAL,v2:upper,44.25239616926047
3348,OPTIMAL,v1:upper,36.48637089635422
3349,OPTIMAL,v2:upper,35.29929958329735
3350,OPTIMAL,v2:upper,99.60765826891908
3351,OPTIMAL,v2:upper,105.9345245855132
3352,OPTIMAL,v2:upper,59.5289755987851
3353,OPTIMAL,v2:upper,202.62023124516014
3354,OPTIMAL,v1:upper,43.151356283540316
3355,OPTIMAL,v2:upper,388.58116601925434
3356,OPTIMAL,v2:upper,222.92538634863186
3357,OPTIMAL,v2:upper,59.618908005638325
3358,OPTIMAL,v2:upper,36.601644756666985
3359,OPTIMAL,v1:upper,131.50460936597608
3360,OPTIMAL,v2:upper,90.77802997627218
3361,OPTIMAL,v2:upper,136.07283692861475
3362,OPTIMAL,v1:upper,44.10511996062854
3363,OPTIMAL,v2:upper,34.73487905652816
3364,OPTIMAL,v2:upper,241.9608104096509
3365,OPTIMAL,v2:upper,134.45683902942443
3366,OPTIMAL,v1:upper,573.5165164758815
3367,OPTIMAL,v2:upper,70.21007458856873
3368,OPTIMAL,v2:upper,90.29907064241887
3369,OPTIMAL,v2:upper,45.44612111889804
3370,OPTIMAL,v2:upper,231.77053650473138
3371,OPTIMAL,v2:upper,171.53919699984584
3372,OPTIMAL,v1:upper,133.45084194579462
3373,OPTIMAL,v2:upper,206.07188783057893
3374,OPTIMAL,v2:upper,238.06111341398838
3375,OPTIMAL,v2:upper,138.2037950128733
3376,OPTIMAL,v2:upper,8.88281468522087
3377,OPTIMAL,v2:upper,121.92487141816716
3378,OPTIMAL,v2:upper,664.3296966576006
3379,OPTIMAL,v2:upper,131.0577269056502
3380,OPTIMAL,v2:upper,165.77921441120316
3381,OPTIMAL,v1:upper,548.0137527292219
3382,OPTIMAL,v1:upper,59.05437679008116
3383,OPTIMAL,v1:upper,269.43723022134344
3384,OPTIMAL,v2:upper,72.27245313542542
3385,OPTIMAL,v2:upper,110.32289239087848
3386,OPTIMAL,v2:upper,82.50997886310182
3387,OPTIMAL,v2:upper,211.6455279811642
3388,OPTIMAL,v1:upper,460.024727514545
3389,OPTIMAL,v2:upper,282.4032667218306
3390,OPTIMAL,v1:upper,682.9187189489262
3391,OPTIMAL,v2:upper,127.0017973348408
3392,OPTIMAL,v2:upper,80.89276766424669
3393,OPTIMAL,v1:upper,261.4503092140259
3394,OPTIMAL,v2:upper,215.8348623121547
3395,OPTIMAL,v2:upper,94.14237840907043
3396,OPTIMAL,v2:upper,103.28897268496102
3397,OPTIMAL,v2:upper,78.01994286054439
3398,OPTIMAL,v2:upper,161.28958839475163
3399,OPTIMAL,v2:upper,428.80338636190413
3400,OPTIMAL,v2:upper,86.59919872676376
3401,OPTIMAL,v2:upper,54.30666175995554
3402,OPTIMAL,v2:upper,364.38059325027433
3403,OPTIMAL,v2:upper,82.41452903341981
3404,OPTIMAL,v2:upper,38.048028761428746
3405,OPTIMAL,v2:upper,499.3300726774992
3406,OPTIMAL,v2:upper,94.47862656538477
3407,OPTIMAL,v2:upper,39.42066463764784
3408,OPTIMAL,v2:upper,156.6018505519731
3409,OPTIMAL,v2:upper,42.319480003935084
3410,OPTIMAL,v2:upper,470.07885488672076
3411,OPTIMAL,v1:upper,89.21586181450536
3412,OPTIMAL,v2:upper,25.052044201313784
3413,OPTIMAL,v2:upper;v3:upper,17.42089191769452
3414,OPTIMAL,v2:upper,152.68633064613672
3415,OPTIMAL,v2:upper,45.43546370258696
3416,OPTIMAL,v2:upper,29.52862578901766
3417,OPTIMAL,v1:upper,319.31809655496113
3418,OPTIMAL,v2:upper,38.817737096527026
3419,OPTIMAL,v2:upper,133.3588062072776
3420,OPTIMAL,v2:upper,250.80064765968794
3421,OPTIMAL,v2:upper,62.73885134126721
3422,OPTIMAL,v2:upper,558.0256551846944
3423,OPTIMAL,v2:upper,56.49806881582203
3424,OPTIMAL,v3:upper,223.09060386758128
3425,OPTIMAL,v2:upper,132.92068147118263
3426,OPTIMAL,v2:upper,250.6107261544997
3427,OPTIMAL,v2:upper,67.82870915080416
3428,OPTIMAL,v2:upper,88.69926323684068
3429,OPTIMAL,v1:upper,133.884954352179
3430,OPTIMAL,v2:upper,67.54139335791079
3431,OPTIMAL,v2:upper,12.376457685610555
3432,OPTIMAL,v2:upper,37.18715874866997
3433,OPTIMAL,v2:upper,26.41995785939
3434,OPTIMAL,v2:upper,139.53580410275285
3435,OPTIMAL,v2:upper,45.75855737143336
3436,OPTIMAL,v2:upper,82.09943337301216
3437,OPTIMAL,v2:upper,22.242970816198866
3438,OPTIMAL,v2:upper,145.96083957622946
3439,OPTIMAL,v1:upper,91.68629502961208
3440,OPTIMAL,v2:upper,52.32300221559714
3441,OPTIMAL,v2:upper,176.49609423709592
3442,OPTIMAL,v2:upper,37.12667680698383
3443,OPTIMAL,v2:upper,438.5168609261974
3444,OPTIMAL,v1:upper,578.0352090574563
3445,OPTIMAL,v2:upper,294.64765268205696
3446,OPTIMAL,v2:upper,38.18006365399745
3447,OPTIMAL,v2:upper,46.824556107825636
3448,OPTIMAL,v2:upper,774.1958079715503
3449,OPTIMAL,v1:upper,178.17722579708698
3450,OPTIMAL,v2:upper,267.0868931784355
3451,OPTIMAL,v2:upper,115.54345119996054
3452,OPTIMAL,v3:upper,362.19677040240464
3453,OPTIMAL,v2:upper,193.6429346263768
3454,OPTIMAL,v2:upper,30.601676067858822
3455,OPTIMAL,v2:upper,597.1440466389249
3456,OPTIMAL,v2:upper,83.16125678566112
3457,OPTIMAL,v2:upper,23.901122910563203
3458,OPTIMAL,v2:upper,126.10199295967232
3459,OPTIMAL,v2:upper,44.60057194416672
3460,OPTIMAL,v2:upper,87.28452309728522
3461,OPTIMAL,v2:upper,51.20088183840728
3462,OPTIMAL,v2:upper,201.47957391466338
3463,OPTIMAL,v3:upper,159.10356442456313
3464,OPTIMAL,v2:upper,184.74194992607812
3465,OPTIMAL,v2:upper,239.14948088106968
3466,OPTIMAL,v2:upper,33.639619515001336
3467,OPTIMAL,v2:upper,58.72651865044001
3468,OPTIMAL,v2:upper,55.49129437186617
3469,OPTIMAL,v2:upper,330.4627799385448
3470,OPTIMAL,v2:upper,326.1062362358075
3471,OPTIMAL,v1:upper,45.777492755475635
3472,OPTIMAL,v2:upper,278.94679779118485
3473,OPTIMAL,v2:upper,210.11061431537217
3474,OPTIMAL,v2:upper,243.72059455223012
3475,OPTIMAL,v2:upper,161.3701596925057
3476,OPTIMAL,v2:upper,40.67827315649286
3477,OPTIMAL,v1:upper,517.1921974617452
3478,OPTIMAL,v2:upper,161.94959704256237
3479,OPTIMAL,v2:upper,34.226047565470175
3480,OPTIMAL,v1:upper,45.24040705118117
3481,OPTIMAL,v2:upper,23.390722393958143
3482,OPTIMAL,v2:upper,266.0968378980122
3483,OPTIMAL,v2:upper,470.31341712072094
3484,OPTIMAL,v2:upper,389.589802976821
3485,OPTIMAL,v4:upper,125.37013639463802
3486,OPTIMAL,v2:upper,19.083253972620373
3487,OPTIMAL,v2:upper,391.8819416432214
3488,OPTIMAL,v1:upper,76.54164790503816
3489,OPTIMAL,v2:upper,26.483453470380397
3490,OPTIMAL,v2:upper,292.70844428637804
3491,OPTIMAL,v2:upper,101.789489449349
3492,OPTIMAL,v2:upper,24.828402659785244
3493,OPTIMAL,v2:upper,60.317324031082784
3494,OPTIMAL,v2:upper,41.929101491874626
3495,OPTIMAL,v1:upper,99.26430188196059
3496,OPTIMAL,v2:upper,38.08275525925694
3497,OPTIMAL,v4:upper,136.02678498918428
3498,OPTIMAL,v1:upper,223.32216553246678
3499,OPTIMAL,v3:upper,216.48224313531756
3500,OPTIMAL,v2:upper,133.29377087702483
3501,OPTIMAL,v2:upper,134.73949690079675
3502,OPTIMAL,v2:upper,117.0956732682304
3503,OPTIMAL,v2:upper,35.0922427189684
3504,OPTIMAL,v1:upper,203.71952847102128
3505,OPTIMAL,v3:upper,293.6598180690228
3506,OPTIMAL,v1:upper,90.38699043696275
3507,OPTIMAL,v2:upper,109.61253243421326
3508,OPTIMAL,v2:upper,336.2502200483382
3509,OPTIMAL,v2:upper,40.0595263960575
3510,OPTIMAL,v2:upper,27.962702359583705
3511,OPTIMAL,v2:upper,109.28861925606488
3512,OPTIMAL,v2:upper,146.24352217937906
3513,OPTIMAL,v4:upper,133.8816715557492
3514,OPTIMAL,v2:upper,17.698508217973192
3515,OPTIMAL,v2:upper,100.298521504543
3516,OPTIMAL,v1:upper,32.93708424195935
3517,OPTIMAL,v2:upper,116.9132907073558
3518,OPTIMAL,v1:upper,21.630889696663978
3519,OPTIMAL,v2:upper,48.69738553887787
3520,OPTIMAL,v2:upper,36.518436481562425
3521,OPTIMAL,v2:upper,255.08408853793438
3522,OPTIMAL,v2:upper,17.818124695254504
3523,OPTIMAL,v2:upper,36.38138446171225
3524,OPTIMAL,v2:upper,32.82001788476943
3525,OPTIMAL,v2:upper,133.96900631356326
3526,OPTIMAL,v2:upper,214.80266617113625
3527,OPTIMAL,v2:upper,68.94351206684215
3528,OPTIMAL,v1:upper,166.12538337583277
3529,OPTIMAL,v2:upper,67.72324614204744
3530,OPTIMAL,v2:upper,22.645774976302715
3531,OPTIMAL,v2:upper,46.51022164990686
3532,OPTIMAL,v2:upper,52.32678593888824
3533,OPTIMAL,v2:upper,161.12437241523438
3534,OPTIMAL,v1:upper,132.96751708705557
3535,OPTIMAL,v2:upper,46.70286432690496
3536,OPTIMAL,v3:upper,77.802955391153
3537,OPTIMAL,v2:upper,53.59554345131225
3538,OPTIMAL,v2:upper,146.8338159454865
3539,OPTIMAL,v2:upper,408.73865565385717
3540,OPTIMAL,v2:upper,306.7177349022963
3541,OPTIMAL,v2:upper,30.81809848110072
3542,OPTIMAL,v2:upper,40.58874296060817
3543,OPTIMAL,v2:upper,139.0110634120644
3544,OPTIMAL,v2:upper,76.61660241118892
3545,OPTIMAL,v2:upper,88.5269803403768
3546,OPTIMAL,v2:upper,121.34337629473123
3547,OPTIMAL,v2:upper,25.173674066029232
3548,OPTIMAL,v1:upper,139.54640595014106
3549,OPTIMAL,v1:upper,214.61134779322333
3550,OPTIMAL,v1:upper,234.36690717211602
3551,OPTIMAL,v4:upper,694.9029240071551
3552,OPTIMAL,v2:upper,65.16574894743671
3553,OPTIMAL,v1:upper,28.071246854482467
3554,OPTIMAL,v2:upper,370.3503287652055
3555,OPTIMAL,v2:upper,468.3631831816949
3556,OPTIMAL,v2:upper,108.63930462737518
3557,OPTIMAL,v2:upper,7.902247021634295
3558,OPTIMAL,v4:upper,280.44388275285274
3559,OPTIMAL,v1:upper,159.6177278913524
3560,OPTIMAL,v2:upper,463.5414931927993
3561,OPTIMAL,v1:upper,575.5123392383819
3562,OPTIMAL,v2:upper,108.28492206015042
3563,OPTIMAL,v2:upper,132.24255550642278
3564,OPTIMAL,v2:upper,43.015618479248346
3565,OPTIMAL,v2:upper,22.01103417463471
3566,OPTIMAL,v2:upper,239.28886939600002
3567,OPTIMAL,v2:upper,67.97396523185195
3568,OPTIMAL,v2:upper,69.55639863008925
3569,OPTIMAL,v2:upper,123.05577573786485
3570,OPTIMAL,v2:upper,29.24616642587964
3571,OPTIMAL,v2:upper,49.39907063147317
3572,OPTIMAL,v2:upper,61.8534902708784
3573,OPTIMAL,v2:upper,59.40246856915952
3574,OPTIMAL,v2:upper,39.95799188239223
3575,OPTIMAL,v2:upper,166.78836871731073
3576,OPTIMAL,v2:upper,287.76461824901673
3577,OPTIMAL,v2:upper,52.44016561754755
3578,OPTIMAL,v2:upper,36.55092546785472
3579,OPTIMAL,v2:upper,367.5641034739068
3580,OPTIMAL,v2:upper,11.654517104862268
3581,OPTIMAL,v2:upper,65.84620577345605
3582,OPTIMAL,v2:upper,43.70394806219239
3583,OPTIMAL,v2:upper,19.483958907906963
3584,OPTIMAL,v2:upper,129.59550918225546
3585,OPTIMAL,v2:upper,227.25115164495426
3586,OPTIMAL,v2:upper,399.9359566895081
3587,OPTIMAL,v2:upper,169.75835030580396
3588,OPTIMAL,v2:upper,103.28465274611534
3589,OPTIMAL,v2:upper,65.6638003129089
3590,OPTIMAL,v2:upper,111.0210146654614
3591,OPTIMAL,v2:upper,96.78791194748844
3592,OPTIMAL,v2:upper,20.212343705782008
3593,OPTIMAL,v2:upper,139.12402341081767
3594,OPTIMAL,v2:upper,216.9069937664266
3595,OPTIMAL,v2:upper,149.0024657495025
3596,OPTIMAL,v2:upper,974.1981911454616
3597,OPTIMAL,v2:upper,175.9114009403616
3598,OPTIMAL,v2:upper,179.4156908418426
3599,OPTIMAL,v2:upper,41.3808181741369
3600,OPTIMAL,v2:upper,102.01459557338154
3601,OPTIMAL,v3:upper,134.9766387117994
3602,OPTIMAL,v2:upper,72.14573332717275
3603,OPTIMAL,v1:upper,61.58579103400846
3604,OPTIMAL,v1:upper,273.97190519795925
3605,OPTIMAL,v2:upper,44.24713150496918
3606,OPTIMAL,v2:upper,158.13634021195398
3607,OPTIMAL,v3:upper,325.900562669833
3608,OPTIMAL,v2:upper,267.7641408864228
3609,OPTIMAL,v2:upper,145.79864718996254
3610,OPTIMAL,v2:upper,520.9166778488208
3611,OPTIMAL,v2:upper,77.32741454390039
3612,OPTIMAL,v2:upper,139.02758923038962
3613,OPTIMAL,v2:upper,140.38001648473605
3614,OPTIMAL,v1:upper,66.585214479188
3615,OPTIMAL,v2:upper,185.9401787061757
3616,OPTIMAL,v2:upper,41.33045736497234
3617,OPTIMAL,v2:upper,57.32018806516202
3618,OPTIMAL,v1:upper,837.2095137982946
3619,OPTIMAL,v2:upper,68.95217244854103
3620,OPTIMAL,v2:upper,179.69799333645418
3621,OPTIMAL,v1:upper,39.597700848265596
3622,OPTIMAL,v2:upper,168.03135316086008
3623,OPTIMAL,v2:upper,60.812317056837905
3624,OPTIMAL,v3:upper,657.7170608870723
3625,OPTIMAL,v2:upper,185.48350591873077
3626,OPTIMAL,v2:upper,182.38536920040147
3627,OPTIMAL,v1:upper,59.888300497240124
3628,OPTIMAL,v2:upper,84.34955337607347
3629,OPTIMAL,v2:upper,143.67444205323483
3630,OPTIMAL,v2:upper,265.69483659935577
3631,OPTIMAL,v1:upper,104.45995315282482
3632,OPTIMAL,v1:upper,129.50415340555153
3633,OPTIMAL,v2:upper,151.80089531330344
3634,OPTIMAL,v2:upper,330.3322340036428
3635,OPTIMAL,v2:upper,202.42058269137706
3636,OPTIMAL,v2:upper,354.2027817202983
3637,OPTIMAL,v2:upper,97.15059071480178
3638,OPTIMAL,v2:upper,37.063321801703374
3639,OPTIMAL,v2:upper,44.59651038151581
3640,OPTIMAL,v2:upper,82.43325576491979
3641,OPTIMAL,v2:upper,267.899253425669
3642,OPTIMAL,b1:lower;b2:lower;b3:upper;b4:upper;b5:lower;b6:upper;b7:upper;b8:upper;b14:lower,1000.0
3643,OPTIMAL,v1:upper,34.16183324783043
3644,OPTIMAL,v1:upper,154.33388409049138
3645,OPTIMAL,v4:upper,102.73539106751946
3646,OPTIMAL,v2:upper,34.860219140568965
3647,OPTIMAL,v2:upper,88.5175995979075
3648,OPTIMAL,v2:upper,84.14659548776619
3649,OPTIMAL,v2:upper,62.415518259608675
3650,OPTIMAL,v2:upper,16.37718942254964
3651,OPTIMAL,v2:upper,158.91766437140055
3652,OPTIMAL,v2:upper,160.46767982998577
3653,OPTIMAL,v2:upper,45.596653806130504
3654,OPTIMAL,v2:upper,56.88841922737582
3655,OPTIMAL,v2:upper,79.2954718480769
3656,OPTIMAL,v2:upper,161.75255917678174
3657,OPTIMAL,v2:upper,376.2153551434444
3658,OPTIMAL,v3:upper,20.09137466091774
3659,OPTIMAL,v2:upper,699.9992281769796
3660,OPTIMAL,v3:upper,38.31820007429335
3661,OPTIMAL,v2:upper,110.10448096578114
3662,OPTIMAL,v1:upper,444.41306879865596
3663,OPTIMAL,v2:upper,7.247443641308656
3664,OPTIMAL,v2:upper,39.12307662484558
3665,OPTIMAL,v2:upper,182.835778962077
3666,OPTIMAL,v4:upper,41.21493823989995
3667,OPTIMAL,v3:upper,60.827658927485764
3668,OPTIMAL,v2:upper,17.203446618809945
3669,OPTIMAL,v2:upper,113.18220672982446
3670,OPTIMAL,v2:upper,13.22451887076661
3671,OPTIMAL,v2:upper,288.03116673037744
3672,OPTIMAL,v1:upper,69.53528631611879
3673,OPTIMAL,v2:upper,246.96587996004948
3674,OPTIMAL,v2:upper,155.43605067259023
3675,OPTIMAL,v4:upper,129.1922555431583
3676,OPTIMAL,v2:upper,125.15010622960793
3677,OPTIMAL,v2:upper,67.81718587874468
3678,OPTIMAL,v1:upper,135.4524333254127
3679,OPTIMAL,v2:upper,741.7242527001308
3680,OPTIMAL,v2:upper,76.36505661028836
3681,OPTIMAL,v1:upper,107.54337314278256
3682,OPTIMAL,v2:upper,41.81484964255114
3683,OPTIMAL,v2:upper,263.27703169761503
3684,OPTIMAL,v2:upper,26.918940029155063
3685,OPTIMAL,v2:upper,277.3284185722399
3686,OPTIMAL,v2:upper,38.553819512082626
3687,OPTIMAL,v1:upper,203.68737934784332
3688,OPTIMAL,v2:upper,289.26219557869985
3689,OPTIMAL,v2:upper,47.21465447090787
3690,OPTIMAL,v2:upper,56.08667708504021
3691,OPTIMAL,v2:upper,107.72214913860604
3692,OPTIMAL,v2:upper,235.06218524096724
3693,OPTIMAL,v2:upper,372.2831971911596
3694,OPTIMAL,v2:upper,205.80399714921236
3695,OPTIMAL,v2:upper,62.41695693465932
3696,OPTIMAL,v1:upper,20.39310060631063
3697,OPTIMAL,v1:upper,99.49799304304528
3698,OPTIMAL,v1:upper,431.4841866436604
3699,OPTIMAL,v2:upper,50.33209713097248
3700,OPTIMAL,v3:upper,120.04293800430366
3701,OPTIMAL,v2:upper,243.91078260080988
3702,OPTIMAL,v2:upper,35.926676946061
3703,OPTIMAL,v2:upper,78.31974035723667
3704,OPTIMAL,v2:upper,96.07573450009875
3705,OPTIMAL,v2:upper,115.70117325365521
3706,OPTIMAL,v2:upper,50.40067906184645
3707,OPTIMAL,v2:upper,186.8023980397043
3708,OPTIMAL,v2:upper,71.42404636833953
3709,OPTIMAL,v2:upper,216.89896647947177
3710,OPTIMAL,v2:upper,57.105818502772465
3711,OPTIMAL,v2:upper,132.467056805875
3712,OPTIMAL,v2:upper,18.730201686632455
3713,OPTIMAL,v2:upper,55.21128796205216
3714,OPTIMAL,v2:upper,43.305886493029966
3715,OPTIMAL,v2:upper,69.21788039253296
3716,OPTIMAL,v2:upper,26.381452107035944
3717,OPTIMAL,v2:upper,97.88638872142661
3718,OPTIMAL,v2:upper,101.54277151705921
3719,OPTIMAL,v1:upper,643.7768373214642
3720,OPTIMAL,v1:upper,143.88914497526875
3721,OPTIMAL,v2:upper,147.28439351876784
3722,OPTIMAL,v2:upper,136.42099729804286
3723,OPTIMAL,v2:upper,103.17944788632347
3724,OPTIMAL,v2:upper,272.3400735710889
3725,OPTIMAL,v2:upper,303.56261826362027
3726,OPTIMAL,v1:upper,325.73159206386
3727,OPTIMAL,v2:upper,254.35165449815932
3728,OPTIMAL,v2:upper,75.47108724237813
3729,OPTIMAL,v1:upper,333.4139828654331
3730,OPTIMAL,v2:upper,60.0710924459303
3731,OPTIMAL,v4:upper,200.1815301611764
3732,OPTIMAL,v2:upper,163.34085115301627
3733,OPTIMAL,v2:upper,35.81903441448741
3734,OPTIMAL,v1:upper,364.38049080317853
3735,OPTIMAL,v2:upper,62.73343082163506
3736,OPTIMAL,v2:upper,43.72020462990238
3737,OPTIMAL,v2:upper,189.42162103168786
3738,OPTIMAL,v2:upper,187.02574672245774
3739,OPTIMAL,v2:upper,35.84459921444191
3740,OPTIMAL,v1:upper,388.76899482819135
3741,OPTIMAL,v1:upper,101.86220499423021
3742,OPTIMAL,v2:upper,146.37138481293073
3743,OPTIMAL,v2:upper,42.78744078543102
3744,OPTIMAL,v2:upper,133.23100424728446
3745,OPTIMAL,v2:upper,145.65548912858983
3746,OPTIMAL,v2:upper,171.50527034689324
3747,OPTIMAL,v2:upper,259.90218626312327
3748,OPTIMAL,v2:upper,376.98844013266967
3749,OPTIMAL,v4:upper,121.20576335945385
3750,OPTIMAL,v2:upper,63.819974769550115
3751,OPTIMAL,v2:upper,957.3632680635626
3752,OPTIMAL,v1:upper,41.94610862762428
3753,OPTIMAL,v2:upper,278.42393791194905
3754,OPTIMAL,v3:upper,96.7466212981686
3755,OPTIMAL,v2:upper,217.09315507318706
3756,OPTIMAL,v2:upper,30.347150509301397
3757,OPTIMAL,v2:upper,35.18386565771771
3758,OPTIMAL,v2:upper,558.7789997078833
3759,OPTIMAL,v2:upper,54.134390634058086
3760,OPTIMAL,v2:upper,207.3713436245035
3761,OPTIMAL,v2:upper,141.31172548790926
3762,OPTIMAL,v2:upper,93.92709277361025
3763,OPTIMAL,v1:upper,445.93389920868117
3764,OPTIMAL,v2:upper,429.5605105215728
3765,OPTIMAL,v2:upper,61.25388663194871
3766,OPTIMAL,v4:upper,34.913954029130466
3767,OPTIMAL,v2:upper,522.2107646552379
3768,OPTIMAL,v1:upper,101.56969684795631
3769,OPTIMAL,v2:upper,22.43392707955905
3770,OPTIMAL,v2:upper,98.22294622603239
3771,OPTIMAL,v2:upper,186.08599402051792
3772,OPTIMAL,v2:upper,314.5482571984493
3773,OPTIMAL,v2:upper,68.91027275184102
3774,OPTIMAL,v1:upper,309.1921137051021
3775,OPTIMAL,v1:upper,373.4409452122101
3776,OPTIMAL,v2:upper,83.43595243412365
3777,OPTIMAL,v2:upper,41.179509478787125
3778,OPTIMAL,v2:upper,43.78938092360203
3779,OPTIMAL,v2:upper,163.3830332228164
3780,OPTIMAL,v2:upper,277.9579377795304
3781,OPTIMAL,v2:upper,13.149667621340898
3782,OPTIMAL,v2:upper,944.2086859175458
3783,OPTIMAL,v2:upper,105.76779559845839
3784,OPTIMAL,v2:upper,44.05776863154608
3785,OPTIMAL,v2:upper,112.35240643779342
3786,OPTIMAL,v2:upper,217.2867841210111
3787,OPTIMAL,v2:upper,78.0153082645864
3788,OPTIMAL,v2:upper,79.32652919778577
3789,OPTIMAL,v2:upper,24.793508819602927
3790,OPTIMAL,v2:upper,67.09067176551817
3791,OPTIMAL,v2:upper,69.54986324091142
3792,OPTIMAL,v2:upper,20.03285940962142
3793,OPTIMAL,v2:upper,83.24402013669733
3794,OPTIMAL,v2:upper,157.11559336088624
3795,OPTIMAL,v2:upper,22.42797278980013
3796,OPTIMAL,v2:upper,337.29091965749166
3797,OPTIMAL,v2:upper,187.11902174865045
3798,OPTIMAL,v2:upper,165.38516961208725
3799,OPTIMAL,v2:upper,30.921546170477658
3800,OPTIMAL,v3:upper,157.7161082404547
3801,OPTIMAL,v2:upper,92.6393524415224
3802,OPTIMAL,v2:upper,47.714983167716326
3803,OPTIMAL,v2:upper,81.56459867406154
3804,OPTIMAL,v1:upper,151.26472356574484
3805,OPTIMAL,v2:upper,37.67912138297175
3806,OPTIMAL,v2:upper,43.942093124752255
3807,OPTIMAL,v2:upper,43.033926599158384
3808,OPTIMAL,v1:upper,227.15705345271726
3809,OPTIMAL,v2:upper,65.61489054596287
3810,OPTIMAL,v2:upper,34.667154415706754
3811,OPTIMAL,v1:upper,165.41342196067558
3812,OPTIMAL,v2:upper,23.34885827286979
3813,OPTIMAL,v2:upper,73.02411126657037
3814,OPTIMAL,v2:upper,62.886272223967985
3815,OPTIMAL,v2:upper,819.9338222393939
3816,OPTIMAL,v1:upper,153.2414479810178
3817,OPTIMAL,v2:upper,52.39553319752743
3818,OPTIMAL,v1:upper,57.77800036562102
3819,OPTIMAL,v2:upper,89.18172713026496
3820,OPTIMAL,v2:upper,107.6362522676226
3821,OPTIMAL,v2:upper,133.18470035140894
3822,OPTIMAL,v2:upper,102.20419861621895
3823,OPTIMAL,v2:upper,129.68030764305652
3824,OPTIMAL,b1:lower;b2:lower;b3:upper;b4:upper;b5:lower;b6:upper;b7:upper;b8:upper;b14:lower,1000.0
3825,OPTIMAL,v2:upper,304.3188981910467
3826,OPTIMAL,v2:upper,812.9541277416045
3827,OPTIMAL,v1:upper,71.468201378428
3828,OPTIMAL,v2:upper,54.132319251477206
3829,OPTIMAL,v2:upper,283.3601953868522
3830,OPTIMAL,v2:upper,79.37953192865756
3831,OPTIMAL,v2:upper,173.3817916896324
3832,OPTIMAL,v2:upper,293.2247187961823
3833,OPTIMAL,v2:upper,149.4237440180415
3834,OPTIMAL,v2:upper,48.21561492048702
3835,OPTIMAL,v2:upper,37.64204256004418
3836,OPTIMAL,v2:upper,225.60688841211726
3837,OPTIMAL,v2:upper,61.932541186649146
3838,OPTIMAL,v2:upper,81.71298504401717
3839,OPTIMAL,v2:upper,75.88214538787233
3840,OPTIMAL,v2:upper,61.445027945114184
3841,OPTIMAL,b1:lower;b2:lower;b3:upper;b4:upper;b5:lower;b6:upper;b7:upper;b8:upper;b14:lower,1000.0
3842,OPTIMAL,v2:upper,48.37702134626335
3843,OPTIMAL,v2:upper,27.024120803701994
3844,OPTIMAL,v2:upper,125.24852189442933
3845,OPTIMAL,v2:upper,284.159208101381
3846,OPTIMAL,v2:upper,158.94309513566364
3847,OPTIMAL,v2:upper,46.03620323162192
3848,OPTIMAL,v2:upper,198.07180039630185
3849,OPTIMAL,v2:upper,148.1623469179088
3850,OPTIMAL,v1:upper,100.72579656896983
3851,OPTIMAL,v2:upper,213.4781487644065
3852,OPTIMAL,v2:upper,150.1408489415627
3853,OPTIMAL,v2:upper,53.58888290277093
3854,OPTIMAL,v2:upper,711.3731631661367
3855,OPTIMAL,v2:upper,565.567487549182
3856,OPTIMAL,v2:upper,138.9059968494981
3857,OPTIMAL,v2:upper,175.20580044434337
3858,OPTIMAL,v1:upper,257.3665326186306
3859,OPTIMAL,v1:upper,44.482701047904015
3860,OPTIMAL,v2:upper,71.51941907611061
3861,OPTIMAL,v2:upper,92.05782343260178
3862,OPTIMAL,v2:upper,74.55742628680916
3863,OPTIMAL,v2:upper,216.43606402365776
3864,OPTIMAL,v2:upper,315.8656048934001
3865,OPTIMAL,v2:upper,35.66993139200665
3866,OPTIMAL,v2:upper,121.18535540986328
3867,OPTIMAL,v2:upper,64.63650695089191
3868,OPTIMAL,v1:upper,68.40399526896482
3869,OPTIMAL,v2:upper,85.09736449497478
3870,OPTIMAL,v2:upper,219.6757825856396
3871,OPTIMAL,v2:upper,98.03931322390594
3872,OPTIMAL,v1:upper,524.730048989847
3873,OPTIMAL,v3:upper,159.7931615038086
3874,OPTIMAL,v2:upper,133.14738383145385
3875,OPTIMAL,v1:upper,73.37671317305647
3876,OPTIMAL,v3:upper,195.7013657490431
3877,OPTIMAL,v2:upper,78.01176226014768
3878,OPTIMAL,v2:upper,78.47066607796275
3879,OPTIMAL,v2:upper,169.430003097077
3880,OPTIMAL,v2:upper,50.04313311609124
3881,OPTIMAL,v2:upper,184.92252304791208
3882,OPTIMAL,v2:upper,165.48402935988827
3883,OPTIMAL,v1:upper,182.8371952607663
3884,OPTIMAL,v2:upper,211.54886642526085
3885,OPTIMAL,v2:upper,23.82421826778603
3886,OPTIMAL,v2:upper,64.10398722319033
3887,OPTIMAL,v2:upper,255.01143629218544
3888,OPTIMAL,v2:upper,253.1795409715115
3889,OPTIMAL,v2:upper,152.0276684757191
3890,OPTIMAL,v2:upper,324.31204706383494
3891,OPTIMAL,v3:upper,236.2971087749399
3892,OPTIMAL,v2:upper,172.97554523082255
3893,OPTIMAL,v2:upper,317.69180695259297
3894,OPTIMAL,v2:upper,388.5998196936786
3895,OPTIMAL,v2:upper,124.33485128291186
3896,OPTIMAL,b1:lower;b2:lower;b3:upper;b4:upper;b5:lower;b6:upper;b7:upper;b8:upper;b14:lower,1000.0
3897,OPTIMAL,v2:upper,711.4827304138821
3898,OPTIMAL,v1:upper,127.93399756128699
3899,OPTIMAL,v2:upper,16.30442510218517
3900,OPTIMAL,v4:upper,158.21367475716445
3901,OPTIMAL,v1:upper,178.65143676573396
3902,OPTIMAL,v2:upper,19.178496294983262
3903,OPTIMAL,v2:upper,153.2851296733856
3904,OPTIMAL,v2:upper,111.85458764540155
3905,OPTIMAL,v2:upper,306.18101369667596
3906,OPTIMAL,v2:upper,34.11646308414572
3907,OPTIMAL,v2:upper,57.833072530507344
3908,OPTIMAL,v1:upper,105.86582311477483
3909,OPTIMAL,v2:upper,66.90198531760235
3910,OPTIMAL,v2:upper,488.2392303119439
3911,OPTIMAL,v2:upper,130.91874696509606
3912,OPTIMAL,v2:upper,384.69361723137575
3913,OPTIMAL,v2:upper,136.5880706595214
3914,OPTIMAL,v2:upper,21.37212671344113
3915,OPTIMAL,v3:upper,370.2291515875089
3916,OPTIMAL,v2:upper,53.47342983619689
3917,OPTIMAL,v2:upper,16.54467098431039
3918,OPTIMAL,v2:upper,320.0359458602355
3919,OPTIMAL,v2:upper,685.8988476027243
3920,OPTIMAL,v2:upper,205.30003398255877
3921,OPTIMAL,v2:upper,139.3060580940832
3922,OPTIMAL,v2:upper,119.53410833467233
3923,OPTIMAL,v2:upper,105.68346016179467
3924,OPTIMAL,v2:upper,129.40341408273798
3925,OPTIMAL,v2:upper,127.99349411368547
3926,OPTIMAL,v1:upper,413.7996624339054
3927,OPTIMAL,v2:upper,157.84104084328442
3928,OPTIMAL,v2:upper,83.89999901300506
3929,OPTIMAL,v2:upper,76.26962290961936
3930,OPTIMAL,v1:upper,234.08757861704314
3931,OPTIMAL,v2:upper,269.8704524089546
3932,OPTIMAL,v2:upper,27.39108701785143
3933,OPTIMAL,v2:upper,627.8603691644992
3934,OPTIMAL,v3:upper,433.1136592961154
3935,OPTIMAL,v2:upper,759.5612854
3936,OPTIMAL,v2:upper,24.674213205018596
3937,OPTIMAL,v2:upper,12.852618116165
3938,OPTIMAL,v2:upper,203.8947442383903
3939,OPTIMAL,v2:upper,49.77595801258235
3940,OPTIMAL,v2:upper,123.79035819188643
3941,OPTIMAL,v1:upper,33.18654062548272
3942,OPTIMAL,v2:upper,416.08294628461186
3943,OPTIMAL,v1:upper,60.2727154751691
3944,OPTIMAL,v2:upper,352.7595336877742
3945,OPTIMAL,v1:upper,162.25197583903463
3946,OPTIMAL,v1:upper,107.0337207790141
3947,OPTIMAL,v2:upper,355.69374491652695
3948,OPTIMAL,v4:upper,332.6462546707373
3949,OPTIMAL,v2:upper,58.83943011209952
3950,OPTIMAL,v2:upper,40.124260603418406
3951,OPTIMAL,v2:upper,104.23019478276193
3952,OPTIMAL,v1:upper,71.64214957759683
3953,OPTIMAL,v2:upper,80.69559446579566
3954,OPTIMAL,v2:upper,89.22210340893422
3955,OPTIMAL,v1:upper,296.10729143409117
3956,OPTIMAL,v2:upper,817.0878445565221
3957,OPTIMAL,v2:upper,556.0989279230689
3958,OPTIMAL,b1:lower;b2:lower;b3:upper;b4:upper;b5:lower;b6:upper;b7:upper;b8:upper;b14:lower,1000.0
3959,OPTIMAL,v2:upper,78.75871435251523
3960,OPTIMAL,v2:upper,56.6046648499981
3961,OPTIMAL,v2:upper,61.391244098453356
3962,OPTIMAL,v2:upper,223.10871853816636
3963,OPTIMAL,v3:upper,86.92002571855797
3964,OPTIMAL,v2:upper,22.290817320316517
3965,OPTIMAL,v2:upper,72.5961090044977
3966,OPTIMAL,v2:upper,196.67968097620513
3967,OPTIMAL,v2:upper,212.9398394242388
3968,OPTIMAL,v2:upper,125.35587417260297
3969,OPTIMAL,v2:upper,113.97923369828916
3970,OPTIMAL,v2:upper,69.2695844894375
3971,OPTIMAL,v2:upper,68.5733447284485
3972,OPTIMAL,v2:upper,18.900796248860658
3973,OPTIMAL,v2:upper,366.43990649723173
3974,OPTIMAL,v1:upper,246.28954741626154
3975,OPTIMAL,v2:upper,145.58495321911965
3976,OPTIMAL,v2:upper,113.21073726618435
3977,OPTIMAL,v2:upper,67.70271521255836
3978,OPTIMAL,v2:upper,179.15683244156676
3979,OPTIMAL,v2:upper,556.6833189686029
3980,OPTIMAL,v2:upper,108.39772151775182
3981,OPTIMAL,v2:upper;v3:upper,182.71439037818706
3982,OPTIMAL,v2:upper,120.59501371803621
3983,OPTIMAL,v1:upper,320.6232908905918
3984,OPTIMAL,v2:upper,66.21343480387765
3985,OPTIMAL,v1:upper,33.39107115326332
3986,OPTIMAL,v2:upper,301.80570177033053
3987,OPTIMAL,v2:upper,34.27174367911539
3988,OPTIMAL,v2:upper,113.3359895029517
3989,OPTIMAL,v1:upper,117.55774271394556
3990,OPTIMAL,v2:upper,233.70905095402495
3991,OPTIMAL,v2:upper,20.191151811171757
3992,OPTIMAL,v2:upper,159.8117470421688
3993,OPTIMAL,v2:upper,74.20180625885304
3994,OPTIMAL,v1:upper,120.19311564683522
3995,OPTIMAL,v2:upper,109.06433534138893
3996,OPTIMAL,v2:upper,255.02976781862932
3997,OPTIMAL,v2:upper,10.88253352293868
3998,OPTIMAL,v1:upper,82.43165805115848
3999,OPTIMAL,v2:upper,93.99337822933849
4000,OPTIMAL,v1:upper,508.2105434780151
4001,OPTIMAL,v2:upper,101.52826766708581
4002,OPTIMAL,v2:upper,29.45969519935174
4003,OPTIMAL,v2:upper,36.521157287400285
4004,OPTIMAL,v2:upper,72.22673033418299
4005,OPTIMAL,v2:upper,23.099346271571278
4006,OPTIMAL,v2:upper,46.65478889955788
4007,OPTIMAL,v2:upper,87.50259626757742
4008,OPTIMAL,v2:upper,65.35375696617878
4009,OPTIMAL,v2:upper,94.95385132076069
4010,OPTIMAL,v1:upper,206.71931782856728
4011,OPTIMAL,v1:upper,80.93994674250375
4012,OPTIMAL,v1:upper,681.8349074903482
4013,OPTIMAL,v2:upper,233.99023533216206
4014,OPTIMAL,v1:upper,39.098282550834526
4015,OPTIMAL,v2:upper,54.965577837807096
4016,OPTIMAL,v2:upper,74.62617752911721
4017,OPTIMAL,v2:upper,260.820148426095
4018,OPTIMAL,v2:upper,63.75744163580519
4019,OPTIMAL,v2:upper,533.0582943093594
4020,OPTIMAL,v2:upper,113.65742458745486
4021,OPTIMAL,v2:upper,64.59508379928664
4022,OPTIMAL,v2:upper,35.42803453849389
4023,OPTIMAL,v2:upper,168.31776426275002
4024,OPTIMAL,v2:upper,85.45733714356177
4025,OPTIMAL,v2:upper,132.54373239407278
4026,OPTIMAL,v3:upper,265.6864541465422
4027,OPTIMAL,v2:upper,388.81575837401016
4028,OPTIMAL,v2:upper,131.57726950230546
4029,OPTIMAL,v2:upper,167.54996936730367
4030,OPTIMAL,v2:upper,59.549036831335464
4031,OPTIMAL,v2:upper,183.95463202374322
4032,OPTIMAL,v2:upper,187.7370835975051
4033,OPTIMAL,v1:upper,226.4070784055776
4034,OPTIMAL,v2:upper,72.6759140905903
4035,OPTIMAL,v2:upper,91.19718417275375
4036,OPTIMAL,v2:upper,39.72709046465782
4037,OPTIMAL,v2:upper,89.6304581891397
4038,OPTIMAL,v2:upper,256.87207307076915
4039,OPTIMAL,v2:upper,86.49647878219415
4040,OPTIMAL,v1:upper,796.8923711773773
4041,OPTIMAL,v2:upper,84.67049752775337
4042,OPTIMAL,v2:upper,256.4658829244246
4043,OPTIMAL,v2:upper,243.87949971045074
4044,OPTIMAL,v2:upper,100.84409944163053
4045,OPTIMAL,v2:upper,88.14001879337677
4046,OPTIMAL,v2:upper,303.8770526919911
4047,OPTIMAL,v2:upper,170.3596768032416
4048,OPTIMAL,v2:upper,138.82015406860071
4049,OPTIMAL,v2:upper,26.867260037545453
4050,OPTIMAL,v2:upper,27.49346593483564
4051,OPTIMAL,v2:upper,44.22271888999689
4052,OPTIMAL,v2:upper,365.9070739363328
4053,OPTIMAL,v2:upper,46.61377297612405
4054,OPTIMAL,v2:upper,29.043557876959966
4055,OPTIMAL,v2:upper,144.50947570115616
4056,OPTIMAL,v2:upper,245.46599404478485
4057,OPTIMAL,v2:upper,383.83218767533145
4058,OPTIMAL,v2:upper,47.81649516070143
4059,OPTIMAL,v2:upper,45.67372107450215
4060,OPTIMAL,v2:upper,68.79921950769622
4061,OPTIMAL,v2:upper,110.985056092729
4062,OPTIMAL,v4:upper,338.51907192692306
4063,OPTIMAL,v2:upper,142.6328391496627
4064,OPTIMAL,v2:upper,73.96510344465572
4065,OPTIMAL,v1:upper,222.5949335079813
4066,OPTIMAL,v2:upper,33.992296497373744
4067,OPTIMAL,v2:upper,95.07201554849719
4068,OPTIMAL,v2:upper,54.61673906879968
4069,OPTIMAL,v2:upper,261.9391064126566
4070,OPTIMAL,v2:upper,198.1052711305992
4071,OPTIMAL,v1:upper,83.41505157378143
4072,OPTIMAL,v2:upper,67.31517271218245
4073,OPTIMAL,v2:upper,17.502663727592914
4074,OPTIMAL,v2:upper,251.9769395530213
4075,OPTIMAL,v2:upper,84.88203057222813
4076,OPTIMAL,v2:upper,89.20299766371343
4077,OPTIMAL,v2:upper,18.866754215528513
4078,OPTIMAL,v2:upper,56.84408300289124
4079,OPTIMAL,v2:upper,80.952626094786
4080,OPTIMAL,v2:upper,171.89347153417145
4081,OPTIMAL,v2:upper,243.70834443572554
4082,OPTIMAL,v2:upper,56.233401320298654
4083,OPTIMAL,v2:upper,222.42508334305066
4084,OPTIMAL,v2:upper,47.140378467821385
4085,OPTIMAL,v2:upper,299.78745492501696
4086,OPTIMAL,v2:upper,73.18142632185366
4087,OPTIMAL,v2:upper,116.17536999398
4088,OPTIMAL,v2:upper,124.02540218917106
4089,OPTIMAL,v2:upper,349.7962401416956
4090,OPTIMAL,v1:upper,90.54743106432763
4091,OPTIMAL,v2:upper,514.9672997586614
4092,OPTIMAL,v2:upper,39.2990846530218
4093,OPTIMAL,v2:upper,166.98327606983625
4094,OPTIMAL,v2:upper,93.13419829793419
4095,OPTIMAL,v2:upper,147.1709159421644
4096,OPTIMAL,v2:upper,49.83218857008699
4097,OPTIMAL,v2:upper,27.728365777690094
4098,OPTIMAL,v2:upper,131.70342526905623
4099,OPTIMAL,v2:upper,156.61273912703848
4100,OPTIMAL,v2:upper,57.33124034214642
4101,OPTIMAL,v2:upper,74.83141431301247
4102,OPTIMAL,v2:upper,589.4812603265352
4103,OPTIMAL,v2:upper,51.627872625668864
4104,OPTIMAL,v2:upper,20.405929993315883
4105,OPTIMAL,v1:upper,330.0065314723067
4106,OPTIMAL,v2:upper,182.56652683822088
4107,OPTIMAL,v2:upper,109.77805331344304
4108,OPTIMAL,v2:upper,69.08945714001483
4109,OPTIMAL,v2:upper,213.9164525051925
4110,OPTIMAL,v2:upper,163.37717338762616
4111,OPTIMAL,v2:upper,77.54569937954665
4112,OPTIMAL,v2:upper,218.7414208522496
4113,OPTIMAL,v2:upper,264.9232629556498
4114,OPTIMAL,v2:upper,48.08247837456605
4115,OPTIMAL,v2:upper,377.3001175485819
4116,OPTIMAL,v1:upper,143.5809327322822
4117,OPTIMAL,v2:upper,175.13527180290862
4118,OPTIMAL,v2:upper,23.38793144686079
4119,OPTIMAL,v2:upper,67.40848351792404
4120,OPTIMAL,v2:upper,371.362783768988
4121,OPTIMAL,v2:upper,260.58976803428027
4122,OPTIMAL,v1:upper,179.54634848979111
4123,OPTIMAL,v2:upper,56.50013152625885
4124,OPTIMAL,b1:lower;b2:lower;b3:upper;b4:upper;b5:lower;b6:upper;b7:upper;b8:upper;b14:lower,1000.0
4125,OPTIMAL,v2:upper,321.93346684914
4126,OPTIMAL,v2:upper,155.79274849795368
4127,OPTIMAL,v2:upper,210.44981461797082
4128,OPTIMAL,v2:upper,49.2567091902483
4129,OPTIMAL,v2:upper,144.99806600260652
4130,OPTIMAL,v2:upper,54.499547795320865
4131,OPTIMAL,v2:upper,159.80068839814643
4132,OPTIMAL,v2:upper,18.66761861129392
4133,OPTIMAL,v2:upper,51.09840639800282
4134,OPTIMAL,v2:upper,51.54209206341529
4135,OPTIMAL,v2:upper,59.70805366827898
4136,OPTIMAL,v1:upper,112.40846446366037
4137,OPTIMAL,v2:upper,347.84354105034885
4138,OPTIMAL,v2:upper,165.9089054291639
4139,OPTIMAL,v2:upper,51.8018340944258
4140,OPTIMAL,v1:upper,81.49392163363568
4141,OPTIMAL,v2:upper,159.52182201322213
4142,OPTIMAL,v1:upper,155.87519370389745
4143,OPTIMAL,v2:upper,192.27196799369253
4144,OPTIMAL,v1:upper,234.12859528819413
4145,OPTIMAL,v2:upper,59.081826773130345
4146,OPTIMAL,v2:upper,24.829143920369294
4147,OPTIMAL,v2:upper,36.60798723087216
4148,OPTIMAL,v2:upper,365.62518049927655
4149,OPTIMAL,v4:upper,165.88016893732865
4150,OPTIMAL,v2:upper,82.22822419914715
4151,OPTIMAL,v1:upper,350.48390920610495
4152,OPTIMAL,v2:upper,17.68371090501598
4153,OPTIMAL,v2:upper,53.053922698535544
4154,OPTIMAL,v2:upper,19.0404956109747
4155,OPTIMAL,v2:upper,156.442194784706
4156,OPTIMAL,v2:upper,120.45233983398604
4157,OPTIMAL,v2:upper,364.0554287672002
4158,OPTIMAL,v2:upper,355.1840457747373
4159,OPTIMAL,v2:upper,175.5934163259961
4160,OPTIMAL,v2:upper,104.82153496916828
4161,OPTIMAL,v2:upper,68.33629498870603
4162,OPTIMAL,v2:upper,251.0471860285225
4163,OPTIMAL,v2:upper,663.434810308277
4164,OPTIMAL,v2:upper,879.6970499571946
4165,OPTIMAL,v2:upper,136.70565794381565
4166,OPTIMAL,v2:upper,8.834071407083874
4167,OPTIMAL,v2:upper,68.70971055202725
4168,OPTIMAL,v2:upper,101.56211904453575
4169,OPTIMAL,v1:upper,204.5311080894016
4170,OPTIMAL,v2:upper,227.1205643992946
4171,OPTIMAL,v2:upper,62.684922534504885
4172,OPTIMAL,v1:upper,33.37345771788519
4173,OPTIMAL,v2:upper,37.64685622742042
4174,OPTIMAL,v2:upper,402.52649326396255
4175,OPTIMAL,v1:upper,69.3333648756086
4176,OPTIMAL,v2:upper,96.2447093365812
4177,OPTIMAL,v1:upper,123.22278986951831
4178,OPTIMAL,v2:upper,426.88101121634503
4179,OPTIMAL,v2:upper,316.3048898317502
4180,OPTIMAL,v2:upper,315.29125699554345
4181,OPTIMAL,v2:upper,130.38296359785318
4182,OPTIMAL,v3:upper,87.55385169345408
4183,OPTIMAL,v1:upper,149.71925615688212
4184,OPTIMAL,v2:upper,215.48570686508222
4185,OPTIMAL,v2:upper,124.68083315531533
4186,OPTIMAL,v2:upper,97.06149109770443
4187,OPTIMAL,v2:upper,229.7171740289869
4188,OPTIMAL,v1:upper,279.62715308102304
4189,OPTIMAL,v1:upper,67.06816091805818
4190,OPTIMAL,v2:upper,122.69111672973273
4191,OPTIMAL,v1:upper,146.56640713257767
4192,OPTIMAL,v2:upper,181.66555972936428
4193,OPTIMAL,v2:upper,103.50079863712389
4194,OPTIMAL,v1:upper,225.00897805672005
4195,OPTIMAL,v2:upper,219.51183106991064
4196,OPTIMAL,v2:upper,166.41566183773966
4197,OPTIMAL,v2:upper,79.90587567462183
4198,OPTIMAL,v2:upper,273.73608978792845
4199,OPTIMAL,v2:upper,36.71939981892617
4200,OPTIMAL,v3:upper,301.4750186454601
4201,OPTIMAL,v2:upper,33.885637201776724
4202,OPTIMAL,v2:upper,81.26220085823363
4203,OPTIMAL,v1:upper,135.5208483845239
4204,OPTIMAL,v1:upper,139.6770102232255
4205,OPTIMAL,v2:upper,79.63471741104193
4206,OPTIMAL,v2:upper,36.826004430007444
4207,OPTIMAL,v2:upper,147.9705542430822
4208,OPTIMAL,v2:upper,534.865572457611
4209,OPTIMAL,v2:upper,169.13942551735502
4210,OPTIMAL,v2:upper,40.89940880591715
4211,OPTIMAL,v2:upper,407.61550487858034
4212,OPTIMAL,v1:upper,217.9899193327882
4213,OPTIMAL,v2:upper,34.225446392138004
4214,OPTIMAL,v1:upper,63.434707270538894
4215,OPTIMAL,v2:upper,97.99905447619511
4216,OPTIMAL,v2:upper,102.30677984637815
4217,OPTIMAL,v2:upper,736.2617107654355
4218,OPTIMAL,v4:upper,90.49887242221293
4219,OPTIMAL,v2:upper,79.03966462459884
4220,OPTIMAL,v2:upper,36.59970801436114
4221,OPTIMAL,v2:upper,163.44082644998366
4222,OPTIMAL,v2:upper,230.3166372637105
4223,OPTIMAL,v2:upper,59.65579452390193
4224,OPTIMAL,v2:upper,89.74670536612071
4225,OPTIMAL,v3:upper,345.9792695408291
4226,OPTIMAL,v2:upper,39.48378667150303
4227,OPTIMAL,v2:upper,198.15979252242795
4228,OPTIMAL,v2:upper,50.52604507290031
4229,OPTIMAL,v2:upper,35.0128919289573
4230,OPTIMAL,v2:upper,241.18054328400507
4231,OPTIMAL,v2:upper,52.71811046367242
4232,OPTIMAL,v2:upper,243.00697344770134
4233,OPTIMAL,v2:upper,224.2751358216788
4234,OPTIMAL,v2:upper,169.15174636223463
4235,OPTIMAL,v2:upper,29.203198806103185
4236,OPTIMAL,v2:upper,27.2869978361078
4237,OPTIMAL,v1:upper,84.7647799500738
4238,OPTIMAL,v2:upper,73.7713856608528
4239,OPTIMAL,v1:upper,139.0788384524325
4240,OPTIMAL,v2:upper,214.93104945775815
4241,OPTIMAL,v2:upper,35.8821437379672
4242,OPTIMAL,v1:upper,54.29603189468007
4243,OPTIMAL,v2:upper,245.26163617104118
4244,OPTIMAL,v1:upper,254.9637621594876
4245,OPTIMAL,v2:upper,42.01400426148935
4246,OPTIMAL,v2:upper,177.32057795196675
4247,OPTIMAL,v2:upper,142.17195347694158
4248,OPTIMAL,v2:upper,107.98521372791345
4249,OPTIMAL,v2:upper,45.27416695807929
4250,OPTIMAL,v2:upper,34.899246270870016
4251,OPTIMAL,v2:upper,468.8123264732219
4252,OPTIMAL,v2:upper,54.479087064101876
4253,OPTIMAL,v1:upper,213.65014511325265
4254,OPTIMAL,v2:upper,276.26567003507785
4255,OPTIMAL,v2:upper,17.989653058180366
4256,OPTIMAL,v2:upper,419.9115851911576
4257,OPTIMAL,v2:upper,90.42535366833333
4258,OPTIMAL,v2:upper,119.10554302044656
4259,OPTIMAL,v2:upper,80.21167456673007
4260,OPTIMAL,v2:upper,29.869417826367027
4261,OPTIMAL,v2:upper,203.89027724518482
4262,OPTIMAL,v1:upper,86.6350129013484
4263,OPTIMAL,v1:upper,255.47456488115017
4264,OPTIMAL,v2:upper,44.21587774547532
4265,OPTIMAL,v2:upper,16.61523118124415
4266,OPTIMAL,v1:upper,92.81666589519958
4267,OPTIMAL,v2:upper,25.162063688683098
4268,OPTIMAL,v2:upper,107.79036863120162
4269,OPTIMAL,v2:upper,268.54415374129127
4270,OPTIMAL,v2:upper,142.47024413003444
4271,OPTIMAL,v2:upper,58.28578023665846
4272,OPTIMAL,v2:upper,19.631125011445864
4273,OPTIMAL,v2:upper,106.0422341275325
4274,OPTIMAL,v4:upper,198.73547221850998
4275,OPTIMAL,v2:upper,152.32819615969024
4276,OPTIMAL,v2:upper,160.92293272308103
4277,OPTIMAL,v2:upper,31.814297785571444
4278,OPTIMAL,v1:upper,19.522321133740668
4279,OPTIMAL,v2:upper,108.83777056991427
4280,OPTIMAL,v2:upper,53.29831407309095
4281,OPTIMAL,v2:upper,561.0858912827364
4282,OPTIMAL,v2:upper,28.05250460357541
4283,OPTIMAL,v2:upper,521.8180278336064
4284,OPTIMAL,v2:upper,33.85009993779967
4285,OPTIMAL,v2:upper,89.48572242719531
4286,OPTIMAL,v1:upper,155.27477125365039
4287,OPTIMAL,v2:upper,83.5261195753392
4288,OPTIMAL,v2:upper,206.51781302634055
4289,OPTIMAL,v2:upper,28.429191600995992
4290,OPTIMAL,v2:upper,432.4159694741031
4291,OPTIMAL,v2:upper,118.52885548995548
4292,OPTIMAL,v2:upper,33.62948406689669
4293,OPTIMAL,v2:upper,40.51616215687035
4294,OPTIMAL,v1:upper,660.0920855254343
4295,OPTIMAL,v2:upper,78.38866749110556
4296,OPTIMAL,v3:upper,60.306204361688806
4297,OPTIMAL,v2:upper,244.86623838559322
4298,OPTIMAL,v2:upper,75.32428926021332
4299,OPTIMAL,v2:upper,34.567215268365494
4300,OPTIMAL,v2:upper,36.556280018460306
4301,OPTIMAL,v2:upper,115.28701443778706
4302,OPTIMAL,v2:upper,46.34714916856002
4303,OPTIMAL,v2:upper,6.539729628265284
4304,OPTIMAL,v2:upper,78.9004962884088
4305,OPTIMAL,v2:upper,37.098340880037966
4306,OPTIMAL,v2:upper,398.30998987199257
4307,OPTIMAL,b1:lower;b2:lower;b3:upper;b4:upper;b5:lower;b6:upper;b7:upper;b8:upper;b14:lower,1000.0
4308,OPTIMAL,v2:upper,41.40938820300396
4309,OPTIMAL,v1:upper,87.16884128658573
4310,OPTIMAL,v2:upper,99.08009268983555
4311,OPTIMAL,v2:upper,79.33232499508892
4312,OPTIMAL,v2:upper,108.3750267910474
4313,OPTIMAL,v2:upper,131.39130977167838
4314,OPTIMAL,v2:upper,104.55136081434469
4315,OPTIMAL,v2:upper,59.16953648879586
4316,OPTIMAL,v2:upper,246.5738199931738
4317,OPTIMAL,v2:upper,131.77003829773554
4318,OPTIMAL,v2:upper,327.1597626981923
4319,OPTIMAL,v2:upper,19.10754976673662
4320,OPTIMAL,v2:upper,102.19941949536852
4321,OPTIMAL,v2:upper,189.40314905747948
4322,OPTIMAL,v2:upper,355.8200996009134
4323,OPTIMAL,v2:upper,101.94874339839772
4324,OPTIMAL,v2:upper,175.6946848344238
4325,OPTIMAL,v2:upper,159.74982195170574
4326,OPTIMAL,v2:upper,51.05073526574449
4327,OPTIMAL,v1:upper,70.64952714414773
4328,OPTIMAL,v2:upper,93.76944205730634
4329,OPTIMAL,v2:upper,35.569314836012644
4330,OPTIMAL,v2:upper,5.529418730882013
4331,OPTIMAL,v2:upper,230.18897335561516
4332,OPTIMAL,v2:upper,191.57031207984417
4333,OPTIMAL,v2:upper,216.07097100283008
4334,OPTIMAL,v2:upper,238.36886092874798
4335,OPTIMAL,v1:upper,218.979479086893
4336,OPTIMAL,v1:upper,121.34010145634987
4337,OPTIMAL,v3:upper,208.3218393127083
4338,OPTIMAL,v2:upper,123.81129980559555
4339,OPTIMAL,v2:upper,142.94301147852354
4340,OPTIMAL,v2:upper,99.42063958312411
4341,OPTIMAL,v2:upper,53.2102620519816
4342,OPTIMAL,v2:upper,76.95075416843389
4343,OPTIMAL,v2:upper,238.15060678287313
4344,OPTIMAL,v2:upper,31.221673277991677
4345,OPTIMAL,v2:upper,17.24996185534504
4346,OPTIMAL,v2:upper,43.454976985106136
4347,OPTIMAL,v2:upper,29.91892902011896
4348,OPTIMAL,v2:upper,161.70996218057104
4349,OPTIMAL,v2:upper,109.57502001829317
4350,OPTIMAL,v2:upper,51.34204252698331
4351,OPTIMAL,v2:upper,107.35960171049823
4352,OPTIMAL,v3:upper,14.535891480709475
4353,OPTIMAL,v2:upper,33.47038751730446
4354,OPTIMAL,v2:upper,87.1851281242262
4355,OPTIMAL,v3:upper,79.14781112813422
4356,OPTIMAL,v2:upper,180.14538078274916
4357,OPTIMAL,v2:upper,31.13509449973938
4358,OPTIMAL,v1:upper,28.48444690718658
4359,OPTIMAL,v2:upper,26.784923945849687
4360,OPTIMAL,v2:upper,214.73110985287101
4361,OPTIMAL,v2:upper,43.482862920161985
4362,OPTIMAL,v1:upper,503.19333030864965
4363,OPTIMAL,v2:upper,67.90190144165898
4364,OPTIMAL,v2:upper,68.99008479566766
4365,OPTIMAL,v2:upper,56.81350742690612
4366,OPTIMAL,v2:upper,167.57474825818787
4367,OPTIMAL,v2:upper,30.785559962096233
4368,OPTIMAL,b1:lower;b2:lower;b3:upper;b4:upper;b5:lower;b6:upper;b7:upper;b8:upper;b14:lower,1000.0
4369,OPTIMAL,v2:upper,463.5769955474558
4370,OPTIMAL,v2:upper,68.0417970611408
4371,OPTIMAL,v2:upper,279.338144128692
4372,OPTIMAL,v2:upper,702.5383325751319
4373,OPTIMAL,v2:upper,38.58677097256804
4374,OPTIMAL,v2:upper,33.9796724031253
4375,OPTIMAL,v2:upper,360.62831712671095
4376,OPTIMAL,v2:upper,58.1428610215817
4377,OPTIMAL,v2:upper,323.78278062978666
4378,OPTIMAL,v2:upper,58.296272137269696
4379,OPTIMAL,v2:upper,346.02213896046317
4380,OPTIMAL,v2:upper,39.21502679837788
4381,OPTIMAL,v2:upper,740.6968685183674
4382,OPTIMAL,v3:upper,148.5890595786423
4383,OPTIMAL,v2:upper,188.13133454714387
4384,OPTIMAL,v1:upper,227.9927074670202
4385,OPTIMAL,v2:upper,130.4932746033432
4386,OPTIMAL,v2:upper,158.7935679124255
4387,OPTIMAL,v1:upper,217.0239355771381
4388,OPTIMAL,v2:upper,148.15624180521854
4389,OPTIMAL,v1:upper,83.62438093001283
4390,OPTIMAL,v2:upper,268.2902675278811
4391,OPTIMAL,v2:upper,431.931345141127
4392,OPTIMAL,v2:upper,137.8107008143541
4393,OPTIMAL,v2:upper,393.0468044257664
4394,OPTIMAL,v2:upper,261.3062771679905
4395,OPTIMAL,v2:upper,161.61259274779997
4396,OPTIMAL,v1:upper,68.25602685791588
4397,OPTIMAL,v2:upper,47.510082112491844
4398,OPTIMAL,v2:upper,37.43990657286526
4399,OPTIMAL,v2:upper,125.62338987756307
4400,OPTIMAL,v2:upper,93.7939039869618
4401,OPTIMAL,v1:upper,80.18411441953018
4402,OPTIMAL,v2:upper,82.62759688039654
4403,OPTIMAL,v2:upper,38.66209457656718
4404,OPTIMAL,v2:upper,179.81956408847137
4405,OPTIMAL,v2:upper,29.768647966621707
4406,OPTIMAL,v2:upper,110.4058169990296
4407,OPTIMAL,v1:upper,240.6783233574683
4408,OPTIMAL,v2:upper,72.17231591621042
4409,OPTIMAL,v3:upper,69.6599674670258
4410,OPTIMAL,b1:lower;b2:lower;b3:upper;b4:upper;b5:lower;b6:upper;b7:upper;b8:upper;b14:lower,1000.0
4411,OPTIMAL,v2:upper,34.90187014108511
4412,OPTIMAL,v2:upper,183.7957428525096
4413,OPTIMAL,v2:upper,49.55357795791583
4414,OPTIMAL,v2:upper,27.227528709793827
4415,OPTIMAL,v2:upper,13.801808088664734
4416,OPTIMAL,v2:upper,122.92091135114144
4417,OPTIMAL,v2:upper,68.06919522525946
4418,OPTIMAL,v2:upper,122.41998544788932
4419,OPTIMAL,v1:upper,29.12685536787364
4420,OPTIMAL,v2:upper,65.03691947310676
4421,OPTIMAL,v1:upper,71.74726680038553
4422,OPTIMAL,v2:upper,157.36671238471112
4423,OPTIMAL,v2:upper,507.4122605673563
4424,OPTIMAL,v2:upper,245.17835934483654
4425,OPTIMAL,v2:upper,146.56613612931585
4426,OPTIMAL,v2:upper,168.29062962258806
4427,OPTIMAL,v2:upper,199.7186420730431
4428,OPTIMAL,v2:upper,196.6475648335353
4429,OPTIMAL,v2:upper,51.16660259785865
4430,OPTIMAL,v2:upper,279.94380731580117
4431,OPTIMAL,v2:upper,422.05963882356224
4432,OPTIMAL,v2:upper,66.7173390222524
4433,OPTIMAL,v2:upper,46.68087351766672
4434,OPTIMAL,v3:upper,122.70909068178547
4435,OPTIMAL,v2:upper,89.15421991113153
4436,OPTIMAL,v2:upper,112.15766770890431
4437,OPTIMAL,v2:upper,45.91705756492158
4438,OPTIMAL,v2:upper,24.11576789538477
4439,OPTIMAL,v2:upper,29.219616414608904
4440,OPTIMAL,v2:upper,294.53681121264714
4441,OPTIMAL,v2:upper,211.0242626724457
4442,OPTIMAL,v2:upper,134.19879116685615
4443,OPTIMAL,v2:upper,91.6208343328281
4444,OPTIMAL,v2:upper,107.15079758606423
4445,OPTIMAL,v2:upper,141.25309532967174
4446,OPTIMAL,v1:upper,140.21918815454052
4447,OPTIMAL,v2:upper,166.1600788276929
4448,OPTIMAL,v2:upper,122.15901015521688
4449,OPTIMAL,v2:upper,105.02495313517142
4450,OPTIMAL,v2:upper,370.00895043605254
4451,OPTIMAL,v1:upper,490.4972994318768
4452,OPTIMAL,v2:upper,353.72285539825697
4453,OPTIMAL,v2:upper,234.80381042113942
4454,OPTIMAL,v2:upper,40.92403137508412
4455,OPTIMAL,v2:upper,32.43788339884292
4456,OPTIMAL,v2:upper,269.8376058643378
4457,OPTIMAL,v4:upper,35.21942861553514
4458,OPTIMAL,v2:upper,34.77812607520295
4459,OPTIMAL,v2:upper,247.33597131149733
4460,OPTIMAL,v2:upper,612.2126089073325
4461,OPTIMAL,v2:upper,324.9298910705894
4462,OPTIMAL,v1:upper,165.55342827568126
4463,OPTIMAL,v2:upper,631.9153422235592
4464,OPTIMAL,v2:upper,19.025782503201594
4465,OPTIMAL,v2:upper,113.60224166765911
4466,OPTIMAL,v1:upper,856.9950839708944
4467,OPTIMAL,v2:upper,52.882657146483766
4468,OPTIMAL,v2:upper,36.84415894605212
4469,OPTIMAL,v2:upper,12.134132454404865
4470,OPTIMAL,v2:upper,521.5422856001775
4471,OPTIMAL,v2:upper,109.80094650484502
4472,OPTIMAL,v1:upper,195.43952729023187
4473,OPTIMAL,v2:upper,79.35361575479403
4474,OPTIMAL,v2:upper,86.58215293693111
4475,OPTIMAL,b1:lower;b2:lower;b3:upper;b4:upper;b5:lower;b6:upper;b7:upper;b8:upper;b14:lower,1000.0
4476,OPTIMAL,v2:upper,129.47522661327346
4477,OPTIMAL,v2:upper,228.28138008790742
4478,OPTIMAL,v3:upper,129.84605411331205
4479,OPTIMAL,v2:upper,123.11468792165256
4480,OPTIMAL,v1:upper,277.9977504971775
4481,OPTIMAL,v2:upper,121.25576956920472
4482,OPTIMAL,v2:upper,26.349874458834392
4483,OPTIMAL,v2:upper,96.3835584826246
4484,OPTIMAL,v2:upper,69.49108427785237
4485,OPTIMAL,v2:upper,35.73746835028749
4486,OPTIMAL,v2:upper,21.423944668392963
4487,OPTIMAL,v4:upper,53.21980866782764
4488,OPTIMAL,v1:upper,262.5070068583613
4489,OPTIMAL,v1:upper,72.6526260662263
4490,OPTIMAL,v2:upper,39.612609027973484
4491,OPTIMAL,v2:upper,143.09109108292154
4492,OPTIMAL,v2:upper,47.814025772746085
4493,OPTIMAL,v2:upper,60.2056086074882
4494,OPTIMAL,v2:upper,40.22232285739246
4495,OPTIMAL,v2:upper,49.25454161871667
4496,OPTIMAL,v2:upper,176.28555915740142
4497,OPTIMAL,v1:upper,151.1074032847944
4498,OPTIMAL,v2:upper,118.11471461677101
4499,OPTIMAL,v2:upper,56.54007238678649
4500,OPTIMAL,v2:upper,199.28946687347357
4501,OPTIMAL,v2:upper,72.6041671106206
4502,OPTIMAL,v2:upper,28.86008674895058
4503,OPTIMAL,v2:upper,103.666602071774
4504,OPTIMAL,v2:upper,174.09693388063246
4505,OPTIMAL,v2:upper,67.30228946329885
4506,OPTIMAL,v2:upper,84.65392812214732
4507,OPTIMAL,v3:upper,82.43005145476221
4508,OPTIMAL,v4:upper,179.43796610437582
4509,OPTIMAL,v2:upper,50.9605415209009
4510,OPTIMAL,v2:upper,280.8608972623344
4511,OPTIMAL,v2:upper,91.93330579497729
4512,OPTIMAL,v2:upper,83.08159523729638
4513,OPTIMAL,v1:upper,63.73883251755519
4514,OPTIMAL,v3:upper,137.5115000336854
4515,OPTIMAL,v2:upper,91.85165731942132
4516,OPTIMAL,v2:upper,115.04358560326938
4517,OPTIMAL,v2:upper,62.31899737810304
4518,OPTIMAL,v2:upper,79.73003514275757
4519,OPTIMAL,v1:upper,78.46987880691864
4520,OPTIMAL,v2:upper,90.6081962255306
4521,OPTIMAL,v3:upper,283.35400219250135
4522,OPTIMAL,v2:upper,119.0909457876469
4523,OPTIMAL,v2:upper,25.416520994151448
4524,OPTIMAL,v2:upper,61.395684064646076
4525,OPTIMAL,v2:upper,61.06582933231588
4526,OPTIMAL,v2:upper,574.7578339821822
4527,OPTIMAL,v2:upper,96.92647089660075
4528,OPTIMAL,v1:upper,116.41718730907738
4529,OPTIMAL,v2:upper,56.464357776638415
4530,OPTIMAL,v2:upper,63.496294098462364
4531,OPTIMAL,v2:upper,39.42704771551371
4532,OPTIMAL,v2:upper,184.3051960145517
4533,OPTIMAL,v2:upper,12.021305256804787
4534,OPTIMAL,v2:upper,334.36440546409597
4535,OPTIMAL,v2:upper,8.922232351362814
4536,OPTIMAL,v2:upper,274.51367868847586
4537,OPTIMAL,v1:upper,85.04623276611936
4538,OPTIMAL,v2:upper,282.33050427605696
4539,OPTIMAL,v2:upper,54.743031982680286
4540,OPTIMAL,v2:upper,32.78246723885872
4541,OPTIMAL,v2:upper,59.784232647448036
4542,OPTIMAL,v2:upper,58.36377314662538
4543,OPTIMAL,v1:upper,41.060092935413486
4544,OPTIMAL,v2:upper,192.94686610113035
4545,OPTIMAL,v2:upper,156.6944515097723
4546,OPTIMAL,v2:upper,109.07930611100461
4547,OPTIMAL,v2:upper,115.31346971114036
4548,OPTIMAL,v2:upper,500.6271816939853
4549,OPTIMAL,v1:upper,190.49491912665508
4550,OPTIMAL,v2:upper,119.50308841717587
4551,OPTIMAL,v2:upper,73.01486881601429
4552,OPTIMAL,v2:upper,397.1798632364994
4553,OPTIMAL,v1:upper,155.6417372184395
4554,OPTIMAL,v2:upper,131.7851543115131
4555,OPTIMAL,v2:upper,52.70336106482416
4556,OPTIMAL,v2:upper,41.78412932912203
4557,OPTIMAL,v2:upper,45.712524959307814
4558,OPTIMAL,v2:upper,213.22918746528478
4559,OPTIMAL,v2:upper,80.69339289460324
4560,OPTIMAL,v2:upper,103.6770673421742
4561,OPTIMAL,v2:upper,131.92352493634186
4562,OPTIMAL,v2:upper,173.46691038806344
4563,OPTIMAL,v2:upper,44.010719238013166
4564,OPTIMAL,v2:upper,32.0027300717702
4565,OPTIMAL,v2:upper,89.95583128493614
4566,OPTIMAL,v2:upper,59.66640637658238
4567,OPTIMAL,v2:upper,153.60326588983708
4568,OPTIMAL,v2:upper,48.13610077549188
4569,OPTIMAL,v2:upper,89.45267912162583
4570,OPTIMAL,v2:upper,119.82228169254792
4571,OPTIMAL,v2:upper,169.29104703975145
4572,OPTIMAL,v1:upper,23.02426266820041
4573,OPTIMAL,v2:upper,214.87908764968859
4574,OPTIMAL,v1:upper,235.86393892781146
4575,OPTIMAL,v2:upper,78.01227493725092
4576,OPTIMAL,v2:upper,19.08146490006458
4577,OPTIMAL,v2:upper,408.891976606838
4578,OPTIMAL,v1:upper,396.2061853467342
4579,OPTIMAL,v2:upper,135.67144456570813
4580,OPTIMAL,v1:upper,307.50012145246086
4581,OPTIMAL,v2:upper,107.32179764189968
4582,OPTIMAL,v2:upper,77.69490804166055
4583,OPTIMAL,v1:upper,357.40321829398664
4584,OPTIMAL,v2:upper,171.16310460838858
4585,OPTIMAL,v2:upper,51.65922713928471
4586,OPTIMAL,v2:upper,123.97521666506367
4587,OPTIMAL,v2:upper,49.84051480379636
4588,OPTIMAL,v1:upper,83.19753448229142
4589,OPTIMAL,v3:upper,189.11753250204126
4590,OPTIMAL,v2:upper,35.857088743810976
4591,OPTIMAL,v1:upper,369.99190221688605
4592,OPTIMAL,v4:upper,605.408298564549
4593,OPTIMAL,v2:upper,24.4310999328887
4594,OPTIMAL,v2:upper,32.23661609975948
4595,OPTIMAL,v2:upper,789.2356844775037
4596,OPTIMAL,v2:upper,38.754537527687184
4597,OPTIMAL,v3:upper,263.01767416966106
4598,OPTIMAL,v2:upper,364.27961798427475
4599,OPTIMAL,v2:upper,79.03398879479697
4600,OPTIMAL,v3:upper,7.274551018013864
4601,OPTIMAL,v2:upper,128.89936778916825
4602,OPTIMAL,v1:upper,73.97204226808059
4603,OPTIMAL,v2:upper,34.51673817878556
4604,OPTIMAL,v2:upper,23.95972963950849
4605,OPTIMAL,v2:upper,89.69728363452732
4606,OPTIMAL,v2:upper,27.01306032420173
4607,OPTIMAL,b1:lower;b2:lower;b3:upper;b4:upper;b5:lower;b6:upper;b7:upper;b8:upper;b14:lower,1000.0
4608,OPTIMAL,v2:upper,101.94379220468564
4609,OPTIMAL,v2:upper,128.52102562250295
4610,OPTIMAL,v2:upper,108.68656547070081
4611,OPTIMAL,v2:upper,223.27681551060772
4612,OPTIMAL,v2:upper,100.00261666478646
4613,OPTIMAL,v2:upper,109.6060451115978
4614,OPTIMAL,v2:upper,111.68120987535809
4615,OPTIMAL,v2:upper,326.5283204230507
4616,OPTIMAL,v2:upper,74.63482932823572
4617,OPTIMAL,v2:upper,53.37008570455681
4618,OPTIMAL,v2:upper,25.455676653905154
4619,OPTIMAL,v2:upper,25.15206435489975
4620,OPTIMAL,v3:upper,59.89891538531679
4621,OPTIMAL,v2:upper,37.63367382694161
4622,OPTIMAL,v1:upper,106.93327873149458
4623,OPTIMAL,v3:upper,185.3451217888166
4624,OPTIMAL,v2:upper,136.32853249806215
4625,OPTIMAL,v2:upper,63.813858738346845
4626,OPTIMAL,v3:upper,211.0355177702286
4627,OPTIMAL,v2:upper,102.43430355950031
4628,OPTIMAL,v2:upper,28.412907117522128
4629,OPTIMAL,v2:upper,71.02968072972361
4630,OPTIMAL,v2:upper,98.97124532297653
4631,OPTIMAL,v1:upper,223.2649555728829
4632,OPTIMAL,v2:upper,90.46273789766151
4633,OPTIMAL,v1:upper,170.99565221294245
4634,OPTIMAL,v2:upper,101.81522740410811
4635,OPTIMAL,v1:upper,166.0726554050698
4636,OPTIMAL,v2:upper,151.12258997536705
4637,OPTIMAL,v2:upper,191.71579105459045
4638,OPTIMAL,v1:upper,229.19699257677294
4639,OPTIMAL,v2:upper,458.9518011485198
4640,OPTIMAL,v2:upper,182.5103804309067
4641,OPTIMAL,v1:upper,173.591144081357
4642,OPTIMAL,v2:upper,70.16246411564245
4643,OPTIMAL,v2:upper,74.3144584061296
4644,OPTIMAL,v2:upper,87.45363425442969
4645,OPTIMAL,v2:upper,148.20499215325393
4646,OPTIMAL,v2:upper,135.52776252945813
4647,OPTIMAL,v2:upper,165.803873221712
4648,OPTIMAL,v2:upper,158.29006415261887
4649,OPTIMAL,v1:upper,160.54331031857143
4650,OPTIMAL,v2:upper,82.61432540369584
4651,OPTIMAL,v2:upper,34.683579316595306
4652,OPTIMAL,v1:upper,307.26264738266246
4653,OPTIMAL,v2:upper,102.55712826598487
4654,OPTIMAL,v2:upper,130.50367342787834
4655,OPTIMAL,v2:upper,54.913458342441764
4656,OPTIMAL,v2:upper,30.67893898517203
4657,OPTIMAL,v2:upper,39.6572655067798
4658,OPTIMAL,v2:upper,173.66091931920263
4659,OPTIMAL,v2:upper,195.04636246716143
4660,OPTIMAL,v2:upper,58.89003374994129
4661,OPTIMAL,v2:upper,198.48869201747618
4662,OPTIMAL,v2:upper,88.92149972217473
4663,OPTIMAL,v2:upper,257.97746556633007
4664,OPTIMAL,v2:upper,21.841080673986742
4665,OPTIMAL,v2:upper,172.62557345724264
4666,OPTIMAL,v1:upper,127.45082989480095
4667,OPTIMAL,v2:upper,190.93930982460455
4668,OPTIMAL,v2:upper,29.439909695525923
4669,OPTIMAL,v1:upper,413.2582403734853
4670,OPTIMAL,v2:upper,74.66718602647924
4671,OPTIMAL,v2:upper,73.56917956824269
4672,OPTIMAL,v2:upper,149.24627928277457
4673,OPTIMAL,v2:upper,181.26295022898154
4674,OPTIMAL,v2:upper,63.561713895679816
4675,OPTIMAL,v2:upper,276.6408660172512
4676,OPTIMAL,v2:upper,149.61974363999929
4677,OPTIMAL,v2:upper,74.91161503214353
4678,OPTIMAL,v2:upper,149.6969938781453
4679,OPTIMAL,v2:upper,362.6601534888071
4680,OPTIMAL,v2:upper,57.43696644915918
4681,OPTIMAL,v2:upper,361.07662412356035
4682,OPTIMAL,v2:upper,193.92395040978928
4683,OPTIMAL,v2:upper,46.72756206102541
4684,OPTIMAL,v2:upper,125.14719106274796
4685,OPTIMAL,v2:upper,207.54412749359832
4686,OPTIMAL,v2:upper,236.24555849929274
4687,OPTIMAL,v2:upper,129.62582786221094
4688,OPTIMAL,v2:upper,15.182406588445632
4689,OPTIMAL,v2:upper,10.055338230890053
4690,OPTIMAL,v2:upper,211.25101804720015
4691,OPTIMAL,v2:upper,30.488041758287878
4692,OPTIMAL,v2:upper,316.4274138243353
4693,OPTIMAL,v2:upper,123.64588139291979
4694,OPTIMAL,v1:upper,56.296869761369315
4695,OPTIMAL,v2:upper,87.45238202030225
4696,OPTIMAL,v2:upper,203.70441412759106
4697,OPTIMAL,v2:upper,34.10557084404593
4698,OPTIMAL,v2:upper,100.41082821536729
4699,OPTIMAL,v2:upper,109.10491655071067
4700,OPTIMAL,v2:upper,8.53912858230136
4701,OPTIMAL,v2:upper,481.3981009688776
4702,OPTIMAL,v2:upper,301.7620059692031
4703,OPTIMAL,v2:upper,87.45005914964517
4704,OPTIMAL,v2:upper,120.87893407487267
4705,OPTIMAL,v2:upper,49.33623339689013
4706,OPTIMAL,v2:upper,171.40286782216023
4707,OPTIMAL,v2:upper,184.0631780994238
4708,OPTIMAL,v2:upper,86.96379262762169
4709,OPTIMAL,v2:upper,132.14045385393447
4710,OPTIMAL,v2:upper,41.257724439300304
4711,OPTIMAL,v2:upper,128.27492691724032
4712,OPTIMAL,v1:upper,558.8647941144944
4713,OPTIMAL,v2:upper,213.36120872082418
4714,OPTIMAL,v2:upper,75.52747114265652
4715,OPTIMAL,v2:upper,61.01574579923741
4716,OPTIMAL,v4:upper,233.01482699534586
4717,OPTIMAL,v1:upper,40.8076658347374
4718,OPTIMAL,v2:upper,54.69201681151347
4719,OPTIMAL,v2:upper,36.98944372803651
4720,OPTIMAL,v3:upper,236.14132814411136
4721,OPTIMAL,v2:upper,112.78960542450949
4722,OPTIMAL,v2:upper,38.13548678248274
4723,OPTIMAL,v2:upper,48.888519330669844
4724,OPTIMAL,v2:upper,46.18285245724267
4725,OPTIMAL,v2:upper,460.7493095334746
4726,OPTIMAL,v2:upper,160.40443402888366
4727,OPTIMAL,v2:upper,64.40942044366037
4728,OPTIMAL,v2:upper,89.6922512609112
4729,OPTIMAL,v2:upper,129.06535402365472
4730,OPTIMAL,v2:upper,19.085788342852915
4731,OPTIMAL,v2:upper,60.45041166437489
4732,OPTIMAL,v2:upper,199.3209984261686
4733,OPTIMAL,v2:upper,39.96263398751414
4734,OPTIMAL,v2:upper,32.79310429571083
4735,OPTIMAL,v2:upper,41.77636907250723
4736,OPTIMAL,v2:upper,93.59739385283623
4737,OPTIMAL,v1:upper,162.28602718267985
4738,OPTIMAL,v3:upper,79.21013798369178
4739,OPTIMAL,v2:upper,32.7672270617374
4740,OPTIMAL,v1:upper,355.2792601473942
4741,OPTIMAL,v2:upper,715.0622421094012
4742,OPTIMAL,v1:upper,58.35328459198503
4743,OPTIMAL,v2:upper,90.28090769380077
4744,OPTIMAL,v2:upper,175.30480689322167
4745,OPTIMAL,v2:upper,158.0103346737461
4746,OPTIMAL,v2:upper,10.565854620978286
4747,OPTIMAL,v2:upper,7.123548148835862
4748,OPTIMAL,v2:upper,275.75962894705566
4749,OPTIMAL,v2:upper,134.22399091309896
4750,OPTIMAL,v2:upper,193.0873771358181
4751,OPTIMAL,v2:upper,73.22805309906707
4752,OPTIMAL,v2:upper,17.598544722257977
4753,OPTIMAL,v2:upper,131.9509262744179
4754,OPTIMAL,v2:upper,53.313921848994674
4755,OPTIMAL,v2:upper,89.95627176116612
4756,OPTIMAL,v2:upper,246.8556869261923
4757,OPTIMAL,v1:upper,52.313685402707726
4758,OPTIMAL,v2:upper,12.023792440436065
4759,OPTIMAL,v2:upper,343.87218346931706
4760,OPTIMAL,v2:upper,48.464968833502446
4761,OPTIMAL,v2:upper,225.93543818793665
4762,OPTIMAL,v2:upper,43.643647900112576
4763,OPTIMAL,v2:upper,52.91974833202589
4764,OPTIMAL,v2:upper,88.93374111002409
4765,OPTIMAL,v2:upper,143.8286194955473
4766,OPTIMAL,v2:upper,203.07983893207555
4767,OPTIMAL,v2:upper,440.8884693369438
4768,OPTIMAL,v2:upper,214.63801156892768
4769,OPTIMAL,v2:upper,135.27754764264535
4770,OPTIMAL,v2:upper,21.3409715738851
4771,OPTIMAL,v2:upper,90.12681856957711
4772,OPTIMAL,v2:upper,127.48988881868168
4773,OPTIMAL,v2:upper,92.64333271332022
4774,OPTIMAL,v2:upper,196.58753952125252
4775,OPTIMAL,v2:upper,34.32769736082837
4776,OPTIMAL,v2:upper,250.37436310757997
4777,OPTIMAL,v2:upper,34.61801353739776
4778,OPTIMAL,v2:upper,217.7998176238799
4779,OPTIMAL,v2:upper,71.23399097363814
4780,OPTIMAL,v1:upper,614.0042732538694
4781,OPTIMAL,v2:upper,124.39168692991652
4782,OPTIMAL,v2:upper,211.27288388190783
4783,OPTIMAL,v1:upper,388.8775158534977
4784,OPTIMAL,v2:upper,101.66003174253449
4785,OPTIMAL,v2:upper,97.33097938427704
4786,OPTIMAL,v1:upper,65.01783478956423
4787,OPTIMAL,v2:upper,37.7751564898383
4788,OPTIMAL,v2:upper,110.50851258292154
4789,OPTIMAL,v2:upper,288.2828572574821
4790,OPTIMAL,v2:upper,158.23077711212812
4791,OPTIMAL,v2:upper,52.473178305233965
4792,OPTIMAL,v2:upper,180.81350468387507
4793,OPTIMAL,v2:upper,45.35455306096128
4794,OPTIMAL,v2:upper,68.14815712935601
4795,OPTIMAL,v2:upper,173.45409214061365
4796,OPTIMAL,v1:upper,123.09605207769339
4797,OPTIMAL,v2:upper,128.48866312186962
4798,OPTIMAL,v2:upper,292.31228305746987
4799,OPTIMAL,v2:upper,32.59696122442379
4800,OPTIMAL,v2:upper,443.13862199473624
4801,OPTIMAL,v1:upper,90.51006504772401
4802,OPTIMAL,v2:upper,76.55971820772685
4803,OPTIMAL,v2:upper,70.8842283411929
4804,OPTIMAL,v2:upper,80.45389853623925
4805,OPTIMAL,v2:upper,186.69538143704762
4806,OPTIMAL,v2:upper,22.974103523031186
4807,OPTIMAL,v2:upper,64.66165313274628
4808,OPTIMAL,v2:upper,158.50040033798615
4809,OPTIMAL,v1:upper,133.49079165254116
4810,OPTIMAL,v2:upper,151.4512457481133
4811,OPTIMAL,v2:upper,119.90444198914997
4812,OPTIMAL,v2:upper,70.66771002702002
4813,OPTIMAL,v1:upper,86.9488456455328
4814,OPTIMAL,v2:upper,100.75226896834005
4815,OPTIMAL,v2:upper,183.7198523781358
4816,OPTIMAL,v2:upper,91.4205223446397
4817,OPTIMAL,v2:upper,328.0284875532444
4818,OPTIMAL,v2:upper,175.9607108576638
4819,OPTIMAL,v2:upper,124.56162563878655
4820,OPTIMAL,v1:upper,113.63458482691395
4821,OPTIMAL,v2:upper,32.94740902271046
4822,OPTIMAL,v2:upper,201.75667250626663
4823,OPTIMAL,v2:upper,68.46048234567205
4824,OPTIMAL,v2:upper,141.82285160475436
4825,OPTIMAL,v2:upper,493.23285670695293
4826,OPTIMAL,v1:upper,127.62035505339065
4827,OPTIMAL,v1:upper,77.44999704840637
4828,OPTIMAL,v2:upper,149.1221008690958
4829,OPTIMAL,v2:upper,138.16939488926067
4830,OPTIMAL,v2:upper,63.48673351323768
4831,OPTIMAL,v2:upper,623.0193021428026
4832,OPTIMAL,v2:upper,69.27059644580176
4833,OPTIMAL,v2:upper,30.944465228488067
4834,OPTIMAL,v2:upper,114.23217818910796
4835,OPTIMAL,v2:upper,195.12100129617255
4836,OPTIMAL,v2:upper,170.8498859603201
4837,OPTIMAL,v2:upper,398.68221415991604
4838,OPTIMAL,v2:upper,229.15370265051516
4839,OPTIMAL,v2:upper,253.14121020811942
4840,OPTIMAL,v2:upper,94.68478354906654
4841,OPTIMAL,v2:upper,121.8078628643539
4842,OPTIMAL,v1:upper,185.25489247013056
4843,OPTIMAL,v1:upper,136.0002831792636
4844,OPTIMAL,v2:upper,101.10027808873807
4845,OPTIMAL,v2:upper,65.74914887671508
4846,OPTIMAL,v2:upper,100.48087145109575
4847,OPTIMAL,v1:upper,165.06032180248698
4848,OPTIMAL,v2:upper,165.02740845815822
4849,OPTIMAL,v2:upper,82.93109826803956
4850,OPTIMAL,v2:upper,37.85488844038455
4851,OPTIMAL,v1:upper,119.87117916417805
4852,OPTIMAL,v2:upper,122.2411563325047
4853,OPTIMAL,v2:upper,80.32745399834211
4854,OPTIMAL,v2:upper,94.1716980303132
4855,OPTIMAL,v3:upper,57.922528954237386
4856,OPTIMAL,v2:upper,308.7744612075181
4857,OPTIMAL,v2:upper,49.82441773683375
4858,OPTIMAL,v2:upper,130.563002844182
4859,OPTIMAL,v2:upper,23.52815048165821
4860,OPTIMAL,v2:upper,404.422452076834
4861,OPTIMAL,v2:upper,222.02006175170342
4862,OPTIMAL,v2:upper,233.0449406368487
4863,OPTIMAL,v2:upper,277.35729637705026
4864,OPTIMAL,v2:upper,19.115721957176685
4865,OPTIMAL,v2:upper,115.74143325370844
4866,OPTIMAL,v1:upper,211.26236638039268
4867,OPTIMAL,v2:upper,502.6571930698345
4868,OPTIMAL,v2:upper,128.6029337594897
4869,OPTIMAL,v2:upper,87.68689658341349
4870,OPTIMAL,v2:upper,56.12248815102303
4871,OPTIMAL,v2:upper,38.194325508434744
4872,OPTIMAL,v2:upper,104.85495131877661
4873,OPTIMAL,v1:upper,239.53965128067523
4874,OPTIMAL,v3:upper,132.94183382387675
4875,OPTIMAL,v2:upper,188.29899821386672
4876,OPTIMAL,v2:upper,403.6129065441112
4877,OPTIMAL,v1:upper,25.792043283543688
4878,OPTIMAL,v2:upper,135.14318322212387
4879,OPTIMAL,v2:upper,61.53899851983462
4880,OPTIMAL,v2:upper,98.15340731664652
4881,OPTIMAL,v2:upper,10.390908657658555
4882,OPTIMAL,v2:upper,55.36915553965282
4883,OPTIMAL,v2:upper,124.9996129079941
4884,OPTIMAL,v2:upper,362.1832154998211
4885,OPTIMAL,v2:upper,56.67143424626583
4886,OPTIMAL,v2:upper,22.444284562532726
4887,OPTIMAL,v2:upper,311.3717247416031
4888,OPTIMAL,v2:upper,146.11283771552172
4889,OPTIMAL,v2:upper,56.71977257140796
4890,OPTIMAL,v2:upper,282.02511943350726
4891,OPTIMAL,v2:upper,74.69422427384853
4892,OPTIMAL,v2:upper,269.7962080754762
4893,OPTIMAL,v1:upper,494.2860439571598
4894,OPTIMAL,v2:upper,23.533492391641317
4895,OPTIMAL,v2:upper,117.01258423142711
4896,OPTIMAL,v2:upper,325.4325923535812
4897,OPTIMAL,v2:upper,308.78039223746083
4898,OPTIMAL,v2:upper,121.45150444924019
4899,OPTIMAL,v2:upper,77.36598698335997
4900,OPTIMAL,v2:upper,154.176096677773
4901,OPTIMAL,v2:upper,96.40240627691952
4902,OPTIMAL,v1:upper,170.89411218735182
4903,OPTIMAL,v2:upper,49.79877549630214
4904,OPTIMAL,v2:upper,48.95614694456566
4905,OPTIMAL,v1:upper,575.7327044763264
4906,OPTIMAL,v2:upper,108.1004611002538
4907,OPTIMAL,v1:upper,110.50731858353114
4908,OPTIMAL,v2:upper,390.48017748984455
4909,OPTIMAL,v1:upper,138.58934353745303
4910,OPTIMAL,v2:upper,377.3983972289714
4911,OPTIMAL,v1:upper,157.82558872537186
4912,OPTIMAL,v2:upper,68.38745555484935
4913,OPTIMAL,v2:upper,56.99061050229176
4914,OPTIMAL,v2:upper,76.20030540127479
4915,OPTIMAL,v2:upper,59.197800190007754
4916,OPTIMAL,v2:upper,57.95978299745625
4917,OPTIMAL,v2:upper,554.5322908117136
4918,OPTIMAL,v2:upper,34.62158991616535
4919,OPTIMAL,v2:upper,162.66242582621462
4920,OPTIMAL,v2:upper,21.6713752748449
4921,OPTIMAL,v2:upper,90.81096765323842
4922,OPTIMAL,v1:upper,79.95068374915788
4923,OPTIMAL,v2:upper,547.4732757629198
4924,OPTIMAL,v2:upper,378.68800743228496
4925,OPTIMAL,v2:upper,40.708323363289885
4926,OPTIMAL,v2:upper,55.63086299881655
4927,OPTIMAL,v2:upper,20.14216594251746
4928,OPTIMAL,v2:upper,67.47193217331002
4929,OPTIMAL,v1:upper,178.1648307383309
4930,OPTIMAL,v2:upper,52.99941597752448
4931,OPTIMAL,v2:upper,34.17808912855784
4932,OPTIMAL,v1:upper,110.41364293253291
4933,OPTIMAL,v1:upper,170.01030357579646
4934,OPTIMAL,v2:upper,155.47569775245364
4935,OPTIMAL,v2:upper,96.97861313659534
4936,OPTIMAL,v2:upper,27.654129738975133
4937,OPTIMAL,v2:upper,140.32078384927607
4938,OPTIMAL,v2:upper,93.87265377735434
4939,OPTIMAL,v2:upper,61.03959867701259
4940,OPTIMAL,v2:upper,903.5083295401441
4941,OPTIMAL,v2:upper,64.40315459358618
4942,OPTIMAL,v2:upper,484.37565518664354
4943,OPTIMAL,v2:upper,42.99039596424102
4944,OPTIMAL,v2:upper,274.42085983880565
4945,OPTIMAL,v2:upper,22.5651773122584
4946,OPTIMAL,v1:upper,99.50561666721265
4947,OPTIMAL,v2:upper,118.41550474580606
4948,OPTIMAL,v2:upper,453.86400579460764
4949,OPTIMAL,v2:upper,45.22932094507865
4950,OPTIMAL,v2:upper,169.1436252071944
4951,OPTIMAL,v2:upper,9.10914037887558
4952,OPTIMAL,v3:upper,145.5893673187559
4953,OPTIMAL,v2:upper,19.53736716961852
4954,OPTIMAL,v2:upper,34.2316024869797
4955,OPTIMAL,v2:upper,76.95635419153727
4956,OPTIMAL,v2:upper,76.02607225781122
4957,OPTIMAL,v2:upper,54.54388083211053
4958,OPTIMAL,v2:upper,10.824702435630597
4959,OPTIMAL,v2:upper,22.18775651560579
4960,OPTIMAL,v2:upper,59.980778585248515
4961,OPTIMAL,v2:upper,32.773306144994876
4962,OPTIMAL,v2:upper,29.862488330206936
4963,OPTIMAL,v2:upper,37.15843857465679
4964,OPTIMAL,v3:upper,147.99811797516446
4965,OPTIMAL,v2:upper,170.78269503488264
4966,OPTIMAL,v1:upper,14.960010830355
4967,OPTIMAL,v3:upper,186.29093460189264
4968,OPTIMAL,v2:upper,121.2870465530356
4969,OPTIMAL,v2:upper,100.98981663848616
4970,OPTIMAL,v2:upper,251.32898506669628
4971,OPTIMAL,v2:upper,33.17234769368102
4972,OPTIMAL,v2:upper,44.6924579912941
4973,OPTIMAL,v2:upper,25.957755050786414
4974,OPTIMAL,v2:upper,152.02988362746248
4975,OPTIMAL,v1:upper,352.23956312684624
4976,OPTIMAL,v2:upper,82.6157215551103
4977,OPTIMAL,v4:upper,439.8077043596655
4978,OPTIMAL,v2:upper,118.32104573654215
4979,OPTIMAL,v2:upper,63.76949688306111
4980,OPTIMAL,v2:upper,29.341129084451758
4981,OPTIMAL,v2:upper,665.5043046318235
4982,OPTIMAL,v2:upper,184.358417000314
4983,OPTIMAL,v1:upper,42.92683514236869
4984,OPTIMAL,v2:upper,95.12384746333016
4985,OPTIMAL,v1:upper,137.92317744773572
4986,OPTIMAL,v3:upper,87.97593283537078
4987,OPTIMAL,v1:upper,117.1549900457475
4988,OPTIMAL,v2:upper,26.24721040157655
4989,OPTIMAL,v2:upper,38.17328658394115
4990,OPTIMAL,v2:upper,215.12545310731386
4991,OPTIMAL,v2:upper,20.61471794491916
4992,OPTIMAL,v2:upper,34.93667455662406
4993,OPTIMAL,v2:upper,157.754584732883
4994,OPTIMAL,v2:upper,57.53250340200256
4995,OPTIMAL,v2:upper,121.05397218948002
4996,OPTIMAL,v2:upper,555.4744105031517
4997,OPTIMAL,v2:upper,69.46056603969396
4998,OPTIMAL,v1:upper,81.74740050834183
4999,OPTIMAL,v2:upper,215.89046821373026
5000,OPTIMAL,v1:upper,291.9329504863203
5001,OPTIMAL,v2:upper,328.4110043456147
5002,OPTIMAL,v2:upper,67.72206664791135
5003,OPTIMAL,v2:upper,48.35914990954319
5004,OPTIMAL,v2:upper,193.84986493466724
5005,OPTIMAL,v2:upper,444.91611004516244
5006,OPTIMAL,v2:upper,17.966686130629185
5007,OPTIMAL,v2:upper,86.43151980845566
5008,OPTIMAL,v2:upper,83.64567190385702
5009,OPTIMAL,v2:upper,191.0109823603987
5010,OPTIMAL,v2:upper,97.60401283694155
5011,OPTIMAL,v2:upper,39.060760434625564
5012,OPTIMAL,v2:upper,291.0166015627007
5013,OPTIMAL,v2:upper,73.51944622770847
5014,OPTIMAL,v2:upper,67.6543317272407
5015,OPTIMAL,v2:upper,34.369783364000305
5016,OPTIMAL,v2:upper,214.88791584897547
5017,OPTIMAL,v2:upper,140.98325926000035
5018,OPTIMAL,v2:upper,30.619768070185586
5019,OPTIMAL,v2:upper,73.23793855941939
5020,OPTIMAL,v2:upper,28.31494649652874
5021,OPTIMAL,v2:upper,42.95529336751613
5022,OPTIMAL,v2:upper,139.68808797341137
5023,OPTIMAL,v2:upper,75.70163079744702
5024,OPTIMAL,v1:upper,304.85348976622726
5025,OPTIMAL,v2:upper,39.46866722898031
5026,OPTIMAL,v2:upper,46.45852639929182
5027,OPTIMAL,v2:upper,8.582244262423513
5028,OPTIMAL,v1:upper,349.17399948223215
5029,OPTIMAL,v1:upper,51.20647688988825
5030,OPTIMAL,v2:upper,69.12449730430014
5031,OPTIMAL,v2:upper,57.34260783664541
5032,OPTIMAL,v2:upper,83.98744992817417
5033,OPTIMAL,v2:upper,126.80310678443587
5034,OPTIMAL,v2:upper,649.1956697665443
5035,OPTIMAL,v2:upper,50.51236246499389
5036,OPTIMAL,v2:upper,58.6936839117532
5037,OPTIMAL,v2:upper,49.87234341457348
5038,OPTIMAL,v2:upper,28.955497176541666
5039,OPTIMAL,v3:upper,29.755912379505713
5040,OPTIMAL,v2:upper,73.19546045841803
5041,OPTIMAL,v2:upper,93.33963363386039
5042,OPTIMAL,v2:upper,240.5092925138161
5043,OPTIMAL,v1:upper,282.29531776101265
5044,OPTIMAL,v3:upper,69.64122721184037
5045,OPTIMAL,v2:upper,40.638459309440364
5046,OPTIMAL,v2:upper,125.56147638540655
5047,OPTIMAL,v1:upper,34.39757175231215
5048,OPTIMAL,v2:upper,40.60204748317494
5049,OPTIMAL,v2:upper,115.10582772262262
5050,OPTIMAL,v2:upper,154.13054263961214
5051,OPTIMAL,v1:upper,737.9989991719339
5052,OPTIMAL,v2:upper,100.91078640986987
5053,OPTIMAL,v2:upper,210.54986665396126
5054,OPTIMAL,v2:upper,9.460748077273223
5055,OPTIMAL,v2:upper,233.7018611414397
5056,OPTIMAL,v1:upper,57.58165416282378
5057,OPTIMAL,v2:upper,550.0846580774199
5058,OPTIMAL,v1:upper,85.01404219007074
5059,OPTIMAL,v2:upper,32.4753759424528
5060,OPTIMAL,v2:upper,525.5860694868018
5061,OPTIMAL,v2:upper,63.72082740986746
5062,OPTIMAL,v2:upper,25.634468592512373
5063,OPTIMAL,v2:upper,66.63258666005815
5064,OPTIMAL,v2:upper,216.18755468033805
5065,OPTIMAL,v4:upper,104.24198735621252
5066,OPTIMAL,v2:upper,87.68616249515959
5067,OPTIMAL,v2:upper,71.7730674882923
5068,OPTIMAL,v2:upper,186.42686375522044
5069,OPTIMAL,v2:upper,36.516686139748565
5070,OPTIMAL,v2:upper,5.36686256583054
5071,OPTIMAL,v2:upper,83.53052291259006
5072,OPTIMAL,v2:upper,88.61126596828183
5073,OPTIMAL,v2:upper,303.5909301595501
5074,OPTIMAL,v2:upper,191.88482356911635
5075,OPTIMAL,v2:upper,44.20340562409082
5076,OPTIMAL,v2:upper,219.6264648224488
5077,OPTIMAL,v1:upper,526.5332568849426
5078,OPTIMAL,v2:upper,163.20110858917442
5079,OPTIMAL,v2:upper,81.69704626177655
5080,OPTIMAL,v2:upper,178.77412128563526
5081,OPTIMAL,v2:upper,84.75454928870013
5082,OPTIMAL,v4:upper,82.30482093448977
5083,OPTIMAL,v2:upper,89.10479885489654
5084,OPTIMAL,v2:upper,117.15851741392322
5085,OPTIMAL,v1:upper,57.42456927112027
5086,OPTIMAL,v1:upper,50.781868828040366
5087,OPTIMAL,v2:upper,142.05498611570556
5088,OPTIMAL,v2:upper,32.011014610571
5089,OPTIMAL,v2:upper,84.14240267568533
5090,OPTIMAL,v2:upper,51.329165079308666
5091,OPTIMAL,v2:upper,185.59446525360332
5092,OPTIMAL,v3:upper,238.9947466813755
5093,OPTIMAL,v2:upper,28.52378393251082
5094,OPTIMAL,v2:upper,132.59004157756854
5095,OPTIMAL,v2:upper,148.57481815734036
5096,OPTIMAL,v2:upper,25.090133553212176
5097,OPTIMAL,v2:upper,181.17259316605475
5098,OPTIMAL,v1:upper,399.0719646013018
5099,OPTIMAL,v2:upper,85.00233166289324
5100,OPTIMAL,v2:upper,111.36674261550671
5101,OPTIMAL,v2:upper,24.719229632998246
5102,OPTIMAL,v2:upper,30.33442985563319
5103,OPTIMAL,v2:upper,306.8546097341932
5104,OPTIMAL,v2:upper,71.21277321195184
5105,OPTIMAL,v2:upper,85.43874366255424
5106,OPTIMAL,v1:upper,80.04762650739356
5107,OPTIMAL,v2:upper,95.86198161940443
5108,OPTIMAL,v2:upper,66.78682544163638
5109,OPTIMAL,v2:upper,16.57940051493095
5110,OPTIMAL,v2:upper,43.171710707043154
5111,OPTIMAL,v1:upper,226.40936369251833
5112,OPTIMAL,v2:upper,76.71700268014376
5113,OPTIMAL,v2:upper,54.85081925798105
5114,OPTIMAL,v2:upper,123.36036334815564
5115,OPTIMAL,v2:upper,90.86835361251455
5116,OPTIMAL,v2:upper,69.21209911363403
5117,OPTIMAL,v2:upper,379.2532052883749
5118,OPTIMAL,v1:upper,53.38651576226551
5119,OPTIMAL,v2:upper,49.89422617148064
5120,OPTIMAL,v3:upper,49.16575139867664
5121,OPTIMAL,v2:upper,21.205315988838866
5122,OPTIMAL,v4:upper,795.3800089665292
5123,OPTIMAL,v2:upper,13.926455246309438
5124,OPTIMAL,v2:upper,196.72297025574946
5125,OPTIMAL,v2:upper,60.03154783081302
5126,OPTIMAL,v2:upper,173.0421758411182
5127,OPTIMAL,v2:upper,93.20870695295177
5128,OPTIMAL,v2:upper,111.78432247001791
5129,OPTIMAL,v2:upper,34.8847233338943
5130,OPTIMAL,v2:upper,160.05269601330576
5131,OPTIMAL,v2:upper,124.63391218578461
5132,OPTIMAL,v2:upper,151.45956771138512
5133,OPTIMAL,v2:upper,143.71571835598115
5134,OPTIMAL,v2:upper,57.330498166291115
5135,OPTIMAL,v2:upper,109.87501378784609
5136,OPTIMAL,v2:upper,469.1361284221771
5137,OPTIMAL,v2:upper,327.4645332669651
5138,OPTIMAL,v2:upper,81.21719207289156
5139,OPTIMAL,v2:upper,45.17340030467715
5140,OPTIMAL,v2:upper,155.41394312379566
5141,OPTIMAL,v2:upper,47.8902494861917
5142,OPTIMAL,v2:upper,46.13754963400599
5143,OPTIMAL,v2:upper,302.31019176828136
5144,OPTIMAL,v2:upper,47.5785086698564
5145,OPTIMAL,v2:upper,92.51200651995417
5146,OPTIMAL,v2:upper,4.322721570561898
5147,OPTIMAL,v2:upper,42.37418596039952
5148,OPTIMAL,v1:upper,167.1641310239142
5149,OPTIMAL,v2:upper,260.2559818536456
5150,OPTIMAL,v2:upper,51.21982414605235
5151,OPTIMAL,v1:upper,232.77956158725388
5152,OPTIMAL,v2:upper,94.57027156616452
5153,OPTIMAL,v2:upper,115.5691703479642
5154,OPTIMAL,v2:upper,116.12977462368019
5155,OPTIMAL,v2:upper,113.82846599514637
5156,OPTIMAL,v2:upper,93.2710922795678
5157,OPTIMAL,v2:upper,136.4204773437038
5158,OPTIMAL,v2:upper,181.61185834578686
5159,OPTIMAL,v2:upper,92.36281653585836
5160,OPTIMAL,v2:upper,134.66362178818173
5161,OPTIMAL,v1:upper,25.011068478543212
5162,OPTIMAL,v2:upper,307.4839075951556
5163,OPTIMAL,v4:upper,168.16337639039307
5164,OPTIMAL,v2:upper,324.01117572604323
5165,OPTIMAL,v2:upper,233.48395162791775
5166,OPTIMAL,v2:upper,35.995477384576304
5167,OPTIMAL,v2:upper,152.22020224834515
5168,OPTIMAL,v2:upper,59.954395007641544
5169,OPTIMAL,v1:upper,147.44945789579242
5170,OPTIMAL,v2:upper,64.03262996913085
5171,OPTIMAL,v2:upper,180.50702859368067
5172,OPTIMAL,v2:upper,103.20919253786148
5173,OPTIMAL,v2:upper,39.1542296640145
5174,OPTIMAL,v2:upper,466.4482253956177
5175,OPTIMAL,v2:upper,23.39796798446107
5176,OPTIMAL,v2:upper,72.87513913346582
5177,OPTIMAL,v2:upper,17.06226114087583
5178,OPTIMAL,v2:upper,147.64270320171818
5179,OPTIMAL,v3:upper,117.0346603771124
5180,OPTIMAL,v2:upper,30.883251644900756
5181,OPTIMAL,v2:upper,31.02713248076785
5182,OPTIMAL,v2:upper,53.07554490240201
5183,OPTIMAL,v2:upper,130.08626855969578
5184,OPTIMAL,v2:upper,50.59031051699431
5185,OPTIMAL,v2:upper,118.91622433702052
5186,OPTIMAL,v2:upper,159.74478327003672
5187,OPTIMAL,v3:upper,38.61481998016057
5188,OPTIMAL,v2:upper,80.5627639471711
5189,OPTIMAL,v2:upper,43.72035124740568
5190,OPTIMAL,v2:upper,28.737479996242058
5191,OPTIMAL,v3:upper,40.62271823331501
5192,OPTIMAL,v2:upper,120.0053517439267
5193,OPTIMAL,v1:upper,184.4143205523315
5194,OPTIMAL,v2:upper,16.30099018351801
5195,OPTIMAL,v2:upper,127.16908382742383
5196,OPTIMAL,v2:upper,87.44271806498146
5197,OPTIMAL,v2:upper,70.96255111255094
5198,OPTIMAL,v3:upper,88.09893707127513
5199,OPTIMAL,v2:upper,175.94697879645338
5200,OPTIMAL,v2:upper,46.23418246509703
5201,OPTIMAL,v1:upper,150.87209579261395
5202,OPTIMAL,v2:upper,178.1204828150239
5203,OPTIMAL,v2:upper,54.267123934371945
5204,OPTIMAL,v2:upper,325.3254953155632
5205,OPTIMAL,v2:upper,41.63216592072284
5206,OPTIMAL,v2:upper,141.17593562658618
5207,OPTIMAL,v2:upper,60.48264744178657
5208,OPTIMAL,v1:upper,225.16790272559817
5209,OPTIMAL,v1:upper,206.650903126757
5210,OPTIMAL,v2:upper,646.2942949171577
5211,OPTIMAL,v2:upper,202.21626059018388
5212,OPTIMAL,v1:upper,564.7051159954742
5213,OPTIMAL,v2:upper,56.70723094430254
5214,OPTIMAL,v2:upper,71.85649399240503
5215,OPTIMAL,v2:upper,95.33351082100197
5216,OPTIMAL,v2:upper,79.66243372867187
5217,OPTIMAL,v2:upper,58.64561548552195
5218,OPTIMAL,v2:upper,203.04216797864336
5219,OPTIMAL,v2:upper,127.59689713799017
5220,OPTIMAL,v2:upper,491.0907936379887
5221,OPTIMAL,v2:upper,305.0369531270759
5222,OPTIMAL,v2:upper,106.46617738044982
5223,OPTIMAL,v1:upper,72.76095019140725
5224,OPTIMAL,v3:upper,198.3916267596257
5225,OPTIMAL,v2:upper,21.829342497504992
5226,OPTIMAL,v2:upper,61.22698085216834
5227,OPTIMAL,v3:upper,281.0999915585094
5228,OPTIMAL,v2:upper,79.14592306290916
5229,OPTIMAL,v2:upper,216.90641535572178
5230,OPTIMAL,v2:upper,92.76100969337138
5231,OPTIMAL,v1:upper,72.9053348215355
5232,OPTIMAL,v2:upper,98.55189270751202
5233,OPTIMAL,v2:upper,12.035508924579355
5234,OPTIMAL,v2:upper,43.47565692161199
5235,OPTIMAL,v2:upper,26.388024016447993
5236,OPTIMAL,v2:upper,41.93941471211616
5237,OPTIMAL,v1:upper,303.2930073862044
5238,OPTIMAL,v2:upper,163.01639352381224
5239,OPTIMAL,v2:upper,42.007647191747594
5240,OPTIMAL,v2:upper,39.722379786110764
5241,OPTIMAL,v2:upper,95.30838288889225
5242,OPTIMAL,v3:upper,631.9407570220394
5243,OPTIMAL,v1:upper,40.074641674772586
5244,OPTIMAL,v3:upper,46.17915127465217
5245,OPTIMAL,v2:upper,156.05642763021066
5246,OPTIMAL,v2:upper,181.9898439329051
5247,OPTIMAL,v2:upper,25.92297528373076
5248,OPTIMAL,v2:upper,41.568130050899164
5249,OPTIMAL,v1:upper,106.49465833295275
5250,OPTIMAL,v1:upper,118.26084468111418
5251,OPTIMAL,v2:upper,13.212612697607618
5252,OPTIMAL,v2:upper,107.84670164416524
5253,OPTIMAL,v2:upper,94.91699598105936
5254,OPTIMAL,v2:upper,38.50043558007481
5255,OPTIMAL,v2:upper,21.27916256516131
5256,OPTIMAL,v2:upper,73.6234170864598
5257,OPTIMAL,v2:upper,177.56292085980834
5258,OPTIMAL,v2:upper,188.77117115133336
5259,OPTIMAL,v1:upper,80.59212814893655
5260,OPTIMAL,v2:upper,169.17737026520368
5261,OPTIMAL,v2:upper,117.5704464701899
5262,OPTIMAL,v2:upper,89.45831186317388
5263,OPTIMAL,v2:upper,197.68951275852348
5264,OPTIMAL,v3:upper,35.770705953421576
5265,OPTIMAL,v1:upper,222.8260903324066
5266,OPTIMAL,v2:upper,117.21925459808668
5267,OPTIMAL,v2:upper,154.4828786807018
5268,OPTIMAL,v1:upper,59.665558437212795
5269,OPTIMAL,v2:upper,39.556697429589256
5270,OPTIMAL,v2:upper,132.73376563204346
5271,OPTIMAL,v2:upper,59.65594998122939
5272,OPTIMAL,v1:upper,236.40700703577645
5273,OPTIMAL,v2:upper,90.86244690561502
5274,OPTIMAL,v2:upper,94.23904736963203
5275,OPTIMAL,v1:upper,64.16383678031903
5276,OPTIMAL,v2:upper,30.62365067623006
5277,OPTIMAL,v2:upper,8.527049055524962
5278,OPTIMAL,v2:upper,100.51294670806936
5279,OPTIMAL,v2:upper,18.004471379402098
5280,OPTIMAL,v2:upper,80.05374397263431
5281,OPTIMAL,v2:upper,129.34622534757108
5282,OPTIMAL,v2:upper,43.78882120375963
5283,OPTIMAL,v2:upper,56.837956556647825
5284,OPTIMAL,v2:upper,83.1859569906683
5285,OPTIMAL,v2:upper,43.642195307670214
5286,OPTIMAL,v2:upper,69.43482592757383
5287,OPTIMAL,v2:upper,135.97691533385833
5288,OPTIMAL,v2:upper,273.16737696202927
5289,OPTIMAL,v2:upper,26.38428498350705
5290,OPTIMAL,v3:upper,253.1605710029923
5291,OPTIMAL,v2:upper,45.847701527043334
5292,OPTIMAL,v2:upper,53.087168425727306
5293,OPTIMAL,v2:upper,112.90049253474231
5294,OPTIMAL,v1:upper,162.92427489545105
5295,OPTIMAL,v3:upper,147.59469046714162
5296,OPTIMAL,v1:upper,139.5488855509214
5297,OPTIMAL,v2:upper,75.39752103853802
5298,OPTIMAL,v2:upper,59.51992091276251
5299,OPTIMAL,v1:upper,45.6145973497494
5300,OPTIMAL,v2:upper,232.15399780181923
5301,OPTIMAL,v2:upper,394.8466821970664
5302,OPTIMAL,v2:upper,351.87379057873164
5303,OPTIMAL,v2:upper,72.92534036167993
5304,OPTIMAL,v2:upper,27.410734946568798
5305,OPTIMAL,v1:upper,52.31831379120279
5306,OPTIMAL,v2:upper,69.51615585446748
5307,OPTIMAL,v2:upper,89.16126447110678
5308,OPTIMAL,v2:upper,164.42828000030065
5309,OPTIMAL,v2:upper,197.50630333672976
5310,OPTIMAL,v2:upper,167.0783675350059
5311,OPTIMAL,v1:upper,78.64000467367282
5312,OPTIMAL,v2:upper,50.50336520381435
5313,OPTIMAL,v2:upper,120.3963176268348
5314,OPTIMAL,v2:upper,150.2241556481709
5315,OPTIMAL,v1:upper,21.17099130264819
5316,OPTIMAL,v2:upper,162.23319741043971
5317,OPTIMAL,v2:upper,202.77835551331614
5318,OPTIMAL,v2:upper,161.0908463200723
5319,OPTIMAL,v2:upper,83.92897064243813
5320,OPTIMAL,v2:upper,134.0779245175454
5321,OPTIMAL,v1:upper,168.8614410045657
5322,OPTIMAL,v2:upper,123.76424428498042
5323,OPTIMAL,v3:upper,45.2733779052677
5324,OPTIMAL,v2:upper,144.63044230970775
5325,OPTIMAL,v2:upper,4.369083166437409
5326,OPTIMAL,v1:upper,116.32893293990905
5327,OPTIMAL,v1:upper,70.80042419967013
5328,OPTIMAL,v2:upper,43.619658642881596
5329,OPTIMAL,v2:upper,5.660587330264864
5330,OPTIMAL,v2:upper,70.75714418427745
5331,OPTIMAL,v2:upper,120.11127441235232
5332,OPTIMAL,v2:upper,134.0482320043166
5333,OPTIMAL,v2:upper,289.3498489579433
5334,OPTIMAL,v2:upper,89.19956038297178
5335,OPTIMAL,v2:upper,98.39568537036511
5336,OPTIMAL,v2:upper,57.802176776820005
5337,OPTIMAL,v2:upper,22.52135052703355
5338,OPTIMAL,v2:upper,29.81627458765212
5339,OPTIMAL,v2:upper,558.5695464047329
5340,OPTIMAL,v2:upper,287.99348561557105
5341,OPTIMAL,v1:upper,111.41149274484745
5342,OPTIMAL,v2:upper,27.556524597977972
5343,OPTIMAL,v2:upper,232.6635197650961
5344,OPTIMAL,v1:upper,95.90850123359427
5345,OPTIMAL,v2:upper,72.24947467766776
5346,OPTIMAL,v2:upper,154.9052759232369
5347,OPTIMAL,v2:upper,75.10621031074758
5348,OPTIMAL,v2:upper,23.636129399945148
5349,OPTIMAL,v1:upper,60.82369378308651
5350,OPTIMAL,v2:upper,293.60470117708746
5351,OPTIMAL,v2:upper,22.62065943352943
5352,OPTIMAL,v2:upper,70.24638214348106
5353,OPTIMAL,v2:upper,130.52082518181192
5354,OPTIMAL,v2:upper,427.3024274676305
5355,OPTIMAL,v2:upper,9.327736434812902
5356,OPTIMAL,v2:upper,234.33971386170043
5357,OPTIMAL,v2:upper,77.713501390685
5358,OPTIMAL,v1:upper,563.9479919016695
5359,OPTIMAL,v2:upper,71.13007415989868
5360,OPTIMAL,v2:upper,63.18774419964589
5361,OPTIMAL,v2:upper,52.462831946704405
5362,OPTIMAL,v2:upper,29.374437330027025
5363,OPTIMAL,v2:upper,88.75640559245626
5364,OPTIMAL,v2:upper,202.14735315644535
5365,OPTIMAL,v2:upper,64.72491382771835
5366,OPTIMAL,v1:upper,218.19518329536643
5367,OPTIMAL,v1:upper,244.87555883620757
5368,OPTIMAL,v2:upper,92.03395544978916
5369,OPTIMAL,v2:upper,535.3096664010636
5370,OPTIMAL,v1:upper,137.65136910371544
5371,OPTIMAL,v2:upper,327.44524676251837
5372,OPTIMAL,v2:upper,75.788626958081
5373,OPTIMAL,v2:upper,187.12024811821675
5374,OPTIMAL,v2:upper,137.93001414703187
5375,OPTIMAL,v2:upper,75.60842936144614
5376,OPTIMAL,v2:upper,121.81901371470693
5377,OPTIMAL,v2:upper,465.74826075268
5378,OPTIMAL,v2:upper,147.80183701934217
5379,OPTIMAL,v2:upper,85.82268395797622
5380,OPTIMAL,v2:upper,24.85114845640068
5381,OPTIMAL,v2:upper,134.37208879871787
5382,OPTIMAL,v2:upper,74.57143540867358
5383,OPTIMAL,v2:upper,52.29410068712333
5384,OPTIMAL,v2:upper,135.00840478442615
5385,OPTIMAL,v2:upper,126.29124754423655
5386,OPTIMAL,v2:upper,12.1040740926967
5387,OPTIMAL,v2:upper,107.73239558432073
5388,OPTIMAL,v2:upper,14.957370345967307
5389,OPTIMAL,v1:upper,50.794786196848925
5390,OPTIMAL,v2:upper,56.09120064776954
5391,OPTIMAL,v2:upper,288.23599973783604
5392,OPTIMAL,v2:upper,313.4680635815178
5393,OPTIMAL,v2:upper,66.20236919699964
5394,OPTIMAL,v2:upper,153.23851262806832
5395,OPTIMAL,v2:upper,163.13089534661037
5396,OPTIMAL,v2:upper,122.7242045993132
5397,OPTIMAL,v2:upper,172.00454461356753
5398,OPTIMAL,v2:upper,36.06102545011593
5399,OPTIMAL,v2:upper,339.6772598230059
5400,OPTIMAL,v1:upper,51.0292334994317
5401,OPTIMAL,v2:upper,69.0266380296066
5402,OPTIMAL,v2:upper,20.311414107172357
5403,OPTIMAL,v2:upper,14.828991826946192
5404,OPTIMAL,v2:upper,281.11288911226876
5405,OPTIMAL,v2:upper,83.14270958618911
5406,OPTIMAL,v2:upper,145.2951824594208
5407,OPTIMAL,v2:upper,59.410217556553214
5408,OPTIMAL,v3:upper,89.84337116876124
5409,OPTIMAL,v2:upper,31.338774954821353
5410,OPTIMAL,v2:upper,77.48768009845155
5411,OPTIMAL,v1:upper,439.4058852992123
5412,OPTIMAL,v2:upper,33.35258622661123
5413,OPTIMAL,v2:upper,107.40765863951225
5414,OPTIMAL,v2:upper,17.840995074237203
5415,OPTIMAL,v2:upper,258.63157913755737
5416,OPTIMAL,v2:upper,109.65209318731971
5417,OPTIMAL,v2:upper,186.00182175598155
5418,OPTIMAL,v2:upper,414.324932571122
5419,OPTIMAL,v2:upper,139.9794389900175
5420,OPTIMAL,v2:upper,176.5561798984311
5421,OPTIMAL,v1:upper,285.1129359693153
5422,OPTIMAL,v2:upper,89.11334952219389
5423,OPTIMAL,v2:upper,78.22036284147785
5424,OPTIMAL,v2:upper,243.3039063602998
5425,OPTIMAL,v2:upper,30.943142848152178
5426,OPTIMAL,v2:upper,35.14368630693438
5427,OPTIMAL,v3:upper,87.38815443965323
5428,OPTIMAL,v2:upper,63.092336697169095
5429,OPTIMAL,v2:upper,51.88270194035895
5430,OPTIMAL,v2:upper,274.0796192314855
5431,OPTIMAL,v1:upper,104.72262478808278
5432,OPTIMAL,v2:upper,208.33819477921412
5433,OPTIMAL,v2:upper,63.739810369414535
5434,OPTIMAL,v2:upper,134.03262391918753
5435,OPTIMAL,v2:upper,23.32138213483183
5436,OPTIMAL,v2:upper,31.310950174698398
5437,OPTIMAL,v2:upper,103.59429728116278
5438,OPTIMAL,v2:upper,191.58223933217192
5439,OPTIMAL,v1:upper,87.0732752854542
5440,OPTIMAL,v2:upper,54.55641615691817
5441,OPTIMAL,v2:upper,248.2264186000526
5442,OPTIMAL,v1:upper,213.24234131591643
5443,OPTIMAL,v2:upper,112.94996622353935
5444,OPTIMAL,v2:upper,86.2705624810799
5445,OPTIMAL,v2:upper,81.08621702211663
5446,OPTIMAL,v2:upper,787.1443784225135
5447,OPTIMAL,v2:upper,44.59370657998113
5448,OPTIMAL,v1:upper,746.8074214507848
5449,OPTIMAL,v2:upper,7.4114681335961965
5450,OPTIMAL,v2:upper,86.5458733084399
5451,OPTIMAL,v2:upper,79.36537894707439
5452,OPTIMAL,v2:upper,69.41009254774507
5453,OPTIMAL,v2:upper,21.83944033210679
5454,OPTIMAL,v2:upper,102.27844003627715
5455,OPTIMAL,v2:upper,69.78827741707276
5456,OPTIMAL,v2:upper,135.28453620086367
5457,OPTIMAL,v2:upper,246.6900472692059
5458,OPTIMAL,v2:upper,33.72740917301122
5459,OPTIMAL,v2:upper,93.33078961358787
5460,OPTIMAL,v2:upper,40.78658919130342
5461,OPTIMAL,v2:upper,287.2160720191256
5462,OPTIMAL,v2:upper,12.976534468734148
5463,OPTIMAL,v2:upper,54.763833611335336
5464,OPTIMAL,v1:upper,264.95482749186016
5465,OPTIMAL,v1:upper,23.952547662617828
5466,OPTIMAL,v2:upper,90.31374874669663
5467,OPTIMAL,v2:upper,54.679241437359664
5468,OPTIMAL,v2:upper,37.98840531346678
5469,OPTIMAL,v2:upper,94.59598749511488
5470,OPTIMAL,v2:upper,81.25228817885751
5471,OPTIMAL,v2:upper,107.62405596815417
5472,OPTIMAL,v2:upper,91.36002630410108
5473,OPTIMAL,v2:upper,109.45433894397411
5474,OPTIMAL,v2:upper,118.80224295455906
5475,OPTIMAL,v2:upper,270.45278364076256
5476,OPTIMAL,v2:upper,113.82143733508721
5477,OPTIMAL,v3:upper,455.9614735791408
5478,OPTIMAL,v1:upper,36.20074703885896
5479,OPTIMAL,v1:upper,74.55777776370901
5480,OPTIMAL,v2:upper,24.948259960261343
5481,OPTIMAL,v2:upper,99.4865112147395
5482,OPTIMAL,v2:upper,122.71077748488864
5483,OPTIMAL,v2:upper,66.84125643874938
5484,OPTIMAL,v2:upper,80.34389131914584
5485,OPTIMAL,v3:upper,219.4553306495325
5486,OPTIMAL,v2:upper,211.72292996985144
5487,OPTIMAL,v2:upper,436.6226766291575
5488,OPTIMAL,v2:upper,226.4254203989477
5489,OPTIMAL,v2:upper,97.5630812170106
5490,OPTIMAL,v2:upper,508.09319127671995
5491,OPTIMAL,v2:upper,173.43729808289456
5492,OPTIMAL,v2:upper,33.94884958944187
5493,OPTIMAL,v2:upper,95.82741551577465
5494,OPTIMAL,v2:upper,20.258348610675696
5495,OPTIMAL,v2:upper,72.10831028863936
5496,OPTIMAL,v2:upper,31.633488648604793
5497,OPTIMAL,v1:upper,444.0396319328684
5498,OPTIMAL,v2:upper,210.97564664916982
5499,OPTIMAL,v2:upper,16.324254869426813
5500,OPTIMAL,v2:upper,96.25740778554356
5501,OPTIMAL,v2:upper,247.93155433134868
5502,OPTIMAL,v2:upper,238.4026499336375
5503,OPTIMAL,v2:upper,73.54627905317153
5504,OPTIMAL,v2:upper,28.971341721788793
5505,OPTIMAL,v2:upper,162.49330698995385
5506,OPTIMAL,v2:upper,45.311957622818184
5507,OPTIMAL,v2:upper,78.91012674476204
5508,OPTIMAL,v1:upper,564.1631718865909
5509,OPTIMAL,v2:upper,119.63620465649184
5510,OPTIMAL,v2:upper,79.081347846164
5511,OPTIMAL,v2:upper,301.0403113765932
5512,OPTIMAL,v2:upper,83.66885613340288
5513,OPTIMAL,v2:upper,94.06461403516701
5514,OPTIMAL,v1:upper,125.10209915254887
5515,OPTIMAL,v1:upper,67.24477935064542
5516,OPTIMAL,v2:upper,52.27762837809912
5517,OPTIMAL,v2:upper,38.93991156505228
5518,OPTIMAL,v1:upper,86.34686326059222
5519,OPTIMAL,v1:upper,207.6978100723065
5520,OPTIMAL,v2:upper,77.09161425307155
5521,OPTIMAL,v1:upper,48.896354033779104
5522,OPTIMAL,v2:upper,81.1301322658807
5523,OPTIMAL,v2:upper,601.398369214
5524,OPTIMAL,v2:upper,187.3303826720641
5525,OPTIMAL,v2:upper,83.55205292934407
5526,OPTIMAL,v2:upper,172.77105905198877
5527,OPTIMAL,v2:upper,107.43534617666366
5528,OPTIMAL,v2:upper,175.25189029787995
5529,OPTIMAL,v2:upper,124.52525836546974
5530,OPTIMAL,v3:upper,155.68044169082773
5531,OPTIMAL,v2:upper,421.1032442397449
5532,OPTIMAL,v2:upper,77.28161794790232
5533,OPTIMAL,v2:upper,66.07872421118655
5534,OPTIMAL,v2:upper,653.1290503086798
5535,OPTIMAL,v2:upper,279.00416389120585
5536,OPTIMAL,v2:upper,218.85077614949662
5537,OPTIMAL,v3:upper,41.69395948932123
5538,OPTIMAL,v2:upper,70.972398672025
5539,OPTIMAL,v2:upper,68.7851314925937
5540,OPTIMAL,v2:upper,165.63692306636864
5541,OPTIMAL,v3:upper,46.28525584306377
5542,OPTIMAL,v2:upper,160.71034700891607
5543,OPTIMAL,v2:upper,65.58543448188595
5544,OPTIMAL,v2:upper,87.4870440373637
5545,OPTIMAL,v2:upper,66.95779732015913
5546,OPTIMAL,v2:upper,71.70212225340754
5547,OPTIMAL,v2:upper,52.593694494507545
5548,OPTIMAL,v1:upper,216.60293085656738
5549,OPTIMAL,v1:upper,93.98998237349646
5550,OPTIMAL,v2:upper,101.90652642615102
5551,OPTIMAL,v2:upper,71.49971475755301
5552,OPTIMAL,v2:upper,20.655888300521372
5553,OPTIMAL,v2:upper,77.13680374222237
5554,OPTIMAL,v2:upper,86.36942088042342
5555,OPTIMAL,v2:upper,176.81526665307993
5556,OPTIMAL,v2:upper,52.915512025719416
5557,OPTIMAL,v2:upper,65.82525356858156
5558,OPTIMAL,v2:upper,228.20198453413485
5559,OPTIMAL,v2:upper,33.821286887923236
5560,OPTIMAL,v1:upper,463.8309492554439
5561,OPTIMAL,v2:upper,62.86189016055896
5562,OPTIMAL,v2:upper,172.0295322212437
5563,OPTIMAL,v2:upper,170.76670587623082
5564,OPTIMAL,v2:upper,78.29412377260613
5565,OPTIMAL,v2:upper,30.806767834994577
5566,OPTIMAL,v2:upper,47.380242640772366
5567,OPTIMAL,v2:upper,123.25992929535711
5568,OPTIMAL,v2:upper,30.631061373463037
5569,OPTIMAL,v2:upper,93.77633808209428
5570,OPTIMAL,b1:lower;b2:lower;b3:upper;b4:upper;b5:lower;b6:upper;b7:upper;b8:upper;b14:lower,1000.0
5571,OPTIMAL,v2:upper,53.8554409473596
5572,OPTIMAL,v2:upper,107.00464643889363
5573,OPTIMAL,v2:upper,60.120967297641556
5574,OPTIMAL,v2:upper,69.24699388672077
5575,OPTIMAL,v2:upper,198.3468341328134
5576,OPTIMAL,v2:upper,59.49751879537253
5577,OPTIMAL,v2:upper,48.32737523720041
5578,OPTIMAL,v2:upper,35.96089999315064
5579,OPTIMAL,v2:upper,434.2478269295915
5580,OPTIMAL,v2:upper,84.91955880855978
5581,OPTIMAL,v1:upper,95.27288540789509
5582,OPTIMAL,v2:upper,365.072102211898
5583,OPTIMAL,v1:upper,221.91167475731365
5584,OPTIMAL,v2:upper,271.4406992597847
5585,OPTIMAL,v2:upper,42.17230258385265
5586,OPTIMAL,v2:upper,42.40258272527543
5587,OPTIMAL,v2:upper,106.67982885638101
5588,OPTIMAL,v2:upper,38.773031520003784
5589,OPTIMAL,v2:upper,35.341979741244444
5590,OPTIMAL,v2:upper,76.33933015377865
5591,OPTIMAL,v1:upper,348.82599676806166
5592,OPTIMAL,v2:upper,40.169079968395174
5593,OPTIMAL,v2:upper,82.96786913709964
5594,OPTIMAL,v1:upper,158.19057441719923
5595,OPTIMAL,v2:upper,11.6538403494842
5596,OPTIMAL,v2:upper,114.33425492876013
5597,OPTIMAL,v1:upper,302.59734308471343
5598,OPTIMAL,v2:upper,311.2070908504598
5599,OPTIMAL,v2:upper,21.601059040362834
5600,OPTIMAL,v2:upper,175.37416967890232
5601,OPTIMAL,v2:upper,204.5479886144962
5602,OPTIMAL,v2:upper,23.61704944406373
5603,OPTIMAL,v2:upper,32.09523358621051
5604,OPTIMAL,v4:upper,144.96131200034318
5605,OPTIMAL,v2:upper,153.6883106408868
5606,OPTIMAL,v2:upper,124.87435426226658
5607,OPTIMAL,v2:upper,110.06434801675424
5608,OPTIMAL,v2:upper,90.61263008251868
5609,OPTIMAL,v2:upper,127.68980276980861
5610,OPTIMAL,v2:upper,58.55981762007445
5611,OPTIMAL,v2:upper,246.5444338031624
5612,OPTIMAL,v2:upper,73.30255107469866
5613,OPTIMAL,v2:upper,197.29964388774394
5614,OPTIMAL,v2:upper,630.593244303245
5615,OPTIMAL,v2:upper,74.17622540882465
5616,OPTIMAL,v2:upper,90.79176073119184
5617,OPTIMAL,v2:upper,65.60313116040206
5618,OPTIMAL,v2:upper,910.1104638570679
5619,OPTIMAL,v2:upper,83.8121516585396
5620,OPTIMAL,v2:upper,17.825625359063032
5621,OPTIMAL,v2:upper,316.8902114778559
5622,OPTIMAL,v2:upper,506.6767865452574
5623,OPTIMAL,v3:upper,413.1753327689362
5624,OPTIMAL,v2:upper,56.86638321793641
5625,OPTIMAL,v2:upper,59.06206228026238
5626,OPTIMAL,v2:upper,7.138181164485174
5627,OPTIMAL,v2:upper,52.24961557072813
5628,OPTIMAL,v2:upper,56.8600640572226
5629,OPTIMAL,v1:upper,61.54017776839893
5630,OPTIMAL,v2:upper,42.59194460544543
5631,OPTIMAL,v2:upper,64.31567197806231
5632,OPTIMAL,v1:upper,118.02419049464127
5633,OPTIMAL,v2:upper,97.76918657793662
5634,OPTIMAL,v3:upper,64.82480886550294
5635,OPTIMAL,v2:upper,298.4634019570675
5636,OPTIMAL,v1:upper,132.47869681876003
5637,OPTIMAL,v2:upper,43.253046499815426
5638,OPTIMAL,v2:upper,21.750983641388796
5639,OPTIMAL,v2:upper,226.003073646656
5640,OPTIMAL,v2:upper,279.1089206492413
5641,OPTIMAL,v2:upper,147.13219136026402
5642,OPTIMAL,v1:upper,177.68334951714834
5643,OPTIMAL,v4:upper,315.88493026192293
5644,OPTIMAL,v2:upper,88.6039439427694
5645,OPTIMAL,v2:upper,11.098787117162855
5646,OPTIMAL,v2:upper,101.82122924369489
5647,OPTIMAL,v2:upper,82.5544536221062
5648,OPTIMAL,v1:upper,73.07590375209723
5649,OPTIMAL,v2:upper,56.775898220241025
5650,OPTIMAL,v3:upper,70.93650229709893
5651,OPTIMAL,v1:upper,136.11826581063517
5652,OPTIMAL,v2:upper,133.817898048778
5653,OPTIMAL,v2:upper,93.04345108362914
5654,OPTIMAL,v2:upper,182.05665653990314
5655,OPTIMAL,v2:upper,667.4913233397517
5656,OPTIMAL,v2:upper,92.2835920339763
5657,OPTIMAL,v2:upper,45.67256646309815
5658,OPTIMAL,v2:upper,824.959074684736
5659,OPTIMAL,v2:upper,292.95677244772907
5660,OPTIMAL,v2:upper,148.47942065975414
5661,OPTIMAL,v2:upper,367.8143302936741
5662,OPTIMAL,v2:upper,186.67938143363736
5663,OPTIMAL,v2:upper,220.01670097175904
5664,OPTIMAL,v2:upper,89.61269034550658
5665,OPTIMAL,v2:upper,150.12941775889163
5666,OPTIMAL,v3:upper,154.6756995627623
5667,OPTIMAL,v3:upper,186.5647473113402
5668,OPTIMAL,v2:upper,98.5166801379026
5669,OPTIMAL,v1:upper,421.7146264697972
5670,OPTIMAL,v3:upper,544.9465348390822
5671,OPTIMAL,v2:upper,101.6244622184915
5672,OPTIMAL,v1:upper,296.38082139489694
5673,OPTIMAL,v2:upper,17.84888679531754
5674,OPTIMAL,v1:upper,305.83332370414183
5675,OPTIMAL,v2:upper,16.5820554911156
5676,OPTIMAL,v2:upper,157.07354201981738
5677,OPTIMAL,v2:upper,68.83002050318004
5678,OPTIMAL,v2:upper,20.893364951249893
5679,OPTIMAL,v2:upper,205.53850329035637
5680,OPTIMAL,v2:upper,205.64708011801477
5681,OPTIMAL,v2:upper,133.73569870899027
5682,OPTIMAL,v3:upper,82.01052370104276
5683,OPTIMAL,v2:upper,60.667355735333274
5684,OPTIMAL,v2:upper,112.691732276147
5685,OPTIMAL,v2:upper,598.0196833698219
5686,OPTIMAL,v2:upper,53.665023728132745
5687,OPTIMAL,v1:upper,127.82118135862645
5688,OPTIMAL,v1:upper,64.45208450510356
5689,OPTIMAL,v3:upper,100.39032921129397
5690,OPTIMAL,b1:lower;b2:lower;b3:upper;b4:upper;b5:lower;b6:upper;b7:upper;b8:upper;b14:lower,1000.0
5691,OPTIMAL,v2:upper,529.614611037521
5692,OPTIMAL,v1:upper,382.72676756480047
5693,OPTIMAL,v3:upper,65.3251251577915
5694,OPTIMAL,v2:upper,135.10431842945934
5695,OPTIMAL,v1:upper,78.37011768372524
5696,OPTIMAL,v2:upper,57.43300948428364
5697,OPTIMAL,v2:upper,232.41093130015508
5698,OPTIMAL,v2:upper,50.23405309720854
5699,OPTIMAL,v1:upper,553.723065486772
5700,OPTIMAL,v1:upper,159.99947209180857
5701,OPTIMAL,v2:upper,89.34747689719623
5702,OPTIMAL,v2:upper,35.37769690558292
5703,OPTIMAL,v2:upper,27.013710934006863
5704,OPTIMAL,v1:upper,79.54932809349906
5705,OPTIMAL,v2:upper,32.09240461137813
5706,OPTIMAL,v2:upper,59.51820218606535
5707,OPTIMAL,v1:upper,37.28871540305265
5708,OPTIMAL,v1:upper,79.19732279852525
5709,OPTIMAL,v2:upper,88.69807006000816
5710,OPTIMAL,v2:upper,137.42274362092022
5711,OPTIMAL,v2:upper,490.69854423676037
5712,OPTIMAL,v4:upper,34.23107356773666
5713,OPTIMAL,v2:upper,143.18431781138932
5714,OPTIMAL,v1:upper,51.62842785716846
5715,OPTIMAL,v2:upper,35.56891396658606
5716,OPTIMAL,v2:upper,327.4153654982806
5717,OPTIMAL,v2:upper,83.13468034556404
5718,OPTIMAL,v2:upper,46.5282288821363
5719,OPTIMAL,v2:upper,122.72379972383601
5720,OPTIMAL,v2:upper,347.32251847670796
5721,OPTIMAL,v2:upper,80.36678145751559
5722,OPTIMAL,v2:upper,320.7896407231952
5723,OPTIMAL,v2:upper,221.3412533172575
5724,OPTIMAL,v2:upper,441.9254733997597
5725,OPTIMAL,v2:upper,484.31647536562025
5726,OPTIMAL,v2:upper,33.407982955712015
5727,OPTIMAL,v2:upper,42.07940640983192
5728,OPTIMAL,v2:upper,60.330822123549204
5729,OPTIMAL,v2:upper,118.45126706494555
5730,OPTIMAL,v2:upper,24.191071474705378
5731,OPTIMAL,v2:upper,241.0183347137845
5732,OPTIMAL,v2:upper,224.83780706938902
5733,OPTIMAL,v2:upper,54.05904129480547
5734,OPTIMAL,v2:upper,26.958492600085716
5735,OPTIMAL,v2:upper,20.346076760317217
5736,OPTIMAL,v2:upper,43.76999001479711
5737,OPTIMAL,v1:upper,304.3492432606255
5738,OPTIMAL,v2:upper,136.14540010172675
5739,OPTIMAL,v2:upper,191.53089382820912
5740,OPTIMAL,v2:upper,95.98591254223108
5741,OPTIMAL,v3:upper,452.7430070133711
5742,OPTIMAL,v2:upper,392.3205817157514
5743,OPTIMAL,v1:upper,274.1111935374439
5744,OPTIMAL,v2:upper,69.44022987632512
5745,OPTIMAL,v2:upper,68.30039910938896
5746,OPTIMAL,v2:upper,757.8224247146766
5747,OPTIMAL,v2:upper,44.74627108831531
5748,OPTIMAL,v2:upper,13.084093594249017
5749,OPTIMAL,v2:upper,825.1114074096089
5750,OPTIMAL,v2:upper,74.05392153141914
5751,OPTIMAL,v1:upper,38.67630087375832
5752,OPTIMAL,v2:upper,273.5862024325693
5753,OPTIMAL,v2:upper,194.7252394321155
5754,OPTIMAL,v1:upper,68.38597655706077
5755,OPTIMAL,v1:upper,232.39524314819883
5756,OPTIMAL,v2:upper,108.55876785055551
5757,OPTIMAL,v2:upper,44.32737126124766
5758,OPTIMAL,v2:upper,74.78877088905199
5759,OPTIMAL,v1:upper,207.0766665167852
5760,OPTIMAL,v2:upper,212.47802439419885
5761,OPTIMAL,v2:upper,27.541313955784748
5762,OPTIMAL,v2:upper,26.101957050895813
5763,OPTIMAL,v2:upper,91.759571092243
5764,OPTIMAL,v2:upper,126.93754451657533
5765,OPTIMAL,v2:upper,28.29061224955844
5766,OPTIMAL,v1:upper,99.74181103682899
5767,OPTIMAL,v2:upper,114.50846625816754
5768,OPTIMAL,v2:upper,103.47405570619267
5769,OPTIMAL,v2:upper,30.6726588705737
5770,OPTIMAL,v2:upper,97.59031908047544
5771,OPTIMAL,v3:upper,138.2939595743063
5772,OPTIMAL,v2:upper,75.8963835456321
5773,OPTIMAL,v1:upper,71.26658250469312
5774,OPTIMAL,v2:upper,117.03780729066963
5775,OPTIMAL,v2:upper,607.7927997647182
5776,OPTIMAL,v2:upper,27.55521261181216
5777,OPTIMAL,v1:upper,367.7607282795572
5778,OPTIMAL,v2:upper,18.15915142312783
5779,OPTIMAL,v2:upper,103.60011335320412
5780,OPTIMAL,v2:upper,47.78664070795662
5781,OPTIMAL,v4:upper,98.13820008423663
5782,OPTIMAL,v3:upper,72.3359864475392
5783,OPTIMAL,v2:upper,480.4510198101971
5784,OPTIMAL,v2:upper,37.174895242729896
5785,OPTIMAL,v2:upper,135.7335887157731
5786,OPTIMAL,v1:upper,265.65227510465934
5787,OPTIMAL,v2:upper,63.532982938381934
5788,OPTIMAL,v2:upper,473.197381946396
5789,OPTIMAL,v2:upper,66.27722381576098
5790,OPTIMAL,v2:upper,496.47519910131746
5791,OPTIMAL,v1:upper,62.012335558206296
5792,OPTIMAL,v1:upper,87.12004054917568
5793,OPTIMAL,v2:upper,190.5229597226679
5794,OPTIMAL,v2:upper,47.11653738001216
5795,OPTIMAL,v2:upper,15.856697554844864
5796,OPTIMAL,v2:upper,103.93595240405483
5797,OPTIMAL,v2:upper,114.19721809642861
5798,OPTIMAL,v2:upper,39.41139936926958
5799,OPTIMAL,v2:upper,283.2333035743265
5800,OPTIMAL,v2:upper,38.23813534432948
5801,OPTIMAL,v2:upper,244.6441303964206
5802,OPTIMAL,v2:upper,121.91561644599813
5803,OPTIMAL,v2:upper,44.56749605922343
5804,OPTIMAL,v3:upper,31.082543701113476
5805,OPTIMAL,v2:upper,46.83784015882455
5806,OPTIMAL,v2:upper,9.795931389236953
5807,OPTIMAL,v2:upper,134.4902180125399
5808,OPTIMAL,v2:upper,69.75462020101963
5809,OPTIMAL,v2:upper,130.06146362886076
5810,OPTIMAL,v2:upper,145.02929670656903
5811,OPTIMAL,v1:upper,273.8093220573775
5812,OPTIMAL,v2:upper,27.21491016834618
5813,OPTIMAL,v2:upper,32.078463647636404
5814,OPTIMAL,v2:upper,390.42071893680276
5815,OPTIMAL,v2:upper,63.78944625028685
5816,OPTIMAL,v2:upper,345.89990863714905
5817,OPTIMAL,v2:upper,109.38440763527596
5818,OPTIMAL,v2:upper,110.17363814713886
5819,OPTIMAL,v2:upper,11.027268533935422
5820,OPTIMAL,v2:upper,238.76093889132596
5821,OPTIMAL,v2:upper,53.45627374202227
5822,OPTIMAL,v2:upper,18.258988757377253
5823,OPTIMAL,v1:upper,72.33425066805748
5824,OPTIMAL,v2:upper,134.4596686402471
5825,OPTIMAL,v2:upper,650.852325205725
5826,OPTIMAL,v2:upper,100.25121439620638
5827,OPTIMAL,v2:upper,188.14408231877346
5828,OPTIMAL,v2:upper,58.85571642287979
5829,OPTIMAL,v1:upper,206.26741702772122
5830,OPTIMAL,v1:upper,55.3541001507709
5831,OPTIMAL,v3:upper,152.04936481118446
5832,OPTIMAL,v2:upper,74.2882076409926
5833,OPTIMAL,v2:upper,169.311986260621
5834,OPTIMAL,v1:upper,55.49881029924949
5835,OPTIMAL,v1:upper,407.7778341662512
5836,OPTIMAL,v2:upper,46.15667793154288
5837,OPTIMAL,v2:upper,23.581840956489334
5838,OPTIMAL,v2:upper,164.18554819449386
5839,OPTIMAL,v2:upper,306.2361233404765
5840,OPTIMAL,v1:upper,199.47002727433784
5841,OPTIMAL,v2:upper,97.75892757309578
5842,OPTIMAL,v2:upper,151.24856481977625
5843,OPTIMAL,v1:upper,278.8390797121034
5844,OPTIMAL,v2:upper,530.6551234174221
5845,OPTIMAL,v2:upper,126.63906356483102
5846,OPTIMAL,v1:upper,67.41406874164994
5847,OPTIMAL,v2:upper,152.56283437388757
5848,OPTIMAL,v1:upper,48.44424134006038
5849,OPTIMAL,v2:upper,201.28634018551259
5850,OPTIMAL,v2:upper,41.85372017806716
5851,OPTIMAL,v2:upper,121.59866904202741
5852,OPTIMAL,v2:upper,369.47127737034333
5853,OPTIMAL,v2:upper,163.15037111904604
5854,OPTIMAL,v2:upper,116.82512757815122
5855,OPTIMAL,v2:upper,167.50579609295426
5856,OPTIMAL,v2:upper,32.6053422838398
5857,OPTIMAL,v2:upper,107.19137872708119
5858,OPTIMAL,v2:upper,43.24054482462103
5859,OPTIMAL,v1:upper,199.14032964822485
5860,OPTIMAL,v1:upper,85.02437775341923
5861,OPTIMAL,v2:upper,48.14443294866729
5862,OPTIMAL,v1:upper,8.90397032005789
5863,OPTIMAL,v2:upper,52.761083446745914
5864,OPTIMAL,v2:upper,66.32632461755327
5865,OPTIMAL,v2:upper,19.051357985822058
5866,OPTIMAL,v2:upper,438.04890803516093
5867,OPTIMAL,v2:upper,187.7974076514474
5868,OPTIMAL,v2:upper,102.47219321080415
5869,OPTIMAL,v2:upper,38.82563005301036
5870,OPTIMAL,v2:upper,41.03390171858402
5871,OPTIMAL,v2:upper,103.82689747464615
5872,OPTIMAL,v2:upper,64.17843160894395
5873,OPTIMAL,v2:upper,546.2412209203527
5874,OPTIMAL,v2:upper,302.78979538879867
5875,OPTIMAL,v2:upper,232.7514625367605
5876,OPTIMAL,v2:upper,108.37201714932011
5877,OPTIMAL,v2:upper,259.66322425702106
5878,OPTIMAL,v2:upper,124.54442434751337
5879,OPTIMAL,v2:upper,157.17953312283137
5880,OPTIMAL,v1:upper,525.3499066823344
5881,OPTIMAL,v2:upper,132.10399328921517
5882,OPTIMAL,v1:upper,84.5758781981717
5883,OPTIMAL,v2:upper,59.00274141194495
5884,OPTIMAL,v2:upper,41.85340354372541
5885,OPTIMAL,v1:upper,40.88432171368411
5886,OPTIMAL,v2:upper,48.50551336034342
5887,OPTIMAL,v2:upper,320.71573826263983
5888,OPTIMAL,v2:upper,175.95005257281792
5889,OPTIMAL,v2:upper,52.548625134241746
5890,OPTIMAL,v2:upper,298.4582471085857
5891,OPTIMAL,v2:upper,34.49625393993441
5892,OPTIMAL,v2:upper,192.98063496538492
5893,OPTIMAL,v2:upper,67.68227298208451
5894,OPTIMAL,v2:upper,58.70060190078311
5895,OPTIMAL,v2:upper,76.5825531320863
5896,OPTIMAL,v2:upper,44.653614322568544
5897,OPTIMAL,v2:upper,215.7454816167643
5898,OPTIMAL,v2:upper,66.1483709576691
5899,OPTIMAL,v2:upper,67.83223374224171
5900,OPTIMAL,v2:upper,144.9953826828436
5901,OPTIMAL,v2:upper,15.624206974311063
5902,OPTIMAL,v1:upper,123.5336147980546
5903,OPTIMAL,v2:upper,270.3247223822934
5904,OPTIMAL,v3:upper,213.1024808677257
5905,OPTIMAL,v2:upper,5.2251305661640535
5906,OPTIMAL,v2:upper,335.52951269953286
5907,OPTIMAL,v2:upper,7.363054016771968
5908,OPTIMAL,v2:upper,122.06019559778852
5909,OPTIMAL,v2:upper,187.35691752980944
5910,OPTIMAL,v3:upper,882.8456009203994
5911,OPTIMAL,v2:upper,39.01198881167853
5912,OPTIMAL,v2:upper,89.54111180211349
5913,OPTIMAL,v1:upper,74.78490962485968
5914,OPTIMAL,v2:upper,132.64905015261976
5915,OPTIMAL,v2:upper,185.83548786737836
5916,OPTIMAL,v2:upper,42.99946399039603
5917,OPTIMAL,v2:upper,117.79900276627265
5918,OPTIMAL,v2:upper,81.82827169102201
5919,OPTIMAL,v1:upper,81.90240387744441
5920,OPTIMAL,v3:upper,188.53773641905678
5921,OPTIMAL,v2:upper,174.35504061877768
5922,OPTIMAL,v1:upper,739.3521581312211
5923,OPTIMAL,v2:upper,124.80119933288405
5924,OPTIMAL,v1:upper,48.094016434628685
5925,OPTIMAL,v2:upper,218.5074641800347
5926,OPTIMAL,v2:upper,381.4775046864703
5927,OPTIMAL,v2:upper,64.89318140839721
5928,OPTIMAL,v2:upper,116.48929111068358
5929,OPTIMAL,v1:upper,221.83493209461858
5930,OPTIMAL,v2:upper,232.54858606366457
5931,OPTIMAL,v2:upper,432.25816695609274
5932,OPTIMAL,v2:upper,31.50889749743206
5933,OPTIMAL,v2:upper,435.24552631849315
5934,OPTIMAL,v2:upper,42.668482301406904
5935,OPTIMAL,v1:upper,194.9494935589339
5936,OPTIMAL,v2:upper,212.2544141143804
5937,OPTIMAL,v2:upper,84.0387944249276
5938,OPTIMAL,v2:upper,50.5703376500185
5939,OPTIMAL,v2:upper,139.69404960843363
5940,OPTIMAL,v2:upper,57.97183683913633
5941,OPTIMAL,v2:upper,365.63655319164974
5942,OPTIMAL,v2:upper,370.1431009588464
5943,OPTIMAL,v1:upper,183.42051417104872
5944,OPTIMAL,v1:upper,57.169741535804505
5945,OPTIMAL,v1:upper,140.33360637429533
5946,OPTIMAL,v2:upper,70.38457092523265
5947,OPTIMAL,v2:upper,309.5274659624465
5948,OPTIMAL,v1:upper,140.90045076295658
5949,OPTIMAL,v2:upper,42.71142648577225
5950,OPTIMAL,v2:upper,324.1790401928378
5951,OPTIMAL,v2:upper,102.09315270028954
5952,OPTIMAL,v2:upper,35.10661325677141
5953,OPTIMAL,v1:upper,199.23277954618473
5954,OPTIMAL,v1:upper,83.54793739929666
5955,OPTIMAL,v2:upper,95.11144829542502
5956,OPTIMAL,v2:upper,104.9346777685402
5957,OPTIMAL,v1:upper,76.96586228642619
5958,OPTIMAL,v2:upper,27.217786431660354
5959,OPTIMAL,v2:upper,52.49116231582465
5960,OPTIMAL,v2:upper,15.102204454952265
5961,OPTIMAL,v1:upper,258.8710782173476
5962,OPTIMAL,v2:upper,221.89281171469796
5963,OPTIMAL,v1:upper,531.9139878351042
5964,OPTIMAL,v1:upper,36.788857024006894
5965,OPTIMAL,v2:upper,86.04915375961309
5966,OPTIMAL,v1:upper,40.06037960345539
5967,OPTIMAL,v2:upper,387.8131435060263
5968,OPTIMAL,v2:upper,69.94137097449993
5969,OPTIMAL,v2:upper,163.29689893735505
5970,OPTIMAL,v2:upper,79.26022554583025
5971,OPTIMAL,v2:upper,94.40901926826363
5972,OPTIMAL,v2:upper,335.49059961192165
5973,OPTIMAL,v2:upper,179.73762646195865
5974,OPTIMAL,v2:upper,76.67122757013865
5975,OPTIMAL,v2:upper,243.06324358223122
5976,OPTIMAL,v2:upper,52.01059760741261
5977,OPTIMAL,v2:upper,168.3574189850438
5978,OPTIMAL,v2:upper,110.98550096953238
5979,OPTIMAL,v2:upper,132.78214577032747
5980,OPTIMAL,v1:upper,44.27910204650761
5981,OPTIMAL,v1:upper,48.47029456050556
5982,OPTIMAL,v4:upper,64.24918617650246
5983,OPTIMAL,v2:upper,210.60801807430434
5984,OPTIMAL,v2:upper,181.38751011660563
5985,OPTIMAL,v2:upper,83.9097502222254
5986,OPTIMAL,v2:upper,66.50360963565372
5987,OPTIMAL,v2:upper,77.883863975721
5988,OPTIMAL,v2:upper,131.02666635958045
5989,OPTIMAL,v1:upper,310.5653762743794
5990,OPTIMAL,v2:upper,56.40901664909193
5991,OPTIMAL,v2:upper,221.96421623170903
5992,OPTIMAL,v2:upper,192.40731501184257
5993,OPTIMAL,v2:upper,380.5613889861537
5994,OPTIMAL,v2:upper,6.653878003086331
5995,OPTIMAL,v2:upper,134.61724176089513
5996,OPTIMAL,v1:upper,166.85535870177895
5997,OPTIMAL,v1:upper,25.56042068415214
5998,OPTIMAL,v2:upper,207.55652293981822
5999,OPTIMAL,v1:upper,70.70692350603119
6000,OPTIMAL,v1:upper,259.64478351987464
6001,OPTIMAL,v2:upper,73.40649216790696
6002,OPTIMAL,v2:upper,98.18882910365528
6003,OPTIMAL,v1:upper,194.1263213090524
6004,OPTIMAL,v2:upper,131.182396220007
6005,OPTIMAL,v2:upper,321.5127420495097
6006,OPTIMAL,v2:upper,84.2108352658588
6007,OPTIMAL,v2:upper,142.28434765513634
6008,OPTIMAL,v1:upper,79.6307141858452
6009,OPTIMAL,v2:upper,120.31494236911081
6010,OPTIMAL,v2:upper,16.527259414064073
6011,OPTIMAL,v2:upper,28.99334384637873
6012,OPTIMAL,v2:upper,111.54350167302673
6013,OPTIMAL,v2:upper,72.0015910808402
6014,OPTIMAL,v1:upper,92.4484226408577
6015,OPTIMAL,v2:upper,51.46904758283099
6016,OPTIMAL,v2:upper,17.000824404700595
6017,OPTIMAL,v2:upper,32.26906490880912
6018,OPTIMAL,v2:upper,166.7072749069567
6019,OPTIMAL,v2:upper,174.39716453449375
6020,OPTIMAL,v2:upper,115.14902469726204
6021,OPTIMAL,v2:upper,75.4063025980669
6022,OPTIMAL,v1:upper,54.74965792539935
6023,OPTIMAL,v1:upper,93.18761215104537
6024,OPTIMAL,v2:upper,214.06465263659302
6025,OPTIMAL,v2:upper,141.36956664050817
6026,OPTIMAL,v2:upper,69.25851576128593
6027,OPTIMAL,v2:upper,91.05175245296981
6028,OPTIMAL,v2:upper,117.65460557597294
6029,OPTIMAL,v1:upper,173.2874744511145
6030,OPTIMAL,v2:upper,57.784321942776934
6031,OPTIMAL,v2:upper,66.10473746082644
6032,OPTIMAL,v3:upper,65.71709337327427
6033,OPTIMAL,v2:upper,321.1154432477356
6034,OPTIMAL,v1:upper,136.51246848460676
6035,OPTIMAL,v2:upper,19.973311887686126
6036,OPTIMAL,v2:upper,76.38492374503224
6037,OPTIMAL,v2:upper,30.623498527878795
6038,OPTIMAL,v2:upper,63.57454423273627
6039,OPTIMAL,v2:upper,20.443206513797495
6040,OPTIMAL,v2:upper,73.91387894499624
6041,OPTIMAL,v2:upper,49.964669588950244
6042,OPTIMAL,v2:upper,162.9271130831655
6043,OPTIMAL,v1:upper,134.1705735067633
6044,OPTIMAL,v1:upper,73.61227820113474
6045,OPTIMAL,v2:upper,62.3799420331465
6046,OPTIMAL,v1:upper,202.3072484760232
6047,OPTIMAL,v2:upper,543.8929691970105
6048,OPTIMAL,v2:upper,586.0021713823634
6049,OPTIMAL,v2:upper,97.11002739437325
6050,OPTIMAL,v2:upper,354.0486255490805
6051,OPTIMAL,v1:upper,73.4619512364391
6052,OPTIMAL,v2:upper,779.2947269531929
6053,OPTIMAL,v1:upper,120.92908847226694
6054,OPTIMAL,v2:upper,61.9539866203577
6055,OPTIMAL,v2:upper,212.55118342998662
6056,OPTIMAL,v2:upper,157.9050373201641
6057,OPTIMAL,v3:upper,96.60475014993973
6058,OPTIMAL,v2:upper,199.30907230904904
6059,OPTIMAL,v2:upper,25.525701821928426
6060,OPTIMAL,v2:upper,28.6712646110043
6061,OPTIMAL,v3:upper,46.725440706954686
6062,OPTIMAL,v2:upper,52.493636318689184
6063,OPTIMAL,v2:upper,270.51875724540554
6064,OPTIMAL,v2:upper,240.5117770321111
6065,OPTIMAL,v1:upper,250.0515193360422
6066,OPTIMAL,v1:upper,415.77615706649965
6067,OPTIMAL,v2:upper,85.21349034190602
6068,OPTIMAL,v2:upper,110.88076268001103
6069,OPTIMAL,v2:upper,176.17616359418162
6070,OPTIMAL,v2:upper,98.72383873362901
6071,OPTIMAL,v1:upper,179.50341157181805
6072,OPTIMAL,v2:upper,225.41683159404295
6073,OPTIMAL,v2:upper,29.52652868017754
6074,OPTIMAL,v2:upper,773.9868655235588
6075,OPTIMAL,v2:upper,302.5774729638983
6076,OPTIMAL,v2:upper,20.76699133598837
6077,OPTIMAL,v2:upper,30.19450120979584
6078,OPTIMAL,v2:upper,350.65809113268983
6079,OPTIMAL,v2:upper,182.07400778941812
6080,OPTIMAL,v2:upper,95.8746876589761
6081,OPTIMAL,v2:upper,149.11553401041087
6082,OPTIMAL,v3:upper,70.34753597332181
6083,OPTIMAL,v1:upper,279.4453138727383
6084,OPTIMAL,v2:upper,454.2679540161983
6085,OPTIMAL,v2:upper,71.25773822514184
6086,OPTIMAL,v2:upper,537.2230050533005
6087,OPTIMAL,v2:upper,176.8066342298226
6088,OPTIMAL,v2:upper,120.6892358604182
6089,OPTIMAL,v2:upper,24.22564472790631
6090,OPTIMAL,v2:upper,251.17783205044194
6091,OPTIMAL,v2:upper,323.54037078854645
6092,OPTIMAL,v2:upper,147.34413204985916
6093,OPTIMAL,v2:upper,136.86666485270877
6094,OPTIMAL,v2:upper,24.373920943027276
6095,OPTIMAL,v1:upper,55.992971295812815
6096,OPTIMAL,v2:upper,207.3066274802612
6097,OPTIMAL,v2:upper,37.74212281788155
6098,OPTIMAL,v2:upper,78.6140297034719
6099,OPTIMAL,v2:upper,29.23083168927011
6100,OPTIMAL,v2:upper,106.1688077600369
6101,OPTIMAL,v2:upper,142.57021791158294
6102,OPTIMAL,v2:upper,46.75519875277392
6103,OPTIMAL,v2:upper,98.89243692960416
6104,OPTIMAL,v2:upper,106.55520755710842
6105,OPTIMAL,v2:upper,25.97671867513229
6106,OPTIMAL,v2:upper,101.52405204982234
6107,OPTIMAL,v2:upper,187.35740872828276
6108,OPTIMAL,v2:upper,315.05275297320924
6109,OPTIMAL,v2:upper,156.85647918992555
6110,OPTIMAL,v3:upper,64.47014522936436
6111,OPTIMAL,v2:upper,151.26940139977995
6112,OPTIMAL,v2:upper,244.632219973665
6113,OPTIMAL,v1:upper,160.7278424930345
6114,OPTIMAL,v2:upper,95.35627017004859
6115,OPTIMAL,v2:upper,11.898626649113432
6116,OPTIMAL,v2:upper,43.97661071205979
6117,OPTIMAL,v2:upper,54.495923942976475
6118,OPTIMAL,v2:upper,272.68149118925095
6119,OPTIMAL,v2:upper,82.50129685701084
6120,OPTIMAL,v1:upper,210.11877364282697
6121,OPTIMAL,v2:upper,182.6271525813551
6122,OPTIMAL,v2:upper,225.80809483650305
6123,OPTIMAL,v2:upper,84.79133479372108
6124,OPTIMAL,v2:upper,71.53879088894725
6125,OPTIMAL,v1:upper,111.23804273005733
6126,OPTIMAL,v2:upper,15.451398485889865
6127,OPTIMAL,v1:upper,55.94619549086811
6128,OPTIMAL,v2:upper,106.42931298009898
6129,OPTIMAL,v2:upper,134.78320203143394
6130,OPTIMAL,v2:upper,130.69535871054586
6131,OPTIMAL,v2:upper,120.90279904337943
6132,OPTIMAL,v1:upper,115.70682750482528
6133,OPTIMAL,v2:upper,72.30071005907952
6134,OPTIMAL,v2:upper,93.16603107201314
6135,OPTIMAL,v2:upper,25.317825490551137
6136,OPTIMAL,v2:upper,184.22128927493583
6137,OPTIMAL,v1:upper,151.3544054806445
6138,OPTIMAL,v2:upper,41.63041761793748
6139,OPTIMAL,v2:upper,485.0015775378646
6140,OPTIMAL,v2:upper,13.215575544775817
6141,OPTIMAL,v2:upper,55.32213421605287
6142,OPTIMAL,v2:upper,37.8104054962332
6143,OPTIMAL,v2:upper,133.0029595911901
6144,OPTIMAL,v2:upper,161.15579896320244
6145,OPTIMAL,v2:upper,120.56580725055765
6146,OPTIMAL,v2:upper,114.71871826301836
6147,OPTIMAL,v2:upper,129.20239292391787
6148,OPTIMAL,v2:upper,237.2630248445013
6149,OPTIMAL,v2:upper,29.561467490734334
6150,OPTIMAL,v2:upper,104.42402743386262
6151,OPTIMAL,v2:upper,163.18089282374288
6152,OPTIMAL,v2:upper,159.27310198681425
6153,OPTIMAL,v2:upper,65.31314995280191
6154,OPTIMAL,v1:upper,46.39831396724773
6155,OPTIMAL,v2:upper,201.49985293811406
6156,OPTIMAL,v2:upper,73.02730104334955
6157,OPTIMAL,v2:upper,172.75249874153508
6158,OPTIMAL,v2:upper,87.84493396088602
6159,OPTIMAL,v2:upper,128.47302639761674
6160,OPTIMAL,v1:upper,303.2771642124684
6161,OPTIMAL,v2:upper,22.695964080522497
6162,OPTIMAL,v2:upper,169.40528324076342
6163,OPTIMAL,v2:upper,23.295090595019385
6164,OPTIMAL,v1:upper,309.83408498693933
6165,OPTIMAL,v2:upper,28.25439629740763
6166,OPTIMAL,v1:upper,19.613275112429648
6167,OPTIMAL,v2:upper,65.9174066438065
6168,OPTIMAL,v2:upper,17.65981322592527
6169,OPTIMAL,v2:upper,504.72528119705964
6170,OPTIMAL,v2:upper,36.79699101840178
6171,OPTIMAL,v2:upper,257.59110046989946
6172,OPTIMAL,v2:upper,173.5341107973145
6173,OPTIMAL,v2:upper,31.91291393176521
6174,OPTIMAL,v2:upper,198.72262350719575
6175,OPTIMAL,v2:upper,79.14194607788959
6176,OPTIMAL,v2:upper,33.957562544755504
6177,OPTIMAL,v2:upper,32.08603026225832
6178,OPTIMAL,v1:upper,292.4468033135661
6179,OPTIMAL,b1:lower;b2:lower;b3:upper;b4:upper;b5:lower;b6:upper;b7:upper;b8:upper;b14:lower,1000.0
6180,OPTIMAL,v1:upper,89.03319431691115
6181,OPTIMAL,v2:upper,129.28241537156958
6182,OPTIMAL,v2:upper,9.697795535385113
6183,OPTIMAL,v2:upper,95.89411508674041
6184,OPTIMAL,v2:upper,39.14406286583477
6185,OPTIMAL,v3:upper,25.65727465856884
6186,OPTIMAL,v2:upper,43.76066656733074
6187,OPTIMAL,v2:upper,193.68276640135377
6188,OPTIMAL,v1:upper,103.10600718394858
6189,OPTIMAL,b1:lower;b2:lower;b3:upper;b4:upper;b5:lower;b6:upper;b7:upper;b8:upper;b14:lower,1000.0
6190,OPTIMAL,v2:upper,20.664394763949385
6191,OPTIMAL,v2:upper,603.2643502638514
6192,OPTIMAL,v2:upper,188.64665846841405
6193,OPTIMAL,v2:upper,47.93251135832287
6194,OPTIMAL,v2:upper,53.50065532309265
6195,OPTIMAL,v2:upper,89.81049518609683
6196,OPTIMAL,v2:upper,144.60599338765095
6197,OPTIMAL,v2:upper,144.48847229710427
6198,OPTIMAL,v2:upper,357.07766677928515
6199,OPTIMAL,v2:upper,96.57679878121907
6200,OPTIMAL,v2:upper,30.345613836036037
6201,OPTIMAL,v2:upper,63.57634964424083
6202,OPTIMAL,v2:upper,231.64785445525257
6203,OPTIMAL,v2:upper,121.54212069787742
6204,OPTIMAL,v2:upper,142.5855393446189
6205,OPTIMAL,v2:upper,231.67726166578473
6206,OPTIMAL,v2:upper,137.98821799370458
6207,OPTIMAL,v2:upper,317.32243901125634
6208,OPTIMAL,v2:upper,338.6067900526777
6209,OPTIMAL,v2:upper,161.37429761174175
6210,OPTIMAL,v2:upper,180.89809362107803
6211,OPTIMAL,v3:upper,283.82123459727813
6212,OPTIMAL,v2:upper,29.078337751057912
6213,OPTIMAL,v2:upper,176.47552262409337
6214,OPTIMAL,v3:upper,115.49567889719259
6215,OPTIMAL,v1:upper,12.193617080265987
6216,OPTIMAL,v2:upper,110.85877847310063
6217,OPTIMAL,v1:upper,32.532067661990844
6218,OPTIMAL,v1:upper,201.57899159664618
6219,OPTIMAL,v2:upper,40.369694415334045
6220,OPTIMAL,v1:upper,36.979341260930134
6221,OPTIMAL,v2:upper,145.5063108489186
6222,OPTIMAL,v2:upper,110.53161021081638
6223,OPTIMAL,v2:upper,187.89548330003964
6224,OPTIMAL,v2:upper,202.51429119331505
6225,OPTIMAL,v2:upper,31.656691092981468
6226,OPTIMAL,v2:upper,62.37359725162017
6227,OPTIMAL,v2:upper,77.6146667143306
6228,OPTIMAL,v2:upper,306.9134309184231
6229,OPTIMAL,v2:upper,126.83151565105354
6230,OPTIMAL,v2:upper,182.43774573772808
6231,OPTIMAL,v2:upper,267.18854974044837
6232,OPTIMAL,v2:upper,60.4327756294054
6233,OPTIMAL,v1:upper,148.5031036763211
6234,OPTIMAL,v2:upper,21.154896301327398
6235,OPTIMAL,v2:upper,89.0600033889844
6236,OPTIMAL,v2:upper,114.67943738703163
6237,OPTIMAL,v2:upper,204.20650292733885
6238,OPTIMAL,v2:upper,663.2543588816785
6239,OPTIMAL,v2:upper,312.70169748401497
6240,OPTIMAL,v2:upper,244.92271179157134
6241,OPTIMAL,v2:upper,72.16139276340206
6242,OPTIMAL,v2:upper,136.021292179316
6243,OPTIMAL,v1:upper,590.674742489708
6244,OPTIMAL,v2:upper,114.52535293323062
6245,OPTIMAL,v2:upper,259.8363722094884
6246,OPTIMAL,v2:upper,167.4630519700775
6247,OPTIMAL,v2:upper,63.016721483364066
6248,OPTIMAL,v2:upper,63.95142409670805
6249,OPTIMAL,v2:upper,193.5969092868797
6250,OPTIMAL,v2:upper,47.89453195669853
6251,OPTIMAL,v1:upper,248.04769598006487
6252,OPTIMAL,v1:upper,165.5341464768037
6253,OPTIMAL,v2:upper,422.503531046642
6254,OPTIMAL,v1:upper,62.61500288917039
6255,OPTIMAL,v2:upper,61.656464008855224
6256,OPTIMAL,v2:upper,26.362319904767997
6257,OPTIMAL,v2:upper,21.76580052751428
6258,OPTIMAL,v2:upper,183.72501946952553
6259,OPTIMAL,v2:upper,182.6370362566446
6260,OPTIMAL,v2:upper,78.73327019028457
6261,OPTIMAL,v2:upper,28.32417628742304
6262,OPTIMAL,v2:upper,191.1885028113882
6263,OPTIMAL,v2:upper,226.88493517704126
6264,OPTIMAL,v2:upper,95.7764326608832
6265,OPTIMAL,v2:upper,50.76160196121254
6266,OPTIMAL,v2:upper,49.70128314260242
6267,OPTIMAL,v2:upper,47.564728359773675
6268,OPTIMAL,v1:upper,110.15526780347551
6269,OPTIMAL,v2:upper,213.86193569137856
6270,OPTIMAL,v2:upper,44.60210286084101
6271,OPTIMAL,v1:upper,191.48218796717353
6272,OPTIMAL,v2:upper,465.1864133063873
6273,OPTIMAL,v2:upper,143.1374777940964
6274,OPTIMAL,v2:upper,112.20934910357765
6275,OPTIMAL,v2:upper,111.85497121590564
6276,OPTIMAL,v1:upper,58.01686939176033
6277,OPTIMAL,v2:upper,124.39479184399056
6278,OPTIMAL,v1:upper,277.7717894568237
6279,OPTIMAL,v2:upper,25.65045222816509
6280,OPTIMAL,v2:upper,94.25208212551655
6281,OPTIMAL,v1:upper,89.0574255316963
6282,OPTIMAL,v2:upper,119.89448912424061
6283,OPTIMAL,v2:upper,250.07379555531946
6284,OPTIMAL,v2:upper,217.80407255517483
6285,OPTIMAL,v2:upper,46.76124475834404
6286,OPTIMAL,v2:upper,73.33373278053301
6287,OPTIMAL,v2:upper,56.35010071303538
6288,OPTIMAL,v2:upper,78.82491322590391
6289,OPTIMAL,v2:upper,29.99739962707207
6290,OPTIMAL,v2:upper,23.164279675666812
6291,OPTIMAL,v2:upper,198.74883714732056
6292,OPTIMAL,v2:upper,115.25816663568641
6293,OPTIMAL,v2:upper,35.20607733648676
6294,OPTIMAL,v2:upper,59.663171552701094
6295,OPTIMAL,v2:upper,117.75330415996815
6296,OPTIMAL,v2:upper,133.2578063049373
6297,OPTIMAL,v2:upper,42.620480158147025
6298,OPTIMAL,v1:upper,103.82671156149014
6299,OPTIMAL,v2:upper,123.74153869259756
6300,OPTIMAL,v1:upper,46.42434258364204
6301,OPTIMAL,v2:upper,147.56482915596672
6302,OPTIMAL,v2:upper,121.4142842210145
6303,OPTIMAL,v2:upper,328.0933807205743
6304,OPTIMAL,v2:upper,65.87134816302368
6305,OPTIMAL,v1:upper,281.9514462321267
6306,OPTIMAL,v2:upper,66.9700519736873
6307,OPTIMAL,v2:upper,223.70997227352171
6308,OPTIMAL,v2:upper,85.08678923725941
6309,OPTIMAL,v2:upper,507.86728880944906
6310,OPTIMAL,v2:upper,684.3968814517132
6311,OPTIMAL,v2:upper,205.71011467790598
6312,OPTIMAL,v3:upper,74.54448182638677
6313,OPTIMAL,v2:upper,44.23635029014965
6314,OPTIMAL,v2:upper,47.34941072649233
6315,OPTIMAL,v1:upper,305.4586830883785
6316,OPTIMAL,v2:upper,166.84662011339714
6317,OPTIMAL,v2:upper,121.9981542896298
6318,OPTIMAL,v2:upper,290.9920053834234
6319,OPTIMAL,v2:upper,46.89521195800458
6320,OPTIMAL,v2:upper,156.71715090164616
6321,OPTIMAL,v2:upper,161.9748333828375
6322,OPTIMAL,v2:upper,58.865139505434286
6323,OPTIMAL,v2:upper,8.221468407496788
6324,OPTIMAL,v2:upper,105.97104622625521
6325,OPTIMAL,b1:lower;b2:lower;b3:upper;b4:upper;b5:lower;b6:upper;b7:upper;b8:upper;b14:lower,1000.0
6326,OPTIMAL,v2:upper,49.20075998776722
6327,OPTIMAL,v1:upper,36.58316513809285
6328,OPTIMAL,v2:upper,44.137409271152166
6329,OPTIMAL,v2:upper,30.146772822204582
6330,OPTIMAL,v2:upper,62.24169109312128
6331,OPTIMAL,v2:upper,82.20497475294482
6332,OPTIMAL,v3:upper,174.7042645810957
6333,OPTIMAL,v2:upper,51.52546371705058
6334,OPTIMAL,v2:upper,164.4199066415499
6335,OPTIMAL,v2:upper,99.17612382807168
6336,OPTIMAL,v2:upper,43.63260090997675
6337,OPTIMAL,v2:upper,82.35724311052498
6338,OPTIMAL,v1:upper,398.1465365301337
6339,OPTIMAL,v2:upper,404.2670487121052
6340,OPTIMAL,v2:upper,33.15001885480809
6341,OPTIMAL,v2:upper,258.10981646354526
6342,OPTIMAL,v2:upper,54.65099667335437
6343,OPTIMAL,v1:upper,121.01644999716201
6344,OPTIMAL,v2:upper,257.791510596635
6345,OPTIMAL,v2:upper,553.9566473493862
6346,OPTIMAL,v2:upper,177.94261525651618
6347,OPTIMAL,v2:upper,566.7852232254336
6348,OPTIMAL,v2:upper,324.52298727367054
6349,OPTIMAL,v2:upper,105.53571253820326
6350,OPTIMAL,v2:upper,444.4531535080147
6351,OPTIMAL,v2:upper,328.57842519355813
6352,OPTIMAL,v2:upper,171.26823251111483
6353,OPTIMAL,v2:upper,14.288181536344906
6354,OPTIMAL,v2:upper,81.71537640254745
6355,OPTIMAL,v3:upper,25.318576206820513
6356,OPTIMAL,v2:upper,36.78326190061191
6357,OPTIMAL,v2:upper,124.56313315882554
6358,OPTIMAL,v2:upper,403.10446256954987
6359,OPTIMAL,v2:upper,268.0868831965566
6360,OPTIMAL,v2:upper,79.25429458538767
6361,OPTIMAL,v2:upper,352.87112937948024
6362,OPTIMAL,v1:upper,428.3699222310612
6363,OPTIMAL,v2:upper,10.033279777747454
6364,OPTIMAL,v2:upper,59.62411268604698
6365,OPTIMAL,v2:upper,45.02295872446989
6366,OPTIMAL,v2:upper,33.91303190011646
6367,OPTIMAL,v4:upper,164.95178040746381
6368,OPTIMAL,v2:upper,93.02340120763617
6369,OPTIMAL,v2:upper,192.3278639938915
6370,OPTIMAL,v2:upper,184.53500537795676
6371,OPTIMAL,v2:upper,125.16795493673432
6372,OPTIMAL,v2:upper,24.50500280412842
6373,OPTIMAL,v2:upper,75.10743202923425
6374,OPTIMAL,v2:upper,121.17470063118931
6375,OPTIMAL,v2:upper,28.78374471081904
6376,OPTIMAL,v2:upper,54.74180844143305
6377,OPTIMAL,v2:upper,20.67704807617297
6378,OPTIMAL,v2:upper,240.7907358020838
6379,OPTIMAL,v2:upper,219.9169407518442
6380,OPTIMAL,v2:upper,10.743454635849199
6381,OPTIMAL,v2:upper,110.8903012100749
6382,OPTIMAL,v2:upper,50.27802843870028
6383,OPTIMAL,v2:upper,111.77741475614096
6384,OPTIMAL,v2:upper,92.01667767402002
6385,OPTIMAL,v2:upper,133.849068382753
6386,OPTIMAL,v2:upper,208.23970823649796
6387,OPTIMAL,v2:upper,75.08684095805606
6388,OPTIMAL,v2:upper,115.08952967864275
6389,OPTIMAL,v2:upper,72.34452624474527
6390,OPTIMAL,v2:upper,541.3459550072462
6391,OPTIMAL,v2:upper,38.77897401951172
6392,OPTIMAL,v1:upper,119.24949072948598
6393,OPTIMAL,v2:upper,98.68134224461248
6394,OPTIMAL,v3:upper,210.539891265108
6395,OPTIMAL,v2:upper,73.18357955202886
6396,OPTIMAL,v2:upper,34.919570420264826
6397,OPTIMAL,v1:upper,520.9354530888451
6398,OPTIMAL,v2:upper,72.1956700841394
6399,OPTIMAL,v2:upper,35.521590295845385
6400,OPTIMAL,v2:upper,203.1420899836594
6401,OPTIMAL,v2:upper,45.13847905796734
6402,OPTIMAL,v2:upper,41.92645444499064
6403,OPTIMAL,v2:upper,400.8856852658248
6404,OPTIMAL,v3:upper,607.6262910469172
6405,OPTIMAL,v1:upper,57.31052208570051
6406,OPTIMAL,v2:upper,158.60845362188
6407,OPTIMAL,v2:upper,163.87489199039413
6408,OPTIMAL,v2:upper,38.71485496316861
6409,OPTIMAL,v2:upper,31.715218187186323
6410,OPTIMAL,v3:upper,156.38027125050678
6411,OPTIMAL,v2:upper,149.8382887981442
6412,OPTIMAL,v2:upper,260.88496284140246
6413,OPTIMAL,v2:upper,42.50446247966617
6414,OPTIMAL,v2:upper,82.41498175407771
6415,OPTIMAL,v2:upper,46.860344587478515
6416,OPTIMAL,v2:upper,229.76393446372794
6417,OPTIMAL,v1:upper,80.54585073165445
6418,OPTIMAL,v2:upper,76.94361590154442
6419,OPTIMAL,v1:upper,57.359167171038806
6420,OPTIMAL,v1:upper,200.45605405098465
6421,OPTIMAL,v3:upper,139.8232813781966
6422,OPTIMAL,v2:upper,84.49208001880342
6423,OPTIMAL,b1:lower;b2:lower;b3:upper;b4:upper;b5:lower;b6:upper;b7:upper;b8:upper;b14:lower,1000.0
6424,OPTIMAL,v2:upper,96.900736799941
6425,OPTIMAL,v2:upper,99.03157348636687
6426,OPTIMAL,v2:upper,126.98591930976228
6427,OPTIMAL,v2:upper,67.19818092809108
6428,OPTIMAL,v2:upper,34.927579877028656
6429,OPTIMAL,v2:upper,61.531037839385846
6430,OPTIMAL,v2:upper,388.3048991337426
6431,OPTIMAL,v2:upper,111.00982724246907
6432,OPTIMAL,v2:upper,15.840963546133692
6433,OPTIMAL,v2:upper,337.636209691396
6434,OPTIMAL,v2:upper,49.258354060706125
6435,OPTIMAL,v2:upper,182.90537390924476
6436,OPTIMAL,v2:upper,121.03057393400478
6437,OPTIMAL,v2:upper,111.81758189957489
6438,OPTIMAL,v1:upper,138.844232918286
6439,OPTIMAL,v1:upper,182.2584070844327
6440,OPTIMAL,v2:upper,153.77002213905794
6441,OPTIMAL,v2:upper,789.8829653833104
6442,OPTIMAL,v2:upper,16.617536029682366
6443,OPTIMAL,v2:upper,357.71850984628077
6444,OPTIMAL,v1:upper,368.3101520916887
6445,OPTIMAL,v2:upper,74.98301877651154
6446,OPTIMAL,v2:upper,180.94601581511031
6447,OPTIMAL,v2:upper,134.1577182548503
6448,OPTIMAL,v3:upper,114.01935249948097
6449,OPTIMAL,v2:upper,38.22114074271639
6450,OPTIMAL,v2:upper,773.1263576385394
6451,OPTIMAL,v2:upper,135.99147665199988
6452,OPTIMAL,v2:upper,583.3479268049033
6453,OPTIMAL,v2:upper,47.87983356503583
6454,OPTIMAL,v2:upper,87.48612652456868
6455,OPTIMAL,v2:upper,41.5758832086473
6456,OPTIMAL,v2:upper,64.04648597793624
6457,OPTIMAL,v2:upper,117.46701053416905
6458,OPTIMAL,v2:upper,120.36643368346031
6459,OPTIMAL,v2:upper,300.64080359216706
6460,OPTIMAL,v2:upper,66.69449796113827
6461,OPTIMAL,v2:upper,35.103336876727916
6462,OPTIMAL,v2:upper,108.29939102838708
6463,OPTIMAL,v2:upper,172.79104969030016
6464,OPTIMAL,v2:upper,44.322355713725244
6465,OPTIMAL,v2:upper,137.28557772101829
6466,OPTIMAL,v2:upper,29.703485797014444
6467,OPTIMAL,v2:upper,158.14701965147765
6468,OPTIMAL,v3:upper,42.865408403624045
6469,OPTIMAL,v2:upper,21.582085151557756
6470,OPTIMAL,v1:upper,52.214991861898866
6471,OPTIMAL,v2:upper,62.8928421746242
6472,OPTIMAL,v2:upper,295.13725398809066
6473,OPTIMAL,v2:upper,100.74537471672836
6474,OPTIMAL,v2:upper,26.47650225187175
6475,OPTIMAL,v1:upper,327.0396290804035
6476,OPTIMAL,v2:upper,107.9340906868077
6477,OPTIMAL,v2:upper,60.48553727622804
6478,OPTIMAL,v2:upper,175.23764859721874
6479,OPTIMAL,v1:upper,204.49356727110117
6480,OPTIMAL,v2:upper,513.1239599893013
6481,OPTIMAL,v2:upper,91.35850077602636
6482,OPTIMAL,v2:upper,43.013069927933806
6483,OPTIMAL,v1:upper,692.1127222926627
6484,OPTIMAL,v2:upper,52.8323871784712
6485,OPTIMAL,v2:upper,217.35519555334702
6486,OPTIMAL,v2:upper,26.159376019186322
6487,OPTIMAL,v2:upper,179.88644712257715
6488,OPTIMAL,v2:upper,32.00282544896123
6489,OPTIMAL,v2:upper,64.40527308086374
6490,OPTIMAL,v1:upper,292.4425848425381
6491,OPTIMAL,v2:upper,132.20477083910524
6492,OPTIMAL,v1:upper,302.1116981627674
6493,OPTIMAL,v1:upper,466.2244078372031
6494,OPTIMAL,v2:upper,57.42656426143913
6495,OPTIMAL,v2:upper,51.3565326262163
6496,OPTIMAL,v3:upper,135.40234894856775
6497,OPTIMAL,v1:upper,61.111269700309975
6498,OPTIMAL,v2:upper,73.30096187352275
6499,OPTIMAL,v2:upper,38.76858667623137
6500,OPTIMAL,v2:upper,11.555425032309792
6501,OPTIMAL,v2:upper,124.38960543355199
6502,OPTIMAL,v2:upper,66.14593788212692
6503,OPTIMAL,v2:upper,73.24744675525714
6504,OPTIMAL,v2:upper,22.260299011106984
6505,OPTIMAL,v2:upper,63.93313027637389
6506,OPTIMAL,v2:upper,120.76470010336297
6507,OPTIMAL,v2:upper,52.91420704438279
6508,OPTIMAL,v2:upper,334.4225125107572
6509,OPTIMAL,v2:upper,99.95832184778375
6510,OPTIMAL,v2:upper,141.77957759396628
6511,OPTIMAL,v2:upper,12.954604383285798
6512,OPTIMAL,v2:upper,26.212412832001814
6513,OPTIMAL,v2:upper,160.58197625858318
6514,OPTIMAL,v3:upper,258.02859542992326
6515,OPTIMAL,b1:lower;b2:lower;b3:upper;b4:upper;b5:lower;b6:upper;b7:upper;b8:upper;b14:lower,1000.0
6516,OPTIMAL,v2:upper,318.19552704514473
6517,OPTIMAL,v1:upper,280.88714551897294
6518,OPTIMAL,v1:upper,260.6310853687822
6519,OPTIMAL,v2:upper,68.8987364571593
6520,OPTIMAL,v1:upper,440.5510553418507
6521,OPTIMAL,v2:upper,61.10915837459414
6522,OPTIMAL,v1:upper,63.46257730656627
6523,OPTIMAL,v2:upper,31.47231512990396
6524,OPTIMAL,v2:upper,236.59188602423237
6525,OPTIMAL,v2:upper,390.8121148690538
6526,OPTIMAL,v2:upper,485.16201996176505
6527,OPTIMAL,v2:upper,159.1949016121045
6528,OPTIMAL,v1:upper,234.12726761349168
6529,OPTIMAL,v2:upper,472.2484190527531
6530,OPTIMAL,v2:upper,150.03662642700948
6531,OPTIMAL,v2:upper,183.32406468730218
6532,OPTIMAL,v2:upper,198.81066896390732
6533,OPTIMAL,v2:upper,409.1752284300342
6534,OPTIMAL,v2:upper,20.781463268000063
6535,OPTIMAL,v2:upper,20.42246589526077
6536,OPTIMAL,v2:upper,125.81357450687307
6537,OPTIMAL,v1:upper,153.40226827544535
6538,OPTIMAL,v2:upper,473.95839311009615
6539,OPTIMAL,v2:upper,171.85881915459208
6540,OPTIMAL,v2:upper,210.84784591550573
6541,OPTIMAL,v2:upper,104.79947976559276
6542,OPTIMAL,v2:upper,162.2424268862594
6543,OPTIMAL,v2:upper,70.77086595108119
6544,OPTIMAL,v3:upper,132.19912494225227
6545,OPTIMAL,v2:upper,42.69787331029158
6546,OPTIMAL,v2:upper,171.0892954120883
6547,OPTIMAL,v2:upper,42.16332565324251
6548,OPTIMAL,v3:upper,87.14373515670431
6549,OPTIMAL,v2:upper,64.86352370610535
6550,OPTIMAL,v2:upper,49.97681182016445
6551,OPTIMAL,v2:upper,45.99592631289691
6552,OPTIMAL,v2:upper,15.935548118003688
6553,OPTIMAL,v1:upper,171.53340961489317
6554,OPTIMAL,v2:upper,59.725759368772394
6555,OPTIMAL,v2:upper,66.27392338303497
6556,OPTIMAL,b1:lower;b2:lower;b3:upper;b4:upper;b5:lower;b6:upper;b7:upper;b8:upper;b14:lower,1000.0
6557,OPTIMAL,v2:upper,253.4368993305066
6558,OPTIMAL,v2:upper,47.98207945317343
6559,OPTIMAL,v2:upper,54.40019338993364
6560,OPTIMAL,v1:upper,261.6583303704486
6561,OPTIMAL,b1:lower;b2:lower;b3:upper;b4:upper;b5:lower;b6:upper;b7:upper;b8:upper;b14:lower,1000.0
6562,OPTIMAL,v2:upper,79.30133154788784
6563,OPTIMAL,v2:upper,93.37450770036985
6564,OPTIMAL,v2:upper,110.44007276296085
6565,OPTIMAL,v2:upper,60.27425339488992
6566,OPTIMAL,v2:upper,308.0696371251256
6567,OPTIMAL,v2:upper,313.38517233239014
6568,OPTIMAL,v4:upper,134.8480612306319
6569,OPTIMAL,v2:upper,53.388531230109045
6570,OPTIMAL,v2:upper,64.88239974932692
6571,OPTIMAL,v2:upper,147.96676170077913
6572,OPTIMAL,v2:upper,34.59244555690293
6573,OPTIMAL,v2:upper,29.580766912926116
6574,OPTIMAL,v2:upper,243.62437086868186
6575,OPTIMAL,v1:upper,67.48994529897018
6576,OPTIMAL,v1:upper,152.85014490558927
6577,OPTIMAL,v1:upper,344.30168012063785
6578,OPTIMAL,v1:upper,608.1562739998836
6579,OPTIMAL,b1:lower;b2:lower;b3:upper;b4:upper;b5:lower;b6:upper;b7:upper;b8:upper;b14:lower,1000.0
6580,OPTIMAL,v2:upper,25.063820228257836
6581,OPTIMAL,v2:upper,210.68122028110835
6582,OPTIMAL,v1:upper,145.443751844103
6583,OPTIMAL,v2:upper,110.23409180886331
6584,OPTIMAL,v1:upper,74.11947424369173
6585,OPTIMAL,v1:upper,241.01654250189023
6586,OPTIMAL,v2:upper,177.37405251724738
6587,OPTIMAL,v2:upper,77.66537987644685
6588,OPTIMAL,v3:upper,64.62934350118081
6589,OPTIMAL,b1:lower;b2:lower;b3:upper;b4:upper;b5:lower;b6:upper;b7:upper;b8:upper;b14:lower,1000.0
6590,OPTIMAL,v2:upper,108.73534728465648
6591,OPTIMAL,v4:upper,589.0283054320627
6592,OPTIMAL,v2:upper,179.5289153574979
6593,OPTIMAL,v2:upper,128.00349648811178
6594,OPTIMAL,v3:upper,59.81655449581544
6595,OPTIMAL,v2:upper,614.4799343637744
6596,OPTIMAL,v4:upper,222.62746811454454
6597,OPTIMAL,v2:upper,506.6918817257113
6598,OPTIMAL,v2:upper,175.91262420447103
6599,OPTIMAL,v1:upper,144.9961421283397
6600,OPTIMAL,v2:upper,131.965460897257
6601,OPTIMAL,v2:upper,79.00301605586242
6602,OPTIMAL,v2:upper,69.5828729102641
6603,OPTIMAL,v2:upper,52.37853972705359
6604,OPTIMAL,v2:upper,469.5624675962795
6605,OPTIMAL,v2:upper,258.441121130842
6606,OPTIMAL,v2:upper,52.082952831208566
6607,OPTIMAL,v2:upper,309.1916616157445
6608,OPTIMAL,v2:upper,124.62960023376759
6609,OPTIMAL,v2:upper,91.91972590842445
6610,OPTIMAL,v2:upper,161.88270033553854
6611,OPTIMAL,v1:upper,169.18714576570287
6612,OPTIMAL,v2:upper,228.79793280528696
6613,OPTIMAL,v2:upper,124.08171722142666
6614,OPTIMAL,v2:upper,82.99152437011408
6615,OPTIMAL,v2:upper,457.3842821347654
6616,OPTIMAL,v2:upper,182.81733563390685
6617,OPTIMAL,v2:upper,50.11512326598155
6618,OPTIMAL,v2:upper,136.32330779836116
6619,OPTIMAL,v2:upper,44.301662716084444
6620,OPTIMAL,v2:upper,56.49805637888715
6621,OPTIMAL,v2:upper,26.175230777220857
6622,OPTIMAL,v2:upper,86.97666718486809
6623,OPTIMAL,v2:upper,164.64973300922736
6624,OPTIMAL,v2:upper,176.6149629312967
6625,OPTIMAL,v2:upper,118.62975358546856
6626,OPTIMAL,v2:upper,431.2678562912665
6627,OPTIMAL,v2:upper,41.930961329811446
6628,OPTIMAL,v2:upper,33.64266230746433
6629,OPTIMAL,v2:upper,164.56680713354868
6630,OPTIMAL,v2:upper,379.7293411971275
6631,OPTIMAL,v2:upper,98.87466671485012
6632,OPTIMAL,v2:upper,37.57071050352887
6633,OPTIMAL,v2:upper,48.64070299888312
6634,OPTIMAL,v2:upper,69.71669081764668
6635,OPTIMAL,v2:upper,221.79535072533872
6636,OPTIMAL,v1:upper,893.4982677544212
6637,OPTIMAL,v2:upper,751.3794835381793
6638,OPTIMAL,v2:upper,92.67462271981253
6639,OPTIMAL,v2:upper,78.8580388816985
6640,OPTIMAL,v2:upper,130.47522452883214
6641,OPTIMAL,v1:upper,79.61153262170443
6642,OPTIMAL,v2:upper,17.78528290717226
6643,OPTIMAL,v2:upper,76.62086798233969
6644,OPTIMAL,v2:upper,232.46429705882213
6645,OPTIMAL,v2:upper,446.0115518619779
6646,OPTIMAL,v2:upper,350.4437474588723
6647,OPTIMAL,b1:lower;b2:lower;b3:upper;b4:upper;b5:lower;b6:upper;b7:upper;b8:upper;b14:lower,1000.0
6648,OPTIMAL,v2:upper,89.34097657648111
6649,OPTIMAL,v2:upper,41.950997269576945
6650,OPTIMAL,v2:upper,119.02180172362723
6651,OPTIMAL,v2:upper,198.753677416731
6652,OPTIMAL,v2:upper,166.2706222893432
6653,OPTIMAL,v2:upper,139.57496846426156
6654,OPTIMAL,v2:upper,656.3989143281003
6655,OPTIMAL,v2:upper,23.30143755170453
6656,OPTIMAL,v2:upper,51.350993602462154
6657,OPTIMAL,v1:upper,379.26880162742776
6658,OPTIMAL,v2:upper,146.71550263370935
6659,OPTIMAL,v2:upper,165.9592158036591
6660,OPTIMAL,v2:upper,201.97831309171616
6661,OPTIMAL,v2:upper,21.69795113474865
6662,OPTIMAL,v2:upper,37.42794095868788
6663,OPTIMAL,v3:upper,30.425967122039403
6664,OPTIMAL,v2:upper,113.33034648580494
6665,OPTIMAL,v1:upper,137.14116004258233
6666,OPTIMAL,v2:upper,40.484396024840215
6667,OPTIMAL,v2:upper,109.06236064943833
6668,OPTIMAL,v2:upper,66.99420434108828
6669,OPTIMAL,v2:upper,116.75851717400569
6670,OPTIMAL,v2:upper,198.9489158407583
6671,OPTIMAL,v2:upper,26.78820322824384
6672,OPTIMAL,v2:upper,85.98197377238209
6673,OPTIMAL,v1:upper,340.4790074491878
6674,OPTIMAL,v2:upper,133.88735472228092
6675,OPTIMAL,v2:upper,32.93610414107572
6676,OPTIMAL,v2:upper,47.234960891774236
6677,OPTIMAL,v2:upper,27.237607419965393
6678,OPTIMAL,v2:upper,92.5754056471538
6679,OPTIMAL,v2:upper,108.8186117744296
6680,OPTIMAL,v2:upper,44.56309209535938
6681,OPTIMAL,v2:upper,42.68044898125633
6682,OPTIMAL,v2:upper,177.3643113242341
6683,OPTIMAL,v2:upper,112.84087006656632
6684,OPTIMAL,v2:upper,26.434296366974735
6685,OPTIMAL,v2:upper,76.53350464853595
6686,OPTIMAL,v2:upper,43.128810200296115
6687,OPTIMAL,v2:upper,39.88010917410946
6688,OPTIMAL,v2:upper,150.44616073114375
6689,OPTIMAL,v2:upper,36.09216980732206
6690,OPTIMAL,v2:upper,94.27178278125918
6691,OPTIMAL,v2:upper,230.54490214217736
6692,OPTIMAL,v2:upper,241.31214451274082
6693,OPTIMAL,v2:upper,87.61695014590586
6694,OPTIMAL,v2:upper,149.68258791934556
6695,OPTIMAL,v2:upper,171.23660845787492
6696,OPTIMAL,v2:upper,202.58955221543337
6697,OPTIMAL,v1:upper,232.8109419838241
6698,OPTIMAL,v1:upper,109.20608759708809
6699,OPTIMAL,v2:upper,80.74522838498523
6700,OPTIMAL,v3:upper,105.2770332547162
6701,OPTIMAL,b1:lower;b2:lower;b3:upper;b4:upper;b5:lower;b6:upper;b7:upper;b8:upper;b14:lower,1000.0
6702,OPTIMAL,v2:upper,92.81249759579055
6703,OPTIMAL,v2:upper,37.38262213523494
6704,OPTIMAL,v2:upper,83.40090210063568
6705,OPTIMAL,v1:upper,216.6856038930023
6706,OPTIMAL,v2:upper,141.2800490289396
6707,OPTIMAL,v2:upper,235.86438308364802
6708,OPTIMAL,v2:upper,458.3037322920577
6709,OPTIMAL,v2:upper,211.52668466811875
6710,OPTIMAL,v2:upper,428.49940382263964
6711,OPTIMAL,v3:upper,229.82518254506576
6712,OPTIMAL,v2:upper,200.3085787933144
6713,OPTIMAL,v2:upper,234.70024356589036
6714,OPTIMAL,v2:upper,88.98914137718322
6715,OPTIMAL,v2:upper,77.44509197085941
6716,OPTIMAL,v2:upper,76.67901924880498
6717,OPTIMAL,v3:upper,149.30419994526602
6718,OPTIMAL,v2:upper,82.02068024686163
6719,OPTIMAL,v2:upper,111.86977589463453
6720,OPTIMAL,v1:upper,98.2279911844456
6721,OPTIMAL,v2:upper,35.17656039505391
6722,OPTIMAL,v2:upper,42.79870575666954
6723,OPTIMAL,v2:upper,67.55234959109436
6724,OPTIMAL,v1:upper,161.10658748815453
6725,OPTIMAL,v2:upper,13.548628548858044
6726,OPTIMAL,v2:upper,30.351136164254253
6727,OPTIMAL,v2:upper,199.1511470093065
6728,OPTIMAL,v2:upper,136.39596317558343
6729,OPTIMAL,v2:upper,50.952653071339505
6730,OPTIMAL,v2:upper,180.25757901146554
6731,OPTIMAL,v2:upper,217.29842899554845
6732,OPTIMAL,v2:upper,354.22071778467574
6733,OPTIMAL,v2:upper,150.1739618805874
6734,OPTIMAL,v2:upper,322.40526797602155
6735,OPTIMAL,v2:upper,86.65870568327061
6736,OPTIMAL,v2:upper,13.698311098411738
6737,OPTIMAL,v2:upper,26.8419043313128
6738,OPTIMAL,v2:upper,30.167923579772953
6739,OPTIMAL,v2:upper,80.60149950437037
6740,OPTIMAL,v2:upper,131.96133884989925
6741,OPTIMAL,v2:upper,45.97711787507797
6742,OPTIMAL,v2:upper,162.4253240740233
6743,OPTIMAL,v2:upper,61.34874619019746
6744,OPTIMAL,v1:upper,23.270167584177432
6745,OPTIMAL,v1:upper,297.24852957306393
6746,OPTIMAL,v2:upper,19.34693506705256
6747,OPTIMAL,v2:upper,241.4685743405424
6748,OPTIMAL,v2:upper,129.28332011750356
6749,OPTIMAL,b1:lower;b2:lower;b3:upper;b4:upper;b5:lower;b6:upper;b7:upper;b8:upper;b14:lower,1000.0
6750,OPTIMAL,v2:upper,65.96291148234326
6751,OPTIMAL,v2:upper,350.83613319984886
6752,OPTIMAL,v2:upper,28.060464236200712
6753,OPTIMAL,v2:upper,140.31389189687619
6754,OPTIMAL,v2:upper,38.82716541892327
6755,OPTIMAL,v2:upper,319.723732517229
6756,OPTIMAL,v2:upper,162.70419740285385
6757,OPTIMAL,v2:upper,25.460377900260536
6758,OPTIMAL,v1:upper,142.44822218542413
6759,OPTIMAL,v2:upper,107.4655964331142
6760,OPTIMAL,v2:upper,44.30241266273062
6761,OPTIMAL,v2:upper,65.33490351064701
6762,OPTIMAL,v2:upper,179.5890908936787
6763,OPTIMAL,v2:upper,32.524508645893285
6764,OPTIMAL,v2:upper,137.40645172884373
6765,OPTIMAL,v1:upper,79.53165029470047
6766,OPTIMAL,v2:upper,28.63282395362478
6767,OPTIMAL,v2:upper,73.99886629876292
6768,OPTIMAL,v2:upper,63.94162552685936
6769,OPTIMAL,v2:upper,55.44921117264257
6770,OPTIMAL,v2:upper,27.408459418386062
6771,OPTIMAL,v2:upper,119.73147830817621
6772,OPTIMAL,v1:upper,6.222674993263695
6773,OPTIMAL,v2:upper,88.10563945052893
6774,OPTIMAL,v2:upper,187.77025945282216
6775,OPTIMAL,v2:upper,129.19846127133903
6776,OPTIMAL,v2:upper,170.75056049953523
6777,OPTIMAL,v2:upper,367.2391483560669
6778,OPTIMAL,v2:upper,82.73863063789139
6779,OPTIMAL,v2:upper,157.80492164943766
6780,OPTIMAL,v2:upper,469.4928749865746
6781,OPTIMAL,v2:upper,117.86994017623766
6782,OPTIMAL,v2:upper,113.21898275233282
6783,OPTIMAL,v2:upper,110.15803164761078
6784,OPTIMAL,v2:upper,111.98557729991079
6785,OPTIMAL,v2:upper,79.91680232312639
6786,OPTIMAL,v2:upper,11.266208566247577
6787,OPTIMAL,v1:upper,148.4692615877101
6788,OPTIMAL,v2:upper,127.03072771393515
6789,OPTIMAL,v2:upper,132.70506212760387
6790,OPTIMAL,v3:upper,66.62101830818395
6791,OPTIMAL,v2:upper,104.45123131125892
6792,OPTIMAL,v2:upper,83.28521127647713
6793,OPTIMAL,v2:upper,18.765151341537575
6794,OPTIMAL,v3:upper,26.989363546954046
6795,OPTIMAL,v1:upper,172.43821693525638
6796,OPTIMAL,v2:upper,89.7397798173676
6797,OPTIMAL,v3:upper,55.597273306299925
6798,OPTIMAL,v2:upper,280.8703637118112
6799,OPTIMAL,v2:upper,59.32017897913355
6800,OPTIMAL,v2:upper,19.651568922465497
6801,OPTIMAL,v3:upper,54.713837611855055
6802,OPTIMAL,v2:upper,59.89049566168161
6803,OPTIMAL,v2:upper,44.65074642598811
6804,OPTIMAL,v2:upper,29.3289154084743
6805,OPTIMAL,v1:upper,243.5036794122357
6806,OPTIMAL,v2:upper,292.3087333157116
6807,OPTIMAL,v2:upper,174.19138005929287
6808,OPTIMAL,v2:upper,174.4968933168859
6809,OPTIMAL,v2:upper,26.847770346135174
6810,OPTIMAL,v2:upper,196.1403727360832
6811,OPTIMAL,v2:upper,175.2620539863525
6812,OPTIMAL,v2:upper,10.672580704748729
6813,OPTIMAL,v2:upper,8.877874760102088
6814,OPTIMAL,v2:upper,136.76431070761038
6815,OPTIMAL,v3:upper,102.30370714936679
6816,OPTIMAL,v2:upper,305.8667209857804
6817,OPTIMAL,v2:upper,75.92659006612118
6818,OPTIMAL,v2:upper,308.30004233942236
6819,OPTIMAL,v2:upper,149.1988838015571
6820,OPTIMAL,v2:upper,378.35531217243835
6821,OPTIMAL,v2:upper,193.3786455912006
6822,OPTIMAL,v2:upper,20.33869880369675
6823,OPTIMAL,v2:upper,446.5114447283313
6824,OPTIMAL,v2:upper,20.55353289545024
6825,OPTIMAL,v2:upper,54.54683471675431
6826,OPTIMAL,v1:upper,97.62991489038102
6827,OPTIMAL,v2:upper,125.66060423442327
6828,OPTIMAL,v2:upper,139.19548903794143
6829,OPTIMAL,v2:upper,34.287132742312245
6830,OPTIMAL,v1:upper,506.54997322929887
6831,OPTIMAL,v1:upper,82.16851794879301
6832,OPTIMAL,v2:upper,118.38839471407277
6833,OPTIMAL,v2:upper,160.3760516095686
6834,OPTIMAL,v2:upper,92.14774181340438
6835,OPTIMAL,v2:upper,64.27993414543762
6836,OPTIMAL,v2:upper,127.7060941198244
6837,OPTIMAL,v2:upper,208.22088162104157
6838,OPTIMAL,v2:upper,247.32383240457932
6839,OPTIMAL,v2:upper,66.9643533966043
6840,OPTIMAL,v2:upper,171.48537001253618
6841,OPTIMAL,v2:upper,181.23763001598957
6842,OPTIMAL,v2:upper,120.7544937851048
6843,OPTIMAL,v2:upper,81.93255400928098
6844,OPTIMAL,v2:upper,43.598907742746015
6845,OPTIMAL,v2:upper,79.88619998350575
6846,OPTIMAL,v2:upper,130.04642470738466
6847,OPTIMAL,v3:upper,79.18266613491538
6848,OPTIMAL,v2:upper,210.30946474979498
6849,OPTIMAL,v3:upper,321.1157633602512
6850,OPTIMAL,v3:upper,359.20172041981004
6851,OPTIMAL,v2:upper,173.03818472343946
6852,OPTIMAL,v2:upper,141.73697644060576
6853,OPTIMAL,v2:upper,137.09883910624373
6854,OPTIMAL,v2:upper,304.07327381586055
6855,OPTIMAL,v3:upper,290.4086730790425
6856,OPTIMAL,v2:upper,221.30732962687395
6857,OPTIMAL,v2:upper,136.13784341668045
6858,OPTIMAL,v2:upper,51.77523444800187
6859,OPTIMAL,v1:upper,562.6289692324183
6860,OPTIMAL,v1:upper,74.48608335416321
6861,OPTIMAL,v2:upper,136.28447971831238
6862,OPTIMAL,v2:upper,157.56938414573966
6863,OPTIMAL,v2:upper,225.63097315573384
6864,OPTIMAL,v2:upper,65.26480948668288
6865,OPTIMAL,v2:upper,20.365478032276876
6866,OPTIMAL,v2:upper,89.25034384186826
6867,OPTIMAL,v2:upper,67.89353199119468
6868,OPTIMAL,v4:upper,89.2986432595414
6869,OPTIMAL,v2:upper,96.34710285297889
6870,OPTIMAL,v2:upper,42.264791639551206
6871,OPTIMAL,v2:upper,44.327860047902945
6872,OPTIMAL,v3:upper,58.55895980577933
6873,OPTIMAL,v2:upper,143.64394295073728
6874,OPTIMAL,v1:upper,338.9420962430853
6875,OPTIMAL,v1:upper,241.07894402449796
6876,OPTIMAL,v1:upper,89.18008255558652
6877,OPTIMAL,v2:upper,172.76249000473464
6878,OPTIMAL,v2:upper,70.0471357966054
6879,OPTIMAL,v2:upper,316.4890904720506
6880,OPTIMAL,v1:upper,109.35245343942671
6881,OPTIMAL,v2:upper,225.3418694383027
6882,OPTIMAL,v2:upper,374.871820170505
6883,OPTIMAL,v2:upper,16.72471571397482
6884,OPTIMAL,v2:upper,46.2878455626739
6885,OPTIMAL,v2:upper,154.9090809356627
6886,OPTIMAL,v2:upper,58.162154999037966
6887,OPTIMAL,v2:upper,58.5240465985809
6888,OPTIMAL,v1:upper,53.54040884495379
6889,OPTIMAL,v2:upper,60.58225669808057
6890,OPTIMAL,v2:upper,390.41736706788134
6891,OPTIMAL,v2:upper,132.66626208234825
6892,OPTIMAL,v2:upper,40.80981860383315
6893,OPTIMAL,v2:upper,89.6171741395435
6894,OPTIMAL,v2:upper,40.42970810467206
6895,OPTIMAL,v2:upper,93.1912163560026
6896,OPTIMAL,v2:upper,44.45119056660039
6897,OPTIMAL,v2:upper,144.97269599321655
6898,OPTIMAL,v2:upper,52.81873126671099
6899,OPTIMAL,v4:upper,120.41258576992348
6900,OPTIMAL,v3:upper,97.96935531374002
6901,OPTIMAL,v2:upper,125.53170794824571
6902,OPTIMAL,v2:upper,114.56551649749619
6903,OPTIMAL,v1:upper,123.7799432591254
6904,OPTIMAL,v2:upper,697.5277401625801
6905,OPTIMAL,v2:upper,457.2729347555146
6906,OPTIMAL,v2:upper,182.93639218337267
6907,OPTIMAL,v2:upper,78.63244921846052
6908,OPTIMAL,v2:upper,108.04867308600507
6909,OPTIMAL,v2:upper,35.64407150523187
6910,OPTIMAL,v2:upper,27.943238656539467
6911,OPTIMAL,v2:upper,80.15192958226427
6912,OPTIMAL,v2:upper,278.3309723254484
6913,OPTIMAL,v1:upper,186.77653468619044
6914,OPTIMAL,v2:upper,48.16394275153863
6915,OPTIMAL,v2:upper,35.153588605657674
6916,OPTIMAL,v2:upper,45.91244940351063
6917,OPTIMAL,v2:upper,34.58884209355773
6918,OPTIMAL,v2:upper,150.8312241832164
6919,OPTIMAL,v2:upper,89.82893730937968
6920,OPTIMAL,v1:upper,215.48223527221668
6921,OPTIMAL,v3:upper,293.97358277219416
6922,OPTIMAL,v2:upper,67.3078359158911
6923,OPTIMAL,v2:upper,18.931884103785972
6924,OPTIMAL,v2:upper,112.16591476107827
6925,OPTIMAL,v2:upper,177.11297924193877
6926,OPTIMAL,v2:upper,523.3057432137789
6927,OPTIMAL,v3:upper,98.7556367060791
6928,OPTIMAL,v3:upper,94.69005585477163
6929,OPTIMAL,v1:upper,104.43444474940463
6930,OPTIMAL,v2:upper,26.35638500144579
6931,OPTIMAL,v2:upper,41.90813632321853
6932,OPTIMAL,v1:upper,94.6728377782615
6933,OPTIMAL,v2:upper,88.25823741173008
6934,OPTIMAL,v1:upper,264.4374886695752
6935,OPTIMAL,v2:upper,168.92091375676682
6936,OPTIMAL,v2:upper,40.53792787590484
6937,OPTIMAL,v2:upper,149.50687227975615
6938,OPTIMAL,v2:upper,27.277838192067026
6939,OPTIMAL,v2:upper,136.83470033188996
6940,OPTIMAL,v2:upper,55.38419127555674
6941,OPTIMAL,v2:upper,63.7979298687876
6942,OPTIMAL,v2:upper,46.216395496134716
6943,OPTIMAL,v2:upper,192.5766160474682
6944,OPTIMAL,v2:upper,60.12989225234899
6945,OPTIMAL,v2:upper,31.164074464793842
6946,OPTIMAL,v2:upper,66.03167626360037
6947,OPTIMAL,v2:upper,124.15288604621485
6948,OPTIMAL,v2:upper,59.047676647230325
6949,OPTIMAL,v3:upper,15.747969364153452
6950,OPTIMAL,v2:upper,61.467269052543415
6951,OPTIMAL,v2:upper,407.6952380824004
6952,OPTIMAL,v2:upper,449.1884921838085
6953,OPTIMAL,v1:upper,72.84495959084128
6954,OPTIMAL,v2:upper,136.97161164494685
6955,OPTIMAL,v2:upper,176.08779321818707
6956,OPTIMAL,v2:upper,86.03153707487161
6957,OPTIMAL,v2:upper,344.06522066251887
6958,OPTIMAL,v2:upper,316.44517860462247
6959,OPTIMAL,v2:upper,62.43813604833213
6960,OPTIMAL,v3:upper,34.37792990178569
6961,OPTIMAL,v2:upper,108.67053891317549
6962,OPTIMAL,v2:upper,193.01112725469022
6963,OPTIMAL,v2:upper,114.01755090456544
6964,OPTIMAL,v2:upper,17.78924142608879
6965,OPTIMAL,v1:upper,277.2922478496866
6966,OPTIMAL,v2:upper,49.23857101434001
6967,OPTIMAL,v3:upper,200.10597440867303
6968,OPTIMAL,v2:upper,368.2915059148734
6969,OPTIMAL,v2:upper,86.77194305458707
6970,OPTIMAL,v2:upper,64.59617725515103
6971,OPTIMAL,v1:upper,335.47965603169274
6972,OPTIMAL,v3:upper,87.4696136076514
6973,OPTIMAL,v2:upper,110.45803320738952
6974,OPTIMAL,v2:upper,23.323110079489567
6975,OPTIMAL,v2:upper,185.35101528129593
6976,OPTIMAL,v2:upper,96.43448336467203
6977,OPTIMAL,v2:upper,69.24128919567197
6978,OPTIMAL,v2:upper,219.02141237834135
6979,OPTIMAL,v2:upper,43.26756704504733
6980,OPTIMAL,v2:upper,47.6875803298603
6981,OPTIMAL,v2:upper,242.49251976585495
6982,OPTIMAL,v2:upper,212.65117150443555
6983,OPTIMAL,v2:upper,89.78777109121383
6984,OPTIMAL,v2:upper,253.38792380568063
6985,OPTIMAL,v2:upper,110.83615130995703
6986,OPTIMAL,v2:upper,82.59089114363891
6987,OPTIMAL,v2:upper,173.02497862826502
6988,OPTIMAL,v2:upper,137.2609861759307
6989,OPTIMAL,v2:upper,28.860005900251814
6990,OPTIMAL,v2:upper,46.14031245261942
6991,OPTIMAL,v2:upper,144.20068709994518
6992,OPTIMAL,v2:upper,149.40940187374053
6993,OPTIMAL,v2:upper,44.01233074794059
6994,OPTIMAL,v2:upper,52.64280560676504
6995,OPTIMAL,v2:upper,558.8765132456003
6996,OPTIMAL,v2:upper,166.69996114649905
6997,OPTIMAL,v2:upper,154.68016202016312
6998,OPTIMAL,v2:upper,245.7230451066193
6999,OPTIMAL,v2:upper,122.44437964198275
7000,OPTIMAL,v2:upper,37.90730429382798
7001,OPTIMAL,v2:upper,254.30626343000034
7002,OPTIMAL,v2:upper,130.6902131240485
7003,OPTIMAL,v2:upper,58.68042563120204
7004,OPTIMAL,v2:upper,100.84442759104982
7005,OPTIMAL,v2:upper,60.98322786773329
7006,OPTIMAL,v2:upper,9.099289385896535
7007,OPTIMAL,v2:upper,28.51516018964829
7008,OPTIMAL,v3:upper,309.73971879580466
7009,OPTIMAL,v2:upper,49.21228829829648
7010,OPTIMAL,v2:upper,28.22478175960019
7011,OPTIMAL,v2:upper,18.23851735155552
7012,OPTIMAL,v1:upper,750.5043669377193
7013,OPTIMAL,v2:upper,453.75930762331205
7014,OPTIMAL,v2:upper,73.62991218698686
7015,OPTIMAL,v2:upper,88.55831557899933
7016,OPTIMAL,v2:upper,22.604874721110647
7017,OPTIMAL,v2:upper,587.6828942221983
7018,OPTIMAL,v2:upper,76.82208136402309
7019,OPTIMAL,v2:upper,599.812109665833
7020,OPTIMAL,v2:upper,42.983520222206906
7021,OPTIMAL,v3:upper,90.79546737087611
7022,OPTIMAL,v1:upper,217.25972450185287
7023,OPTIMAL,v2:upper,53.708507678002455
7024,OPTIMAL,v2:upper,70.1480680321578
7025,OPTIMAL,v2:upper,172.51145366909174
7026,OPTIMAL,v2:upper,25.788566819982638
7027,OPTIMAL,v3:upper,282.19990512741043
7028,OPTIMAL,v2:upper,416.6089674599666
7029,OPTIMAL,v2:upper,55.65029088711172
7030,OPTIMAL,v1:upper,540.8059180303798
7031,OPTIMAL,v2:upper,20.81822569129481
7032,OPTIMAL,v2:upper,116.65975149105373
7033,OPTIMAL,v2:upper,156.06680076773725
7034,OPTIMAL,v2:upper,327.5372587482169
7035,OPTIMAL,v2:upper,147.8436306353659
7036,OPTIMAL,v2:upper,113.61145200753354
7037,OPTIMAL,v2:upper,223.84227782753143
7038,OPTIMAL,v1:upper,260.00236795583936
7039,OPTIMAL,v3:upper,85.44789078075603
7040,OPTIMAL,v2:upper,59.935827119662356
7041,OPTIMAL,v2:upper,174.63703712265024
7042,OPTIMAL,v2:upper,166.0129549670317
7043,OPTIMAL,v3:upper,47.99651763984652
7044,OPTIMAL,v1:upper,415.88925558920783
7045,OPTIMAL,v1:upper,258.41691304614744
7046,OPTIMAL,v4:upper,550.8135123339098
7047,OPTIMAL,v1:upper,957.5680151441132
7048,OPTIMAL,v2:upper,87.24712226864214
7049,OPTIMAL,v2:upper,32.14983489874356
7050,OPTIMAL,v2:upper,33.19734855480158
7051,OPTIMAL,v2:upper,135.8588993964739
7052,OPTIMAL,v2:upper,122.42839464857369
7053,OPTIMAL,v3:upper,110.72864383797257
7054,OPTIMAL,v2:upper,159.97548073327027
7055,OPTIMAL,v3:upper,110.63987236405805
7056,OPTIMAL,v2:upper,76.20117079586642
7057,OPTIMAL,v2:upper,275.52206373613654
7058,OPTIMAL,v2:upper,40.42995360599347
7059,OPTIMAL,b1:lower;b2:lower;b3:upper;b4:upper;b5:lower;b6:upper;b7:upper;b8:upper;b14:lower,1000.0
7060,OPTIMAL,v2:upper,102.23500011362997
7061,OPTIMAL,v2:upper,144.5416922400544
7062,OPTIMAL,v2:upper,195.6732241370205
7063,OPTIMAL,v2:upper,191.68724308396057
7064,OPTIMAL,v3:upper,100.28745801252357
7065,OPTIMAL,v3:upper,370.40756521512947
7066,OPTIMAL,v2:upper,133.97661188989332
7067,OPTIMAL,v2:upper,53.740098749390384
7068,OPTIMAL,v2:upper,266.8305678806355
7069,OPTIMAL,v2:upper,756.8791107812475
7070,OPTIMAL,v1:upper,62.961444745752125
7071,OPTIMAL,v1:upper,64.40101145821741
7072,OPTIMAL,v2:upper,191.96334447375915
7073,OPTIMAL,v1:upper,71.79573917046025
7074,OPTIMAL,v2:upper,423.00719138359574
7075,OPTIMAL,v2:upper,78.14053669330143
7076,OPTIMAL,v2:upper,22.301233535941112
7077,OPTIMAL,v2:upper,153.28694325469525
7078,OPTIMAL,v2:upper,89.42442353451297
7079,OPTIMAL,v2:upper,40.80295615254849
7080,OPTIMAL,v2:upper,42.646237349152585
7081,OPTIMAL,v2:upper,195.13102423698967
7082,OPTIMAL,v2:upper,12.715849254485574
7083,OPTIMAL,v2:upper,126.51123016886561
7084,OPTIMAL,v2:upper,95.82116448934354
7085,OPTIMAL,v2:upper,236.76841989687352
7086,OPTIMAL,v1:upper,124.29863297233146
7087,OPTIMAL,v2:upper,207.3400021725312
7088,OPTIMAL,v2:upper,234.95498918575302
7089,OPTIMAL,v2:upper,139.36167099391386
7090,OPTIMAL,v2:upper,9.915622536981806
7091,OPTIMAL,v1:upper,94.64686362250471
7092,OPTIMAL,v2:upper,225.5002607932712
7093,OPTIMAL,v2:upper,40.997621811257936
7094,OPTIMAL,v2:upper,315.83102026186737
7095,OPTIMAL,v2:upper,73.95425458437286
7096,OPTIMAL,v2:upper,129.10027591979554
7097,OPTIMAL,v2:upper,60.40412736331287
7098,OPTIMAL,v2:upper,79.35974498276127
7099,OPTIMAL,v2:upper,63.415444137047466
7100,OPTIMAL,v2:upper,72.42279240280868
7101,OPTIMAL,v2:upper,131.23564136054557
7102,OPTIMAL,v2:upper,431.15363698642057
7103,OPTIMAL,v1:upper,90.5334499246413
7104,OPTIMAL,v2:upper,59.3135403047905
7105,OPTIMAL,v2:upper,61.162988042417474
7106,OPTIMAL,v1:upper,82.64893155178814
7107,OPTIMAL,v2:upper,79.98098827233021
7108,OPTIMAL,v1:upper,197.89272943130038
7109,OPTIMAL,v2:upper,57.72858895388627
7110,OPTIMAL,v2:upper,57.089519417374824
7111,OPTIMAL,v2:upper,129.81614728395115
7112,OPTIMAL,v2:upper,74.72620407298302
7113,OPTIMAL,v2:upper,337.2121326290967
7114,OPTIMAL,v1:upper,130.9488195587105
7115,OPTIMAL,v1:upper,310.58499390305275
7116,OPTIMAL,v2:upper,54.12841329970901
7117,OPTIMAL,v2:upper,245.34683270385128
7118,OPTIMAL,v2:upper,361.0561049950102
7119,OPTIMAL,v2:upper,14.086744489977324
7120,OPTIMAL,v4:upper,189.66431411137964
7121,OPTIMAL,v2:upper,269.7874415775226
7122,OPTIMAL,v2:upper,86.05271083137029
7123,OPTIMAL,v1:upper,51.87693856025709
7124,OPTIMAL,v2:upper,130.41132324870625
7125,OPTIMAL,v2:upper,64.50877928528949
7126,OPTIMAL,v1:upper,85.7962341077985
7127,OPTIMAL,v3:upper,341.65020607962583
7128,OPTIMAL,v2:upper,294.782558917404
7129,OPTIMAL,v1:upper,697.4157751141098
7130,OPTIMAL,v2:upper,47.524680335889144
7131,OPTIMAL,v1:upper,370.4374604330327
7132,OPTIMAL,v1:upper,184.13774563059349
7133,OPTIMAL,v2:upper,166.09889397046976
7134,OPTIMAL,v2:upper,71.0165671807266
7135,OPTIMAL,v2:upper,176.72001691494378
7136,OPTIMAL,v2:upper,438.28160906907107
7137,OPTIMAL,v2:upper,61.98714275444834
7138,OPTIMAL,v1:upper,224.61022694177845
7139,OPTIMAL,v2:upper,191.78158415396007
7140,OPTIMAL,v2:upper,99.5469824933029
7141,OPTIMAL,v1:upper,67.46955281160045
7142,OPTIMAL,v2:upper,14.801544929786736
7143,OPTIMAL,v2:upper,503.00990093114603
7144,OPTIMAL,v1:upper,56.32462516043869
7145,OPTIMAL,v2:upper,270.9666007021509
7146,OPTIMAL,v2:upper,85.87854708009469
7147,OPTIMAL,v1:upper,161.0240040262799
7148,OPTIMAL,v2:upper,65.95550925841441
7149,OPTIMAL,v2:upper,66.49751448475241
7150,OPTIMAL,v2:upper,139.89392472449498
7151,OPTIMAL,v3:upper,179.83358910043992
7152,OPTIMAL,v3:upper,14.234342684502659
7153,OPTIMAL,v1:upper,218.6221140037591
7154,OPTIMAL,v2:upper,56.37819899893863
7155,OPTIMAL,v2:upper,182.02059410069805
7156,OPTIMAL,v2:upper,171.9082326214739
7157,OPTIMAL,v2:upper,144.17096953704666
7158,OPTIMAL,v2:upper,138.8305666828231
7159,OPTIMAL,v2:upper,37.24650308010284
7160,OPTIMAL,v2:upper,262.10805553557765
7161,OPTIMAL,v3:upper,126.85419255547981
7162,OPTIMAL,v2:upper,45.885233154145
7163,OPTIMAL,v2:upper,152.14513454756357
7164,OPTIMAL,v2:upper,68.44690803111587
7165,OPTIMAL,v2:upper,70.1092124290613
7166,OPTIMAL,v2:upper,205.68168878130896
7167,OPTIMAL,v2:upper,17.353471870873392
7168,OPTIMAL,v1:upper,137.65770656888193
7169,OPTIMAL,v2:upper,332.92353004496124
7170,OPTIMAL,v2:upper,32.855240973388305
7171,OPTIMAL,v2:upper,42.27948315606021
7172,OPTIMAL,v2:upper,76.0288439516049
7173,OPTIMAL,v2:upper,210.97066081035993
7174,OPTIMAL,v2:upper,119.21198954854873
7175,OPTIMAL,v2:upper,54.685308768099596
7176,OPTIMAL,v2:upper,292.022443282985
7177,OPTIMAL,v1:upper,507.96652335347295
7178,OPTIMAL,v2:upper,38.572564079710816
7179,OPTIMAL,v3:upper,332.536917990981
7180,OPTIMAL,v2:upper,79.53678408123415
7181,OPTIMAL,v1:upper,90.68717781183784
7182,OPTIMAL,v3:upper,148.4071350615756
7183,OPTIMAL,v2:upper,295.1286717947645
7184,OPTIMAL,v2:upper,80.43869213333035
7185,OPTIMAL,v2:upper,29.015146728456394
7186,OPTIMAL,v1:upper,83.10602122038743
7187,OPTIMAL,v2:upper,91.64419430338616
7188,OPTIMAL,v2:upper,38.85595994562227
7189,OPTIMAL,v2:upper,127.89758625489355
7190,OPTIMAL,v2:upper,69.62691288016248
7191,OPTIMAL,v2:upper,140.97343335303518
7192,OPTIMAL,v2:upper,110.7886281226067
7193,OPTIMAL,v2:upper,118.25043903391378
7194,OPTIMAL,v3:upper,89.85012271336791
7195,OPTIMAL,v2:upper,67.23869327213816
7196,OPTIMAL,v1:upper,390.73599054435596
7197,OPTIMAL,v2:upper,81.0558200101218
7198,OPTIMAL,v2:upper,197.54547321294334
7199,OPTIMAL,v2:upper,46.2293263867091
7200,OPTIMAL,v2:upper,73.26223256276357
7201,OPTIMAL,v2:upper,147.26803342184894
7202,OPTIMAL,v3:upper,35.04330167772426
7203,OPTIMAL,v2:upper,908.4457926708717
7204,OPTIMAL,v2:upper,20.085390368523043
7205,OPTIMAL,v2:upper,404.4212047610721
7206,OPTIMAL,v2:upper,43.6486423907316
7207,OPTIMAL,v4:upper,141.59043602359523
7208,OPTIMAL,v3:upper,69.71107511208542
7209,OPTIMAL,v2:upper,76.85794123762582
7210,OPTIMAL,v2:upper,130.22106343532374
7211,OPTIMAL,v2:upper,139.35057773692267
7212,OPTIMAL,v2:upper,230.01317201291891
7213,OPTIMAL,v2:upper,57.249562015700356
7214,OPTIMAL,v2:upper,363.7073750667584
7215,OPTIMAL,v1:upper,35.909198377912
7216,OPTIMAL,v2:upper,21.438446298035043
7217,OPTIMAL,v2:upper,103.08624266952603
7218,OPTIMAL,v2:upper,378.416066689975
7219,OPTIMAL,v2:upper,47.31424056949655
7220,OPTIMAL,v2:upper,29.471557794343358
7221,OPTIMAL,v2:upper,22.358998626442464
7222,OPTIMAL,v2:upper,248.13196796595014
7223,OPTIMAL,v2:upper,48.822798598571
7224,OPTIMAL,v2:upper,243.69803022165758
7225,OPTIMAL,v2:upper,31.966777049638136
7226,OPTIMAL,v2:upper,71.47935540211495
7227,OPTIMAL,v2:upper,92.60873345469618
7228,OPTIMAL,b1:lower;b2:lower;b3:upper;b4:upper;b5:lower;b6:upper;b7:upper;b8:upper;b14:lower,1000.0
7229,OPTIMAL,v2:upper,181.31733640695742
7230,OPTIMAL,v2:upper,331.34244100754603
7231,OPTIMAL,v2:upper,51.82938377169044
7232,OPTIMAL,v1:upper,388.64231824352737
7233,OPTIMAL,v2:upper,30.412842841773205
7234,OPTIMAL,v2:upper,70.70345262606257
7235,OPTIMAL,v2:upper,50.864344042030936
7236,OPTIMAL,v2:upper,183.75691907989966
7237,OPTIMAL,v2:upper,72.82367472926052
7238,OPTIMAL,v2:upper,297.6329266474942
7239,OPTIMAL,v3:upper,138.37670798044877
7240,OPTIMAL,v2:upper,87.8525973158703
7241,OPTIMAL,v2:upper,66.12639339268505
7242,OPTIMAL,v1:upper,50.47247499608028
7243,OPTIMAL,v2:upper,44.73090751032671
7244,OPTIMAL,v2:upper,39.68540716345887
7245,OPTIMAL,v2:upper,610.2818328601265
7246,OPTIMAL,v1:upper,93.2045982932709
7247,OPTIMAL,v2:upper,130.08942074510682
7248,OPTIMAL,v3:upper,20.265515131239912
7249,OPTIMAL,v2:upper,17.375462775406138
7250,OPTIMAL,v2:upper,30.65818997081119
7251,OPTIMAL,v2:upper,52.5507709200443
7252,OPTIMAL,v2:upper,42.36827656820501
7253,OPTIMAL,v3:upper,91.97018699754945
7254,OPTIMAL,v2:upper,39.37748654143728
7255,OPTIMAL,v2:upper,209.08366758240666
7256,OPTIMAL,v2:upper,37.46594462825876
7257,OPTIMAL,v2:upper,51.272709291231386
7258,OPTIMAL,v2:upper,87.94267960809646
7259,OPTIMAL,v2:upper,260.9389673401302
7260,OPTIMAL,v1:upper,48.52671032562074
7261,OPTIMAL,v2:upper,40.60648504295272
7262,OPTIMAL,v2:upper,60.09030129070586
7263,OPTIMAL,v2:upper,52.18796311142254
7264,OPTIMAL,v2:upper,91.36042517035487
7265,OPTIMAL,v2:upper,937.2425673589781
7266,OPTIMAL,v2:upper,127.99680292196112
7267,OPTIMAL,v3:upper,65.6091159193665
7268,OPTIMAL,v2:upper,29.313247684932673
7269,OPTIMAL,v2:upper,159.20359464481544
7270,OPTIMAL,v2:upper,63.899510058738805
7271,OPTIMAL,v2:upper,73.69040125059261
7272,OPTIMAL,v2:upper,249.8577327924444
7273,OPTIMAL,v2:upper,261.1550250350866
7274,OPTIMAL,v2:upper,156.0007179595711
7275,OPTIMAL,v1:upper,129.85461802125192
7276,OPTIMAL,v2:upper,129.16938840358702
7277,OPTIMAL,v2:upper,116.60791355316815
7278,OPTIMAL,v2:upper,341.1971745660819
7279,OPTIMAL,v1:upper,912.591326036353
7280,OPTIMAL,v2:upper,94.2650524875004
7281,OPTIMAL,v1:upper,177.9962201474241
7282,OPTIMAL,v2:upper,36.9393021625069
7283,OPTIMAL,v2:upper,613.5655685061878
7284,OPTIMAL,v2:upper,53.78790053092474
7285,OPTIMAL,v2:upper,70.75123884007644
7286,OPTIMAL,v1:upper,131.25984570926937
7287,OPTIMAL,v2:upper,671.5864011208249
7288,OPTIMAL,v1:upper,727.766266623753
7289,OPTIMAL,v2:upper,187.18826937009834
7290,OPTIMAL,v2:upper,225.46436222744808
7291,OPTIMAL,v2:upper,36.48008049196986
7292,OPTIMAL,v2:upper,92.79805567016999
7293,OPTIMAL,v2:upper,62.09996932027379
7294,OPTIMAL,v1:upper,38.405238176301935
7295,OPTIMAL,v2:upper,96.87012419775539
7296,OPTIMAL,v2:upper,292.0174619848202
7297,OPTIMAL,v2:upper,173.55778186802465
7298,OPTIMAL,v2:upper,69.70353920609014
7299,OPTIMAL,v2:upper,129.93725476919073
7300,OPTIMAL,v2:upper,94.76120228194566
7301,OPTIMAL,v2:upper,68.07552206456732
7302,OPTIMAL,v2:upper,103.58302225117097
7303,OPTIMAL,v1:upper,338.69007472138117
7304,OPTIMAL,v1:upper,150.98253088436007
7305,OPTIMAL,v2:upper,163.3861710651943
7306,OPTIMAL,v2:upper,51.52248241081823
7307,OPTIMAL,v2:upper,51.443437729755026
7308,OPTIMAL,v2:upper,29.47140566672198
7309,OPTIMAL,v2:upper,393.3930912980948
7310,OPTIMAL,v2:upper,46.29533111400473
7311,OPTIMAL,v2:upper,129.45241660315384
7312,OPTIMAL,v1:upper,77.31214977878766
7313,OPTIMAL,v2:upper,104.4644279485056
7314,OPTIMAL,v2:upper,54.22571503877212
7315,OPTIMAL,v2:upper,56.21121936940278
7316,OPTIMAL,v2:upper,64.34385770258613
7317,OPTIMAL,v3:upper,430.871816812345
7318,OPTIMAL,v2:upper,72.18040157790433
7319,OPTIMAL,v2:upper,226.02579010153073
7320,OPTIMAL,v2:upper,97.59964979278378
7321,OPTIMAL,v2:upper,432.47518174528545
7322,OPTIMAL,v1:upper,30.46880918607541
7323,OPTIMAL,v1:upper,63.535150591563955
7324,OPTIMAL,v2:upper,352.2215514985249
7325,OPTIMAL,v1:upper,146.53462386962482
7326,OPTIMAL,v4:upper,239.58506292030077
7327,OPTIMAL,v2:upper,264.2129352949348
7328,OPTIMAL,v2:upper,423.2011530580813
7329,OPTIMAL,v2:upper,59.258928716276614
7330,OPTIMAL,v1:upper,158.19483376398497
7331,OPTIMAL,v2:upper,39.61042019626203
7332,OPTIMAL,v2:upper,265.65118356236803
7333,OPTIMAL,v2:upper,20.067828063746532
7334,OPTIMAL,v2:upper,178.68721194288835
7335,OPTIMAL,v2:upper,91.68818639715126
7336,OPTIMAL,v2:upper,295.4063051358847
7337,OPTIMAL,v3:upper,119.68246427177144
7338,OPTIMAL,v2:upper,198.37557768001864
7339,OPTIMAL,v2:upper,93.33219942847045
7340,OPTIMAL,v2:upper,287.80907304991405
7341,OPTIMAL,v2:upper,140.25239956075066
7342,OPTIMAL,v2:upper,24.8396408929811
7343,OPTIMAL,v2:upper,114.1764661753653
7344,OPTIMAL,v2:upper,42.979454956846475
7345,OPTIMAL,v2:upper,228.72714648459205
7346,OPTIMAL,v4:upper,575.4168159727295
7347,OPTIMAL,v2:upper,71.6934697329601
7348,OPTIMAL,v2:upper,45.71069252810618
7349,OPTIMAL,v2:upper,34.88864782684055
7350,OPTIMAL,v2:upper,127.91356777905258
7351,OPTIMAL,v1:upper,108.00480407082259
7352,OPTIMAL,v2:upper,316.50670229190524
7353,OPTIMAL,v2:upper,378.2323720708932
7354,OPTIMAL,v2:upper,135.90843309357592
7355,OPTIMAL,v2:upper,77.64353600722225
7356,OPTIMAL,v1:upper,133.58153094423201
7357,OPTIMAL,v2:upper,30.128943976101557
7358,OPTIMAL,v3:upper,104.59479614960983
7359,OPTIMAL,v2:upper,221.04607953125364
7360,OPTIMAL,v2:upper,32.75478722393059
7361,OPTIMAL,v2:upper,155.5452918544414
7362,OPTIMAL,v2:upper,45.03201981143294
7363,OPTIMAL,v2:upper,41.851229888750396
7364,OPTIMAL,v2:upper,176.10780651394722
7365,OPTIMAL,v2:upper,223.09214224882703
7366,OPTIMAL,v2:upper,48.9532802253613
7367,OPTIMAL,v2:upper,539.5862140313286
7368,OPTIMAL,v2:upper,37.80248190561319
7369,OPTIMAL,v2:upper,109.70568154717132
7370,OPTIMAL,v1:upper,87.02250689527499
7371,OPTIMAL,v3:upper,31.71114073986028
7372,OPTIMAL,v3:upper,174.0782140610746
7373,OPTIMAL,v2:upper,140.6896250371979
7374,OPTIMAL,v2:upper,105.30878682726383
7375,OPTIMAL,v1:upper,231.7553663426388
7376,OPTIMAL,v2:upper,143.12060502106408
7377,OPTIMAL,v2:upper,79.21736680591214
7378,OPTIMAL,v2:upper,66.84002871546639
7379,OPTIMAL,v1:upper,217.41240626064828
7380,OPTIMAL,v2:upper,49.646340635926194
7381,OPTIMAL,v2:upper,39.210468966737345
7382,OPTIMAL,v2:upper,269.3372472351218
7383,OPTIMAL,v1:upper,637.8348963617719
7384,OPTIMAL,v2:upper,110.29643200191214
7385,OPTIMAL,v2:upper,48.50809607534265
7386,OPTIMAL,v2:upper,51.939365319224066
7387,OPTIMAL,v2:upper,374.47166625806824
7388,OPTIMAL,v2:upper,64.12593087217046
7389,OPTIMAL,v2:upper,210.1635584268485
7390,OPTIMAL,v2:upper,341.62583916145775
7391,OPTIMAL,v2:upper,52.40419101387094
7392,OPTIMAL,v2:upper,106.32321845954245
7393,OPTIMAL,v2:upper,318.1884886025857
7394,OPTIMAL,v2:upper,27.162866333572065
7395,OPTIMAL,v2:upper,105.07224038944123
7396,OPTIMAL,v2:upper,256.7441128320751
7397,OPTIMAL,v1:upper,112.03220803486522
7398,OPTIMAL,v2:upper,245.05756124436837
7399,OPTIMAL,v2:upper,181.14122251238203
7400,OPTIMAL,v2:upper,90.65423912133583
7401,OPTIMAL,v2:upper,78.40325955709245
7402,OPTIMAL,v2:upper,72.05602470790241
7403,OPTIMAL,v2:upper,133.00191231899035
7404,OPTIMAL,v1:upper,36.1650839737019
7405,OPTIMAL,v2:upper,160.3436779647285
7406,OPTIMAL,v2:upper,169.0891042753462
7407,OPTIMAL,v2:upper,43.28124125045559
7408,OPTIMAL,v2:upper,104.32289854692208
7409,OPTIMAL,v1:upper,526.692335325719
7410,OPTIMAL,v2:upper,168.32934579815358
7411,OPTIMAL,v1:upper,16.316592119605353
7412,OPTIMAL,v2:upper,52.29235781021342
7413,OPTIMAL,v2:upper,146.6650147500297
7414,OPTIMAL,v2:upper,318.74968709406437
7415,OPTIMAL,v2:upper,164.19960273540607
7416,OPTIMAL,v2:upper,50.7971785235949
7417,OPTIMAL,v2:upper,25.77830039888089
7418,OPTIMAL,v1:upper,87.41630726335715
7419,OPTIMAL,v1:upper,230.13046936038236
7420,OPTIMAL,v2:upper,126.3702715705366
7421,OPTIMAL,v4:upper,187.52175956200787
7422,OPTIMAL,v2:upper,87.8075824015555
7423,OPTIMAL,v2:upper,77.21683970805827
7424,OPTIMAL,v2:upper,60.876376558734826
7425,OPTIMAL,v2:upper,111.07849725436532
7426,OPTIMAL,v2:upper,208.688882080586
7427,OPTIMAL,v2:upper,126.21574325944678
7428,OPTIMAL,v2:upper,5.457119641033627
7429,OPTIMAL,v1:upper,126.05374594088129
7430,OPTIMAL,v2:upper,63.05436937261974
7431,OPTIMAL,v2:upper,148.189791630484
7432,OPTIMAL,v2:upper,19.972868488626993
7433,OPTIMAL,v1:upper,776.5561240207519
7434,OPTIMAL,v2:upper,77.37063048688117
7435,OPTIMAL,v2:upper,134.99676668184904
7436,OPTIMAL,v2:upper,376.34081770777414
7437,OPTIMAL,v2:upper,59.08417999998956
7438,OPTIMAL,v1:upper,942.1635150490847
7439,OPTIMAL,v2:upper,196.7287994236076
7440,OPTIMAL,v2:upper,135.99776593218235
7441,OPTIMAL,v2:upper,86.14938700871399
7442,OPTIMAL,v2:upper,146.25288196727814
7443,OPTIMAL,v2:upper,127.37086326818066
7444,OPTIMAL,v2:upper,206.59722272585418
7445,OPTIMAL,v2:upper,216.0057325673616
7446,OPTIMAL,v2:upper,167.9669379682833
7447,OPTIMAL,v1:upper,431.80148827392105
7448,OPTIMAL,v2:upper,61.92320454504878
7449,OPTIMAL,v2:upper,355.5082439569838
7450,OPTIMAL,v2:upper,32.497228577140575
7451,OPTIMAL,v2:upper,92.8508899032162
7452,OPTIMAL,v2:upper,90.11258877459372
7453,OPTIMAL,v2:upper,406.8959782674401
7454,OPTIMAL,v2:upper,320.3703087956784
7455,OPTIMAL,v3:upper,9.387994881175896
7456,OPTIMAL,v2:upper,45.464898489057745
7457,OPTIMAL,v1:upper,242.61350353994138
7458,OPTIMAL,v2:upper,68.77586074894037
7459,OPTIMAL,v2:upper,82.47345998520471
7460,OPTIMAL,v2:upper,103.85198166016896
7461,OPTIMAL,v2:upper,28.554824053852435
7462,OPTIMAL,v2:upper,84.56736520039703
7463,OPTIMAL,v2:upper,413.1316836788699
7464,OPTIMAL,v2:upper,28.193876979064925
7465,OPTIMAL,v2:upper,361.64129504817674
7466,OPTIMAL,v2:upper,16.071813292676936
7467,OPTIMAL,v2:upper,85.38736690118483
7468,OPTIMAL,v2:upper,257.6320638510416
7469,OPTIMAL,v1:upper,147.41369611557326
7470,OPTIMAL,v1:upper,392.5152492965061
7471,OPTIMAL,v2:upper,30.784963956853336
7472,OPTIMAL,v2:upper,61.59902844221634
7473,OPTIMAL,v2:upper,204.79993206309086
7474,OPTIMAL,v2:upper,45.260020863412485
7475,OPTIMAL,v3:upper,500.3294669029749
7476,OPTIMAL,v2:upper,130.68505903280462
7477,OPTIMAL,v1:upper,62.720399747028
7478,OPTIMAL,v2:upper,18.502310533182936
7479,OPTIMAL,v2:upper,26.965808640907152
7480,OPTIMAL,v1:upper,88.724020912151
7481,OPTIMAL,v2:upper,100.92447656542497
7482,OPTIMAL,v3:upper,246.41149920235506
7483,OPTIMAL,v2:upper,116.27862781855939
7484,OPTIMAL,v2:upper,42.449242941485124
7485,OPTIMAL,v2:upper,40.33585136096938
7486,OPTIMAL,v2:upper,92.51181140540069
7487,OPTIMAL,v2:upper,496.74570312559575
7488,OPTIMAL,v2:upper,29.065274364443276
7489,OPTIMAL,v2:upper,138.54132707453337
7490,OPTIMAL,v2:upper,50.73713288776795
7491,OPTIMAL,v2:upper,27.232143467656737
7492,OPTIMAL,v2:upper,119.53788232729461
7493,OPTIMAL,v2:upper,83.89868159089457
7494,OPTIMAL,v2:upper,45.02153349958102
7495,OPTIMAL,v2:upper,43.98850320638334
7496,OPTIMAL,v1:upper,133.03285435490255
7497,OPTIMAL,v2:upper,32.56959250554861
7498,OPTIMAL,v2:upper,55.097955211396695
7499,OPTIMAL,v2:upper,182.76100372082755
7500,OPTIMAL,v2:upper,75.16131172110951
7501,OPTIMAL,v4:upper,313.0939449324966
7502,OPTIMAL,v2:upper,110.64619381878234
7503,OPTIMAL,v2:upper,70.62717414422997
7504,OPTIMAL,v2:upper,279.71567586990875
7505,OPTIMAL,v2:upper,74.6776775928802
7506,OPTIMAL,v2:upper,80.66919504360834
7507,OPTIMAL,v1:upper,502.03106284416924
7508,OPTIMAL,v1:upper,79.19137499622471
7509,OPTIMAL,v2:upper,72.39115827946497
7510,OPTIMAL,v3:upper,207.43853672386595
7511,OPTIMAL,v2:upper,78.43977030596517
7512,OPTIMAL,v2:upper,63.00816760062205
7513,OPTIMAL,v2:upper,39.46568044249365
7514,OPTIMAL,v2:upper,231.97487151425628
7515,OPTIMAL,v2:upper,249.0227886594989
7516,OPTIMAL,v2:upper,80.27361140988232
7517,OPTIMAL,v2:upper,289.93334568185816
7518,OPTIMAL,v2:upper,47.11290734138531
7519,OPTIMAL,v3:upper,106.35484525451335
7520,OPTIMAL,v2:upper,146.2999816596045
7521,OPTIMAL,v2:upper,72.24620337362693
7522,OPTIMAL,v2:upper,88.14989192322325
7523,OPTIMAL,v2:upper,24.526063358897513
7524,OPTIMAL,v2:upper,31.38062929190108
7525,OPTIMAL,v2:upper,70.91728940324353
7526,OPTIMAL,v2:upper,107.63920394537385
7527,OPTIMAL,v2:upper,38.23195183712319
7528,OPTIMAL,v2:upper,33.605416464459545
7529,OPTIMAL,v2:upper,84.8510026307774
7530,OPTIMAL,v2:upper,87.66679314463838
7531,OPTIMAL,v2:upper,764.2637291257506
7532,OPTIMAL,v2:upper,65.78768955620275
7533,OPTIMAL,v2:upper,56.837324229431026
7534,OPTIMAL,v3:upper,141.40277282008657
7535,OPTIMAL,v2:upper,100.58695299965777
7536,OPTIMAL,v2:upper,56.58841827921173
7537,OPTIMAL,v2:upper,24.103209448676157
7538,OPTIMAL,v2:upper,81.67821664954286
7539,OPTIMAL,v2:upper,60.488514143601776
7540,OPTIMAL,v2:upper,128.69061522562214
7541,OPTIMAL,v2:upper,216.22858274017645
7542,OPTIMAL,v2:upper,110.43798199584795
7543,OPTIMAL,v2:upper,138.9032756923491
7544,OPTIMAL,v2:upper,137.55311081215723
7545,OPTIMAL,v2:upper,48.357660494266554
7546,OPTIMAL,v2:upper,34.73714574638909
7547,OPTIMAL,v2:upper,171.42549736710507
7548,OPTIMAL,v1:upper,168.27199080339457
7549,OPTIMAL,v2:upper,63.84737675834667
7550,OPTIMAL,v2:upper,43.53464432057021
7551,OPTIMAL,v1:upper,215.82755046471956
7552,OPTIMAL,v2:upper,146.97039015410581
7553,OPTIMAL,v2:upper,74.36402385702772
7554,OPTIMAL,v1:upper,109.06926764613021
7555,OPTIMAL,v2:upper,73.37000649661248
7556,OPTIMAL,v2:upper,55.17569716029541
7557,OPTIMAL,v2:upper,405.81641342965224
7558,OPTIMAL,v2:upper,201.64988562566154
7559,OPTIMAL,v2:upper,200.1850598206166
7560,OPTIMAL,v2:upper,125.47360606151344
7561,OPTIMAL,v2:upper,192.22537538502544
7562,OPTIMAL,v2:upper,73.7197383532473
7563,OPTIMAL,v2:upper,367.6745517645624
7564,OPTIMAL,v2:upper,67.84482744055948
7565,OPTIMAL,v2:upper,137.62527852601562
7566,OPTIMAL,v2:upper,220.4877169152589
7567,OPTIMAL,v2:upper,118.01870322586385
7568,OPTIMAL,v1:upper,124.62658976907183
7569,OPTIMAL,v2:upper,94.40282029257024
7570,OPTIMAL,v2:upper,90.51532251120894
7571,OPTIMAL,v2:upper,97.8425511755076
7572,OPTIMAL,v2:upper,28.418718513061094
7573,OPTIMAL,v2:upper,165.34311744912958
7574,OPTIMAL,v1:upper,313.5689026828173
7575,OPTIMAL,v2:upper,93.648565764751
7576,OPTIMAL,v2:upper,85.11555137304492
7577,OPTIMAL,v2:upper,51.39908871918318
7578,OPTIMAL,v2:upper,119.39657879178681
7579,OPTIMAL,v2:upper,57.51250952094933
7580,OPTIMAL,v2:upper,51.86050397451191
7581,OPTIMAL,v4:upper,105.26419245722384
7582,OPTIMAL,v1:upper,55.2472835410799
7583,OPTIMAL,v2:upper,389.78466491452474
7584,OPTIMAL,v2:upper,187.55351806531368
7585,OPTIMAL,v1:upper,26.16984047037754
7586,OPTIMAL,v1:upper,284.49943899042336
7587,OPTIMAL,v2:upper,103.14162762641423
7588,OPTIMAL,v2:upper,153.91237970898777
7589,OPTIMAL,v1:upper,531.5794738040358
7590,OPTIMAL,v2:upper,55.49168205010305
7591,OPTIMAL,v2:upper,64.47304249629852
7592,OPTIMAL,v2:upper,21.033876357493114
7593,OPTIMAL,v2:upper,61.979656574337085
7594,OPTIMAL,v1:upper,56.52664682058415
7595,OPTIMAL,v2:upper,116.50400100752898
7596,OPTIMAL,v2:upper,31.373980861697184
7597,OPTIMAL,v2:upper,600.428980126404
7598,OPTIMAL,v2:upper,20.12314792509982
7599,OPTIMAL,v2:upper,404.925409276513
7600,OPTIMAL,v1:upper,268.7929076667188
7601,OPTIMAL,v1:upper,81.74520963175918
7602,OPTIMAL,v1:upper,111.00633692514815
7603,OPTIMAL,v2:upper,24.5018489154139
7604,OPTIMAL,v2:upper,282.2422628405423
7605,OPTIMAL,v2:upper,263.70941249883356
7606,OPTIMAL,v2:upper,48.89236386082324
7607,OPTIMAL,v2:upper,299.9304971792633
7608,OPTIMAL,v2:upper,31.262523379841582
7609,OPTIMAL,v2:upper,85.51115581112668
7610,OPTIMAL,v2:upper,66.35714995522753
7611,OPTIMAL,v2:upper,50.41315305033416
7612,OPTIMAL,v2:upper,67.9031017115487
7613,OPTIMAL,b1:lower;b2:lower;b3:upper;b4:upper;b5:lower;b6:upper;b7:upper;b8:upper;b14:lower,1000.0
7614,OPTIMAL,v2:upper,165.51849400564487
7615,OPTIMAL,v2:upper,44.11365979495577
7616,OPTIMAL,v2:upper,13.396430794071245
7617,OPTIMAL,v2:upper,571.3515838502841
7618,OPTIMAL,v2:upper,107.97484898906735
7619,OPTIMAL,v2:upper,67.29286319938383
7620,OPTIMAL,v2:upper,71.86161934978514
7621,OPTIMAL,v2:upper,199.5405040794392
7622,OPTIMAL,v2:upper,270.1195996238113
7623,OPTIMAL,v3:upper,81.25136260554534
7624,OPTIMAL,v2:upper,149.6237079424455
7625,OPTIMAL,v2:upper,92.54971344746878
7626,OPTIMAL,v2:upper,204.75283630744465
7627,OPTIMAL,v2:upper,150.99919162836702
7628,OPTIMAL,v2:upper,69.29339807260106
7629,OPTIMAL,v4:upper,337.01802788197205
7630,OPTIMAL,v2:upper,17.87196030311958
7631,OPTIMAL,v2:upper,35.904084138707525
7632,OPTIMAL,v3:upper,18.10319380305542
7633,OPTIMAL,v2:upper,268.35746469032995
7634,OPTIMAL,v2:upper,461.0402369247761
7635,OPTIMAL,v2:upper,146.03815103171573
7636,OPTIMAL,v3:upper,254.37840130130456
7637,OPTIMAL,v2:upper,94.55975619837206
7638,OPTIMAL,v2:upper,35.22987378117029
7639,OPTIMAL,v4:upper,230.44742677407555
7640,OPTIMAL,v2:upper,127.48588640245069
7641,OPTIMAL,v2:upper,142.34732030607032
7642,OPTIMAL,v2:upper,224.85713297688238
7643,OPTIMAL,v2:upper,54.34101812423812
7644,OPTIMAL,v2:upper,65.56924731996688
7645,OPTIMAL,v1:upper,77.70377016444814
7646,OPTIMAL,v2:upper,360.53782326824023
7647,OPTIMAL,v2:upper,365.779033703062
7648,OPTIMAL,v1:upper,214.38218809955873
7649,OPTIMAL,v2:upper,75.90608246863376
7650,OPTIMAL,v2:upper,112.30572148082372
7651,OPTIMAL,v1:upper,67.83844623627792
7652,OPTIMAL,v2:upper,40.9444177130177
7653,OPTIMAL,v2:upper,73.06869753508309
7654,OPTIMAL,v2:upper,8.301875163587262
7655,OPTIMAL,v1:upper,367.1751840523762
7656,OPTIMAL,v1:upper,191.93380850371562
7657,OPTIMAL,v2:upper,29.97887859197616
7658,OPTIMAL,v2:upper,26.764250293420297
7659,OPTIMAL,v2:upper,69.97693433096627
7660,OPTIMAL,v1:upper,122.1703925493315
7661,OPTIMAL,v2:upper,100.49024947874126
7662,OPTIMAL,v2:upper,96.72551379685527
7663,OPTIMAL,v2:upper,60.047643924995704
7664,OPTIMAL,v2:upper,38.459275253396235
7665,OPTIMAL,v2:upper,79.13724745837737
7666,OPTIMAL,v2:upper,655.6274880908719
7667,OPTIMAL,v2:upper,147.4191951929867
7668,OPTIMAL,v1:upper,276.40771939933205
7669,OPTIMAL,v2:upper,57.154124385382424
7670,OPTIMAL,v2:upper,8.744154701846485
7671,OPTIMAL,v1:upper,131.69730472700533
7672,OPTIMAL,v2:upper,33.404701552270105
7673,OPTIMAL,v2:upper,148.73435403953093
7674,OPTIMAL,v2:upper,76.24360099615981
7675,OPTIMAL,v1:upper,175.94087608905176
7676,OPTIMAL,v2:upper,438.62128549367185
7677,OPTIMAL,v2:upper,125.54995613483511
7678,OPTIMAL,v2:upper,788.1603898212177
7679,OPTIMAL,v1:upper,480.613538648306
7680,OPTIMAL,v2:upper,195.60069214328772
7681,OPTIMAL,b1:lower;b2:lower;b3:upper;b4:upper;b5:lower;b6:upper;b7:upper;b8:upper;b14:lower,1000.0
7682,OPTIMAL,v2:upper,31.474418767447432
7683,OPTIMAL,v4:upper,135.85719537200717
7684,OPTIMAL,v2:upper,38.19706632330588
7685,OPTIMAL,v1:upper,469.3453391317751
7686,OPTIMAL,v2:upper,779.8912009867084
7687,OPTIMAL,v2:upper,36.51053247373157
7688,OPTIMAL,v2:upper,158.8917897893598
7689,OPTIMAL,v2:upper,272.7744448574059
7690,OPTIMAL,v2:upper,42.295814149275586
7691,OPTIMAL,v2:upper,274.4302376805716
7692,OPTIMAL,v2:upper,53.928154447773196
7693,OPTIMAL,v2:upper,60.306628239018416
7694,OPTIMAL,v2:upper,105.39045981611415
7695,OPTIMAL,v2:upper,22.475228121766396
7696,OPTIMAL,v2:upper,9.1034881052081
7697,OPTIMAL,v2:upper,288.6138427525051
7698,OPTIMAL,v1:upper,46.54527846410401
7699,OPTIMAL,v2:upper,142.88298383561974
7700,OPTIMAL,v2:upper,140.9857507980551
7701,OPTIMAL,v3:upper,69.47385504277277
7702,OPTIMAL,v2:upper,362.60997558409514
7703,OPTIMAL,v2:upper,46.08364865963705
7704,OPTIMAL,v2:upper,44.188225398386486
7705,OPTIMAL,v2:upper,181.5407204357571
7706,OPTIMAL,v2:upper,26.863827121835417
7707,OPTIMAL,v2:upper,126.32225003302133
7708,OPTIMAL,v2:upper,68.80090766553319
7709,OPTIMAL,v2:upper,22.077023464178524
7710,OPTIMAL,v1:upper,120.20498920709751
7711,OPTIMAL,v2:upper,55.94172400598611
7712,OPTIMAL,v1:upper,297.296398436239
7713,OPTIMAL,v2:upper,57.158519371409035
7714,OPTIMAL,v2:upper,120.29918923583644
7715,OPTIMAL,v2:upper,216.78094553871418
7716,OPTIMAL,v3:upper,270.3897983597803
7717,OPTIMAL,v2:upper,21.792623171096462
7718,OPTIMAL,v2:upper,29.30160251572568
7719,OPTIMAL,v1:upper,129.51905256122478
7720,OPTIMAL,v2:upper,175.33395514893687
7721,OPTIMAL,v2:upper,300.241587703721
7722,OPTIMAL,v2:upper,71.97373767686703
7723,OPTIMAL,v2:upper,244.11680490763933
7724,OPTIMAL,v2:upper,85.54967466510008
7725,OPTIMAL,v2:upper,18.064751327283464
7726,OPTIMAL,v2:upper,252.08324699706003
7727,OPTIMAL,v2:upper,84.2230358454366
7728,OPTIMAL,v2:upper,344.56680561841125
7729,OPTIMAL,v2:upper,271.25942075437626
7730,OPTIMAL,v4:upper,700.5112801528131
7731,OPTIMAL,v2:upper,226.26624642507468
7732,OPTIMAL,v2:upper,194.99247576430125
7733,OPTIMAL,v1:upper,515.5020511813348
7734,OPTIMAL,v2:upper,91.80223272395918
7735,OPTIMAL,v3:upper,102.8017606209594
7736,OPTIMAL,v2:upper,45.76464952366021
7737,OPTIMAL,v2:upper,16.364295401864755
7738,OPTIMAL,v2:upper,292.62256595359764
7739,OPTIMAL,v2:upper,159.020226817204
7740,OPTIMAL,v2:upper,54.047753338926334
7741,OPTIMAL,v2:upper,36.18475990249555
7742,OPTIMAL,v1:upper,94.52299778692756
7743,OPTIMAL,v2:upper,105.68892087729783
7744,OPTIMAL,v1:upper,64.99985078127409
7745,OPTIMAL,b1:lower;b2:lower;b3:upper;b4:upper;b5:lower;b6:upper;b7:upper;b8:upper;b14:lower,1000.0
7746,OPTIMAL,v2:upper,169.04215800318514
7747,OPTIMAL,v2:upper,63.998876912322196
7748,OPTIMAL,v2:upper,18.777628044883798
7749,OPTIMAL,v2:upper,149.66520578099377
7750,OPTIMAL,v2:upper,48.7550208886713
7751,OPTIMAL,v2:upper,299.0881320183266
7752,OPTIMAL,v2:upper,37.75733979720082
7753,OPTIMAL,v3:upper,249.61257153013975
7754,OPTIMAL,v2:upper,59.238300127774984
7755,OPTIMAL,v2:upper,240.33805561686157
7756,OPTIMAL,v2:upper,331.98224168311873
7757,OPTIMAL,v3:upper,58.44153947251089
7758,OPTIMAL,v2:upper,217.0291111618701
7759,OPTIMAL,v2:upper,224.44008350517214
7760,OPTIMAL,v2:upper,83.36985744633616
7761,OPTIMAL,v2:upper,63.88023763371471
7762,OPTIMAL,v3:upper,155.78048951221706
7763,OPTIMAL,v2:upper,415.51384546292303
7764,OPTIMAL,v2:upper,21.024669700175846
7765,OPTIMAL,v2:upper,163.12282195116572
7766,OPTIMAL,v2:upper,141.88607488262377
7767,OPTIMAL,v2:upper,34.34390260051092
7768,OPTIMAL,v2:upper,55.58836823399981
7769,OPTIMAL,v2:upper,165.28844796378525
7770,OPTIMAL,v2:upper,740.2302403513054
7771,OPTIMAL,v2:upper,185.7273669127705
7772,OPTIMAL,v2:upper,116.22916117414313
7773,OPTIMAL,v2:upper,76.10064647071124
7774,OPTIMAL,v2:upper,143.33265566185594
7775,OPTIMAL,v2:upper,75.02222280588747
7776,OPTIMAL,v2:upper,162.54426138578856
7777,OPTIMAL,v2:upper,56.50470807796063
7778,OPTIMAL,v2:upper,90.12950556702465
7779,OPTIMAL,v2:upper,16.22128105733133
7780,OPTIMAL,v2:upper,271.4801204347681
7781,OPTIMAL,v2:upper,30.174181228143688
7782,OPTIMAL,v3:upper,45.806780177450015
7783,OPTIMAL,v1:upper,149.21172429033246
7784,OPTIMAL,v4:upper,107.3199683524016
7785,OPTIMAL,v2:upper,243.91944006019577
7786,OPTIMAL,v2:upper,283.63233451109477
7787,OPTIMAL,v3:upper,402.05370433835384
7788,OPTIMAL,v2:upper,68.05325715678198
7789,OPTIMAL,v2:upper,46.90643823601921
7790,OPTIMAL,v2:upper,118.05758283920626
7791,OPTIMAL,v3:upper,103.01729298137826
7792,OPTIMAL,v2:upper,68.1795145855559
7793,OPTIMAL,v1:upper,202.51867031109126
7794,OPTIMAL,v3:upper,62.581409587512816
7795,OPTIMAL,v2:upper,56.757519561953494
7796,OPTIMAL,v2:upper,165.34920367655573
7797,OPTIMAL,v2:upper,87.72277218408193
7798,OPTIMAL,v2:upper,107.38322592353575
7799,OPTIMAL,v2:upper,84.4813492690036
7800,OPTIMAL,v2:upper,203.488532552453
7801,OPTIMAL,v2:upper,167.28740811163422
7802,OPTIMAL,v2:upper,27.243664681072637
7803,OPTIMAL,v1:upper,91.95795917500098
7804,OPTIMAL,v2:upper,69.36739214119046
7805,OPTIMAL,v2:upper,247.96917153483537
7806,OPTIMAL,v2:upper,90.37886453561369
7807,OPTIMAL,v2:upper,90.41596694668519
7808,OPTIMAL,v1:upper,251.80217008313141
7809,OPTIMAL,v2:upper,215.71221267703595
7810,OPTIMAL,v2:upper,16.619789449184335
7811,OPTIMAL,v2:upper,30.348737110494156
7812,OPTIMAL,v2:upper,161.56925708618996
7813,OPTIMAL,v2:upper,86.3737075764113
7814,OPTIMAL,v1:upper,148.00366118567825
7815,OPTIMAL,v2:upper,470.72302286606583
7816,OPTIMAL,v2:upper,127.34806152991251
7817,OPTIMAL,v2:upper,227.87400394340975
7818,OPTIMAL,v1:upper,242.97157009799778
7819,OPTIMAL,v2:upper,96.9753885939458
7820,OPTIMAL,v2:upper,99.93709091284482
7821,OPTIMAL,v1:upper,142.31060471089685
7822,OPTIMAL,v2:upper,261.6397045652637
7823,OPTIMAL,v2:upper,292.6422924088627
7824,OPTIMAL,v1:upper,108.36122712350134
7825,OPTIMAL,v2:upper,34.94558958905597
7826,OPTIMAL,v2:upper,99.16452078459379
7827,OPTIMAL,v2:upper,94.5923173178492
7828,OPTIMAL,v2:upper,65.39643046471198
7829,OPTIMAL,v2:upper,146.2790858662825
7830,OPTIMAL,v2:upper,148.25867545100144
7831,OPTIMAL,v2:upper,156.0698018592298
7832,OPTIMAL,v2:upper,610.5126727703107
7833,OPTIMAL,v2:upper,94.20346102057022
7834,OPTIMAL,v3:upper,384.8202899903693
7835,OPTIMAL,v2:upper,149.66266718837517
7836,OPTIMAL,v3:upper,211.003042063149
7837,OPTIMAL,v2:upper,245.8221433962435
7838,OPTIMAL,v2:upper,201.80821455082722
7839,OPTIMAL,v1:upper,38.60554343263379
7840,OPTIMAL,v3:upper,33.87550563116248
7841,OPTIMAL,v2:upper,144.37680729138995
7842,OPTIMAL,v1:upper,163.49010533459412
7843,OPTIMAL,v2:upper,34.457362776573625
7844,OPTIMAL,v2:upper,93.70805182955064
7845,OPTIMAL,v2:upper,69.4368390093606
7846,OPTIMAL,v2:upper,37.404152881603245
7847,OPTIMAL,v2:upper,317.30993153171073
7848,OPTIMAL,v2:upper,835.5885274478719
7849,OPTIMAL,v2:upper,140.90802538946946
7850,OPTIMAL,v2:upper,206.90544173944505
7851,OPTIMAL,v2:upper,60.00790910558764
7852,OPTIMAL,v2:upper,10.469078463076844
7853,OPTIMAL,v2:upper,840.682681312464
7854,OPTIMAL,v2:upper,128.09933058046252
7855,OPTIMAL,v1:upper,182.88608932033353
7856,OPTIMAL,v2:upper,206.6280577029122
7857,OPTIMAL,v1:upper,121.0889327135394
7858,OPTIMAL,v3:upper,102.5890066403478
7859,OPTIMAL,v2:upper,55.27772434500234
7860,OPTIMAL,v2:upper,33.1131396224527
7861,OPTIMAL,v2:upper,24.32768238120447
7862,OPTIMAL,v2:upper,20.204266145562773
7863,OPTIMAL,v2:upper,136.698766465933
7864,OPTIMAL,v1:upper,68.71421602507077
7865,OPTIMAL,v2:upper,301.63439313121
7866,OPTIMAL,v3:upper,110.44355360155932
7867,OPTIMAL,v1:upper,216.88514135521498
7868,OPTIMAL,v1:upper,125.15764679518357
7869,OPTIMAL,v2:upper,159.50026787848273
7870,OPTIMAL,v2:upper,50.047883748592575
7871,OPTIMAL,v2:upper,88.58147589165957
7872,OPTIMAL,v2:upper,391.292120620925
7873,OPTIMAL,v2:upper,33.10038488174562
7874,OPTIMAL,v2:upper,45.90889618652494
7875,OPTIMAL,v1:upper,132.81095849899472
7876,OPTIMAL,v2:upper,151.8235365749743
7877,OPTIMAL,v2:upper,111.64332965964162
7878,OPTIMAL,v2:upper,130.88573708964682
7879,OPTIMAL,v2:upper,34.2973895628528
7880,OPTIMAL,v2:upper,91.46504041020049
7881,OPTIMAL,v2:upper,77.64480567873255
7882,OPTIMAL,v2:upper,97.90351609038807
7883,OPTIMAL,v1:upper,675.7357238423614
7884,OPTIMAL,v2:upper,215.541298479994
7885,OPTIMAL,v2:upper,457.5635384980491
7886,OPTIMAL,v2:upper,190.96097593039727
7887,OPTIMAL,v2:upper,23.734300114656758
7888,OPTIMAL,v2:upper,95.54410401923906
7889,OPTIMAL,v2:upper,414.1419755366009
7890,OPTIMAL,b1:lower;b2:lower;b3:upper;b4:upper;b5:lower;b6:upper;b7:upper;b8:upper;b14:lower,1000.0
7891,OPTIMAL,v2:upper,511.5369917843603
7892,OPTIMAL,v2:upper,28.319662011847658
7893,OPTIMAL,v2:upper,80.1682438324213
7894,OPTIMAL,v1:upper,36.47861968247942
7895,OPTIMAL,v1:upper,33.99989114809573
7896,OPTIMAL,v2:upper,59.57568040545092
7897,OPTIMAL,v2:upper,171.4380442198852
7898,OPTIMAL,v2:upper,531.002952073024
7899,OPTIMAL,v2:upper,6.51470097049072
7900,OPTIMAL,v2:upper,101.95162699072893
7901,OPTIMAL,v2:upper,206.59425408062785
7902,OPTIMAL,v1:upper,395.3577752117522
7903,OPTIMAL,v2:upper,52.87950368537959
7904,OPTIMAL,v2:upper,128.52301347761383
7905,OPTIMAL,v1:upper,16.828478008749794
7906,OPTIMAL,v2:upper,211.2623307631614
7907,OPTIMAL,v1:upper,252.4235071101684
7908,OPTIMAL,v2:upper,154.72917504443515
7909,OPTIMAL,v1:upper,206.29538388074218
7910,OPTIMAL,v1:upper,54.770607350295215
7911,OPTIMAL,v1:upper,24.758159874870667
7912,OPTIMAL,v2:upper,119.56654126026079
7913,OPTIMAL,v2:upper,64.28822016024209
7914,OPTIMAL,v1:upper,172.32952790414123
7915,OPTIMAL,v2:upper,132.91253290462515
7916,OPTIMAL,v2:upper,104.49396831224954
7917,OPTIMAL,v1:upper,371.5788575581755
7918,OPTIMAL,v2:upper,24.16499990811696
7919,OPTIMAL,v2:upper,89.59669299060896
7920,OPTIMAL,v1:upper,171.33672506502577
7921,OPTIMAL,v2:upper,85.9790884008976
7922,OPTIMAL,v2:upper,104.63392487088548
7923,OPTIMAL,v2:upper,90.66821783880424
7924,OPTIMAL,v2:upper,24.39751617244685
7925,OPTIMAL,v2:upper,12.134595453884494
7926,OPTIMAL,v2:upper,212.76667808699278
7927,OPTIMAL,v2:upper,106.75359946433609
7928,OPTIMAL,v1:upper,40.93441268943559
7929,OPTIMAL,v2:upper,683.1550106846388
7930,OPTIMAL,v2:upper,68.42748651040957
7931,OPTIMAL,v1:upper,167.63832931142528
7932,OPTIMAL,v2:upper,141.49587767268298
7933,OPTIMAL,v2:upper,113.63506575057087
7934,OPTIMAL,v2:upper,306.97212861914625
7935,OPTIMAL,v2:upper,77.44110321489433
7936,OPTIMAL,v2:upper,58.01406768418171
7937,OPTIMAL,v3:upper,59.56715532679938
7938,OPTIMAL,v2:upper,49.20663537815888
7939,OPTIMAL,v2:upper,43.49193892930004
7940,OPTIMAL,v2:upper,22.948968866783574
7941,OPTIMAL,v2:upper,160.02151612383616
7942,OPTIMAL,v2:upper,386.94535978609224
7943,OPTIMAL,v2:upper,35.43977133100939
7944,OPTIMAL,v2:upper,812.378157009726
7945,OPTIMAL,v2:upper,158.86187976696192
7946,OPTIMAL,v2:upper,269.7997573965562
7947,OPTIMAL,v2:upper,51.76503209955084
7948,OPTIMAL,v2:upper,141.39882018157513
7949,OPTIMAL,v2:upper,80.81974474636722
7950,OPTIMAL,v2:upper,19.854402127532705
7951,OPTIMAL,v2:upper,413.4918193603525
7952,OPTIMAL,v1:upper,184.43856641306795
7953,OPTIMAL,v1:upper,62.27286601823171
7954,OPTIMAL,v2:upper,11.87449216781783
7955,OPTIMAL,v2:upper,58.573909545532956
7956,OPTIMAL,v2:upper,44.87168692776162
7957,OPTIMAL,v2:upper,604.7315801154112
7958,OPTIMAL,v2:upper,142.67251029001682
7959,OPTIMAL,v2:upper,21.05287012349082
7960,OPTIMAL,v2:upper,46.909010167624544
7961,OPTIMAL,v1:upper,119.49928876665439
7962,OPTIMAL,v3:upper,95.06416305128704
7963,OPTIMAL,v2:upper,61.21551335381068
7964,OPTIMAL,v1:upper,215.8535831486591
7965,OPTIMAL,v2:upper,58.630540196935115
7966,OPTIMAL,v2:upper,128.0148236486899
7967,OPTIMAL,v2:upper,78.08291230170218
7968,OPTIMAL,v1:upper,9.05116378676856
7969,OPTIMAL,v1:upper,413.7728768897648
7970,OPTIMAL,v1:upper,77.29101982301269
7971,OPTIMAL,v2:upper,75.60025945054416
7972,OPTIMAL,v2:upper,92.583159239561
7973,OPTIMAL,v2:upper,62.185039685073654
7974,OPTIMAL,v2:upper,97.74791512359181
7975,OPTIMAL,v2:upper,59.84792467625318
7976,OPTIMAL,v2:upper,53.14726390688708
7977,OPTIMAL,v2:upper,132.73958935101427
7978,OPTIMAL,v2:upper,175.37482044571937
7979,OPTIMAL,v2:upper,62.75144622058304
7980,OPTIMAL,v2:upper,121.30659951619934
7981,OPTIMAL,v2:upper,210.98720546298898
7982,OPTIMAL,v2:upper,37.937219365553226
7983,OPTIMAL,v3:upper,233.4462296158896
7984,OPTIMAL,v3:upper,247.57503315626434
7985,OPTIMAL,v2:upper,37.05319589805113
7986,OPTIMAL,v2:upper,84.70221602967837
7987,OPTIMAL,v2:upper,920.6814355636809
7988,OPTIMAL,v2:upper,215.21711149540351
7989,OPTIMAL,v2:upper,22.351607712824617
7990,OPTIMAL,v1:upper,72.68179265127031
7991,OPTIMAL,v1:upper,105.9285855199268
7992,OPTIMAL,v2:upper,34.94866407632809
7993,OPTIMAL,v3:upper,244.43014319890676
7994,OPTIMAL,v2:upper,468.5361604250945
7995,OPTIMAL,v2:upper,22.86083177143569
7996,OPTIMAL,v2:upper,231.75075157775603
7997,OPTIMAL,v1:upper,96.84118723087408
7998,OPTIMAL,v2:upper,125.97381847795185
7999,OPTIMAL,v2:upper,22.17211886958345
8000,OPTIMAL,v2:upper,94.72548424135191
8001,OPTIMAL,v2:upper,294.4228058186327
8002,OPTIMAL,v2:upper,62.43480570824047
8003,OPTIMAL,v2:upper,118.5125639204557
8004,OPTIMAL,v2:upper,48.94350418484317
8005,OPTIMAL,v2:upper,148.08671714060873
8006,OPTIMAL,v2:upper,258.48178027762305
8007,OPTIMAL,v2:upper,5.363498845215042
8008,OPTIMAL,v1:upper,471.6613332276307
8009,OPTIMAL,v2:upper,79.27419576264508
8010,OPTIMAL,v2:upper,193.50559067742142
8011,OPTIMAL,v2:upper,52.761255036464675
8012,OPTIMAL,v2:upper,609.6897938274119
8013,OPTIMAL,v2:upper,183.3998280917557
8014,OPTIMAL,v2:upper,64.16676482361046
8015,OPTIMAL,v2:upper,56.911366184696426
8016,OPTIMAL,v2:upper,228.85383404136263
8017,OPTIMAL,v2:upper,116.79445430524457
8018,OPTIMAL,v2:upper,175.1986480824826
8019,OPTIMAL,v2:upper,37.49895338131702
8020,OPTIMAL,v2:upper,126.26920424990514
8021,OPTIMAL,v2:upper,147.92548064472751
8022,OPTIMAL,v2:upper,34.91831093931806
8023,OPTIMAL,v2:upper,58.66042314384962
8024,OPTIMAL,v2:upper,273.11905531663956
8025,OPTIMAL,v2:upper,136.74640157186852
8026,OPTIMAL,v2:upper,34.759999399609626
8027,OPTIMAL,v2:upper,85.5030601938146
8028,OPTIMAL,v2:upper,236.2039766463188
8029,OPTIMAL,v2:upper,269.236892439636
8030,OPTIMAL,v2:upper,112.65317799369217
8031,OPTIMAL,v2:upper,46.948710698847584
8032,OPTIMAL,v2:upper,10.239490735790922
8033,OPTIMAL,v1:upper,281.8551652926331
8034,OPTIMAL,v1:upper,117.65939411816083
8035,OPTIMAL,v2:upper,39.505583949710704
8036,OPTIMAL,v2:upper,215.17420405966467
8037,OPTIMAL,v2:upper,21.504227150409818
8038,OPTIMAL,v2:upper,434.2013983281316
8039,OPTIMAL,v2:upper,35.285908948266
8040,OPTIMAL,v2:upper,795.3005402335523
8041,OPTIMAL,v2:upper,27.300334261282746
8042,OPTIMAL,v3:upper,477.6550268242132
8043,OPTIMAL,v3:upper,94.93946512058889
8044,OPTIMAL,v2:upper,306.04183066854927
8045,OPTIMAL,v2:upper,105.9522075683587
8046,OPTIMAL,v2:upper,40.04087369169742
8047,OPTIMAL,v2:upper,116.56220827046289
8048,OPTIMAL,v2:upper,77.58705336036891
8049,OPTIMAL,v2:upper,61.331964314968815
8050,OPTIMAL,v2:upper,45.42174356901764
8051,OPTIMAL,v2:upper,79.5140816335831
8052,OPTIMAL,v2:upper,45.37373565003077
8053,OPTIMAL,v2:upper,89.43671616186298
8054,OPTIMAL,v2:upper,80.11057838743787
8055,OPTIMAL,v2:upper,541.6826234956428
8056,OPTIMAL,v2:upper,129.3953275240115
8057,OPTIMAL,v2:upper,57.3268870334593
8058,OPTIMAL,v2:upper,18.86433158024893
8059,OPTIMAL,v1:upper,132.80414025031376
8060,OPTIMAL,v2:upper,23.86380424367724
8061,OPTIMAL,v2:upper,14.079848388485484
8062,OPTIMAL,v2:upper,138.84928637238576
8063,OPTIMAL,v2:upper,16.929359804799603
8064,OPTIMAL,v2:upper,42.92061673541988
8065,OPTIMAL,v2:upper,33.5245153773109
8066,OPTIMAL,v1:upper,38.40894215663047
8067,OPTIMAL,v2:upper,67.27476317916077
8068,OPTIMAL,v2:upper,51.66438372506555
8069,OPTIMAL,v2:upper,250.3867478995213
8070,OPTIMAL,v2:upper,61.339952966360826
8071,OPTIMAL,v2:upper,60.13859952358661
8072,OPTIMAL,v1:upper,205.5633660776619
8073,OPTIMAL,v2:upper,178.58448403615046
8074,OPTIMAL,v2:upper,376.40436073903965
8075,OPTIMAL,v2:upper,79.27966689197973
8076,OPTIMAL,v2:upper,147.8867658150972
8077,OPTIMAL,v2:upper,134.99681120244725
8078,OPTIMAL,v2:upper,18.359169617880987
8079,OPTIMAL,v2:upper,514.8190649706904
8080,OPTIMAL,v3:upper,257.6941350270462
8081,OPTIMAL,v1:upper,308.9472085713958
8082,OPTIMAL,v2:upper,249.91684684148714
8083,OPTIMAL,v2:upper,191.48900305230268
8084,OPTIMAL,v2:upper,137.7719029743111
8085,OPTIMAL,v2:upper,102.03990603741495
8086,OPTIMAL,v2:upper,372.4256975106545
8087,OPTIMAL,v2:upper,92.11378509807432
8088,OPTIMAL,v2:upper,189.2125170965547
8089,OPTIMAL,v2:upper,59.79699028786797
8090,OPTIMAL,v1:upper,61.82791811292574
8091,OPTIMAL,v2:upper,32.6746298378892
8092,OPTIMAL,v2:upper,26.051593683021107
8093,OPTIMAL,v2:upper,100.48771105662291
8094,OPTIMAL,v2:upper,151.7585145180669
8095,OPTIMAL,v2:upper,100.57632919161559
8096,OPTIMAL,v2:upper,65.86892707409342
8097,OPTIMAL,v2:upper,54.031334691778795
8098,OPTIMAL,v2:upper,37.1046276116217
8099,OPTIMAL,v2:upper,136.55278935428075
8100,OPTIMAL,v2:upper,43.641189690505655
8101,OPTIMAL,v2:upper,16.445239866753013
8102,OPTIMAL,v2:upper,192.13491953070147
8103,OPTIMAL,v2:upper,422.4463690218624
8104,OPTIMAL,v2:upper,211.4778378358528
8105,OPTIMAL,v2:upper,347.8576423881211
8106,OPTIMAL,v2:upper,72.89922079452263
8107,OPTIMAL,v3:upper,75.28364674338941
8108,OPTIMAL,v2:upper,57.18532087047065
8109,OPTIMAL,v4:upper,217.40738520528
8110,OPTIMAL,v1:upper,176.06364745873123
8111,OPTIMAL,v2:upper,99.85915090873935
8112,OPTIMAL,v3:upper,100.88574677950231
8113,OPTIMAL,v2:upper,47.46706007605841
8114,OPTIMAL,v2:upper,112.0705595657685
8115,OPTIMAL,v4:upper,154.05000229386104
8116,OPTIMAL,v2:upper,83.07372393477317
8117,OPTIMAL,v2:upper,183.70777839261586
8118,OPTIMAL,v2:upper,224.57694892056307
8119,OPTIMAL,v2:upper,131.63072791140303
8120,OPTIMAL,v2:upper,228.18805889514107
8121,OPTIMAL,v2:upper,64.89118441616193
8122,OPTIMAL,v1:upper,81.47739571182395
8123,OPTIMAL,v2:upper,327.4243642886699
8124,OPTIMAL,v2:upper,98.87663583940176
8125,OPTIMAL,v3:upper,47.75614305566778
8126,OPTIMAL,v2:upper,72.556689031921
8127,OPTIMAL,v2:upper,32.53115455401305
8128,OPTIMAL,v2:upper,116.11886163469431
8129,OPTIMAL,v2:upper,84.39145017321252
8130,OPTIMAL,v2:upper,180.40239795043973
8131,OPTIMAL,v2:upper,296.7582078364511
8132,OPTIMAL,v2:upper,338.61735647494123
8133,OPTIMAL,v2:upper,33.5041519210435
8134,OPTIMAL,v2:upper,128.08499243418927
8135,OPTIMAL,v2:upper,47.19175576228644
8136,OPTIMAL,v2:upper,236.26940170240408
8137,OPTIMAL,v2:upper,140.5404143497707
8138,OPTIMAL,v2:upper,379.4966662244478
8139,OPTIMAL,v2:upper,122.0999449200198
8140,OPTIMAL,v2:upper,101.65859905726437
8141,OPTIMAL,v2:upper,115.6715459953091
8142,OPTIMAL,v2:upper,79.03196395705352
8143,OPTIMAL,v2:upper,122.84616704242057
8144,OPTIMAL,v2:upper,95.57514798586367
8145,OPTIMAL,v1:upper,60.81063731536139
8146,OPTIMAL,v2:upper,225.64141151105918
8147,OPTIMAL,v2:upper,368.774227857957
8148,OPTIMAL,v2:upper,17.94785311825951
8149,OPTIMAL,v2:upper,51.25239601038756
8150,OPTIMAL,v2:upper,229.4243513963294
8151,OPTIMAL,v2:upper,210.12319030609382
8152,OPTIMAL,v2:upper,36.89426679413612
8153,OPTIMAL,v2:upper,168.9984965662321
8154,OPTIMAL,v1:upper,302.73942058695917
8155,OPTIMAL,v2:upper,139.75188945862317
8156,OPTIMAL,v2:upper,133.7428455567228
8157,OPTIMAL,v3:upper,157.19420832203193
8158,OPTIMAL,v1:upper,32.46016889269098
8159,OPTIMAL,v2:upper,92.75294977297857
8160,OPTIMAL,v2:upper,128.03690824537793
8161,OPTIMAL,v2:upper,5.76956194420176
8162,OPTIMAL,v2:upper,19.626866279184874
8163,OPTIMAL,v1:upper,764.6167806929078
8164,OPTIMAL,v2:upper,60.32256167071735
8165,OPTIMAL,v2:upper,92.44385408834663
8166,OPTIMAL,v2:upper,114.12572336641445
8167,OPTIMAL,v2:upper,68.33298833515732
8168,OPTIMAL,v1:upper,285.53135109724616
8169,OPTIMAL,v2:upper,166.23612712747027
8170,OPTIMAL,v2:upper,198.87183670076837
8171,OPTIMAL,v2:upper,68.71608792126727
8172,OPTIMAL,v2:upper,80.32701285445623
8173,OPTIMAL,v2:upper,32.668218670128255
8174,OPTIMAL,v2:upper,175.7165789698033
8175,OPTIMAL,v2:upper,172.02604438781097
8176,OPTIMAL,v2:upper,250.5866029077818
8177,OPTIMAL,v1:upper,822.4096855271745
8178,OPTIMAL,v2:upper,73.77232934986128
8179,OPTIMAL,v2:upper,61.35042954806488
8180,OPTIMAL,v2:upper,139.82803508324932
8181,OPTIMAL,v2:upper,176.85945474114655
8182,OPTIMAL,v2:upper,103.19100956885333
8183,OPTIMAL,v2:upper,25.884556246199157
8184,OPTIMAL,v2:upper,38.36768320197685
8185,OPTIMAL,v2:upper,51.512072284209296
8186,OPTIMAL,v1:upper,125.34358993374497
8187,OPTIMAL,v1:upper,67.400962212065
8188,OPTIMAL,v2:upper,96.91497512979653
8189,OPTIMAL,v2:upper,70.50458366501162
8190,OPTIMAL,v2:upper,110.91144571224648
8191,OPTIMAL,v2:upper,64.70185424067309
8192,OPTIMAL,v2:upper,30.76648152263046
8193,OPTIMAL,v2:upper,739.6240269138417
8194,OPTIMAL,v2:upper,36.27164155453903
8195,OPTIMAL,v3:upper,91.23369941791596
8196,OPTIMAL,v2:upper,101.10096777675565
8197,OPTIMAL,v4:upper,376.1647105143898
8198,OPTIMAL,v2:upper,112.12245746509463
8199,OPTIMAL,v2:upper,86.01020471587248
8200,OPTIMAL,v2:upper,31.19524463912804
8201,OPTIMAL,v2:upper,205.17880711964733
8202,OPTIMAL,v2:upper,56.23502355637478
8203,OPTIMAL,v2:upper,71.99170558259942
8204,OPTIMAL,v2:upper,177.74545988758297
8205,OPTIMAL,v1:upper,78.82915483591064
8206,OPTIMAL,v2:upper,26.73743997477542
8207,OPTIMAL,v2:upper,300.8351655834105
8208,OPTIMAL,v2:upper,173.58807959292142
8209,OPTIMAL,v3:upper,81.7886697991486
8210,OPTIMAL,v1:upper,236.97055779147254
8211,OPTIMAL,v2:upper,74.4342604046238
8212,OPTIMAL,v1:upper,572.9663655640925
8213,OPTIMAL,v2:upper,145.88176820589962
8214,OPTIMAL,v2:upper,55.81187302443975
8215,OPTIMAL,v2:upper,34.989917357715804
8216,OPTIMAL,v2:upper,83.75400499721357
8217,OPTIMAL,v3:upper,29.693413994021913
8218,OPTIMAL,v2:upper,84.64446226919985
8219,OPTIMAL,v2:upper,200.52273726254353
8220,OPTIMAL,v1:upper,124.67345847059553
8221,OPTIMAL,v2:upper,78.522008315477
8222,OPTIMAL,v2:upper,66.78229717840576
8223,OPTIMAL,v2:upper,327.184132759414
8224,OPTIMAL,v2:upper,520.7943170036312
8225,OPTIMAL,v2:upper,61.25046248345207
8226,OPTIMAL,v1:upper,486.37324429759684
8227,OPTIMAL,v2:upper,53.14480986258398
8228,OPTIMAL,v2:upper,268.9952237792421
8229,OPTIMAL,v2:upper,426.9600288626082
8230,OPTIMAL,v1:upper,102.89417938573038
8231,OPTIMAL,v2:upper,61.7925791336313
8232,OPTIMAL,v2:upper,75.83458929079735
8233,OPTIMAL,v2:upper,47.68312811757213
8234,OPTIMAL,v2:upper,16.241679634394107
8235,OPTIMAL,v1:upper,88.74398133182953
8236,OPTIMAL,v2:upper,119.84351359836553
8237,OPTIMAL,v2:upper,93.29405648925236
8238,OPTIMAL,v1:upper,97.92349310793026
8239,OPTIMAL,v2:upper,70.4985680110218
8240,OPTIMAL,v2:upper,118.61478255108892
8241,OPTIMAL,v1:upper,276.8020008473432
8242,OPTIMAL,v3:upper,200.04970322366532
8243,OPTIMAL,v2:upper,39.22124665468518
8244,OPTIMAL,v2:upper,107.13351052569715
8245,OPTIMAL,v2:upper,50.29264276256458
8246,OPTIMAL,v2:upper,336.13791228396497
8247,OPTIMAL,v2:upper,220.77284220627214
8248,OPTIMAL,v2:upper,148.09851865011464
8249,OPTIMAL,v2:upper,306.45127696197335
8250,OPTIMAL,v2:upper,23.87013164821512
8251,OPTIMAL,v4:upper,239.37184073258973
8252,OPTIMAL,v2:upper,132.79852725989392
8253,OPTIMAL,v3:upper,279.5109449799258
8254,OPTIMAL,v2:upper,824.875836321289
8255,OPTIMAL,v2:upper,51.24186117726213
8256,OPTIMAL,v2:upper,103.69573133083246
8257,OPTIMAL,v2:upper,83.99794383862424
8258,OPTIMAL,v2:upper,211.3903782154475
8259,OPTIMAL,v2:upper,53.85322158065175
8260,OPTIMAL,v2:upper,200.0831962867954
8261,OPTIMAL,v1:upper,95.87214688433663
8262,OPTIMAL,v2:upper,85.34181234798938
8263,OPTIMAL,v2:upper,186.48338660624594
8264,OPTIMAL,v1:upper,23.399622465594906
8265,OPTIMAL,v2:upper,169.92429228267153
8266,OPTIMAL,v2:upper,144.43182663637776
8267,OPTIMAL,v2:upper,13.53135113651567
8268,OPTIMAL,v2:upper,73.8496510343037
8269,OPTIMAL,v2:upper,256.61228669054105
8270,OPTIMAL,v2:upper,122.64848062754865
8271,OPTIMAL,v2:upper,287.1472232158434
8272,OPTIMAL,v1:upper,107.66721437695286
8273,OPTIMAL,v2:upper,11.395895520054957
8274,OPTIMAL,v1:upper,291.8984892291499
8275,OPTIMAL,b1:lower;b2:lower;b3:upper;b4:upper;b5:lower;b6:upper;b7:upper;b8:upper;b14:lower,1000.0
8276,OPTIMAL,v2:upper,26.585774125638164
8277,OPTIMAL,v1:upper,113.13098332044802
8278,OPTIMAL,v2:upper,870.5673141160064
8279,OPTIMAL,v2:upper,299.17062840828527
8280,OPTIMAL,v2:upper,29.72648483780236
8281,OPTIMAL,v2:upper,156.4862789908631
8282,OPTIMAL,v2:upper,51.80451814246142
8283,OPTIMAL,v2:upper,95.74573521069443
8284,OPTIMAL,v2:upper,39.69522926514784
8285,OPTIMAL,v2:upper,32.925638881239635
8286,OPTIMAL,v1:upper,67.33658386489715
8287,OPTIMAL,v1:upper,79.45641287706317
8288,OPTIMAL,v2:upper,37.05099261054398
8289,OPTIMAL,v2:upper,85.32218196696381
8290,OPTIMAL,v2:upper,42.52653176095934
8291,OPTIMAL,v2:upper,42.12734708154596
8292,OPTIMAL,v2:upper,77.66642700558985
8293,OPTIMAL,v2:upper,263.0684664963617
8294,OPTIMAL,v2:upper,119.63527421728126
8295,OPTIMAL,v2:upper,354.47022164492626
8296,OPTIMAL,v2:upper,88.83451441874698
8297,OPTIMAL,v2:upper,125.86750637775835
8298,OPTIMAL,v2:upper,105.97113979212435
8299,OPTIMAL,v2:upper,117.02158027699213
8300,OPTIMAL,v1:upper,102.94274125164837
8301,OPTIMAL,v2:upper,93.06755334488959
8302,OPTIMAL,v2:upper,215.70007229284948
8303,OPTIMAL,v1:upper,320.5513419384552
8304,OPTIMAL,v2:upper,499.75028032610743
8305,OPTIMAL,v2:upper,34.244648878582574
8306,OPTIMAL,v2:upper,49.36463373583056
8307,OPTIMAL,v2:upper,182.242901041659
8308,OPTIMAL,v2:upper,155.34683275749424
8309,OPTIMAL,v2:upper,83.45425594552222
8310,OPTIMAL,v2:upper,205.39317073125113
8311,OPTIMAL,v2:upper,137.65849827239143
8312,OPTIMAL,v2:upper,65.96336749860606
8313,OPTIMAL,v3:upper,149.28249311216913
8314,OPTIMAL,v2:upper,326.0117336668811
8315,OPTIMAL,v2:upper,228.4583718850787
8316,OPTIMAL,v2:upper,122.6787393060313
8317,OPTIMAL,v2:upper,95.60196760201214
8318,OPTIMAL,v2:upper,157.47662383303123
8319,OPTIMAL,v2:upper,70.17282339323623
8320,OPTIMAL,v2:upper,47.862261086380656
8321,OPTIMAL,v2:upper,78.36700607791931
8322,OPTIMAL,v2:upper,338.0719817208108
8323,OPTIMAL,v2:upper,56.04290751683162
8324,OPTIMAL,v2:upper,332.2890066312558
8325,OPTIMAL,v2:upper,91.15310313560515
8326,OPTIMAL,v2:upper,168.8826148035134
8327,OPTIMAL,v1:upper,50.81342198283317
8328,OPTIMAL,v2:upper,72.67858948323273
8329,OPTIMAL,v2:upper,145.80242018434532
8330,OPTIMAL,v2:upper,84.41216077211557
8331,OPTIMAL,v2:upper,106.17497836793731
8332,OPTIMAL,v1:upper,170.6193469088746
8333,OPTIMAL,v2:upper,76.57548264719662
8334,OPTIMAL,v2:upper,185.56366184258366
8335,OPTIMAL,v2:upper,140.1469219995084
8336,OPTIMAL,v2:upper,181.8294106295196
8337,OPTIMAL,v1:upper,70.48971334372045
8338,OPTIMAL,v2:upper,86.40649378961481
8339,OPTIMAL,v1:upper,51.71463603581283
8340,OPTIMAL,v3:upper,26.546848667880095
8341,OPTIMAL,v1:upper,101.11909022095809
8342,OPTIMAL,v2:upper,30.662113411156636
8343,OPTIMAL,v2:upper,312.37965376813776
8344,OPTIMAL,v1:upper,126.05313666641261
8345,OPTIMAL,v2:upper,209.6271068747448
8346,OPTIMAL,v3:upper,46.79311861347991
8347,OPTIMAL,v2:upper,218.24475591171395
8348,OPTIMAL,v1:upper,53.52353070728069
8349,OPTIMAL,v2:upper,78.97387587654106
8350,OPTIMAL,v1:upper,539.1171171750526
8351,OPTIMAL,v2:upper,159.21583241269542
8352,OPTIMAL,v2:upper,254.74809874727654
8353,OPTIMAL,v2:upper,7.9844243502323735
8354,OPTIMAL,v1:upper,644.8027131240598
8355,OPTIMAL,v2:upper,122.44573728629427
8356,OPTIMAL,v2:upper,87.68114620728673
8357,OPTIMAL,v2:upper,66.08372123179126
8358,OPTIMAL,v3:upper,10.376111623628189
8359,OPTIMAL,v1:upper,222.97604576465378
8360,OPTIMAL,v2:upper,47.55640416530239
8361,OPTIMAL,v3:upper,36.08091904482458
8362,OPTIMAL,v2:upper,96.5045462846638
8363,OPTIMAL,v2:upper,31.824508080116157
8364,OPTIMAL,v2:upper,272.1746403110189
8365,OPTIMAL,v2:upper,183.4845133230307
8366,OPTIMAL,v2:upper,48.88753711435962
8367,OPTIMAL,v2:upper,132.27451754656155
8368,OPTIMAL,v2:upper,345.1753823174531
8369,OPTIMAL,v2:upper,92.07421240330966
8370,OPTIMAL,v2:upper,273.3299290471243
8371,OPTIMAL,v2:upper,51.014035172415085
8372,OPTIMAL,v2:upper,79.54602826453414
8373,OPTIMAL,v2:upper,158.24910576867168
8374,OPTIMAL,v1:upper,110.18880643574303
8375,OPTIMAL,v2:upper,28.211033794805118
8376,OPTIMAL,v2:upper,76.72948535141843
8377,OPTIMAL,v2:upper,173.74994338911463
8378,OPTIMAL,v2:upper,45.089296881832404
8379,OPTIMAL,v2:upper,95.80661893051926
8380,OPTIMAL,v1:upper,117.73535473052603
8381,OPTIMAL,v3:upper,278.8585532337582
8382,OPTIMAL,v2:upper,10.13435946080581
8383,OPTIMAL,v2:upper,147.1646282971951
8384,OPTIMAL,v2:upper,73.56867722390395
8385,OPTIMAL,v2:upper,289.12008892733337
8386,OPTIMAL,v2:upper,42.78449097356069
8387,OPTIMAL,v2:upper,61.71626095930088
8388,OPTIMAL,v2:upper,50.48129239072108
8389,OPTIMAL,v2:upper,70.6209713000751
8390,OPTIMAL,v2:upper,73.99458929082103
8391,OPTIMAL,v2:upper,32.63646647851189
8392,OPTIMAL,v1:upper,78.47194995121707
8393,OPTIMAL,v2:upper,89.07483576581838
8394,OPTIMAL,v2:upper,39.191425005973095
8395,OPTIMAL,v2:upper,166.26728287373982
8396,OPTIMAL,v2:upper,230.33644697099734
8397,OPTIMAL,v2:upper,93.27352819846452
8398,OPTIMAL,v2:upper,160.34535392048127
8399,OPTIMAL,v2:upper,258.835888261688
8400,OPTIMAL,v2:upper,278.9286628722235
8401,OPTIMAL,v2:upper,185.9808651293538
8402,OPTIMAL,v2:upper,118.62333080879083
8403,OPTIMAL,v2:upper,179.78837599172184
8404,OPTIMAL,v2:upper,61.81436297589863
8405,OPTIMAL,v2:upper,62.04643486203107
8406,OPTIMAL,v2:upper,395.12813492084155
8407,OPTIMAL,v2:upper,94.445170288984
8408,OPTIMAL,v1:upper,53.99780118510366
8409,OPTIMAL,v2:upper,25.061719943626024
8410,OPTIMAL,v2:upper,29.714374422437754
8411,OPTIMAL,v2:upper,211.3480030829992
8412,OPTIMAL,v2:upper,39.726730200511646
8413,OPTIMAL,v2:upper,108.99567053989509
8414,OPTIMAL,b1:lower;b2:lower;b3:upper;b4:upper;b5:lower;b6:upper;b7:upper;b8:upper;b14:lower,1000.0
8415,OPTIMAL,v2:upper,179.89026318981425
8416,OPTIMAL,v2:upper,55.49110915718543
8417,OPTIMAL,v2:upper,29.214919786995676
8418,OPTIMAL,v2:upper,144.2636579499102
8419,OPTIMAL,b1:lower;b2:lower;b3:upper;b4:upper;b5:lower;b6:upper;b7:upper;b8:upper;b14:lower,1000.0
8420,OPTIMAL,v2:upper,15.910216235380224
8421,OPTIMAL,v1:upper,227.2009018886129
8422,OPTIMAL,v2:upper,87.90071678017762
8423,OPTIMAL,v2:upper,353.20995189432693
8424,OPTIMAL,v2:upper,306.59841310674386
8425,OPTIMAL,v2:upper,160.35719200688885
8426,OPTIMAL,v1:upper,157.01564543365268
8427,OPTIMAL,v2:upper,148.8501052562142
8428,OPTIMAL,v2:upper,38.165672248301
8429,OPTIMAL,v2:upper,162.29583693839788
8430,OPTIMAL,v2:upper,108.68183705870658
8431,OPTIMAL,v3:upper,85.96806538628321
8432,OPTIMAL,v1:upper,230.92882145547253
8433,OPTIMAL,v1:upper,230.11875867724308
8434,OPTIMAL,v1:upper,450.87469455168133
8435,OPTIMAL,v2:upper,29.917695011327645
8436,OPTIMAL,v2:upper,173.12759438141163
8437,OPTIMAL,v2:upper,28.066288971409026
8438,OPTIMAL,v2:upper,26.002478620182057
8439,OPTIMAL,v2:upper,151.24872322330893
8440,OPTIMAL,v2:upper,71.07988645180902
8441,OPTIMAL,v2:upper,214.4969557244879
8442,OPTIMAL,v1:upper,112.52867151325667
8443,OPTIMAL,v2:upper,325.45271702565407
8444,OPTIMAL,v2:upper,198.0523823262335
8445,OPTIMAL,v2:upper,280.0156867208112
8446,OPTIMAL,v2:upper,446.82052578151587
8447,OPTIMAL,v3:upper,156.91884939356171
8448,OPTIMAL,v2:upper,203.41579257422558
8449,OPTIMAL,v2:upper,178.69572172388064
8450,OPTIMAL,v2:upper,74.16632262264163
8451,OPTIMAL,v1:upper,287.23950566454
8452,OPTIMAL,v2:upper,106.17572268942479
8453,OPTIMAL,v2:upper,42.712229385419874
8454,OPTIMAL,v2:upper,241.34759294350428
8455,OPTIMAL,v2:upper,229.39171252277546
8456,OPTIMAL,v2:upper,236.98129484156675
8457,OPTIMAL,v2:upper,557.2386187587628
8458,OPTIMAL,v1:upper,238.48041622398458
8459,OPTIMAL,v2:upper,19.099079661074573
8460,OPTIMAL,v1:upper,97.92446766821512
8461,OPTIMAL,v2:upper,25.87781866489186
8462,OPTIMAL,v2:upper,207.94447500573628
8463,OPTIMAL,v2:upper,375.71803363243833
8464,OPTIMAL,v2:upper,10.248373672997966
8465,OPTIMAL,v1:upper,109.20837033872718
8466,OPTIMAL,v2:upper,196.21689350392697
8467,OPTIMAL,v2:upper,684.1908904343392
8468,OPTIMAL,v1:upper,468.0274342638988
8469,OPTIMAL,v2:upper,108.7501566449851
8470,OPTIMAL,v2:upper,201.9535134206988
8471,OPTIMAL,v2:upper,51.28748234672566
8472,OPTIMAL,v2:upper,105.47060766044787
8473,OPTIMAL,v1:upper,303.4910965792154
8474,OPTIMAL,v2:upper,41.735622134058005
8475,OPTIMAL,v2:upper,28.313378670363367
8476,OPTIMAL,v2:upper,251.14538801633978
8477,OPTIMAL,v2:upper,68.79159310904087
8478,OPTIMAL,v2:upper,164.55869203362843
8479,OPTIMAL,v1:upper,77.06902209261007
8480,OPTIMAL,v2:upper,416.52126625189777
8481,OPTIMAL,v2:upper,97.9038907560371
8482,OPTIMAL,v2:upper,241.8395992372281
8483,OPTIMAL,v1:upper,113.77222273274731
8484,OPTIMAL,v2:upper,8.012791871325884
8485,OPTIMAL,v2:upper,15.486407952993757
8486,OPTIMAL,v2:upper,74.20804020195682
8487,OPTIMAL,v4:upper,136.1848013752809
8488,OPTIMAL,v2:upper,21.661138171710014
8489,OPTIMAL,v2:upper,18.528606415841086
8490,OPTIMAL,v2:upper,320.5599588811513
8491,OPTIMAL,v2:upper,59.672573439078135
8492,OPTIMAL,v2:upper,130.94089433662094
8493,OPTIMAL,v2:upper,149.94393809336833
8494,OPTIMAL,v2:upper,110.75481280744569
8495,OPTIMAL,v2:upper,52.30677147375505
8496,OPTIMAL,v4:upper,291.86986852117417
8497,OPTIMAL,v2:upper,57.48090516960163
8498,OPTIMAL,v2:upper,163.87338796054658
8499,OPTIMAL,v2:upper,183.31185128121155
8500,OPTIMAL,v2:upper,507.6506376867442
8501,OPTIMAL,v2:upper,340.02904213090017
8502,OPTIMAL,v4:upper,81.68883599261396
8503,OPTIMAL,v2:upper,78.81809763752247
8504,OPTIMAL,v2:upper,51.31213107144885
8505,OPTIMAL,v2:upper,267.105943517874
8506,OPTIMAL,v2:upper,79.65932113641871
8507,OPTIMAL,v2:upper,128.5594023961811
8508,OPTIMAL,v2:upper,111.77846595526663
8509,OPTIMAL,v2:upper,79.6979567515174
8510,OPTIMAL,v1:upper,81.58781067974076
8511,OPTIMAL,v2:upper,891.4548366088949
8512,OPTIMAL,v2:upper,71.76649752216657
8513,OPTIMAL,v2:upper,60.62282943252792
8514,OPTIMAL,v2:upper,39.32137447051038
8515,OPTIMAL,v2:upper,39.09236205237606
8516,OPTIMAL,v2:upper,221.3968962731862
8517,OPTIMAL,v2:upper,432.2218664033108
8518,OPTIMAL,v2:upper,217.66243077934013
8519,OPTIMAL,v2:upper,66.97164038965145
8520,OPTIMAL,v2:upper,100.85519115980205
8521,OPTIMAL,v1:upper,266.29287582180314
8522,OPTIMAL,v2:upper,73.12867293688043
8523,OPTIMAL,v2:upper,70.35997866790686
8524,OPTIMAL,v2:upper,8.6686516589307
8525,OPTIMAL,v2:upper,195.97274664064324
8526,OPTIMAL,v1:upper,46.30829684177238
8527,OPTIMAL,v2:upper,42.50331074507158
8528,OPTIMAL,v2:upper,86.65907314016872
8529,OPTIMAL,v2:upper,58.503895115769176
8530,OPTIMAL,v2:upper,27.248796492278156
8531,OPTIMAL,v2:upper,126.0604513225059
8532,OPTIMAL,v2:upper,168.83077730152704
8533,OPTIMAL,v2:upper,95.45966395938244
8534,OPTIMAL,v2:upper,35.66433645998132
8535,OPTIMAL,v1:upper,188.2480629197123
8536,OPTIMAL,v2:upper,501.4147786137156
8537,OPTIMAL,v2:upper,62.45584653166887
8538,OPTIMAL,v3:upper,184.22793077736114
8539,OPTIMAL,v2:upper,18.931824766912552
8540,OPTIMAL,v2:upper,151.4852706224791
8541,OPTIMAL,v2:upper,31.266486788703265
8542,OPTIMAL,v2:upper,15.788879582240552
8543,OPTIMAL,v1:upper,437.3854651056721
8544,OPTIMAL,v2:upper,103.50520950438313
8545,OPTIMAL,v2:upper,118.53179962830814
8546,OPTIMAL,v2:upper,58.20993585312723
8547,OPTIMAL,v2:upper,106.0472864723705
8548,OPTIMAL,v2:upper,106.34818554733313
8549,OPTIMAL,v2:upper,155.06391984396498
8550,OPTIMAL,v2:upper,215.11869172826107
8551,OPTIMAL,v2:upper,49.65004120061805
8552,OPTIMAL,v3:upper,23.771691176941964
8553,OPTIMAL,v2:upper,106.65997523682094
8554,OPTIMAL,v2:upper,46.05256719303393
8555,OPTIMAL,v2:upper,68.74182583667667
8556,OPTIMAL,v2:upper,34.23836292787161
8557,OPTIMAL,v2:upper,17.076350665312138
8558,OPTIMAL,v2:upper,93.21898952027094
8559,OPTIMAL,v2:upper,82.54968281272407
8560,OPTIMAL,v2:upper,134.0372206255561
8561,OPTIMAL,v2:upper,20.659188144392626
8562,OPTIMAL,v2:upper,33.78805834599353
8563,OPTIMAL,v2:upper,268.75988924472915
8564,OPTIMAL,v1:upper,158.58673321632673
8565,OPTIMAL,v1:upper,72.8384882535692
8566,OPTIMAL,v2:upper,26.550799218337218
8567,OPTIMAL,v1:upper,453.0484910797253
8568,OPTIMAL,v2:upper,218.99535226970664
8569,OPTIMAL,v1:upper,211.6797980846189
8570,OPTIMAL,v2:upper,92.78614884808509
8571,OPTIMAL,v2:upper,81.41387048937631
8572,OPTIMAL,v2:upper,36.535424621363404
8573,OPTIMAL,v2:upper,404.92703284320714
8574,OPTIMAL,v2:upper,184.74775283638147
8575,OPTIMAL,v2:upper,89.04004242914645
8576,OPTIMAL,v3:upper,26.103179199407112
8577,OPTIMAL,v2:upper,394.11221781884007
8578,OPTIMAL,v2:upper,188.31784639424907
8579,OPTIMAL,v2:upper,23.80108026432875
8580,OPTIMAL,v2:upper,255.5007273210271
8581,OPTIMAL,v1:upper,230.13332146906967
8582,OPTIMAL,v2:upper,140.2227932144307
8583,OPTIMAL,v2:upper,77.34394234958971
8584,OPTIMAL,v2:upper,45.32835954880401
8585,OPTIMAL,v2:upper,47.442392151801236
8586,OPTIMAL,v2:upper,28.68214719468488
8587,OPTIMAL,v2:upper,85.58793607101269
8588,OPTIMAL,v2:upper,16.25070077066292
8589,OPTIMAL,v1:upper,108.9031420894418
8590,OPTIMAL,v2:upper,48.410069962398154
8591,OPTIMAL,v2:upper,50.48503053471135
8592,OPTIMAL,v2:upper,180.9322491487274
8593,OPTIMAL,v3:upper,76.47534366736184
8594,OPTIMAL,v2:upper,17.743022105835774
8595,OPTIMAL,v1:upper,136.32439418657847
8596,OPTIMAL,v2:upper,64.31230489704183
8597,OPTIMAL,v1:upper,127.16877730166684
8598,OPTIMAL,v2:upper,116.6822902062467
8599,OPTIMAL,v2:upper,239.66471912634796
8600,OPTIMAL,v2:upper,61.547997203652194
8601,OPTIMAL,v2:upper,168.34289248283255
8602,OPTIMAL,v2:upper,49.8201277086333
8603,OPTIMAL,v2:upper,29.942387249511203
8604,OPTIMAL,v2:upper,15.923996085079342
8605,OPTIMAL,v2:upper,145.30154890193054
8606,OPTIMAL,v1:upper,187.9975560403532
8607,OPTIMAL,v2:upper,49.25389350341234
8608,OPTIMAL,v2:upper,247.88387335229865
8609,OPTIMAL,v2:upper,314.2068088727822
8610,OPTIMAL,v2:upper,50.355225797708286
8611,OPTIMAL,v2:upper,204.80104095403317
8612,OPTIMAL,v2:upper,169.7572438910096
8613,OPTIMAL,v1:upper,135.9910649130497
8614,OPTIMAL,v2:upper,91.75597168795731
8615,OPTIMAL,v2:upper,32.99664516903437
8616,OPTIMAL,v2:upper,34.768660460796234
8617,OPTIMAL,v2:upper,219.8512044977245
8618,OPTIMAL,v1:upper,419.40776920841347
8619,OPTIMAL,v2:upper,168.8844053938929
8620,OPTIMAL,v2:upper,80.03233196966688
8621,OPTIMAL,v2:upper,59.98497895749604
8622,OPTIMAL,v1:upper,379.0135166284516
8623,OPTIMAL,v2:upper,84.00300660064836
8624,OPTIMAL,v2:upper,25.57351639366122
8625,OPTIMAL,v2:upper,127.87905024771969
8626,OPTIMAL,v1:upper,241.2823265547453
8627,OPTIMAL,v2:upper,135.39040875229767
8628,OPTIMAL,v2:upper,116.99412371957948
8629,OPTIMAL,v2:upper,121.98971842352029
8630,OPTIMAL,v2:upper,131.65118268311718
8631,OPTIMAL,v1:upper,179.02562869628525
8632,OPTIMAL,v2:upper,111.26083311610346
8633,OPTIMAL,v2:upper,180.98807757080456
8634,OPTIMAL,v2:upper,628.6966372459208
8635,OPTIMAL,v1:upper,61.2444337783689
8636,OPTIMAL,v2:upper,96.90207230521864
8637,OPTIMAL,v2:upper,78.53277176804633
8638,OPTIMAL,v2:upper,126.88401302981569
8639,OPTIMAL,v2:upper,95.4803933645923
8640,OPTIMAL,b1:lower;b2:lower;b3:upper;b4:upper;b5:lower;b6:upper;b7:upper;b8:upper;b14:lower,1000.0
8641,OPTIMAL,v1:upper,90.29672145734274
8642,OPTIMAL,v2:upper,219.6842617754714
8643,OPTIMAL,v3:upper,84.50524911924494
8644,OPTIMAL,v2:upper,131.77656784131997
8645,OPTIMAL,v2:upper,433.0078355824866
8646,OPTIMAL,v2:upper,29.454370721195126
8647,OPTIMAL,v3:upper,44.72481884583611
8648,OPTIMAL,v2:upper,41.0105186313994
8649,OPTIMAL,v2:upper,158.62633560409208
8650,OPTIMAL,v2:upper,52.42778189984444
8651,OPTIMAL,v2:upper,21.48019204171391
8652,OPTIMAL,v2:upper,101.05089441055235
8653,OPTIMAL,v1:upper,135.4525385380142
8654,OPTIMAL,v1:upper,134.0626238805049
8655,OPTIMAL,v2:upper,12.740223973739685
8656,OPTIMAL,v2:upper,86.51642512329492
8657,OPTIMAL,v2:upper,77.04586640204555
8658,OPTIMAL,v2:upper,210.71375640889937
8659,OPTIMAL,v2:upper,34.455306724571834
8660,OPTIMAL,v2:upper,61.317852118133274
8661,OPTIMAL,v3:upper,42.103623122714275
8662,OPTIMAL,v1:upper,181.52458694856384
8663,OPTIMAL,v2:upper,80.57846483445176
8664,OPTIMAL,b1:lower;b2:lower;b3:upper;b4:upper;b5:lower;b6:upper;b7:upper;b8:upper;b14:lower,1000.0
8665,OPTIMAL,v2:upper,93.71593040560299
8666,OPTIMAL,v2:upper,78.81196530342811
8667,OPTIMAL,v1:upper,163.36342021068148
8668,OPTIMAL,v2:upper,134.8426050433287
8669,OPTIMAL,v2:upper,24.840847538808088
8670,OPTIMAL,v2:upper,88.86362805015308
8671,OPTIMAL,v2:upper,10.694581472921971
8672,OPTIMAL,v2:upper,21.080042366648406
8673,OPTIMAL,v2:upper,17.63479554365953
8674,OPTIMAL,v2:upper,118.23897439995586
8675,OPTIMAL,v1:upper,69.4808670229596
8676,OPTIMAL,v2:upper,25.328289958731354
8677,OPTIMAL,v2:upper,215.1884623199401
8678,OPTIMAL,v2:upper,193.27289887593525
8679,OPTIMAL,v1:upper,188.1753898919239
8680,OPTIMAL,v2:upper,77.58719937046848
8681,OPTIMAL,v3:upper,137.40949381283733
8682,OPTIMAL,v2:upper,249.78247056799012
8683,OPTIMAL,v1:upper,24.44778361968186
8684,OPTIMAL,v2:upper,277.08897271877964
8685,OPTIMAL,v2:upper,214.16949378650236
8686,OPTIMAL,v2:upper,108.35412655465024
8687,OPTIMAL,v2:upper,40.695551827971585
8688,OPTIMAL,v3:upper,284.58591778563635
8689,OPTIMAL,v2:upper,197.05900357789372
8690,OPTIMAL,v1:upper,199.40688698860316
8691,OPTIMAL,v2:upper,34.37044601627228
8692,OPTIMAL,v2:upper,88.48191988108691
8693,OPTIMAL,v1:upper,32.002891817833714
8694,OPTIMAL,v2:upper,266.4689936839699
8695,OPTIMAL,v2:upper,27.099590618811323
8696,OPTIMAL,v2:upper,14.255342904866298
8697,OPTIMAL,v2:upper,38.718379324295256
8698,OPTIMAL,v2:upper,54.277692588826085
8699,OPTIMAL,v2:upper,299.9400402663591
8700,OPTIMAL,v2:upper,153.7426669901597
8701,OPTIMAL,v2:upper,100.47426053905218
8702,OPTIMAL,v1:upper,189.46257184631733
8703,OPTIMAL,v2:upper,108.46532670231863
8704,OPTIMAL,v2:upper,107.84320384858955
8705,OPTIMAL,v2:upper,147.5761126020759
8706,OPTIMAL,v2:upper,207.96217698839067
8707,OPTIMAL,v2:upper,30.143930449461894
8708,OPTIMAL,v2:upper,47.429881718761614
8709,OPTIMAL,v1:upper,37.761707655841334
8710,OPTIMAL,v2:upper,13.515738606647949
8711,OPTIMAL,v3:upper,109.31113348654088
8712,OPTIMAL,v2:upper,254.73123581141067
8713,OPTIMAL,v2:upper,114.18095173702288
8714,OPTIMAL,v2:upper,51.16792728563244
8715,OPTIMAL,v3:upper,300.6753066706546
8716,OPTIMAL,v2:upper,22.689009990321498
8717,OPTIMAL,v2:upper,101.53446646006924
8718,OPTIMAL,v2:upper,57.280718413687964
8719,OPTIMAL,v1:upper,274.51661847570637
8720,OPTIMAL,v2:upper,32.09875272896734
8721,OPTIMAL,v2:upper,92.29550484248804
8722,OPTIMAL,v2:upper,217.7664200195558
8723,OPTIMAL,v3:upper,265.2111318122529
8724,OPTIMAL,v1:upper,172.0757813589648
8725,OPTIMAL,v2:upper,77.04584025443438
8726,OPTIMAL,v2:upper,176.52928146353622
8727,OPTIMAL,v2:upper,34.3458900522119
8728,OPTIMAL,v2:upper,41.73420354877238
8729,OPTIMAL,v1:upper,38.06742930594495
8730,OPTIMAL,v2:upper,80.49841626625324
8731,OPTIMAL,v2:upper,51.03330730140273
8732,OPTIMAL,v2:upper,64.49868376836363
8733,OPTIMAL,v1:upper,327.55026904756056
8734,OPTIMAL,v2:upper,249.62137434595635
8735,OPTIMAL,v2:upper,112.88437720403553
8736,OPTIMAL,v2:upper,193.9733322995865
8737,OPTIMAL,v2:upper,186.20958931833587
8738,OPTIMAL,v2:upper,81.96691490418712
8739,OPTIMAL,v2:upper,108.13964973212022
8740,OPTIMAL,v2:upper,458.01852203667687
8741,OPTIMAL,v2:upper,89.44741656889578
8742,OPTIMAL,v2:upper,118.37132896500248
8743,OPTIMAL,v2:upper,84.871681698616
8744,OPTIMAL,v2:upper,116.63446926935438
8745,OPTIMAL,v2:upper,110.62503813717501
8746,OPTIMAL,v2:upper,73.52216415473724
8747,OPTIMAL,v2:upper,70.11116636776624
8748,OPTIMAL,v2:upper,71.14498982691715
8749,OPTIMAL,v2:upper,32.2259444032043
8750,OPTIMAL,v1:upper,268.0591255140695
8751,OPTIMAL,v2:upper,25.577602140100243
8752,OPTIMAL,v2:upper,35.13705982956996
8753,OPTIMAL,v2:upper,143.1436198538977
8754,OPTIMAL,v2:upper,12.032697343890042
8755,OPTIMAL,v2:upper,218.17794809977477
8756,OPTIMAL,v2:upper,115.39134226256354
8757,OPTIMAL,v2:upper,124.83462425707967
8758,OPTIMAL,v2:upper,187.22014408833166
8759,OPTIMAL,v2:upper,70.97381103150089
8760,OPTIMAL,v2:upper,118.73642944477776
8761,OPTIMAL,v2:upper,384.5046045944442
8762,OPTIMAL,v2:upper,135.04934985475506
8763,OPTIMAL,v2:upper,26.77308270309197
8764,OPTIMAL,v2:upper,147.71301256642843
8765,OPTIMAL,v2:upper,303.8804575769466
8766,OPTIMAL,v3:upper,150.62602826982823
8767,OPTIMAL,v2:upper,71.92572102213573
8768,OPTIMAL,v2:upper,62.94536696325458
8769,OPTIMAL,v2:upper,228.27060866933712
8770,OPTIMAL,v2:upper,37.02041685933969
8771,OPTIMAL,v2:upper,56.39300717494043
8772,OPTIMAL,v2:upper,68.83986163659131
8773,OPTIMAL,v2:upper,89.7300165505526
8774,OPTIMAL,v2:upper,194.72693896011222
8775,OPTIMAL,v2:upper,337.99439976691457
8776,OPTIMAL,v2:upper,43.863729633015026
8777,OPTIMAL,v2:upper,32.3763009418511
8778,OPTIMAL,v2:upper,75.2278950996278
8779,OPTIMAL,v2:upper,44.58618053139445
8780,OPTIMAL,v2:upper,535.5373857957366
8781,OPTIMAL,v3:upper,268.2641627664322
8782,OPTIMAL,v2:upper,390.8755670771969
8783,OPTIMAL,v2:upper,239.96928820498061
8784,OPTIMAL,v2:upper,41.49016438691693
8785,OPTIMAL,v2:upper,231.09357838483078
8786,OPTIMAL,v2:upper,56.73831174397661
8787,OPTIMAL,v2:upper,21.871196190152304
8788,OPTIMAL,v2:upper,209.10301578214813
8789,OPTIMAL,v1:upper,462.1513786338661
8790,OPTIMAL,v2:upper,7.996301283474069
8791,OPTIMAL,v2:upper,46.006159129189186
8792,OPTIMAL,v2:upper,184.16787140496552
8793,OPTIMAL,v1:upper,375.5198542294547
8794,OPTIMAL,v2:upper,190.44010712055672
8795,OPTIMAL,v1:upper,182.70642388055063
8796,OPTIMAL,v2:upper,41.73953545588732
8797,OPTIMAL,v2:upper,330.46504743976243
8798,OPTIMAL,v2:upper,267.9076117535749
8799,OPTIMAL,v2:upper,55.36277261849299
8800,OPTIMAL,v2:upper,33.71647557263708
8801,OPTIMAL,v2:upper,20.305785977624424
8802,OPTIMAL,v2:upper,57.256424957677915
8803,OPTIMAL,v2:upper,136.25805125819082
8804,OPTIMAL,v2:upper,48.581812593471454
8805,OPTIMAL,v2:upper,132.0010982483249
8806,OPTIMAL,v2:upper,87.99521355578237
8807,OPTIMAL,v2:upper,85.42983615154824
8808,OPTIMAL,v2:upper,154.26056329604282
8809,OPTIMAL,v1:upper,63.250963031627144
8810,OPTIMAL,v2:upper,63.56298490856075
8811,OPTIMAL,v2:upper,236.38092070464188
8812,OPTIMAL,v1:upper,228.78217485549595
8813,OPTIMAL,v2:upper,507.51394466390207
8814,OPTIMAL,v2:upper,42.578534014217304
8815,OPTIMAL,v3:upper,168.71398755811634
8816,OPTIMAL,v2:upper,114.7706721941846
8817,OPTIMAL,v2:upper,330.064081735186
8818,OPTIMAL,v2:upper,16.531984319487314
8819,OPTIMAL,v2:upper,64.7161841200033
8820,OPTIMAL,v2:upper,98.358028147206
8821,OPTIMAL,v2:upper,9.019079345194918
8822,OPTIMAL,v2:upper,149.7585934991739
8823,OPTIMAL,v2:upper,123.16128227169857
8824,OPTIMAL,v2:upper,115.11171979389401
8825,OPTIMAL,v1:upper,207.38167682001722
8826,OPTIMAL,v2:upper,316.3165995585629
8827,OPTIMAL,v3:upper,54.78570369073624
8828,OPTIMAL,v2:upper,63.65629830307849
8829,OPTIMAL,v2:upper,235.54857758888537
8830,OPTIMAL,v2:upper,9.661914872554291
8831,OPTIMAL,v2:upper,101.85834176397701
8832,OPTIMAL,v2:upper,182.06328650645034
8833,OPTIMAL,v2:upper,238.9324051622351
8834,OPTIMAL,v2:upper,170.23685847986008
8835,OPTIMAL,v2:upper,246.46063580948368
8836,OPTIMAL,v2:upper,31.237477303031795
8837,OPTIMAL,v3:upper,48.930659858385205
8838,OPTIMAL,v2:upper,64.05477680280387
8839,OPTIMAL,v2:upper,115.07921020029383
8840,OPTIMAL,v2:upper,90.00332016831577
8841,OPTIMAL,v2:upper,168.82844381321436
8842,OPTIMAL,v3:upper,86.30724023879068
8843,OPTIMAL,v2:upper,150.08774118455503
8844,OPTIMAL,v1:upper,110.30680201054663
8845,OPTIMAL,v2:upper,139.78387082035442
8846,OPTIMAL,v1:upper,83.56388972878358
8847,OPTIMAL,v2:upper,329.7418257583861
8848,OPTIMAL,v2:upper,53.668785583721416
8849,OPTIMAL,v2:upper,327.8797515017644
8850,OPTIMAL,v2:upper,238.5757039890072
8851,OPTIMAL,v2:upper,82.77741743936649
8852,OPTIMAL,v2:upper,42.928753016755465
8853,OPTIMAL,v1:upper,155.031287412906
8854,OPTIMAL,v2:upper,661.4812037370216
8855,OPTIMAL,b1:lower;b2:lower;b3:upper;b4:upper;b5:lower;b6:upper;b7:upper;b8:upper;b14:lower,1000.0
8856,OPTIMAL,v2:upper,292.1596241168634
8857,OPTIMAL,v2:upper,157.80336586246761
8858,OPTIMAL,v2:upper,144.0485004886407
8859,OPTIMAL,v2:upper,201.13066929029642
8860,OPTIMAL,v2:upper,194.30688992193575
8861,OPTIMAL,v2:upper,67.76418359557026
8862,OPTIMAL,v2:upper,437.1938156762933
8863,OPTIMAL,v2:upper,190.3581884649747
8864,OPTIMAL,v2:upper,185.07403855669398
8865,OPTIMAL,v2:upper,11.678342990974944
8866,OPTIMAL,v2:upper,25.676382538600407
8867,OPTIMAL,v2:upper,129.72785175239275
8868,OPTIMAL,v2:upper,186.170229775187
8869,OPTIMAL,v2:upper,310.7740305532792
8870,OPTIMAL,v1:upper,110.49556593761379
8871,OPTIMAL,v4:upper,266.75736229144667
8872,OPTIMAL,v3:upper,107.853575436203
8873,OPTIMAL,v2:upper,33.99732063069315
8874,OPTIMAL,v2:upper,85.37930957415816
8875,OPTIMAL,v2:upper,103.90996017372262
8876,OPTIMAL,v1:upper,247.65667946665192
8877,OPTIMAL,v2:upper,51.436949397328995
8878,OPTIMAL,v2:upper,149.59246488373313
8879,OPTIMAL,v2:upper,240.92004425481144
8880,OPTIMAL,v1:upper,233.342870771217
8881,OPTIMAL,v2:upper,647.6449715463219
8882,OPTIMAL,v2:upper,74.33749447855374
8883,OPTIMAL,v2:upper,78.8253381944192
8884,OPTIMAL,v1:upper,107.1248777979727
8885,OPTIMAL,v2:upper,124.16904483649989
8886,OPTIMAL,v1:upper,34.709388747576135
8887,OPTIMAL,v2:upper,302.4324665275639
8888,OPTIMAL,v2:upper,57.860377397328506
8889,OPTIMAL,v1:upper,379.2292164080867
8890,OPTIMAL,v2:upper,20.466074126889193
8891,OPTIMAL,v2:upper,31.523084644736073
8892,OPTIMAL,v2:upper,69.27067326175175
8893,OPTIMAL,v2:upper,176.09266602558105
8894,OPTIMAL,v2:upper,67.53570703384935
8895,OPTIMAL,v2:upper,146.89389853443421
8896,OPTIMAL,v2:upper,64.80998972163977
8897,OPTIMAL,v2:upper,39.122692670936026
8898,OPTIMAL,v1:upper,196.26696234846025
8899,OPTIMAL,v2:upper,192.2947400684064
8900,OPTIMAL,v2:upper,67.49168913750803
8901,OPTIMAL,v2:upper,82.12974777407193
8902,OPTIMAL,v1:upper,450.69737137885545
8903,OPTIMAL,v1:upper,68.73652397045575
8904,OPTIMAL,v2:upper,85.48835576266282
8905,OPTIMAL,v2:upper,179.84429227361343
8906,OPTIMAL,v2:upper,33.92223388559295
8907,OPTIMAL,v2:upper,73.24810200599651
8908,OPTIMAL,v2:upper,34.496601201972844
8909,OPTIMAL,v2:upper,83.83674991168873
8910,OPTIMAL,v2:upper,184.89495193903826
8911,OPTIMAL,v2:upper,175.01214684609374
8912,OPTIMAL,v2:upper,63.61363180017526
8913,OPTIMAL,v2:upper,131.00574326490434
8914,OPTIMAL,v2:upper,170.99380860263116
8915,OPTIMAL,v2:upper,47.75399925936534
8916,OPTIMAL,v2:upper,253.8463854356221
8917,OPTIMAL,v3:upper,227.74079319729051
8918,OPTIMAL,v2:upper,40.20641065103994
8919,OPTIMAL,v1:upper,439.7101491342975
8920,OPTIMAL,v2:upper,61.630311336387955
8921,OPTIMAL,v2:upper,42.041318699663336
8922,OPTIMAL,v1:upper,23.262015240721972
8923,OPTIMAL,v2:upper,216.6700814155273
8924,OPTIMAL,v2:upper,356.0071242956812
8925,OPTIMAL,v2:upper,240.80662815141616
8926,OPTIMAL,v2:upper,146.057917056024
8927,OPTIMAL,v2:upper,147.17597085635202
8928,OPTIMAL,v2:upper,18.70979419929307
8929,OPTIMAL,v2:upper,46.57318151952565
8930,OPTIMAL,v2:upper,96.26778166352942
8931,OPTIMAL,v2:upper,182.15967947784986
8932,OPTIMAL,v2:upper,399.40023677648264
8933,OPTIMAL,v2:upper,115.51448497482154
8934,OPTIMAL,v2:upper,38.74174410191595
8935,OPTIMAL,v2:upper,59.39055309767872
8936,OPTIMAL,v2:upper,95.1850202227185
8937,OPTIMAL,v1:upper,98.52243726819476
8938,OPTIMAL,v1:upper,107.92008679563185
8939,OPTIMAL,v2:upper,118.58693066959354
8940,OPTIMAL,v2:upper,105.3134588039136
8941,OPTIMAL,v2:upper,171.87462561769345
8942,OPTIMAL,v2:upper,115.61279605878875
8943,OPTIMAL,v2:upper,350.09000194935055
8944,OPTIMAL,v2:upper,200.00483985789606
8945,OPTIMAL,v2:upper,66.46014163715483
8946,OPTIMAL,v2:upper,117.88026024029456
8947,OPTIMAL,v1:upper,509.09064441040414
8948,OPTIMAL,v2:upper,246.45847962198198
8949,OPTIMAL,v2:upper,76.65484566137843
8950,OPTIMAL,v2:upper,243.78061316583555
8951,OPTIMAL,v2:upper,366.29192819942756
8952,OPTIMAL,v2:upper,136.58304823356193
8953,OPTIMAL,v2:upper,320.2397244867476
8954,OPTIMAL,v2:upper,239.64757839386982
8955,OPTIMAL,v3:upper,286.47576982740406
8956,OPTIMAL,v2:upper,179.6472787478529
8957,OPTIMAL,v2:upper,448.5285151539284
8958,OPTIMAL,v1:upper,260.8734368393587
8959,OPTIMAL,v2:upper,145.0201066444306
8960,OPTIMAL,v2:upper,58.14359429513558
8961,OPTIMAL,v2:upper,338.4227328849571
8962,OPTIMAL,v2:upper,92.43307840487445
8963,OPTIMAL,v2:upper,731.886047007575
8964,OPTIMAL,v2:upper,163.8003948081697
8965,OPTIMAL,v2:upper,51.92707498884518
8966,OPTIMAL,v2:upper,470.0141374522255
8967,OPTIMAL,v2:upper,75.59163792711357
8968,OPTIMAL,v2:upper,11.443449796728354
8969,OPTIMAL,v2:upper,157.9792726381518
8970,OPTIMAL,v1:upper,98.17782925295587
8971,OPTIMAL,v1:upper,208.26564842130477
8972,OPTIMAL,v2:upper,15.543039487369322
8973,OPTIMAL,v2:upper,29.000950081432194
8974,OPTIMAL,v2:upper,91.09768185797277
8975,OPTIMAL,v2:upper,138.41084972801775
8976,OPTIMAL,v2:upper,61.6332541368619
8977,OPTIMAL,v2:upper,84.84321589398233
8978,OPTIMAL,v2:upper,158.79069146646245
8979,OPTIMAL,v2:upper,298.51285616298475
8980,OPTIMAL,v2:upper,548.6798698634027
8981,OPTIMAL,v2:upper,341.45801691188854
8982,OPTIMAL,v1:upper,129.84564680696212
8983,OPTIMAL,v2:upper,202.41665519142856
8984,OPTIMAL,v2:upper,43.9451808859959
8985,OPTIMAL,v2:upper,80.09050770077127
8986,OPTIMAL,v2:upper,91.39253212293909
8987,OPTIMAL,v1:upper,703.3899387329956
8988,OPTIMAL,v2:upper,89.30714022588461
8989,OPTIMAL,v2:upper,221.92076302253147
8990,OPTIMAL,v2:upper,118.96706480024731
8991,OPTIMAL,v2:upper,92.38183356465332
8992,OPTIMAL,v2:upper,87.08821356876048
8993,OPTIMAL,v2:upper,59.75338148410009
8994,OPTIMAL,v1:upper,118.65845374570009
8995,OPTIMAL,v2:upper,116.08937634128839
8996,OPTIMAL,v2:upper,60.016236954646395
8997,OPTIMAL,v2:upper,46.66300213754227
8998,OPTIMAL,v2:upper,148.3028112091642
8999,OPTIMAL,v2:upper,109.42134573684316
9000,OPTIMAL,v2:upper,47.31301390162227
9001,OPTIMAL,v2:upper,225.456892912021
9002,OPTIMAL,v2:upper,78.44393530220955
9003,OPTIMAL,v2:upper,78.66275513867413
9004,OPTIMAL,v2:upper,73.39851416032012
9005,OPTIMAL,v2:upper,207.46085478605272
9006,OPTIMAL,v2:upper,5.265701505007391
9007,OPTIMAL,v2:upper,87.20372957166019
9008,OPTIMAL,v3:upper,182.83835941527678
9009,OPTIMAL,v2:upper,85.72934138085262
9010,OPTIMAL,v2:upper,115.46920983059704
9011,OPTIMAL,v2:upper,269.5186869497373
9012,OPTIMAL,v1:upper,399.3877627079069
9013,OPTIMAL,v2:upper,221.24040169061908
9014,OPTIMAL,v2:upper,87.31019152056174
9015,OPTIMAL,v2:upper,191.606075078047
9016,OPTIMAL,v2:upper,29.375445633788374
9017,OPTIMAL,v2:upper,257.74451979081493
9018,OPTIMAL,v1:upper,96.52099132901286
9019,OPTIMAL,v2:upper,403.7771461268899
9020,OPTIMAL,v2:upper,583.0715122987474
9021,OPTIMAL,v2:upper,103.2689189072284
9022,OPTIMAL,v1:upper,86.79978191690408
9023,OPTIMAL,v1:upper,476.6798825382313
9024,OPTIMAL,v2:upper,47.720533604379
9025,OPTIMAL,v2:upper,370.70462656830256
9026,OPTIMAL,v2:upper,40.013729359362294
9027,OPTIMAL,v2:upper,449.73524869155904
9028,OPTIMAL,v3:upper,66.3013856809132
9029,OPTIMAL,v2:upper,24.929562794763584
9030,OPTIMAL,v2:upper,102.26839631723
9031,OPTIMAL,v2:upper,52.95488319754235
9032,OPTIMAL,v2:upper,207.74183051946602
9033,OPTIMAL,v2:upper,23.241215778466632
9034,OPTIMAL,v2:upper,167.76295612692664
9035,OPTIMAL,v2:upper,298.0429568409474
9036,OPTIMAL,v2:upper,182.61775991336506
9037,OPTIMAL,v3:upper,167.39103842155106
9038,OPTIMAL,v2:upper,96.37039996131432
9039,OPTIMAL,v2:upper,116.06923116799447
9040,OPTIMAL,v2:upper,167.7265567403034
9041,OPTIMAL,v2:upper,59.032961281094124
9042,OPTIMAL,v2:upper,18.14164954799205
9043,OPTIMAL,v2:upper,70.71967475111823
9044,OPTIMAL,v2:upper,449.1974806615358
9045,OPTIMAL,v2:upper,494.70710604623514
9046,OPTIMAL,v2:upper,113.47893052809229
9047,OPTIMAL,v2:upper,200.1174815678042
9048,OPTIMAL,v2:upper,28.296705913042405
9049,OPTIMAL,v2:upper,144.18843313161827
9050,OPTIMAL,v2:upper,69.5518643869416
9051,OPTIMAL,v1:upper,75.56552889337378
9052,OPTIMAL,v1:upper,96.48124895288385
9053,OPTIMAL,v2:upper,89.35523431824612
9054,OPTIMAL,v2:upper,81.74434000986052
9055,OPTIMAL,v2:upper,16.395591319109112
9056,OPTIMAL,v2:upper,185.09766764112644
9057,OPTIMAL,v3:upper,95.87774040961048
9058,OPTIMAL,v1:upper,91.17852400650285
9059,OPTIMAL,v2:upper,205.160977933564
9060,OPTIMAL,v2:upper,140.92549332707384
9061,OPTIMAL,v2:upper,48.114669267687376
9062,OPTIMAL,v2:upper,266.94083266529634
9063,OPTIMAL,v2:upper,61.736295777989966
9064,OPTIMAL,v2:upper,98.3788510160026
9065,OPTIMAL,v2:upper,57.69920369836631
9066,OPTIMAL,v2:upper,125.56796111564506
9067,OPTIMAL,v2:upper,204.8755211961069
9068,OPTIMAL,v2:upper,43.72377931530953
9069,OPTIMAL,v2:upper,94.42536311979885
9070,OPTIMAL,v2:upper,185.96284953526583
9071,OPTIMAL,v2:upper,148.53450570536467
9072,OPTIMAL,v2:upper,122.07603224967264
9073,OPTIMAL,v2:upper,97.58368931249673
9074,OPTIMAL,v2:upper,312.0753191399189
9075,OPTIMAL,v1:upper,107.61583142039561
9076,OPTIMAL,v2:upper,76.16239759698998
9077,OPTIMAL,v2:upper,96.98299377896832
9078,OPTIMAL,v2:upper,10.241692858721887
9079,OPTIMAL,v2:upper,281.68293291782993
9080,OPTIMAL,v1:upper,247.6809909810357
9081,OPTIMAL,v2:upper,204.23024405613177
9082,OPTIMAL,v2:upper,97.26950862608612
9083,OPTIMAL,v2:upper,186.2143723063663
9084,OPTIMAL,v2:upper,133.5200297812013
9085,OPTIMAL,v2:upper,82.73223227655824
9086,OPTIMAL,v2:upper,40.93028201090716
9087,OPTIMAL,v2:upper,131.4230841524014
9088,OPTIMAL,v2:upper,277.8046052647614
9089,OPTIMAL,v2:upper,60.6762164067083
9090,OPTIMAL,v2:upper,227.84406903730297
9091,OPTIMAL,v2:upper,105.85965086312564
9092,OPTIMAL,v2:upper,135.675319181163
9093,OPTIMAL,v2:upper,122.74254533571728
9094,OPTIMAL,v2:upper,163.74693274908824
9095,OPTIMAL,v2:upper,83.14261858344973
9096,OPTIMAL,v2:upper,305.63430659452695
9097,OPTIMAL,v2:upper,47.5573003809228
9098,OPTIMAL,v2:upper,94.5360973773585
9099,OPTIMAL,v2:upper,49.64562907331332
9100,OPTIMAL,v2:upper,47.73289675201685
9101,OPTIMAL,v2:upper,121.62833287390214
9102,OPTIMAL,v2:upper,432.16409077506916
9103,OPTIMAL,v1:upper,28.603539479615264
9104,OPTIMAL,v2:upper,140.14800303286123
9105,OPTIMAL,v1:upper,64.4066600975795
9106,OPTIMAL,v2:upper,189.60417669061482
9107,OPTIMAL,v2:upper,96.32711564477665
9108,OPTIMAL,v2:upper,143.51120832908637
9109,OPTIMAL,v2:upper,69.62062123110842
9110,OPTIMAL,v2:upper,130.73064067010893
9111,OPTIMAL,v2:upper,97.09170911704034
9112,OPTIMAL,v2:upper,86.40527769209616
9113,OPTIMAL,v2:upper,58.892929075014095
9114,OPTIMAL,v2:upper,9.052848336606761
9115,OPTIMAL,v2:upper,60.78998753858624
9116,OPTIMAL,v2:upper,97.92397462919207
9117,OPTIMAL,v2:upper,138.86270805280867
9118,OPTIMAL,v2:upper,168.9744309653141
9119,OPTIMAL,v2:upper,86.62009094006916
9120,OPTIMAL,v2:upper,104.0413333901882
9121,OPTIMAL,v2:upper,392.5875906129891
9122,OPTIMAL,v2:upper,176.54402192805324
9123,OPTIMAL,v1:upper,89.69212911120697
9124,OPTIMAL,v2:upper,203.10290224845042
9125,OPTIMAL,v2:upper,58.22664507420384
9126,OPTIMAL,v2:upper,131.30329046059188
9127,OPTIMAL,v2:upper,115.01048324502031
9128,OPTIMAL,v2:upper,34.69052120444801
9129,OPTIMAL,v2:upper,201.67555216319207
9130,OPTIMAL,v1:upper,56.6310170618922
9131,OPTIMAL,v2:upper,77.62624558402685
9132,OPTIMAL,v2:upper,60.06695899764151
9133,OPTIMAL,v2:upper,108.0327906466546
9134,OPTIMAL,v2:upper,90.89148426073457
9135,OPTIMAL,v1:upper,39.1106646007227
9136,OPTIMAL,v2:upper,39.48364113484461
9137,OPTIMAL,v1:upper,125.5665960881247
9138,OPTIMAL,v3:upper,239.50117363462383
9139,OPTIMAL,v2:upper,136.7117682007033
9140,OPTIMAL,v2:upper,70.46529943155087
9141,OPTIMAL,v1:upper,52.3099798841019
9142,OPTIMAL,v2:upper,93.76669814155476
9143,OPTIMAL,v1:upper,167.5421198983395
9144,OPTIMAL,v2:upper,73.77578480377927
9145,OPTIMAL,v2:upper,32.287393645788
9146,OPTIMAL,v1:upper,395.81119921340814
9147,OPTIMAL,v2:upper,188.69485148160487
9148,OPTIMAL,v2:upper,53.6482116644029
9149,OPTIMAL,v2:upper,43.35957446911581
9150,OPTIMAL,v2:upper,133.50350576121008
9151,OPTIMAL,v3:upper,16.361498825176845
9152,OPTIMAL,v2:upper,114.31946252005316
9153,OPTIMAL,v3:upper,233.429520114996
9154,OPTIMAL,v2:upper,403.8535754230282
9155,OPTIMAL,v2:upper,61.62832282872329
9156,OPTIMAL,v2:upper,85.84307238701994
9157,OPTIMAL,v2:upper,215.00450031409255
9158,OPTIMAL,v2:upper,35.9723720398744
9159,OPTIMAL,v2:upper,43.06178068086138
9160,OPTIMAL,v2:upper,93.49535437995746
9161,OPTIMAL,v2:upper,56.13431673589462
9162,OPTIMAL,v2:upper,51.90910450971622
9163,OPTIMAL,v2:upper,97.64204260587451
9164,OPTIMAL,v2:upper,104.88173432785479
9165,OPTIMAL,v2:upper,126.45906762524146
9166,OPTIMAL,v2:upper,89.63410070013025
9167,OPTIMAL,v2:upper,38.684949194774205
9168,OPTIMAL,v2:upper,91.34763801190992
9169,OPTIMAL,v2:upper,755.4517925900549
9170,OPTIMAL,v1:upper,266.9278296239227
9171,OPTIMAL,v2:upper,171.15298269433825
9172,OPTIMAL,v2:upper,14.877559999188668
9173,OPTIMAL,v1:upper,84.10804202336841
9174,OPTIMAL,v1:upper,91.22996466636718
9175,OPTIMAL,v2:upper,112.86861708512384
9176,OPTIMAL,v2:upper,20.944805090015723
9177,OPTIMAL,v3:upper,36.793913940941806
9178,OPTIMAL,v2:upper,77.26502118588992
9179,OPTIMAL,v2:upper,39.60000532774564
9180,OPTIMAL,v2:upper,274.47830726527104
9181,OPTIMAL,v2:upper,151.3984401568942
9182,OPTIMAL,v2:upper,552.5271815588683
9183,OPTIMAL,v1:upper,47.98744176908163
9184,OPTIMAL,v1:upper,310.90861008322804
9185,OPTIMAL,v2:upper,121.77514425785752
9186,OPTIMAL,v2:upper,133.6441875780063
9187,OPTIMAL,v2:upper,480.65882839578626
9188,OPTIMAL,v2:upper,58.87346600147022
9189,OPTIMAL,v2:upper,33.115051420621775
9190,OPTIMAL,v2:upper,121.6661916857617
9191,OPTIMAL,v1:upper,43.9166779426457
9192,OPTIMAL,v2:upper,86.66409470117075
9193,OPTIMAL,v2:upper,225.60120339444293
9194,OPTIMAL,v2:upper,61.51414982407734
9195,OPTIMAL,v2:upper,5.283680472992327
9196,OPTIMAL,v1:upper,276.7594854743056
9197,OPTIMAL,v2:upper,85.54820458883802
9198,OPTIMAL,v2:upper,283.64718203089313
9199,OPTIMAL,v2:upper,126.50258952603626
9200,OPTIMAL,v2:upper,92.67938879616055
9201,OPTIMAL,v2:upper,34.21309996051242
9202,OPTIMAL,v2:upper,18.45534663249498
9203,OPTIMAL,v2:upper,312.5140451860375
9204,OPTIMAL,v2:upper,60.34787985418458
9205,OPTIMAL,v2:upper,29.83621819278828
9206,OPTIMAL,v2:upper,180.12137318318534
9207,OPTIMAL,v1:upper,131.1931429270262
9208,OPTIMAL,v2:upper,455.17572312745074
9209,OPTIMAL,v2:upper,143.38062137352122
9210,OPTIMAL,v2:upper,45.78687471897694
9211,OPTIMAL,v2:upper,44.59694991547962
9212,OPTIMAL,v2:upper,88.11602408949649
9213,OPTIMAL,v2:upper,193.99380368532735
9214,OPTIMAL,v2:upper,42.48719253437408
9215,OPTIMAL,v3:upper,101.8937723035302
9216,OPTIMAL,v2:upper,515.290911685313
9217,OPTIMAL,v2:upper,132.92724914972152
9218,OPTIMAL,v2:upper,72.26875551550755
9219,OPTIMAL,v1:upper,59.8779630088824
9220,OPTIMAL,v2:upper,20.88404617881413
9221,OPTIMAL,v2:upper,63.199469572415936
9222,OPTIMAL,v2:upper,99.92627804695351
9223,OPTIMAL,v2:upper,216.65317716250294
9224,OPTIMAL,v2:upper,303.77631750969846
9225,OPTIMAL,v2:upper,61.86609516439449
9226,OPTIMAL,v1:upper,429.2366968013935
9227,OPTIMAL,v2:upper,31.85941348090592
9228,OPTIMAL,v2:upper,17.09802604561398
9229,OPTIMAL,v3:upper,967.2368698174977
9230,OPTIMAL,v2:upper,83.99878539115073
9231,OPTIMAL,v2:upper,16.19062732465467
9232,OPTIMAL,v2:upper,58.7800989572189
9233,OPTIMAL,v3:upper,95.04264954003624
9234,OPTIMAL,v2:upper,410.35815506704995
9235,OPTIMAL,v2:upper,22.26175837359581
9236,OPTIMAL,v2:upper,227.85983982192454
9237,OPTIMAL,v2:upper,152.9440807761917
9238,OPTIMAL,v2:upper,719.1985869659784
9239,OPTIMAL,v2:upper,37.43958527028223
9240,OPTIMAL,v2:upper,90.0735663088261
9241,OPTIMAL,v2:upper,329.3600669229564
9242,OPTIMAL,v2:upper,122.03188095580153
9243,OPTIMAL,b1:lower;b2:lower;b3:upper;b4:upper;b5:lower;b6:upper;b7:upper;b8:upper;b14:lower,1000.0
9244,OPTIMAL,v2:upper,321.7379404068358
9245,OPTIMAL,v1:upper,917.157004450203
9246,OPTIMAL,v2:upper,108.65971310683128
9247,OPTIMAL,v2:upper,77.1810923669519
9248,OPTIMAL,v2:upper,309.0945821662845
9249,OPTIMAL,v2:upper,130.75792824501917
9250,OPTIMAL,v2:upper,40.828030139393135
9251,OPTIMAL,v1:upper,211.37146292756242
9252,OPTIMAL,v2:upper,223.61438371150183
9253,OPTIMAL,v2:upper,415.49742831198597
9254,OPTIMAL,v2:upper,29.573100603078338
9255,OPTIMAL,v2:upper,240.03168407286736
9256,OPTIMAL,v2:upper,133.6484508219506
9257,OPTIMAL,v2:upper,71.62369772677049
9258,OPTIMAL,v2:upper,245.9073292692839
9259,OPTIMAL,v4:upper,598.4929212958566
9260,OPTIMAL,v2:upper,149.0316476709778
9261,OPTIMAL,v2:upper,77.4496719378949
9262,OPTIMAL,v2:upper,26.760054609797653
9263,OPTIMAL,v2:upper,100.61056572141604
9264,OPTIMAL,v2:upper,36.324533057340176
9265,OPTIMAL,v1:upper,44.84287160628613
9266,OPTIMAL,v2:upper,59.64252282875336
9267,OPTIMAL,v2:upper,87.03022389502516
9268,OPTIMAL,v2:upper,14.64427253791359
9269,OPTIMAL,v2:upper,72.16307108727452
9270,OPTIMAL,v3:upper,79.65774784917959
9271,OPTIMAL,v2:upper,333.03570536901447
9272,OPTIMAL,v2:upper,89.86247888599412
9273,OPTIMAL,v2:upper,27.091967027180264
9274,OPTIMAL,v3:upper,249.78838483934888
9275,OPTIMAL,v2:upper,39.74305819204777
9276,OPTIMAL,v2:upper,280.86569438674445
9277,OPTIMAL,v2:upper,229.99668999827222
9278,OPTIMAL,v1:upper,434.5103165869987
9279,OPTIMAL,v2:upper,50.45327031465293
9280,OPTIMAL,v2:upper,412.0565051335379
9281,OPTIMAL,v2:upper,79.18916534674221
9282,OPTIMAL,v2:upper,698.9238862872571
9283,OPTIMAL,v1:upper,120.29211098383632
9284,OPTIMAL,v2:upper,282.555849718563
9285,OPTIMAL,v2:upper,53.640998891892295
9286,OPTIMAL,v2:upper,260.99585258816825
9287,OPTIMAL,v2:upper,179.15227537718624
9288,OPTIMAL,v1:upper,425.541331069308
9289,OPTIMAL,v2:upper,160.38623385467415
9290,OPTIMAL,v3:upper,94.97802422909669
9291,OPTIMAL,v2:upper,35.86553737323792
9292,OPTIMAL,v2:upper,90.79705928561074
9293,OPTIMAL,v2:upper,72.87360065337263
9294,OPTIMAL,v2:upper,144.39227286788503
9295,OPTIMAL,v2:upper,160.66923308891108
9296,OPTIMAL,v2:upper,105.5162348858641
9297,OPTIMAL,b1:lower;b2:lower;b3:upper;b4:upper;b5:lower;b6:upper;b7:upper;b8:upper;b14:lower,1000.0
9298,OPTIMAL,v2:upper,32.1314248909544
9299,OPTIMAL,v2:upper,35.781869594058605
9300,OPTIMAL,v2:upper,310.10360013307076
9301,OPTIMAL,v2:upper,247.7200496421535
9302,OPTIMAL,v2:upper,178.8552080540128
9303,OPTIMAL,v2:upper,119.37628582246847
9304,OPTIMAL,v2:upper,34.4076954599691
9305,OPTIMAL,v2:upper,446.00176149198546
9306,OPTIMAL,v2:upper,126.10339202397073
9307,OPTIMAL,v2:upper,250.45539804183883
9308,OPTIMAL,v2:upper,31.77854837860076
9309,OPTIMAL,v2:upper,33.81055578204837
9310,OPTIMAL,v2:upper,93.36936098853185
9311,OPTIMAL,v2:upper,51.29899739569288
9312,OPTIMAL,v2:upper,696.6460001945381
9313,OPTIMAL,v2:upper,174.97202313966838
9314,OPTIMAL,v2:upper,26.852844236707938
9315,OPTIMAL,v2:upper,12.626302430309515
9316,OPTIMAL,v2:upper,92.98673992039765
9317,OPTIMAL,v2:upper,64.00163428504231
9318,OPTIMAL,v1:upper,85.52679882056559
9319,OPTIMAL,v2:upper,78.82543070078862
9320,OPTIMAL,v2:upper,102.58748466074498
9321,OPTIMAL,v1:upper,42.06845543102427
9322,OPTIMAL,v2:upper,687.1298197585294
9323,OPTIMAL,v2:upper,83.79722359571855
9324,OPTIMAL,v1:upper,281.1232831183929
9325,OPTIMAL,v2:upper,67.31142442713382
9326,OPTIMAL,v2:upper,81.86166145465388
9327,OPTIMAL,v2:upper,73.95114461095602
9328,OPTIMAL,v1:upper,233.08595556210992
9329,OPTIMAL,v2:upper,54.79441871598191
9330,OPTIMAL,v2:upper,102.86535829894643
9331,OPTIMAL,v2:upper,188.24583428696624
9332,OPTIMAL,v2:upper,45.805073168564434
9333,OPTIMAL,v2:upper,119.2717671859029
9334,OPTIMAL,v4:upper,447.5153153785176
9335,OPTIMAL,v3:upper,59.61426972491968
9336,OPTIMAL,v2:upper,71.8565691233232
9337,OPTIMAL,v2:upper,270.5559727506528
9338,OPTIMAL,v2:upper,103.16930676148193
9339,OPTIMAL,v2:upper,39.55188789963421
9340,OPTIMAL,v2:upper,70.8386462911574
9341,OPTIMAL,v2:upper,50.21680796710662
9342,OPTIMAL,v1:upper,313.60267239267927
9343,OPTIMAL,v2:upper,9.248237617864593
9344,OPTIMAL,v2:upper,108.75448675859845
9345,OPTIMAL,v1:upper,269.85646329687
9346,OPTIMAL,v2:upper,209.9277526995305
9347,OPTIMAL,v1:upper,51.233589935364684
9348,OPTIMAL,v2:upper,43.736382025377026
9349,OPTIMAL,v2:upper,140.77173651179035
9350,OPTIMAL,v2:upper,297.96891651571366
9351,OPTIMAL,v1:upper,136.85130396342845
9352,OPTIMAL,v2:upper,61.14050482341338
9353,OPTIMAL,v2:upper,518.9540338282565
9354,OPTIMAL,v1:upper,81.20545345199501
9355,OPTIMAL,v2:upper,312.03887422714706
9356,OPTIMAL,v2:upper,210.5358573768338
9357,OPTIMAL,v2:upper,91.1483597515914
9358,OPTIMAL,v2:upper,4.694746382028506
9359,OPTIMAL,v3:upper,39.08022064758766
9360,OPTIMAL,v2:upper,468.70626353435216
9361,OPTIMAL,v2:upper,24.841722218563245
9362,OPTIMAL,v2:upper,156.8336410418425
9363,OPTIMAL,v2:upper,43.42312288830806
9364,OPTIMAL,v2:upper,108.6560226520605
9365,OPTIMAL,v2:upper,79.00065457013568
9366,OPTIMAL,v2:upper,92.75282374129374
9367,OPTIMAL,v2:upper,22.19825692747755
9368,OPTIMAL,v2:upper,299.6112350750326
9369,OPTIMAL,v2:upper,288.6505672954258
9370,OPTIMAL,v1:upper,70.74414067622934
9371,OPTIMAL,v1:upper,343.89254542921714
9372,OPTIMAL,v1:upper,71.89752771031861
9373,OPTIMAL,v2:upper,147.23086058207957
9374,OPTIMAL,v2:upper,28.35176897163969
9375,OPTIMAL,v2:upper,60.80807319149668
9376,OPTIMAL,v2:upper,27.680928581734502
9377,OPTIMAL,v2:upper,42.16097435074363
9378,OPTIMAL,v2:upper,204.8673182313671
9379,OPTIMAL,v3:upper,305.47436099527096
9380,OPTIMAL,v2:upper,136.84734288237848
9381,OPTIMAL,v2:upper,203.39938355611872
9382,OPTIMAL,v2:upper,5.9509477125241155
9383,OPTIMAL,v2:upper,41.226480307731826
9384,OPTIMAL,v1:upper,117.64912512201224
9385,OPTIMAL,v2:upper,61.48972044976361
9386,OPTIMAL,v2:upper,312.4239650346434
9387,OPTIMAL,v1:upper,190.66032879640613
9388,OPTIMAL,v1:upper,135.5879179217439
9389,OPTIMAL,v2:upper,57.48931962823426
9390,OPTIMAL,v2:upper,124.12106765694224
9391,OPTIMAL,v2:upper,18.09236225253844
9392,OPTIMAL,v2:upper,67.87986440034565
9393,OPTIMAL,v2:upper,155.3044214638614
9394,OPTIMAL,v2:upper,64.11379927759181
9395,OPTIMAL,v2:upper,42.787786815336865
9396,OPTIMAL,v3:upper,38.342781181351775
9397,OPTIMAL,v2:upper,623.9709187489701
9398,OPTIMAL,v2:upper,36.31027728052045
9399,OPTIMAL,v2:upper,93.76604105939766
9400,OPTIMAL,v2:upper,131.3650632074571
9401,OPTIMAL,v2:upper,20.92829525007756
9402,OPTIMAL,v3:upper,266.8561160575108
9403,OPTIMAL,v2:upper,66.6591177892161
9404,OPTIMAL,v1:upper,37.1273639897044
9405,OPTIMAL,v2:upper,164.58075567826788
9406,OPTIMAL,v2:upper,34.78910169072735
9407,OPTIMAL,v2:upper,13.0523682571165
9408,OPTIMAL,v2:upper,106.97773131688302
9409,OPTIMAL,v2:upper,20.22871453303919
9410,OPTIMAL,v2:upper,161.85569662557825
9411,OPTIMAL,v1:upper,51.31271191092179
9412,OPTIMAL,v2:upper,132.74242580527024
9413,OPTIMAL,v2:upper,71.1024891886366
9414,OPTIMAL,v2:upper,189.30664151546023
9415,OPTIMAL,v2:upper,94.40220655512516
9416,OPTIMAL,v1:upper,286.0182625890741
9417,OPTIMAL,v1:upper,423.7609301523951
9418,OPTIMAL,v3:upper,241.68385108230768
9419,OPTIMAL,v2:upper,171.21587509515325
9420,OPTIMAL,v2:upper,110.5519200267571
9421,OPTIMAL,v3:upper,157.8301496215389
9422,OPTIMAL,v2:upper,299.8524574405908
9423,OPTIMAL,v2:upper,121.35497012757158
9424,OPTIMAL,v2:upper,25.413055118153785
9425,OPTIMAL,v2:upper,96.4252796002012
9426,OPTIMAL,v2:upper,33.30135486892289
9427,OPTIMAL,v2:upper,42.835032505515315
9428,OPTIMAL,v2:upper,71.4385597651491
9429,OPTIMAL,v2:upper,23.470634526471645
9430,OPTIMAL,v2:upper,42.160372787589694
9431,OPTIMAL,v3:upper,769.0300853406522
9432,OPTIMAL,v1:upper,383.775619747377
9433,OPTIMAL,v2:upper,27.506149926081612
9434,OPTIMAL,v2:upper,397.38727535622803
9435,OPTIMAL,v2:upper,235.08062549242993
9436,OPTIMAL,v1:upper,81.67214069455281
9437,OPTIMAL,v2:upper,81.58095672626978
9438,OPTIMAL,v2:upper,40.35336214421938
9439,OPTIMAL,v2:upper,21.11801161414388
9440,OPTIMAL,v2:upper,60.88109107467424
9441,OPTIMAL,v2:upper,72.91391635582265
9442,OPTIMAL,v2:upper,203.1851502919241
9443,OPTIMAL,v2:upper,222.1726181644734
9444,OPTIMAL,v2:upper,19.695356360892223
9445,OPTIMAL,v2:upper,565.3279491156408
9446,OPTIMAL,v2:upper,120.41150757383251
9447,OPTIMAL,v2:upper,81.47694910683359
9448,OPTIMAL,v2:upper,285.81135952434494
9449,OPTIMAL,v3:upper,25.875683287617164
9450,OPTIMAL,v1:upper,49.79204545749855
9451,OPTIMAL,v2:upper,157.7543949254448
9452,OPTIMAL,v2:upper,115.56364424634148
9453,OPTIMAL,v1:upper,201.3625445864961
9454,OPTIMAL,v2:upper,54.15288568257598
9455,OPTIMAL,v2:upper,81.33098235093073
9456,OPTIMAL,v2:upper,146.79134811214283
9457,OPTIMAL,v2:upper,342.23980095796367
9458,OPTIMAL,v2:upper,32.10037558896372
9459,OPTIMAL,v3:upper,41.26694976310697
9460,OPTIMAL,v2:upper,27.36037518231016
9461,OPTIMAL,v2:upper,139.145589372357
9462,OPTIMAL,v2:upper,138.43826882761022
9463,OPTIMAL,v1:upper,194.99124218698037
9464,OPTIMAL,v2:upper,99.60193405577031
9465,OPTIMAL,v2:upper,103.51678553650359
9466,OPTIMAL,v2:upper,42.99479298052745
9467,OPTIMAL,v2:upper,23.021524790634867
9468,OPTIMAL,v2:upper,74.37357169974703
9469,OPTIMAL,v2:upper,152.466734298851
9470,OPTIMAL,v1:upper,197.96076003224195
9471,OPTIMAL,v2:upper,370.8006262935765
9472,OPTIMAL,v2:upper,318.44734910839463
9473,OPTIMAL,v2:upper,50.555901621532065
9474,OPTIMAL,v1:upper,213.92841024899903
9475,OPTIMAL,v1:upper,266.6974536837616
9476,OPTIMAL,v2:upper,182.8337534669135
9477,OPTIMAL,v1:upper,47.556832059575754
9478,OPTIMAL,v2:upper,301.5024405968648
9479,OPTIMAL,v3:upper,156.55332285537577
9480,OPTIMAL,v2:upper,270.31091932580443
9481,OPTIMAL,v2:upper,345.828121568146
9482,OPTIMAL,v1:upper,56.92184349146885
9483,OPTIMAL,v2:upper,223.34270359448084
9484,OPTIMAL,v2:upper,87.7872896966352
9485,OPTIMAL,v2:upper,490.59770837146124
9486,OPTIMAL,v2:upper,197.21141126041525
9487,OPTIMAL,v1:upper,192.25542218096763
9488,OPTIMAL,v2:upper,38.69078333828586
9489,OPTIMAL,v1:upper,160.85304099331773
9490,OPTIMAL,v2:upper,109.11322037997392
9491,OPTIMAL,v2:upper,192.19360918173797
9492,OPTIMAL,v2:upper,56.06609194525224
9493,OPTIMAL,v2:upper,28.19765816922413
9494,OPTIMAL,v2:upper,44.01867238208673
9495,OPTIMAL,v1:upper,297.8556431607682
9496,OPTIMAL,v3:upper,143.35886787460868
9497,OPTIMAL,v2:upper,63.33940630749905
9498,OPTIMAL,v2:upper,58.92766099152561
9499,OPTIMAL,v2:upper,78.52107255207903
9500,OPTIMAL,v2:upper,100.40581673657766
9501,OPTIMAL,v2:upper,202.58036726216122
9502,OPTIMAL,v2:upper,90.8967723778436
9503,OPTIMAL,v2:upper,235.8703542195014
9504,OPTIMAL,v2:upper,69.09863328414058
9505,OPTIMAL,v2:upper,121.82917381517971
9506,OPTIMAL,v2:upper,38.14859570772284
9507,OPTIMAL,v2:upper,56.23730242072612
9508,OPTIMAL,v2:upper,308.1999140850884
9509,OPTIMAL,v2:upper,79.85529327680551
9510,OPTIMAL,v2:upper,124.78905195435927
9511,OPTIMAL,v3:upper,315.6876880837331
9512,OPTIMAL,v2:upper,32.845118383487446
9513,OPTIMAL,v1:upper,49.21139491441469
9514,OPTIMAL,v2:upper,189.6552095539675
9515,OPTIMAL,v2:upper,115.03955830422605
9516,OPTIMAL,v2:upper,71.27778888620631
9517,OPTIMAL,v2:upper,50.41361329334345
9518,OPTIMAL,v2:upper,5.168638344688608
9519,OPTIMAL,v1:upper,103.55770455121001
9520,OPTIMAL,v2:upper,317.6998539286977
9521,OPTIMAL,v2:upper,95.75074293792447
9522,OPTIMAL,v2:upper,227.13708595158457
9523,OPTIMAL,v1:upper,29.761602100698315
9524,OPTIMAL,v2:upper,54.19075115639443
9525,OPTIMAL,v2:upper,11.999229305198543
9526,OPTIMAL,v2:upper,56.82985277435784
9527,OPTIMAL,v2:upper,116.76807271231642
9528,OPTIMAL,v2:upper,186.4469526242916
9529,OPTIMAL,v2:upper,73.4600704412201
9530,OPTIMAL,v2:upper,34.97437310313504
9531,OPTIMAL,v3:upper,206.20610385995522
9532,OPTIMAL,v2:upper,157.4106038803418
9533,OPTIMAL,v2:upper,232.65169517387594
9534,OPTIMAL,v1:upper,66.25829376854631
9535,OPTIMAL,v1:upper,299.0609738637714
9536,OPTIMAL,v2:upper,114.03561786539161
9537,OPTIMAL,v1:upper,268.68453843633216
9538,OPTIMAL,v2:upper,40.09191942840379
9539,OPTIMAL,v2:upper;v3:upper,164.85583896870398
9540,OPTIMAL,v2:upper,52.96223944598432
9541,OPTIMAL,v2:upper,33.72307786571546
9542,OPTIMAL,v2:upper,36.36764006855309
9543,OPTIMAL,v2:upper,244.11054207510784
9544,OPTIMAL,v2:upper,26.407720770255327
9545,OPTIMAL,v2:upper,21.027804639699713
9546,OPTIMAL,v2:upper,131.8918179726183
9547,OPTIMAL,v2:upper,40.64508913485365
9548,OPTIMAL,v2:upper,58.79788775468085
9549,OPTIMAL,v2:upper,350.66695099462373
9550,OPTIMAL,v2:upper,97.01136693773277
9551,OPTIMAL,v2:upper,164.65507067384337
9552,OPTIMAL,v2:upper,76.51150027285028
9553,OPTIMAL,v2:upper,36.70802516226272
9554,OPTIMAL,v2:upper,49.08059877088901
9555,OPTIMAL,v1:upper,125.32429007740531
9556,OPTIMAL,v2:upper,27.021877314643824
9557,OPTIMAL,v2:upper,61.48299816199457
9558,OPTIMAL,v1:upper,43.38581591523247
9559,OPTIMAL,v2:upper,121.92380012470704
9560,OPTIMAL,v2:upper,266.217384505676
9561,OPTIMAL,v2:upper,88.83242209601096
9562,OPTIMAL,v2:upper,134.65670075660773
9563,OPTIMAL,v2:upper,103.97987541953891
9564,OPTIMAL,v2:upper,133.230233501521
9565,OPTIMAL,v3:upper,115.59148185092076
9566,OPTIMAL,v2:upper,180.06499444892606
9567,OPTIMAL,v2:upper,750.202208804265
9568,OPTIMAL,v1:upper,99.87654344758474
9569,OPTIMAL,b1:lower;b2:lower;b3:upper;b4:upper;b5:lower;b6:upper;b7:upper;b8:upper;b14:lower,1000.0
9570,OPTIMAL,v2:upper,156.98473261786387
9571,OPTIMAL,v2:upper,46.84897006223237
9572,OPTIMAL,v3:upper,358.60709829123334
9573,OPTIMAL,v2:upper,114.10268473811531
9574,OPTIMAL,v2:upper,100.48394171884738
9575,OPTIMAL,v2:upper,668.4318499280619
9576,OPTIMAL,v2:upper,118.73360027149388
9577,OPTIMAL,v2:upper,28.585966993266375
9578,OPTIMAL,v2:upper,200.88052644824697
9579,OPTIMAL,v2:upper,86.87082466900458
9580,OPTIMAL,v2:upper,114.17941561528575
9581,OPTIMAL,b1:lower;b2:lower;b3:upper;b4:upper;b5:lower;b6:upper;b7:upper;b8:upper;b14:lower,1000.0
9582,OPTIMAL,v2:upper,13.280783360096704
9583,OPTIMAL,v2:upper,77.03069769541202
9584,OPTIMAL,v2:upper,365.7996584231162
9585,OPTIMAL,v2:upper,21.836624862894677
9586,OPTIMAL,v2:upper,129.8449303892685
9587,OPTIMAL,v4:upper,117.61991672901466
9588,OPTIMAL,v1:upper,233.94676304023073
9589,OPTIMAL,v2:upper,88.22062801829989
9590,OPTIMAL,v1:upper,194.06579327164584
9591,OPTIMAL,v1:upper,299.4235348419066
9592,OPTIMAL,v2:upper,745.3089779399531
9593,OPTIMAL,v2:upper,109.33269738650336
9594,OPTIMAL,v2:upper,101.62280752350469
9595,OPTIMAL,v1:upper,73.47558956633515
9596,OPTIMAL,v1:upper,725.7806700360895
9597,OPTIMAL,v2:upper,72.08839520637024
9598,OPTIMAL,v2:upper,123.56959031048181
9599,OPTIMAL,v2:upper,58.79077792825777
9600,OPTIMAL,v2:upper,102.27858695096204
9601,OPTIMAL,v2:upper,29.684410105742923
9602,OPTIMAL,v1:upper,529.6720978794601
9603,OPTIMAL,v2:upper,122.00538665715061
9604,OPTIMAL,v2:upper,27.955297881029992
9605,OPTIMAL,v1:upper,235.618758464034
9606,OPTIMAL,v2:upper,163.2348198718936
9607,OPTIMAL,v1:upper,377.57230114468655
9608,OPTIMAL,v1:upper,72.94925703815757
9609,OPTIMAL,v2:upper,31.236432993894137
9610,OPTIMAL,v1:upper,116.51549592221126
9611,OPTIMAL,v3:upper,261.05709586393334
9612,OPTIMAL,v2:upper,32.37718592496689
9613,OPTIMAL,v2:upper,145.6866429089254
9614,OPTIMAL,v2:upper,111.57692310225303
9615,OPTIMAL,v2:upper,60.91926302521007
9616,OPTIMAL,v1:upper,49.85791018110604
9617,OPTIMAL,v2:upper,49.79213210272344
9618,OPTIMAL,v2:upper,132.75873723309013
9619,OPTIMAL,v2:upper,93.64491752466353
9620,OPTIMAL,v2:upper,292.2016498575125
9621,OPTIMAL,v2:upper,317.5571131161097
9622,OPTIMAL,v2:upper,45.82511042554992
9623,OPTIMAL,v2:upper,592.7421222198094
9624,OPTIMAL,v2:upper,105.04566744701664
9625,OPTIMAL,v2:upper,38.057007251749425
9626,OPTIMAL,v1:upper,306.8171013284276
9627,OPTIMAL,v1:upper,932.5137725802562
9628,OPTIMAL,v2:upper,64.80233036859333
9629,OPTIMAL,v2:upper,264.7703712922255
9630,OPTIMAL,v2:upper,451.0282032468179
9631,OPTIMAL,v1:upper,147.3537725930974
9632,OPTIMAL,v2:upper,22.83125690872899
9633,OPTIMAL,v1:upper,167.45544546686523
9634,OPTIMAL,v2:upper,99.76483376412439
9635,OPTIMAL,v2:upper,46.73844335846562
9636,OPTIMAL,v2:upper,32.68307465105169
9637,OPTIMAL,v1:upper,345.0826103740747
9638,OPTIMAL,v3:upper,23.960804300014683
9639,OPTIMAL,v2:upper,60.47443423865691
9640,OPTIMAL,v2:upper,346.05963130470786
9641,OPTIMAL,v2:upper,116.00800030007767
9642,OPTIMAL,v2:upper,676.691929276373
9643,OPTIMAL,v2:upper,488.07348725802905
9644,OPTIMAL,v2:upper,51.51305113983646
9645,OPTIMAL,v2:upper,52.98978563084397
9646,OPTIMAL,v2:upper,41.13267375861048
9647,OPTIMAL,b1:lower;b2:lower;b3:upper;b4:upper;b5:lower;b6:upper;b7:upper;b8:upper;b14:lower,1000.0
9648,OPTIMAL,v2:upper,80.63466551860121
9649,OPTIMAL,v2:upper,27.162173155169835
9650,OPTIMAL,v2:upper,92.75566481266843
9651,OPTIMAL,v2:upper,800.5684324638363
9652,OPTIMAL,v1:upper,265.3019152787851
9653,OPTIMAL,v2:upper,274.27783115965684
9654,OPTIMAL,v2:upper,24.83592588965911
9655,OPTIMAL,v2:upper,187.672091886904
9656,OPTIMAL,v2:upper,106.69100428369893
9657,OPTIMAL,v2:upper,172.18667500021334
9658,OPTIMAL,v2:upper,107.48077689148194
9659,OPTIMAL,v3:upper,392.6566541192909
9660,OPTIMAL,v2:upper,39.18941486677737
9661,OPTIMAL,v1:upper,331.8384400343833
9662,OPTIMAL,v2:upper,121.21059666654425
9663,OPTIMAL,v2:upper,192.29238665313832
9664,OPTIMAL,v2:upper,129.52933056436217
9665,OPTIMAL,v2:upper,86.10562919280241
9666,OPTIMAL,v2:upper,47.6727950066775
9667,OPTIMAL,v2:upper,40.04453173802954
9668,OPTIMAL,v2:upper,272.157348623208
9669,OPTIMAL,v2:upper,97.57624051891435
9670,OPTIMAL,v1:upper,98.5928377626579
9671,OPTIMAL,v2:upper,84.48940939520863
9672,OPTIMAL,v2:upper,157.5589810153745
9673,OPTIMAL,v2:upper,24.851427354878457
9674,OPTIMAL,v3:upper,337.9195668629002
9675,OPTIMAL,v2:upper,29.53130909749324
9676,OPTIMAL,v2:upper,391.4456849535939
9677,OPTIMAL,v2:upper,129.41186424380317
9678,OPTIMAL,v2:upper,41.46521714363806
9679,OPTIMAL,v2:upper,105.80208604259025
9680,OPTIMAL,v2:upper,375.45894963915043
9681,OPTIMAL,v2:upper,327.4372914848826
9682,OPTIMAL,v2:upper,77.50346601233234
9683,OPTIMAL,v2:upper,51.628568190010064
9684,OPTIMAL,v2:upper,17.66149583269836
9685,OPTIMAL,v2:upper,141.1743266091398
9686,OPTIMAL,v2:upper,32.55911672146469
9687,OPTIMAL,v4:upper,63.030026170282355
9688,OPTIMAL,v2:upper,77.87606937533299
9689,OPTIMAL,v2:upper,120.97090136839672
9690,OPTIMAL,v2:upper,43.35263670924782
9691,OPTIMAL,v2:upper,73.40920344204159
9692,OPTIMAL,v2:upper,150.21956347423537
9693,OPTIMAL,v2:upper,81.27692790924263
9694,OPTIMAL,v2:upper,199.52312502670188
9695,OPTIMAL,v2:upper,35.03190335603469
9696,OPTIMAL,v2:upper,570.9787262580113
9697,OPTIMAL,v1:upper,100.3579357080958
9698,OPTIMAL,v2:upper,725.6022332015691
9699,OPTIMAL,v2:upper,169.9534335645046
9700,OPTIMAL,v2:upper,19.920910739919844
9701,OPTIMAL,v1:upper,85.52453404477019
9702,OPTIMAL,v1:upper,70.15270829073545
9703,OPTIMAL,v2:upper,45.423940803305165
9704,OPTIMAL,v2:upper,103.87839328754842
9705,OPTIMAL,v1:upper,91.0632973888877
9706,OPTIMAL,v1:upper,45.81993697491936
9707,OPTIMAL,v2:upper,69.72003055453307
9708,OPTIMAL,v2:upper,64.02581190779424
9709,OPTIMAL,v2:upper,109.34782460388466
9710,OPTIMAL,v1:upper,342.0655710716971
9711,OPTIMAL,v1:upper,41.44403411191142
9712,OPTIMAL,v2:upper,86.79207692952234
9713,OPTIMAL,v1:upper,200.32770987538458
9714,OPTIMAL,v2:upper,845.6680014677331
9715,OPTIMAL,v2:upper,245.2945366637598
9716,OPTIMAL,v2:upper,175.78628013823047
9717,OPTIMAL,v2:upper,47.48695547550105
9718,OPTIMAL,v2:upper,90.17791900567221
9719,OPTIMAL,v2:upper,412.4463244149213
9720,OPTIMAL,v2:upper,47.68310736998787
9721,OPTIMAL,v2:upper,17.632066681997763
9722,OPTIMAL,v2:upper,139.53470011169023
9723,OPTIMAL,v2:upper,168.29749236645054
9724,OPTIMAL,v2:upper,239.61468053456866
9725,OPTIMAL,v2:upper,74.86663896430188
9726,OPTIMAL,v2:upper,295.1576716448964
9727,OPTIMAL,v2:upper,37.17951948976997
9728,OPTIMAL,v2:upper,103.07452405251195
9729,OPTIMAL,v2:upper,54.56235942399021
9730,OPTIMAL,v2:upper,78.56906087198914
9731,OPTIMAL,v2:upper,63.01320010792463
9732,OPTIMAL,v2:upper,265.1469784820291
9733,OPTIMAL,v1:upper,568.8961028811766
9734,OPTIMAL,v1:upper,146.7479290887286
9735,OPTIMAL,v2:upper,27.36112876922603
9736,OPTIMAL,v3:upper,161.51957881158506
9737,OPTIMAL,v4:upper,137.82155877571745
9738,OPTIMAL,v2:upper,32.01026471442194
9739,OPTIMAL,v2:upper,77.59319002860637
9740,OPTIMAL,v2:upper,81.69095439297445
9741,OPTIMAL,v2:upper,65.63090351163379
9742,OPTIMAL,v2:upper,244.42255939416208
9743,OPTIMAL,v2:upper,48.769029448241675
9744,OPTIMAL,v2:upper,163.60562382553343
9745,OPTIMAL,v2:upper,72.94177820047331
9746,OPTIMAL,v2:upper,168.8317867228846
9747,OPTIMAL,v3:upper,130.43880544558334
9748,OPTIMAL,v2:upper,104.96004261966854
9749,OPTIMAL,v2:upper,150.7581469381259
9750,OPTIMAL,v2:upper,99.9122621849932
9751,OPTIMAL,v2:upper,26.67711516203582
9752,OPTIMAL,v2:upper,94.2924579294895
9753,OPTIMAL,v1:upper,463.2749886741385
9754,OPTIMAL,v2:upper,285.73161818100004
9755,OPTIMAL,v3:upper,52.7280596850133
9756,OPTIMAL,v2:upper,83.47452813363381
9757,OPTIMAL,v2:upper,34.302141590343915
9758,OPTIMAL,v2:upper,212.10547296643767
9759,OPTIMAL,v2:upper,467.98037841397445
9760,OPTIMAL,v2:upper,59.81435336996665
9761,OPTIMAL,v2:upper,85.08774608642862
9762,OPTIMAL,v2:upper,168.1145989132474
9763,OPTIMAL,v2:upper,122.69207476773423
9764,OPTIMAL,v2:upper,210.68925961679614
9765,OPTIMAL,v3:upper,24.044670791811043
9766,OPTIMAL,v2:upper,152.27284182007563
9767,OPTIMAL,v2:upper,112.15935325733973
9768,OPTIMAL,v2:upper,49.904732728964404
9769,OPTIMAL,v2:upper,72.7522984799732
9770,OPTIMAL,v1:upper,182.60566459057642
9771,OPTIMAL,v1:upper,156.8893120018784
9772,OPTIMAL,v2:upper,204.7351939423513
9773,OPTIMAL,v2:upper,210.119334473792
9774,OPTIMAL,v2:upper,163.40359966845514
9775,OPTIMAL,v1:upper,380.10926452117053
9776,OPTIMAL,v2:upper,258.43136708151087
9777,OPTIMAL,v2:upper,178.0351045010455
9778,OPTIMAL,v3:upper,18.32291583169481
9779,OPTIMAL,v2:upper,71.11689911516096
9780,OPTIMAL,v2:upper,47.87837961634815
9781,OPTIMAL,v2:upper,38.718071678011654
9782,OPTIMAL,v2:upper,112.38063411698793
9783,OPTIMAL,v2:upper,72.24920712459095
9784,OPTIMAL,v2:upper,49.781995633011725
9785,OPTIMAL,v2:upper,71.04858198608264
9786,OPTIMAL,v2:upper,46.943842115906655
9787,OPTIMAL,v2:upper,267.8382433745954
9788,OPTIMAL,v2:upper,186.39701081413443
9789,OPTIMAL,v2:upper,231.013953764393
9790,OPTIMAL,v3:upper,283.62989382889424
9791,OPTIMAL,v2:upper,608.1196229942893
9792,OPTIMAL,v2:upper,124.66371399059669
9793,OPTIMAL,v2:upper,69.40742132145078
9794,OPTIMAL,v2:upper,116.28735460505764
9795,OPTIMAL,v2:upper,65.27633491166401
9796,OPTIMAL,v2:upper,77.81952949496649
9797,OPTIMAL,v2:upper,108.27307078468588
9798,OPTIMAL,v1:upper,66.517563812975
9799,OPTIMAL,v2:upper,46.69924550321654
9800,OPTIMAL,v2:upper,152.9147692410528
9801,OPTIMAL,v2:upper,586.3054767005287
9802,OPTIMAL,v2:upper,91.29688023075221
9803,OPTIMAL,v2:upper,44.0338854292659
9804,OPTIMAL,v1:upper,104.54039965430525
9805,OPTIMAL,v2:upper,56.90243463415008
9806,OPTIMAL,v1:upper,106.13578639085429
9807,OPTIMAL,v2:upper,128.6862911171211
9808,OPTIMAL,v2:upper,41.440853071647055
9809,OPTIMAL,v1:upper,34.21407502938035
9810,OPTIMAL,v2:upper,348.1928701893472
9811,OPTIMAL,v2:upper,57.03068059021299
9812,OPTIMAL,v2:upper,191.16106461405357
9813,OPTIMAL,v1:upper,269.5364568692939
9814,OPTIMAL,v2:upper,52.27989754987898
9815,OPTIMAL,v1:upper,90.90612561610068
9816,OPTIMAL,v2:upper,74.28603805447999
9817,OPTIMAL,v2:upper,173.74284702320702
9818,OPTIMAL,v2:upper,222.359410561247
9819,OPTIMAL,v2:upper,52.693861497446214
9820,OPTIMAL,v2:upper,44.2271566846715
9821,OPTIMAL,v2:upper,79.7298295736194
9822,OPTIMAL,v1:upper,88.8133911771554
9823,OPTIMAL,v1:upper,62.13131049460161
9824,OPTIMAL,v2:upper,7.21177503701089
9825,OPTIMAL,v2:upper,30.631324496491075
9826,OPTIMAL,v2:upper,113.23666346851793
9827,OPTIMAL,v3:upper,51.15121548840486
9828,OPTIMAL,v1:upper,7.1221061053785375
9829,OPTIMAL,v2:upper,198.4169274070399
9830,OPTIMAL,v2:upper,72.19969273435808
9831,OPTIMAL,v2:upper,83.48148550792477
9832,OPTIMAL,v2:upper,288.543490451429
9833,OPTIMAL,v2:upper,14.361721066523526
9834,OPTIMAL,v2:upper,51.91420860551731
9835,OPTIMAL,v2:upper,220.5888594151745
9836,OPTIMAL,v2:upper,94.45533247835814
9837,OPTIMAL,v2:upper,158.1499477622818
9838,OPTIMAL,v2:upper,187.78083430138
9839,OPTIMAL,v2:upper,335.4222914202068
9840,OPTIMAL,v2:upper,273.3197854691762
9841,OPTIMAL,v2:upper,83.50751333827617
9842,OPTIMAL,v2:upper,244.94950990807965
9843,OPTIMAL,v2:upper,19.429384932442186
9844,OPTIMAL,v2:upper,37.81769572003606
9845,OPTIMAL,v2:upper,294.32521966187227
9846,OPTIMAL,v2:upper,298.99803416226143
9847,OPTIMAL,v2:upper,79.57791988624768
9848,OPTIMAL,v2:upper,69.21130861029513
9849,OPTIMAL,v2:upper,62.52280203509015
9850,OPTIMAL,v2:upper,395.86548255854626
9851,OPTIMAL,v1:upper,266.8559358672491
9852,OPTIMAL,v3:upper,55.10370369048266
9853,OPTIMAL,v2:upper,52.71599852388766
9854,OPTIMAL,v2:upper,90.40028407980633
9855,OPTIMAL,v1:upper,563.7801572100016
9856,OPTIMAL,v4:upper,852.632648751347
9857,OPTIMAL,v2:upper,90.66294998729998
9858,OPTIMAL,v1:upper,162.98464872173585
9859,OPTIMAL,v3:upper,116.9391034733663
9860,OPTIMAL,v2:upper,61.44078057748305
9861,OPTIMAL,v2:upper,36.57873730390626
9862,OPTIMAL,v2:upper,71.99545098659027
9863,OPTIMAL,v2:upper,69.52562188081204
9864,OPTIMAL,v2:upper,183.67960853529692
9865,OPTIMAL,v1:upper,105.98538864351106
9866,OPTIMAL,v1:upper,276.46388924698306
9867,OPTIMAL,v2:upper,51.40094282490497
9868,OPTIMAL,v3:upper,253.67391170213912
9869,OPTIMAL,v2:upper,164.96633880877866
9870,OPTIMAL,v2:upper,39.880462291937164
9871,OPTIMAL,v2:upper,57.69178675266575
9872,OPTIMAL,v2:upper,62.658434969660554
9873,OPTIMAL,v2:upper,97.26263520333147
9874,OPTIMAL,v2:upper,116.32394517072015
9875,OPTIMAL,v1:upper,398.3494938443269
9876,OPTIMAL,v2:upper,45.450760499609174
9877,OPTIMAL,v1:upper,73.60835839036251
9878,OPTIMAL,v2:upper,231.05188255279228
9879,OPTIMAL,v2:upper,406.03825624305654
9880,OPTIMAL,v2:upper,48.33441410595308
9881,OPTIMAL,v1:upper,76.96191379362244
9882,OPTIMAL,v2:upper,90.2461213651826
9883,OPTIMAL,v2:upper,46.472237030104864
9884,OPTIMAL,v2:upper,75.27733631126884
9885,OPTIMAL,v1:upper,119.37649228092597
9886,OPTIMAL,v2:upper,312.4574006432705
9887,OPTIMAL,v2:upper,299.4006872795049
9888,OPTIMAL,v2:upper,112.45983535342718
9889,OPTIMAL,v2:upper,398.19336743899294
9890,OPTIMAL,v2:upper,225.1584433690614
9891,OPTIMAL,v2:upper,301.89669767344924
9892,OPTIMAL,v2:upper,290.64745587449954
9893,OPTIMAL,v2:upper,144.10963957013033
9894,OPTIMAL,v2:upper,3.960899938020877
9895,OPTIMAL,v2:upper,280.01943125391136
9896,OPTIMAL,v2:upper,77.70663015488218
9897,OPTIMAL,v2:upper,157.2766799624306
9898,OPTIMAL,v2:upper,330.5178365286303
9899,OPTIMAL,v2:upper,90.35477675863578
9900,OPTIMAL,v2:upper,695.1814962452894
9901,OPTIMAL,v2:upper,494.22814184293367
9902,OPTIMAL,v2:upper,56.7092502534141
9903,OPTIMAL,v2:upper,72.4964229988891
9904,OPTIMAL,v2:upper,146.4344102523225
9905,OPTIMAL,v2:upper,21.425219648221752
9906,OPTIMAL,v2:upper,95.42757212756699
9907,OPTIMAL,v2:upper,160.1860142972891
9908,OPTIMAL,v2:upper,89.00313147379215
9909,OPTIMAL,v2:upper,112.98000575570768
9910,OPTIMAL,v2:upper,129.15927201548826
9911,OPTIMAL,v2:upper,373.60452038061266
9912,OPTIMAL,v2:upper,129.43850876678565
9913,OPTIMAL,v2:upper,171.00272318631832
9914,OPTIMAL,v2:upper,238.01898734595994
9915,OPTIMAL,v2:upper,127.54119936323778
9916,OPTIMAL,v2:upper,105.79692550414964
9917,OPTIMAL,v1:upper,101.21712530536934
9918,OPTIMAL,v2:upper,182.34363453231398
9919,OPTIMAL,v2:upper,75.70063062548594
9920,OPTIMAL,v3:upper,88.9288581009546
9921,OPTIMAL,v2:upper,27.91309141455309
9922,OPTIMAL,v2:upper,79.22362849721394
9923,OPTIMAL,v1:upper,164.18681050712658
9924,OPTIMAL,v2:upper,151.31980905909626
9925,OPTIMAL,v2:upper,63.66712093697438
9926,OPTIMAL,v2:upper,102.99349866042628
9927,OPTIMAL,v2:upper,57.659603537943696
9928,OPTIMAL,v2:upper,57.87594571334181
9929,OPTIMAL,v4:upper,250.5296306072381
9930,OPTIMAL,v2:upper,195.2654423472131
9931,OPTIMAL,v2:upper,57.818787877460494
9932,OPTIMAL,v2:upper,19.746762839771304
9933,OPTIMAL,v2:upper,77.81333695175479
9934,OPTIMAL,v2:upper,228.73394003148698
9935,OPTIMAL,v3:upper,96.91362982334073
9936,OPTIMAL,v2:upper,108.25387127558557
9937,OPTIMAL,v2:upper,115.37816377774199
9938,OPTIMAL,v2:upper,20.76788418636617
9939,OPTIMAL,v2:upper,310.00285473686444
9940,OPTIMAL,v2:upper,102.59484838068383
9941,OPTIMAL,v1:upper,71.57460726055119
9942,OPTIMAL,v2:upper,71.0107983521605
9943,OPTIMAL,v2:upper,114.10155747559328
9944,OPTIMAL,v2:upper,382.4932668078534
9945,OPTIMAL,v2:upper,28.327228400146744
9946,OPTIMAL,v2:upper,58.675323870597055
9947,OPTIMAL,v2:upper,281.32025436439073
9948,OPTIMAL,v2:upper,146.21155880230128
9949,OPTIMAL,v1:upper,360.95750297335377
9950,OPTIMAL,v2:upper,66.09390113384117
9951,OPTIMAL,v1:upper,368.5385824900496
9952,OPTIMAL,v2:upper,180.385449566264
9953,OPTIMAL,v1:upper,238.20619161493403
9954,OPTIMAL,v2:upper,111.78143389622105
9955,OPTIMAL,v2:upper,60.84397038204183
9956,OPTIMAL,v3:upper,127.54751619596067
9957,OPTIMAL,v2:upper,684.852221363673
9958,OPTIMAL,v2:upper,32.16532125731315
9959,OPTIMAL,v2:upper,45.82839510746868
9960,OPTIMAL,v2:upper,392.07802995494393
9961,OPTIMAL,v2:upper,80.4308748324691
9962,OPTIMAL,v2:upper,281.23873420670566
9963,OPTIMAL,v2:upper,113.63397539317003
9964,OPTIMAL,v2:upper,248.65654890269835
9965,OPTIMAL,v2:upper,71.19410221485593
9966,OPTIMAL,v1:upper,227.8651004384625
9967,OPTIMAL,v2:upper,310.273636950094
9968,OPTIMAL,v2:upper,163.8673610795057
9969,OPTIMAL,v2:upper,177.1513239497847
9970,OPTIMAL,v2:upper,54.33671635144876
9971,OPTIMAL,v2:upper,263.5393239646063
9972,OPTIMAL,v2:upper,177.57032356481713
9973,OPTIMAL,v2:upper,55.9998854398471
9974,OPTIMAL,v2:upper,259.81954091595986
9975,OPTIMAL,v2:upper,402.42218840970924
9976,OPTIMAL,v1:upper,111.03453700810178
9977,OPTIMAL,v2:upper,6.55485025397981
9978,OPTIMAL,v2:upper,137.6771997707198
9979,OPTIMAL,v2:upper,478.91768223661467
9980,OPTIMAL,v2:upper,146.6598250501698
9981,OPTIMAL,v2:upper,163.95540463110052
9982,OPTIMAL,v2:upper,53.00286591133817
9983,OPTIMAL,v2:upper,91.74160369342381
9984,OPTIMAL,v1:upper,260.5952384142038
9985,OPTIMAL,v2:upper,46.70344404254291
9986,OPTIMAL,v2:upper,118.87514459494916
9987,OPTIMAL,v1:upper,372.88087120153716
9988,OPTIMAL,v2:upper,308.04705970872465
9989,OPTIMAL,v2:upper,165.70957104952535
9990,OPTIMAL,v2:upper,130.72379214776979
9991,OPTIMAL,v2:upper,66.2844243409436
9992,OPTIMAL,v2:upper,35.133960880714575
9993,OPTIMAL,v3:upper,83.62445470990265
9994,OPTIMAL,v2:upper,446.2872451211874
9995,OPTIMAL,v2:upper,14.72967016572326
9996,OPTIMAL,v2:upper,53.83901671040494
9997,OPTIMAL,v2:upper,71.78651170383834
9998,OPTIMAL,v2:upper,66.15661749840592
9999,OPTIMAL,v2:upper,208.97803733316135
10000,OPTIMAL,v2:upper,76.14013872616974
